ISO-10303-21;
HEADER;
FILE_DESCRIPTION(('Open CASCADE Model'),'2;1');
FILE_NAME('Open CASCADE Shape Model','2026-07-03T23:56:26',('Author'),(
    'Open CASCADE'),'Open CASCADE STEP processor 7.9','Open CASCADE 7.9'
  ,'Unknown');
FILE_SCHEMA(('AUTOMOTIVE_DESIGN { 1 0 10303 214 1 1 1 1 }'));
ENDSEC;
DATA;
#1 = APPLICATION_PROTOCOL_DEFINITION('international standard',
  'automotive_design',2000,#2);
#2 = APPLICATION_CONTEXT(
  'core data for automotive mechanical design processes');
#3 = SHAPE_DEFINITION_REPRESENTATION(#4,#10);
#4 = PRODUCT_DEFINITION_SHAPE('','',#5);
#5 = PRODUCT_DEFINITION('design','',#6,#9);
#6 = PRODUCT_DEFINITION_FORMATION('','',#7);
#7 = PRODUCT('Open CASCADE STEP translator 7.9 1',
  'Open CASCADE STEP translator 7.9 1','',(#8));
#8 = PRODUCT_CONTEXT('',#2,'mechanical');
#9 = PRODUCT_DEFINITION_CONTEXT('part definition',#2,'design');
#10 = ADVANCED_BREP_SHAPE_REPRESENTATION('',(#11,#15),#13797);
#11 = AXIS2_PLACEMENT_3D('',#12,#13,#14);
#12 = CARTESIAN_POINT('',(0.,0.,0.));
#13 = DIRECTION('',(0.,0.,1.));
#14 = DIRECTION('',(1.,0.,-0.));
#15 = MANIFOLD_SOLID_BREP('',#16);
#16 = CLOSED_SHELL('',(#17,#137,#224,#301,#921,#969,#1026,#1075,#1138,
    #1998,#2070,#2123,#2176,#2228,#2280,#2333,#2386,#2418,#2467,#2516,
    #2563,#2613,#2662,#2710,#2759,#2808,#2855,#2905,#2954,#2982,#3007,
    #3034,#3061,#3092,#3117,#3142,#3167,#3192,#3223,#3254,#3281,#3308,
    #3315,#3368,#3421,#3474,#3558,#3617,#3676,#3734,#3788,#3847,#3901,
    #3959,#4013,#4072,#4126,#4158,#4211,#4287,#4400,#4513,#4567,#4621,
    #4734,#4847,#4879,#4934,#4989,#5044,#5115,#5167,#5215,#5261,#5310,
    #5358,#5407,#5453,#5501,#5549,#5598,#5625,#5680,#5752,#5836,#5922,
    #5976,#6035,#6120,#6199,#6246,#6293,#6377,#6463,#6517,#6576,#6661,
    #6735,#6762,#6801,#6840,#6879,#6894,#6933,#7066,#7119,#7231,#7448,
    #7455,#7486,#7732,#7759,#7839,#7892,#8003,#8215,#8222,#8253,#8464,
    #8471,#8655,#8834,#9008,#9187,#9214,#9241,#9314,#9363,#9390,#9417,
    #9466,#9540,#9588,#9637,#9684,#9691,#9718,#9791,#9840,#9867,#9916,
    #9990,#10038,#10087,#10197,#10249,#11045,#11101,#11148,#11230,#11362
    ,#11445,#11470,#11624,#11706,#11731,#11738,#11745,#11752,#11759,
    #11837,#11902,#11908,#11973,#12005,#12057,#12081,#12133,#12157,
    #12189,#12241,#12286,#12318,#12342,#12394,#12400,#12406,#12438,
    #12485,#12553,#12560,#12609,#12661,#12730,#12737,#12785,#12812,
    #13195,#13222,#13249,#13256,#13263,#13318,#13395,#13444,#13494,
    #13543,#13593,#13642,#13696,#13723,#13778,#13782,#13793));
#17 = ADVANCED_FACE('',(#18),#32,.F.);
#18 = FACE_BOUND('',#19,.F.);
#19 = EDGE_LOOP('',(#20,#55,#83,#111));
#20 = ORIENTED_EDGE('',*,*,#21,.T.);
#21 = EDGE_CURVE('',#22,#24,#26,.T.);
#22 = VERTEX_POINT('',#23);
#23 = CARTESIAN_POINT('',(-22.4,-44.4,-5.E-02));
#24 = VERTEX_POINT('',#25);
#25 = CARTESIAN_POINT('',(-22.4,-44.4,0.));
#26 = SURFACE_CURVE('',#27,(#31,#43),.PCURVE_S1.);
#27 = LINE('',#28,#29);
#28 = CARTESIAN_POINT('',(-22.4,-44.4,-0.15));
#29 = VECTOR('',#30,1.);
#30 = DIRECTION('',(0.,0.,1.));
#31 = PCURVE('',#32,#37);
#32 = PLANE('',#33);
#33 = AXIS2_PLACEMENT_3D('',#34,#35,#36);
#34 = CARTESIAN_POINT('',(-25.35,-44.4,-0.15));
#35 = DIRECTION('',(0.,1.,0.));
#36 = DIRECTION('',(1.,0.,0.));
#37 = DEFINITIONAL_REPRESENTATION('',(#38),#42);
#38 = LINE('',#39,#40);
#39 = CARTESIAN_POINT('',(2.95,0.));
#40 = VECTOR('',#41,1.);
#41 = DIRECTION('',(0.,-1.));
#42 = ( GEOMETRIC_REPRESENTATION_CONTEXT(2) 
PARAMETRIC_REPRESENTATION_CONTEXT() REPRESENTATION_CONTEXT('2D SPACE',''
  ) );
#43 = PCURVE('',#44,#49);
#44 = CYLINDRICAL_SURFACE('',#45,2.95);
#45 = AXIS2_PLACEMENT_3D('',#46,#47,#48);
#46 = CARTESIAN_POINT('',(-22.4,-41.45,-0.15));
#47 = DIRECTION('',(0.,0.,1.));
#48 = DIRECTION('',(0.,-1.,0.));
#49 = DEFINITIONAL_REPRESENTATION('',(#50),#54);
#50 = LINE('',#51,#52);
#51 = CARTESIAN_POINT('',(-0.,0.));
#52 = VECTOR('',#53,1.);
#53 = DIRECTION('',(-0.,1.));
#54 = ( GEOMETRIC_REPRESENTATION_CONTEXT(2) 
PARAMETRIC_REPRESENTATION_CONTEXT() REPRESENTATION_CONTEXT('2D SPACE',''
  ) );
#55 = ORIENTED_EDGE('',*,*,#56,.T.);
#56 = EDGE_CURVE('',#24,#57,#59,.T.);
#57 = VERTEX_POINT('',#58);
#58 = CARTESIAN_POINT('',(22.4,-44.4,0.));
#59 = SURFACE_CURVE('',#60,(#64,#71),.PCURVE_S1.);
#60 = LINE('',#61,#62);
#61 = CARTESIAN_POINT('',(-25.35,-44.4,0.));
#62 = VECTOR('',#63,1.);
#63 = DIRECTION('',(1.,0.,0.));
#64 = PCURVE('',#32,#65);
#65 = DEFINITIONAL_REPRESENTATION('',(#66),#70);
#66 = LINE('',#67,#68);
#67 = CARTESIAN_POINT('',(0.,-0.15));
#68 = VECTOR('',#69,1.);
#69 = DIRECTION('',(1.,0.));
#70 = ( GEOMETRIC_REPRESENTATION_CONTEXT(2) 
PARAMETRIC_REPRESENTATION_CONTEXT() REPRESENTATION_CONTEXT('2D SPACE',''
  ) );
#71 = PCURVE('',#72,#77);
#72 = PLANE('',#73);
#73 = AXIS2_PLACEMENT_3D('',#74,#75,#76);
#74 = CARTESIAN_POINT('',(0.,1.584485543158E-15,0.));
#75 = DIRECTION('',(0.,0.,1.));
#76 = DIRECTION('',(1.,0.,-0.));
#77 = DEFINITIONAL_REPRESENTATION('',(#78),#82);
#78 = LINE('',#79,#80);
#79 = CARTESIAN_POINT('',(-25.35,-44.4));
#80 = VECTOR('',#81,1.);
#81 = DIRECTION('',(1.,0.));
#82 = ( GEOMETRIC_REPRESENTATION_CONTEXT(2) 
PARAMETRIC_REPRESENTATION_CONTEXT() REPRESENTATION_CONTEXT('2D SPACE',''
  ) );
#83 = ORIENTED_EDGE('',*,*,#84,.F.);
#84 = EDGE_CURVE('',#85,#57,#87,.T.);
#85 = VERTEX_POINT('',#86);
#86 = CARTESIAN_POINT('',(22.4,-44.4,-5.E-02));
#87 = SURFACE_CURVE('',#88,(#92,#99),.PCURVE_S1.);
#88 = LINE('',#89,#90);
#89 = CARTESIAN_POINT('',(22.4,-44.4,-0.15));
#90 = VECTOR('',#91,1.);
#91 = DIRECTION('',(0.,0.,1.));
#92 = PCURVE('',#32,#93);
#93 = DEFINITIONAL_REPRESENTATION('',(#94),#98);
#94 = LINE('',#95,#96);
#95 = CARTESIAN_POINT('',(47.75,0.));
#96 = VECTOR('',#97,1.);
#97 = DIRECTION('',(0.,-1.));
#98 = ( GEOMETRIC_REPRESENTATION_CONTEXT(2) 
PARAMETRIC_REPRESENTATION_CONTEXT() REPRESENTATION_CONTEXT('2D SPACE',''
  ) );
#99 = PCURVE('',#100,#105);
#100 = CYLINDRICAL_SURFACE('',#101,2.95);
#101 = AXIS2_PLACEMENT_3D('',#102,#103,#104);
#102 = CARTESIAN_POINT('',(22.4,-41.45,-0.15));
#103 = DIRECTION('',(0.,0.,1.));
#104 = DIRECTION('',(0.,-1.,0.));
#105 = DEFINITIONAL_REPRESENTATION('',(#106),#110);
#106 = LINE('',#107,#108);
#107 = CARTESIAN_POINT('',(0.,0.));
#108 = VECTOR('',#109,1.);
#109 = DIRECTION('',(0.,1.));
#110 = ( GEOMETRIC_REPRESENTATION_CONTEXT(2) 
PARAMETRIC_REPRESENTATION_CONTEXT() REPRESENTATION_CONTEXT('2D SPACE',''
  ) );
#111 = ORIENTED_EDGE('',*,*,#112,.T.);
#112 = EDGE_CURVE('',#85,#22,#113,.T.);
#113 = SURFACE_CURVE('',#114,(#118,#125),.PCURVE_S1.);
#114 = LINE('',#115,#116);
#115 = CARTESIAN_POINT('',(22.4,-44.4,-5.E-02));
#116 = VECTOR('',#117,1.);
#117 = DIRECTION('',(-1.,-0.,-0.));
#118 = PCURVE('',#32,#119);
#119 = DEFINITIONAL_REPRESENTATION('',(#120),#124);
#120 = LINE('',#121,#122);
#121 = CARTESIAN_POINT('',(47.75,-0.1));
#122 = VECTOR('',#123,1.);
#123 = DIRECTION('',(-1.,0.));
#124 = ( GEOMETRIC_REPRESENTATION_CONTEXT(2) 
PARAMETRIC_REPRESENTATION_CONTEXT() REPRESENTATION_CONTEXT('2D SPACE',''
  ) );
#125 = PCURVE('',#126,#131);
#126 = PLANE('',#127);
#127 = AXIS2_PLACEMENT_3D('',#128,#129,#130);
#128 = CARTESIAN_POINT('',(22.4,-44.35,-1.E-01));
#129 = DIRECTION('',(0.,-0.707106781187,-0.707106781187));
#130 = DIRECTION('',(-1.,-0.,0.));
#131 = DEFINITIONAL_REPRESENTATION('',(#132),#136);
#132 = LINE('',#133,#134);
#133 = CARTESIAN_POINT('',(0.,-7.071067811865E-02));
#134 = VECTOR('',#135,1.);
#135 = DIRECTION('',(1.,0.));
#136 = ( GEOMETRIC_REPRESENTATION_CONTEXT(2) 
PARAMETRIC_REPRESENTATION_CONTEXT() REPRESENTATION_CONTEXT('2D SPACE',''
  ) );
#137 = ADVANCED_FACE('',(#138),#44,.T.);
#138 = FACE_BOUND('',#139,.F.);
#139 = EDGE_LOOP('',(#140,#141,#170,#198));
#140 = ORIENTED_EDGE('',*,*,#21,.F.);
#141 = ORIENTED_EDGE('',*,*,#142,.T.);
#142 = EDGE_CURVE('',#22,#143,#145,.T.);
#143 = VERTEX_POINT('',#144);
#144 = CARTESIAN_POINT('',(-25.35,-41.45,-5.E-02));
#145 = SURFACE_CURVE('',#146,(#151,#158),.PCURVE_S1.);
#146 = CIRCLE('',#147,2.95);
#147 = AXIS2_PLACEMENT_3D('',#148,#149,#150);
#148 = CARTESIAN_POINT('',(-22.4,-41.45,-5.E-02));
#149 = DIRECTION('',(-0.,-0.,-1.));
#150 = DIRECTION('',(0.,-1.,0.));
#151 = PCURVE('',#44,#152);
#152 = DEFINITIONAL_REPRESENTATION('',(#153),#157);
#153 = LINE('',#154,#155);
#154 = CARTESIAN_POINT('',(-0.,0.1));
#155 = VECTOR('',#156,1.);
#156 = DIRECTION('',(-1.,0.));
#157 = ( GEOMETRIC_REPRESENTATION_CONTEXT(2) 
PARAMETRIC_REPRESENTATION_CONTEXT() REPRESENTATION_CONTEXT('2D SPACE',''
  ) );
#158 = PCURVE('',#159,#164);
#159 = CONICAL_SURFACE('',#160,2.95,0.785398163397);
#160 = AXIS2_PLACEMENT_3D('',#161,#162,#163);
#161 = CARTESIAN_POINT('',(-22.4,-41.45,-5.E-02));
#162 = DIRECTION('',(0.,0.,1.));
#163 = DIRECTION('',(0.,-1.,0.));
#164 = DEFINITIONAL_REPRESENTATION('',(#165),#169);
#165 = LINE('',#166,#167);
#166 = CARTESIAN_POINT('',(-0.,-0.));
#167 = VECTOR('',#168,1.);
#168 = DIRECTION('',(-1.,-0.));
#169 = ( GEOMETRIC_REPRESENTATION_CONTEXT(2) 
PARAMETRIC_REPRESENTATION_CONTEXT() REPRESENTATION_CONTEXT('2D SPACE',''
  ) );
#170 = ORIENTED_EDGE('',*,*,#171,.T.);
#171 = EDGE_CURVE('',#143,#172,#174,.T.);
#172 = VERTEX_POINT('',#173);
#173 = CARTESIAN_POINT('',(-25.35,-41.45,0.));
#174 = SURFACE_CURVE('',#175,(#179,#186),.PCURVE_S1.);
#175 = LINE('',#176,#177);
#176 = CARTESIAN_POINT('',(-25.35,-41.45,-0.15));
#177 = VECTOR('',#178,1.);
#178 = DIRECTION('',(0.,0.,1.));
#179 = PCURVE('',#44,#180);
#180 = DEFINITIONAL_REPRESENTATION('',(#181),#185);
#181 = LINE('',#182,#183);
#182 = CARTESIAN_POINT('',(-1.570796326795,0.));
#183 = VECTOR('',#184,1.);
#184 = DIRECTION('',(-0.,1.));
#185 = ( GEOMETRIC_REPRESENTATION_CONTEXT(2) 
PARAMETRIC_REPRESENTATION_CONTEXT() REPRESENTATION_CONTEXT('2D SPACE',''
  ) );
#186 = PCURVE('',#187,#192);
#187 = PLANE('',#188);
#188 = AXIS2_PLACEMENT_3D('',#189,#190,#191);
#189 = CARTESIAN_POINT('',(-25.35,44.4,-0.15));
#190 = DIRECTION('',(1.,0.,-0.));
#191 = DIRECTION('',(0.,-1.,0.));
#192 = DEFINITIONAL_REPRESENTATION('',(#193),#197);
#193 = LINE('',#194,#195);
#194 = CARTESIAN_POINT('',(85.85,0.));
#195 = VECTOR('',#196,1.);
#196 = DIRECTION('',(0.,-1.));
#197 = ( GEOMETRIC_REPRESENTATION_CONTEXT(2) 
PARAMETRIC_REPRESENTATION_CONTEXT() REPRESENTATION_CONTEXT('2D SPACE',''
  ) );
#198 = ORIENTED_EDGE('',*,*,#199,.F.);
#199 = EDGE_CURVE('',#24,#172,#200,.T.);
#200 = SURFACE_CURVE('',#201,(#206,#213),.PCURVE_S1.);
#201 = CIRCLE('',#202,2.95);
#202 = AXIS2_PLACEMENT_3D('',#203,#204,#205);
#203 = CARTESIAN_POINT('',(-22.4,-41.45,0.));
#204 = DIRECTION('',(-0.,-0.,-1.));
#205 = DIRECTION('',(0.,-1.,0.));
#206 = PCURVE('',#44,#207);
#207 = DEFINITIONAL_REPRESENTATION('',(#208),#212);
#208 = LINE('',#209,#210);
#209 = CARTESIAN_POINT('',(-0.,0.15));
#210 = VECTOR('',#211,1.);
#211 = DIRECTION('',(-1.,0.));
#212 = ( GEOMETRIC_REPRESENTATION_CONTEXT(2) 
PARAMETRIC_REPRESENTATION_CONTEXT() REPRESENTATION_CONTEXT('2D SPACE',''
  ) );
#213 = PCURVE('',#72,#214);
#214 = DEFINITIONAL_REPRESENTATION('',(#215),#223);
#215 = ( BOUNDED_CURVE() B_SPLINE_CURVE(2,(#216,#217,#218,#219,#220,#221
,#222),.UNSPECIFIED.,.T.,.F.) B_SPLINE_CURVE_WITH_KNOTS((1,2,2,2,2,1),(
    -2.094395102393,0.,2.094395102393,4.188790204786,6.28318530718,
8.377580409573),.UNSPECIFIED.) CURVE() GEOMETRIC_REPRESENTATION_ITEM() 
RATIONAL_B_SPLINE_CURVE((1.,0.5,1.,0.5,1.,0.5,1.)) REPRESENTATION_ITEM(
  '') );
#216 = CARTESIAN_POINT('',(-22.4,-44.4));
#217 = CARTESIAN_POINT('',(-27.50954988232,-44.4));
#218 = CARTESIAN_POINT('',(-24.95477494116,-39.975));
#219 = CARTESIAN_POINT('',(-22.4,-35.55));
#220 = CARTESIAN_POINT('',(-19.84522505883,-39.975));
#221 = CARTESIAN_POINT('',(-17.29045011767,-44.4));
#222 = CARTESIAN_POINT('',(-22.4,-44.4));
#223 = ( GEOMETRIC_REPRESENTATION_CONTEXT(2) 
PARAMETRIC_REPRESENTATION_CONTEXT() REPRESENTATION_CONTEXT('2D SPACE',''
  ) );
#224 = ADVANCED_FACE('',(#225),#126,.T.);
#225 = FACE_BOUND('',#226,.T.);
#226 = EDGE_LOOP('',(#227,#253,#254,#275));
#227 = ORIENTED_EDGE('',*,*,#228,.F.);
#228 = EDGE_CURVE('',#85,#229,#231,.T.);
#229 = VERTEX_POINT('',#230);
#230 = CARTESIAN_POINT('',(22.4,-44.3,-0.15));
#231 = SURFACE_CURVE('',#232,(#236,#242),.PCURVE_S1.);
#232 = LINE('',#233,#234);
#233 = CARTESIAN_POINT('',(22.4,-44.4,-5.E-02));
#234 = VECTOR('',#235,1.);
#235 = DIRECTION('',(-1.387778780781E-17,0.707106781187,-0.707106781187)
  );
#236 = PCURVE('',#126,#237);
#237 = DEFINITIONAL_REPRESENTATION('',(#238),#241);
#238 = B_SPLINE_CURVE_WITH_KNOTS('',1,(#239,#240),.UNSPECIFIED.,.F.,.F.,
  (2,2),(0.,0.141421356237),.PIECEWISE_BEZIER_KNOTS.);
#239 = CARTESIAN_POINT('',(0.,-7.071067811865E-02));
#240 = CARTESIAN_POINT('',(0.,7.071067811865E-02));
#241 = ( GEOMETRIC_REPRESENTATION_CONTEXT(2) 
PARAMETRIC_REPRESENTATION_CONTEXT() REPRESENTATION_CONTEXT('2D SPACE',''
  ) );
#242 = PCURVE('',#243,#248);
#243 = CONICAL_SURFACE('',#244,2.95,0.785398163397);
#244 = AXIS2_PLACEMENT_3D('',#245,#246,#247);
#245 = CARTESIAN_POINT('',(22.4,-41.45,-5.E-02));
#246 = DIRECTION('',(0.,0.,1.));
#247 = DIRECTION('',(0.169491525424,-0.985531644753,0.));
#248 = DEFINITIONAL_REPRESENTATION('',(#249),#252);
#249 = B_SPLINE_CURVE_WITH_KNOTS('',1,(#250,#251),.UNSPECIFIED.,.F.,.F.,
  (2,2),(0.,0.141421356237),.PIECEWISE_BEZIER_KNOTS.);
#250 = CARTESIAN_POINT('',(-0.170313706844,0.));
#251 = CARTESIAN_POINT('',(-0.170313706844,-1.E-01));
#252 = ( GEOMETRIC_REPRESENTATION_CONTEXT(2) 
PARAMETRIC_REPRESENTATION_CONTEXT() REPRESENTATION_CONTEXT('2D SPACE',''
  ) );
#253 = ORIENTED_EDGE('',*,*,#112,.T.);
#254 = ORIENTED_EDGE('',*,*,#255,.T.);
#255 = EDGE_CURVE('',#22,#256,#258,.T.);
#256 = VERTEX_POINT('',#257);
#257 = CARTESIAN_POINT('',(-22.4,-44.3,-0.15));
#258 = SURFACE_CURVE('',#259,(#263,#269),.PCURVE_S1.);
#259 = LINE('',#260,#261);
#260 = CARTESIAN_POINT('',(-22.4,-44.35,-1.E-01));
#261 = VECTOR('',#262,1.);
#262 = DIRECTION('',(-0.,0.707106781187,-0.707106781187));
#263 = PCURVE('',#126,#264);
#264 = DEFINITIONAL_REPRESENTATION('',(#265),#268);
#265 = B_SPLINE_CURVE_WITH_KNOTS('',1,(#266,#267),.UNSPECIFIED.,.F.,.F.,
  (2,2),(-7.071067811865E-02,7.071067811866E-02),
  .PIECEWISE_BEZIER_KNOTS.);
#266 = CARTESIAN_POINT('',(44.8,-7.071067811865E-02));
#267 = CARTESIAN_POINT('',(44.8,7.071067811866E-02));
#268 = ( GEOMETRIC_REPRESENTATION_CONTEXT(2) 
PARAMETRIC_REPRESENTATION_CONTEXT() REPRESENTATION_CONTEXT('2D SPACE',''
  ) );
#269 = PCURVE('',#159,#270);
#270 = DEFINITIONAL_REPRESENTATION('',(#271),#274);
#271 = B_SPLINE_CURVE_WITH_KNOTS('',1,(#272,#273),.UNSPECIFIED.,.F.,.F.,
  (2,2),(-7.071067811865E-02,7.071067811866E-02),
  .PIECEWISE_BEZIER_KNOTS.);
#272 = CARTESIAN_POINT('',(0.,0.));
#273 = CARTESIAN_POINT('',(0.,-0.1));
#274 = ( GEOMETRIC_REPRESENTATION_CONTEXT(2) 
PARAMETRIC_REPRESENTATION_CONTEXT() REPRESENTATION_CONTEXT('2D SPACE',''
  ) );
#275 = ORIENTED_EDGE('',*,*,#276,.F.);
#276 = EDGE_CURVE('',#229,#256,#277,.T.);
#277 = SURFACE_CURVE('',#278,(#282,#289),.PCURVE_S1.);
#278 = LINE('',#279,#280);
#279 = CARTESIAN_POINT('',(22.4,-44.3,-0.15));
#280 = VECTOR('',#281,1.);
#281 = DIRECTION('',(-1.,-0.,-0.));
#282 = PCURVE('',#126,#283);
#283 = DEFINITIONAL_REPRESENTATION('',(#284),#288);
#284 = LINE('',#285,#286);
#285 = CARTESIAN_POINT('',(0.,7.071067811866E-02));
#286 = VECTOR('',#287,1.);
#287 = DIRECTION('',(1.,0.));
#288 = ( GEOMETRIC_REPRESENTATION_CONTEXT(2) 
PARAMETRIC_REPRESENTATION_CONTEXT() REPRESENTATION_CONTEXT('2D SPACE',''
  ) );
#289 = PCURVE('',#290,#295);
#290 = PLANE('',#291);
#291 = AXIS2_PLACEMENT_3D('',#292,#293,#294);
#292 = CARTESIAN_POINT('',(0.,0.,-0.15));
#293 = DIRECTION('',(0.,0.,1.));
#294 = DIRECTION('',(1.,0.,-0.));
#295 = DEFINITIONAL_REPRESENTATION('',(#296),#300);
#296 = LINE('',#297,#298);
#297 = CARTESIAN_POINT('',(22.4,-44.3));
#298 = VECTOR('',#299,1.);
#299 = DIRECTION('',(-1.,0.));
#300 = ( GEOMETRIC_REPRESENTATION_CONTEXT(2) 
PARAMETRIC_REPRESENTATION_CONTEXT() REPRESENTATION_CONTEXT('2D SPACE',''
  ) );
#301 = ADVANCED_FACE('',(#302,#532),#72,.F.);
#302 = FACE_BOUND('',#303,.F.);
#303 = EDGE_LOOP('',(#304,#334,#363,#391,#420,#448,#477,#505));
#304 = ORIENTED_EDGE('',*,*,#305,.T.);
#305 = EDGE_CURVE('',#306,#308,#310,.T.);
#306 = VERTEX_POINT('',#307);
#307 = CARTESIAN_POINT('',(-22.4,-45.3,-2.06085148946E-15));
#308 = VERTEX_POINT('',#309);
#309 = CARTESIAN_POINT('',(22.4,-45.3,-2.06085148946E-15));
#310 = SURFACE_CURVE('',#311,(#315,#322),.PCURVE_S1.);
#311 = LINE('',#312,#313);
#312 = CARTESIAN_POINT('',(-22.4,-45.3,0.));
#313 = VECTOR('',#314,1.);
#314 = DIRECTION('',(1.,0.,0.));
#315 = PCURVE('',#72,#316);
#316 = DEFINITIONAL_REPRESENTATION('',(#317),#321);
#317 = LINE('',#318,#319);
#318 = CARTESIAN_POINT('',(-22.4,-45.3));
#319 = VECTOR('',#320,1.);
#320 = DIRECTION('',(1.,0.));
#321 = ( GEOMETRIC_REPRESENTATION_CONTEXT(2) 
PARAMETRIC_REPRESENTATION_CONTEXT() REPRESENTATION_CONTEXT('2D SPACE',''
  ) );
#322 = PCURVE('',#323,#328);
#323 = PLANE('',#324);
#324 = AXIS2_PLACEMENT_3D('',#325,#326,#327);
#325 = CARTESIAN_POINT('',(-22.4,-45.35,5.E-02));
#326 = DIRECTION('',(0.,-0.707106781187,-0.707106781187));
#327 = DIRECTION('',(-1.,-0.,-0.));
#328 = DEFINITIONAL_REPRESENTATION('',(#329),#333);
#329 = LINE('',#330,#331);
#330 = CARTESIAN_POINT('',(-0.,7.071067811866E-02));
#331 = VECTOR('',#332,1.);
#332 = DIRECTION('',(-1.,0.));
#333 = ( GEOMETRIC_REPRESENTATION_CONTEXT(2) 
PARAMETRIC_REPRESENTATION_CONTEXT() REPRESENTATION_CONTEXT('2D SPACE',''
  ) );
#334 = ORIENTED_EDGE('',*,*,#335,.T.);
#335 = EDGE_CURVE('',#308,#336,#338,.T.);
#336 = VERTEX_POINT('',#337);
#337 = CARTESIAN_POINT('',(26.25,-41.45,7.077671781985E-16));
#338 = SURFACE_CURVE('',#339,(#344,#351),.PCURVE_S1.);
#339 = CIRCLE('',#340,3.85);
#340 = AXIS2_PLACEMENT_3D('',#341,#342,#343);
#341 = CARTESIAN_POINT('',(22.4,-41.45,0.));
#342 = DIRECTION('',(0.,0.,1.));
#343 = DIRECTION('',(0.,-1.,0.));
#344 = PCURVE('',#72,#345);
#345 = DEFINITIONAL_REPRESENTATION('',(#346),#350);
#346 = CIRCLE('',#347,3.85);
#347 = AXIS2_PLACEMENT_2D('',#348,#349);
#348 = CARTESIAN_POINT('',(22.4,-41.45));
#349 = DIRECTION('',(0.,-1.));
#350 = ( GEOMETRIC_REPRESENTATION_CONTEXT(2) 
PARAMETRIC_REPRESENTATION_CONTEXT() REPRESENTATION_CONTEXT('2D SPACE',''
  ) );
#351 = PCURVE('',#352,#357);
#352 = CONICAL_SURFACE('',#353,3.95,0.785398163397);
#353 = AXIS2_PLACEMENT_3D('',#354,#355,#356);
#354 = CARTESIAN_POINT('',(22.4,-41.45,0.1));
#355 = DIRECTION('',(0.,0.,1.));
#356 = DIRECTION('',(0.,-1.,0.));
#357 = DEFINITIONAL_REPRESENTATION('',(#358),#362);
#358 = LINE('',#359,#360);
#359 = CARTESIAN_POINT('',(0.,-1.E-01));
#360 = VECTOR('',#361,1.);
#361 = DIRECTION('',(1.,-0.));
#362 = ( GEOMETRIC_REPRESENTATION_CONTEXT(2) 
PARAMETRIC_REPRESENTATION_CONTEXT() REPRESENTATION_CONTEXT('2D SPACE',''
  ) );
#363 = ORIENTED_EDGE('',*,*,#364,.T.);
#364 = EDGE_CURVE('',#336,#365,#367,.T.);
#365 = VERTEX_POINT('',#366);
#366 = CARTESIAN_POINT('',(26.25,41.45,4.51028103754E-16));
#367 = SURFACE_CURVE('',#368,(#372,#379),.PCURVE_S1.);
#368 = LINE('',#369,#370);
#369 = CARTESIAN_POINT('',(26.25,-41.45,0.));
#370 = VECTOR('',#371,1.);
#371 = DIRECTION('',(0.,1.,0.));
#372 = PCURVE('',#72,#373);
#373 = DEFINITIONAL_REPRESENTATION('',(#374),#378);
#374 = LINE('',#375,#376);
#375 = CARTESIAN_POINT('',(26.25,-41.45));
#376 = VECTOR('',#377,1.);
#377 = DIRECTION('',(0.,1.));
#378 = ( GEOMETRIC_REPRESENTATION_CONTEXT(2) 
PARAMETRIC_REPRESENTATION_CONTEXT() REPRESENTATION_CONTEXT('2D SPACE',''
  ) );
#379 = PCURVE('',#380,#385);
#380 = PLANE('',#381);
#381 = AXIS2_PLACEMENT_3D('',#382,#383,#384);
#382 = CARTESIAN_POINT('',(26.3,-41.45,5.E-02));
#383 = DIRECTION('',(0.707106781187,0.,-0.707106781187));
#384 = DIRECTION('',(-0.,-1.,-0.));
#385 = DEFINITIONAL_REPRESENTATION('',(#386),#390);
#386 = LINE('',#387,#388);
#387 = CARTESIAN_POINT('',(-0.,7.071067811865E-02));
#388 = VECTOR('',#389,1.);
#389 = DIRECTION('',(-1.,0.));
#390 = ( GEOMETRIC_REPRESENTATION_CONTEXT(2) 
PARAMETRIC_REPRESENTATION_CONTEXT() REPRESENTATION_CONTEXT('2D SPACE',''
  ) );
#391 = ORIENTED_EDGE('',*,*,#392,.T.);
#392 = EDGE_CURVE('',#365,#393,#395,.T.);
#393 = VERTEX_POINT('',#394);
#394 = CARTESIAN_POINT('',(22.4,45.3,7.077671781985E-16));
#395 = SURFACE_CURVE('',#396,(#401,#408),.PCURVE_S1.);
#396 = CIRCLE('',#397,3.85);
#397 = AXIS2_PLACEMENT_3D('',#398,#399,#400);
#398 = CARTESIAN_POINT('',(22.4,41.45,0.));
#399 = DIRECTION('',(0.,0.,1.));
#400 = DIRECTION('',(1.,0.,-0.));
#401 = PCURVE('',#72,#402);
#402 = DEFINITIONAL_REPRESENTATION('',(#403),#407);
#403 = CIRCLE('',#404,3.85);
#404 = AXIS2_PLACEMENT_2D('',#405,#406);
#405 = CARTESIAN_POINT('',(22.4,41.45));
#406 = DIRECTION('',(1.,0.));
#407 = ( GEOMETRIC_REPRESENTATION_CONTEXT(2) 
PARAMETRIC_REPRESENTATION_CONTEXT() REPRESENTATION_CONTEXT('2D SPACE',''
  ) );
#408 = PCURVE('',#409,#414);
#409 = CONICAL_SURFACE('',#410,3.95,0.785398163397);
#410 = AXIS2_PLACEMENT_3D('',#411,#412,#413);
#411 = CARTESIAN_POINT('',(22.4,41.45,0.1));
#412 = DIRECTION('',(0.,0.,1.));
#413 = DIRECTION('',(1.,0.,-0.));
#414 = DEFINITIONAL_REPRESENTATION('',(#415),#419);
#415 = LINE('',#416,#417);
#416 = CARTESIAN_POINT('',(0.,-1.E-01));
#417 = VECTOR('',#418,1.);
#418 = DIRECTION('',(1.,-0.));
#419 = ( GEOMETRIC_REPRESENTATION_CONTEXT(2) 
PARAMETRIC_REPRESENTATION_CONTEXT() REPRESENTATION_CONTEXT('2D SPACE',''
  ) );
#420 = ORIENTED_EDGE('',*,*,#421,.T.);
#421 = EDGE_CURVE('',#393,#422,#424,.T.);
#422 = VERTEX_POINT('',#423);
#423 = CARTESIAN_POINT('',(-22.4,45.3,-2.06085148946E-15));
#424 = SURFACE_CURVE('',#425,(#429,#436),.PCURVE_S1.);
#425 = LINE('',#426,#427);
#426 = CARTESIAN_POINT('',(22.4,45.3,0.));
#427 = VECTOR('',#428,1.);
#428 = DIRECTION('',(-1.,0.,0.));
#429 = PCURVE('',#72,#430);
#430 = DEFINITIONAL_REPRESENTATION('',(#431),#435);
#431 = LINE('',#432,#433);
#432 = CARTESIAN_POINT('',(22.4,45.3));
#433 = VECTOR('',#434,1.);
#434 = DIRECTION('',(-1.,0.));
#435 = ( GEOMETRIC_REPRESENTATION_CONTEXT(2) 
PARAMETRIC_REPRESENTATION_CONTEXT() REPRESENTATION_CONTEXT('2D SPACE',''
  ) );
#436 = PCURVE('',#437,#442);
#437 = PLANE('',#438);
#438 = AXIS2_PLACEMENT_3D('',#439,#440,#441);
#439 = CARTESIAN_POINT('',(22.4,45.35,5.E-02));
#440 = DIRECTION('',(0.,0.707106781187,-0.707106781187));
#441 = DIRECTION('',(1.,-0.,-0.));
#442 = DEFINITIONAL_REPRESENTATION('',(#443),#447);
#443 = LINE('',#444,#445);
#444 = CARTESIAN_POINT('',(-0.,7.071067811866E-02));
#445 = VECTOR('',#446,1.);
#446 = DIRECTION('',(-1.,0.));
#447 = ( GEOMETRIC_REPRESENTATION_CONTEXT(2) 
PARAMETRIC_REPRESENTATION_CONTEXT() REPRESENTATION_CONTEXT('2D SPACE',''
  ) );
#448 = ORIENTED_EDGE('',*,*,#449,.T.);
#449 = EDGE_CURVE('',#422,#450,#452,.T.);
#450 = VERTEX_POINT('',#451);
#451 = CARTESIAN_POINT('',(-26.25,41.45,7.077671781985E-16));
#452 = SURFACE_CURVE('',#453,(#458,#465),.PCURVE_S1.);
#453 = CIRCLE('',#454,3.85);
#454 = AXIS2_PLACEMENT_3D('',#455,#456,#457);
#455 = CARTESIAN_POINT('',(-22.4,41.45,0.));
#456 = DIRECTION('',(0.,-0.,1.));
#457 = DIRECTION('',(0.,1.,0.));
#458 = PCURVE('',#72,#459);
#459 = DEFINITIONAL_REPRESENTATION('',(#460),#464);
#460 = CIRCLE('',#461,3.85);
#461 = AXIS2_PLACEMENT_2D('',#462,#463);
#462 = CARTESIAN_POINT('',(-22.4,41.45));
#463 = DIRECTION('',(0.,1.));
#464 = ( GEOMETRIC_REPRESENTATION_CONTEXT(2) 
PARAMETRIC_REPRESENTATION_CONTEXT() REPRESENTATION_CONTEXT('2D SPACE',''
  ) );
#465 = PCURVE('',#466,#471);
#466 = CONICAL_SURFACE('',#467,3.95,0.785398163397);
#467 = AXIS2_PLACEMENT_3D('',#468,#469,#470);
#468 = CARTESIAN_POINT('',(-22.4,41.45,0.1));
#469 = DIRECTION('',(0.,0.,1.));
#470 = DIRECTION('',(0.,1.,0.));
#471 = DEFINITIONAL_REPRESENTATION('',(#472),#476);
#472 = LINE('',#473,#474);
#473 = CARTESIAN_POINT('',(0.,-1.E-01));
#474 = VECTOR('',#475,1.);
#475 = DIRECTION('',(1.,-0.));
#476 = ( GEOMETRIC_REPRESENTATION_CONTEXT(2) 
PARAMETRIC_REPRESENTATION_CONTEXT() REPRESENTATION_CONTEXT('2D SPACE',''
  ) );
#477 = ORIENTED_EDGE('',*,*,#478,.T.);
#478 = EDGE_CURVE('',#450,#479,#481,.T.);
#479 = VERTEX_POINT('',#480);
#480 = CARTESIAN_POINT('',(-26.25,-41.45,4.51028103754E-16));
#481 = SURFACE_CURVE('',#482,(#486,#493),.PCURVE_S1.);
#482 = LINE('',#483,#484);
#483 = CARTESIAN_POINT('',(-26.25,41.45,0.));
#484 = VECTOR('',#485,1.);
#485 = DIRECTION('',(0.,-1.,0.));
#486 = PCURVE('',#72,#487);
#487 = DEFINITIONAL_REPRESENTATION('',(#488),#492);
#488 = LINE('',#489,#490);
#489 = CARTESIAN_POINT('',(-26.25,41.45));
#490 = VECTOR('',#491,1.);
#491 = DIRECTION('',(0.,-1.));
#492 = ( GEOMETRIC_REPRESENTATION_CONTEXT(2) 
PARAMETRIC_REPRESENTATION_CONTEXT() REPRESENTATION_CONTEXT('2D SPACE',''
  ) );
#493 = PCURVE('',#494,#499);
#494 = PLANE('',#495);
#495 = AXIS2_PLACEMENT_3D('',#496,#497,#498);
#496 = CARTESIAN_POINT('',(-26.3,41.45,5.E-02));
#497 = DIRECTION('',(-0.707106781187,0.,-0.707106781187));
#498 = DIRECTION('',(-0.,1.,0.));
#499 = DEFINITIONAL_REPRESENTATION('',(#500),#504);
#500 = LINE('',#501,#502);
#501 = CARTESIAN_POINT('',(-0.,7.071067811865E-02));
#502 = VECTOR('',#503,1.);
#503 = DIRECTION('',(-1.,0.));
#504 = ( GEOMETRIC_REPRESENTATION_CONTEXT(2) 
PARAMETRIC_REPRESENTATION_CONTEXT() REPRESENTATION_CONTEXT('2D SPACE',''
  ) );
#505 = ORIENTED_EDGE('',*,*,#506,.T.);
#506 = EDGE_CURVE('',#479,#306,#507,.T.);
#507 = SURFACE_CURVE('',#508,(#513,#520),.PCURVE_S1.);
#508 = CIRCLE('',#509,3.85);
#509 = AXIS2_PLACEMENT_3D('',#510,#511,#512);
#510 = CARTESIAN_POINT('',(-22.4,-41.45,0.));
#511 = DIRECTION('',(0.,0.,1.));
#512 = DIRECTION('',(-1.,0.,0.));
#513 = PCURVE('',#72,#514);
#514 = DEFINITIONAL_REPRESENTATION('',(#515),#519);
#515 = CIRCLE('',#516,3.85);
#516 = AXIS2_PLACEMENT_2D('',#517,#518);
#517 = CARTESIAN_POINT('',(-22.4,-41.45));
#518 = DIRECTION('',(-1.,0.));
#519 = ( GEOMETRIC_REPRESENTATION_CONTEXT(2) 
PARAMETRIC_REPRESENTATION_CONTEXT() REPRESENTATION_CONTEXT('2D SPACE',''
  ) );
#520 = PCURVE('',#521,#526);
#521 = CONICAL_SURFACE('',#522,3.95,0.785398163397);
#522 = AXIS2_PLACEMENT_3D('',#523,#524,#525);
#523 = CARTESIAN_POINT('',(-22.4,-41.45,0.1));
#524 = DIRECTION('',(0.,0.,1.));
#525 = DIRECTION('',(-1.,0.,0.));
#526 = DEFINITIONAL_REPRESENTATION('',(#527),#531);
#527 = LINE('',#528,#529);
#528 = CARTESIAN_POINT('',(0.,-1.E-01));
#529 = VECTOR('',#530,1.);
#530 = DIRECTION('',(1.,-0.));
#531 = ( GEOMETRIC_REPRESENTATION_CONTEXT(2) 
PARAMETRIC_REPRESENTATION_CONTEXT() REPRESENTATION_CONTEXT('2D SPACE',''
  ) );
#532 = FACE_BOUND('',#533,.F.);
#533 = EDGE_LOOP('',(#534,#535,#536,#559,#588,#616,#645,#673,#701,#729,
    #758,#786,#815,#843,#871,#899));
#534 = ORIENTED_EDGE('',*,*,#56,.F.);
#535 = ORIENTED_EDGE('',*,*,#199,.T.);
#536 = ORIENTED_EDGE('',*,*,#537,.F.);
#537 = EDGE_CURVE('',#538,#172,#540,.T.);
#538 = VERTEX_POINT('',#539);
#539 = CARTESIAN_POINT('',(-25.35,41.45,0.));
#540 = SURFACE_CURVE('',#541,(#545,#552),.PCURVE_S1.);
#541 = LINE('',#542,#543);
#542 = CARTESIAN_POINT('',(-25.35,44.4,0.));
#543 = VECTOR('',#544,1.);
#544 = DIRECTION('',(0.,-1.,0.));
#545 = PCURVE('',#72,#546);
#546 = DEFINITIONAL_REPRESENTATION('',(#547),#551);
#547 = LINE('',#548,#549);
#548 = CARTESIAN_POINT('',(-25.35,44.4));
#549 = VECTOR('',#550,1.);
#550 = DIRECTION('',(0.,-1.));
#551 = ( GEOMETRIC_REPRESENTATION_CONTEXT(2) 
PARAMETRIC_REPRESENTATION_CONTEXT() REPRESENTATION_CONTEXT('2D SPACE',''
  ) );
#552 = PCURVE('',#187,#553);
#553 = DEFINITIONAL_REPRESENTATION('',(#554),#558);
#554 = LINE('',#555,#556);
#555 = CARTESIAN_POINT('',(0.,-0.15));
#556 = VECTOR('',#557,1.);
#557 = DIRECTION('',(1.,0.));
#558 = ( GEOMETRIC_REPRESENTATION_CONTEXT(2) 
PARAMETRIC_REPRESENTATION_CONTEXT() REPRESENTATION_CONTEXT('2D SPACE',''
  ) );
#559 = ORIENTED_EDGE('',*,*,#560,.F.);
#560 = EDGE_CURVE('',#561,#538,#563,.T.);
#561 = VERTEX_POINT('',#562);
#562 = CARTESIAN_POINT('',(-22.4,44.4,0.));
#563 = SURFACE_CURVE('',#564,(#569,#576),.PCURVE_S1.);
#564 = CIRCLE('',#565,2.95);
#565 = AXIS2_PLACEMENT_3D('',#566,#567,#568);
#566 = CARTESIAN_POINT('',(-22.4,41.45,0.));
#567 = DIRECTION('',(0.,0.,1.));
#568 = DIRECTION('',(0.,-1.,0.));
#569 = PCURVE('',#72,#570);
#570 = DEFINITIONAL_REPRESENTATION('',(#571),#575);
#571 = CIRCLE('',#572,2.95);
#572 = AXIS2_PLACEMENT_2D('',#573,#574);
#573 = CARTESIAN_POINT('',(-22.4,41.45));
#574 = DIRECTION('',(0.,-1.));
#575 = ( GEOMETRIC_REPRESENTATION_CONTEXT(2) 
PARAMETRIC_REPRESENTATION_CONTEXT() REPRESENTATION_CONTEXT('2D SPACE',''
  ) );
#576 = PCURVE('',#577,#582);
#577 = CYLINDRICAL_SURFACE('',#578,2.95);
#578 = AXIS2_PLACEMENT_3D('',#579,#580,#581);
#579 = CARTESIAN_POINT('',(-22.4,41.45,-0.15));
#580 = DIRECTION('',(0.,0.,1.));
#581 = DIRECTION('',(-0.,1.,0.));
#582 = DEFINITIONAL_REPRESENTATION('',(#583),#587);
#583 = LINE('',#584,#585);
#584 = CARTESIAN_POINT('',(-3.14159265359,0.15));
#585 = VECTOR('',#586,1.);
#586 = DIRECTION('',(1.,0.));
#587 = ( GEOMETRIC_REPRESENTATION_CONTEXT(2) 
PARAMETRIC_REPRESENTATION_CONTEXT() REPRESENTATION_CONTEXT('2D SPACE',''
  ) );
#588 = ORIENTED_EDGE('',*,*,#589,.F.);
#589 = EDGE_CURVE('',#590,#561,#592,.T.);
#590 = VERTEX_POINT('',#591);
#591 = CARTESIAN_POINT('',(22.4,44.4,0.));
#592 = SURFACE_CURVE('',#593,(#597,#604),.PCURVE_S1.);
#593 = LINE('',#594,#595);
#594 = CARTESIAN_POINT('',(25.35,44.4,0.));
#595 = VECTOR('',#596,1.);
#596 = DIRECTION('',(-1.,0.,0.));
#597 = PCURVE('',#72,#598);
#598 = DEFINITIONAL_REPRESENTATION('',(#599),#603);
#599 = LINE('',#600,#601);
#600 = CARTESIAN_POINT('',(25.35,44.4));
#601 = VECTOR('',#602,1.);
#602 = DIRECTION('',(-1.,0.));
#603 = ( GEOMETRIC_REPRESENTATION_CONTEXT(2) 
PARAMETRIC_REPRESENTATION_CONTEXT() REPRESENTATION_CONTEXT('2D SPACE',''
  ) );
#604 = PCURVE('',#605,#610);
#605 = PLANE('',#606);
#606 = AXIS2_PLACEMENT_3D('',#607,#608,#609);
#607 = CARTESIAN_POINT('',(25.35,44.4,-0.15));
#608 = DIRECTION('',(0.,-1.,0.));
#609 = DIRECTION('',(-1.,0.,0.));
#610 = DEFINITIONAL_REPRESENTATION('',(#611),#615);
#611 = LINE('',#612,#613);
#612 = CARTESIAN_POINT('',(0.,-0.15));
#613 = VECTOR('',#614,1.);
#614 = DIRECTION('',(1.,0.));
#615 = ( GEOMETRIC_REPRESENTATION_CONTEXT(2) 
PARAMETRIC_REPRESENTATION_CONTEXT() REPRESENTATION_CONTEXT('2D SPACE',''
  ) );
#616 = ORIENTED_EDGE('',*,*,#617,.F.);
#617 = EDGE_CURVE('',#618,#590,#620,.T.);
#618 = VERTEX_POINT('',#619);
#619 = CARTESIAN_POINT('',(22.9,44.357318352021,0.));
#620 = SURFACE_CURVE('',#621,(#626,#633),.PCURVE_S1.);
#621 = CIRCLE('',#622,2.95);
#622 = AXIS2_PLACEMENT_3D('',#623,#624,#625);
#623 = CARTESIAN_POINT('',(22.4,41.45,0.));
#624 = DIRECTION('',(0.,0.,1.));
#625 = DIRECTION('',(0.,-1.,0.));
#626 = PCURVE('',#72,#627);
#627 = DEFINITIONAL_REPRESENTATION('',(#628),#632);
#628 = CIRCLE('',#629,2.95);
#629 = AXIS2_PLACEMENT_2D('',#630,#631);
#630 = CARTESIAN_POINT('',(22.4,41.45));
#631 = DIRECTION('',(0.,-1.));
#632 = ( GEOMETRIC_REPRESENTATION_CONTEXT(2) 
PARAMETRIC_REPRESENTATION_CONTEXT() REPRESENTATION_CONTEXT('2D SPACE',''
  ) );
#633 = PCURVE('',#634,#639);
#634 = CYLINDRICAL_SURFACE('',#635,2.95);
#635 = AXIS2_PLACEMENT_3D('',#636,#637,#638);
#636 = CARTESIAN_POINT('',(22.4,41.45,-0.15));
#637 = DIRECTION('',(0.,0.,1.));
#638 = DIRECTION('',(1.,0.,-0.));
#639 = DEFINITIONAL_REPRESENTATION('',(#640),#644);
#640 = LINE('',#641,#642);
#641 = CARTESIAN_POINT('',(-1.570796326795,0.15));
#642 = VECTOR('',#643,1.);
#643 = DIRECTION('',(1.,0.));
#644 = ( GEOMETRIC_REPRESENTATION_CONTEXT(2) 
PARAMETRIC_REPRESENTATION_CONTEXT() REPRESENTATION_CONTEXT('2D SPACE',''
  ) );
#645 = ORIENTED_EDGE('',*,*,#646,.F.);
#646 = EDGE_CURVE('',#647,#618,#649,.T.);
#647 = VERTEX_POINT('',#648);
#648 = CARTESIAN_POINT('',(22.9,44.45,0.));
#649 = SURFACE_CURVE('',#650,(#654,#661),.PCURVE_S1.);
#650 = LINE('',#651,#652);
#651 = CARTESIAN_POINT('',(22.9,44.45,0.));
#652 = VECTOR('',#653,1.);
#653 = DIRECTION('',(0.,-1.,0.));
#654 = PCURVE('',#72,#655);
#655 = DEFINITIONAL_REPRESENTATION('',(#656),#660);
#656 = LINE('',#657,#658);
#657 = CARTESIAN_POINT('',(22.9,44.45));
#658 = VECTOR('',#659,1.);
#659 = DIRECTION('',(0.,-1.));
#660 = ( GEOMETRIC_REPRESENTATION_CONTEXT(2) 
PARAMETRIC_REPRESENTATION_CONTEXT() REPRESENTATION_CONTEXT('2D SPACE',''
  ) );
#661 = PCURVE('',#662,#667);
#662 = PLANE('',#663);
#663 = AXIS2_PLACEMENT_3D('',#664,#665,#666);
#664 = CARTESIAN_POINT('',(22.9,44.45,-0.15));
#665 = DIRECTION('',(1.,0.,-0.));
#666 = DIRECTION('',(0.,-1.,0.));
#667 = DEFINITIONAL_REPRESENTATION('',(#668),#672);
#668 = LINE('',#669,#670);
#669 = CARTESIAN_POINT('',(0.,-0.15));
#670 = VECTOR('',#671,1.);
#671 = DIRECTION('',(1.,0.));
#672 = ( GEOMETRIC_REPRESENTATION_CONTEXT(2) 
PARAMETRIC_REPRESENTATION_CONTEXT() REPRESENTATION_CONTEXT('2D SPACE',''
  ) );
#673 = ORIENTED_EDGE('',*,*,#674,.F.);
#674 = EDGE_CURVE('',#675,#647,#677,.T.);
#675 = VERTEX_POINT('',#676);
#676 = CARTESIAN_POINT('',(24.4,44.45,0.));
#677 = SURFACE_CURVE('',#678,(#682,#689),.PCURVE_S1.);
#678 = LINE('',#679,#680);
#679 = CARTESIAN_POINT('',(24.4,44.45,0.));
#680 = VECTOR('',#681,1.);
#681 = DIRECTION('',(-1.,0.,0.));
#682 = PCURVE('',#72,#683);
#683 = DEFINITIONAL_REPRESENTATION('',(#684),#688);
#684 = LINE('',#685,#686);
#685 = CARTESIAN_POINT('',(24.4,44.45));
#686 = VECTOR('',#687,1.);
#687 = DIRECTION('',(-1.,0.));
#688 = ( GEOMETRIC_REPRESENTATION_CONTEXT(2) 
PARAMETRIC_REPRESENTATION_CONTEXT() REPRESENTATION_CONTEXT('2D SPACE',''
  ) );
#689 = PCURVE('',#690,#695);
#690 = PLANE('',#691);
#691 = AXIS2_PLACEMENT_3D('',#692,#693,#694);
#692 = CARTESIAN_POINT('',(24.4,44.45,-0.15));
#693 = DIRECTION('',(0.,-1.,0.));
#694 = DIRECTION('',(-1.,0.,0.));
#695 = DEFINITIONAL_REPRESENTATION('',(#696),#700);
#696 = LINE('',#697,#698);
#697 = CARTESIAN_POINT('',(0.,-0.15));
#698 = VECTOR('',#699,1.);
#699 = DIRECTION('',(1.,0.));
#700 = ( GEOMETRIC_REPRESENTATION_CONTEXT(2) 
PARAMETRIC_REPRESENTATION_CONTEXT() REPRESENTATION_CONTEXT('2D SPACE',''
  ) );
#701 = ORIENTED_EDGE('',*,*,#702,.F.);
#702 = EDGE_CURVE('',#703,#675,#705,.T.);
#703 = VERTEX_POINT('',#704);
#704 = CARTESIAN_POINT('',(24.4,43.61852484422,0.));
#705 = SURFACE_CURVE('',#706,(#710,#717),.PCURVE_S1.);
#706 = LINE('',#707,#708);
#707 = CARTESIAN_POINT('',(24.4,13.55,0.));
#708 = VECTOR('',#709,1.);
#709 = DIRECTION('',(0.,1.,0.));
#710 = PCURVE('',#72,#711);
#711 = DEFINITIONAL_REPRESENTATION('',(#712),#716);
#712 = LINE('',#713,#714);
#713 = CARTESIAN_POINT('',(24.4,13.55));
#714 = VECTOR('',#715,1.);
#715 = DIRECTION('',(0.,1.));
#716 = ( GEOMETRIC_REPRESENTATION_CONTEXT(2) 
PARAMETRIC_REPRESENTATION_CONTEXT() REPRESENTATION_CONTEXT('2D SPACE',''
  ) );
#717 = PCURVE('',#718,#723);
#718 = PLANE('',#719);
#719 = AXIS2_PLACEMENT_3D('',#720,#721,#722);
#720 = CARTESIAN_POINT('',(24.4,13.55,-0.15));
#721 = DIRECTION('',(-1.,0.,0.));
#722 = DIRECTION('',(0.,1.,0.));
#723 = DEFINITIONAL_REPRESENTATION('',(#724),#728);
#724 = LINE('',#725,#726);
#725 = CARTESIAN_POINT('',(0.,-0.15));
#726 = VECTOR('',#727,1.);
#727 = DIRECTION('',(1.,0.));
#728 = ( GEOMETRIC_REPRESENTATION_CONTEXT(2) 
PARAMETRIC_REPRESENTATION_CONTEXT() REPRESENTATION_CONTEXT('2D SPACE',''
  ) );
#729 = ORIENTED_EDGE('',*,*,#730,.F.);
#730 = EDGE_CURVE('',#731,#703,#733,.T.);
#731 = VERTEX_POINT('',#732);
#732 = CARTESIAN_POINT('',(25.35,41.45,0.));
#733 = SURFACE_CURVE('',#734,(#739,#746),.PCURVE_S1.);
#734 = CIRCLE('',#735,2.95);
#735 = AXIS2_PLACEMENT_3D('',#736,#737,#738);
#736 = CARTESIAN_POINT('',(22.4,41.45,0.));
#737 = DIRECTION('',(0.,0.,1.));
#738 = DIRECTION('',(0.,-1.,0.));
#739 = PCURVE('',#72,#740);
#740 = DEFINITIONAL_REPRESENTATION('',(#741),#745);
#741 = CIRCLE('',#742,2.95);
#742 = AXIS2_PLACEMENT_2D('',#743,#744);
#743 = CARTESIAN_POINT('',(22.4,41.45));
#744 = DIRECTION('',(0.,-1.));
#745 = ( GEOMETRIC_REPRESENTATION_CONTEXT(2) 
PARAMETRIC_REPRESENTATION_CONTEXT() REPRESENTATION_CONTEXT('2D SPACE',''
  ) );
#746 = PCURVE('',#747,#752);
#747 = CYLINDRICAL_SURFACE('',#748,2.95);
#748 = AXIS2_PLACEMENT_3D('',#749,#750,#751);
#749 = CARTESIAN_POINT('',(22.4,41.45,-0.15));
#750 = DIRECTION('',(0.,0.,1.));
#751 = DIRECTION('',(1.,0.,-0.));
#752 = DEFINITIONAL_REPRESENTATION('',(#753),#757);
#753 = LINE('',#754,#755);
#754 = CARTESIAN_POINT('',(-1.570796326795,0.15));
#755 = VECTOR('',#756,1.);
#756 = DIRECTION('',(1.,0.));
#757 = ( GEOMETRIC_REPRESENTATION_CONTEXT(2) 
PARAMETRIC_REPRESENTATION_CONTEXT() REPRESENTATION_CONTEXT('2D SPACE',''
  ) );
#758 = ORIENTED_EDGE('',*,*,#759,.F.);
#759 = EDGE_CURVE('',#760,#731,#762,.T.);
#760 = VERTEX_POINT('',#761);
#761 = CARTESIAN_POINT('',(25.35,-41.45,0.));
#762 = SURFACE_CURVE('',#763,(#767,#774),.PCURVE_S1.);
#763 = LINE('',#764,#765);
#764 = CARTESIAN_POINT('',(25.35,-44.4,0.));
#765 = VECTOR('',#766,1.);
#766 = DIRECTION('',(0.,1.,0.));
#767 = PCURVE('',#72,#768);
#768 = DEFINITIONAL_REPRESENTATION('',(#769),#773);
#769 = LINE('',#770,#771);
#770 = CARTESIAN_POINT('',(25.35,-44.4));
#771 = VECTOR('',#772,1.);
#772 = DIRECTION('',(0.,1.));
#773 = ( GEOMETRIC_REPRESENTATION_CONTEXT(2) 
PARAMETRIC_REPRESENTATION_CONTEXT() REPRESENTATION_CONTEXT('2D SPACE',''
  ) );
#774 = PCURVE('',#775,#780);
#775 = PLANE('',#776);
#776 = AXIS2_PLACEMENT_3D('',#777,#778,#779);
#777 = CARTESIAN_POINT('',(25.35,-44.4,-0.15));
#778 = DIRECTION('',(-1.,0.,0.));
#779 = DIRECTION('',(0.,1.,0.));
#780 = DEFINITIONAL_REPRESENTATION('',(#781),#785);
#781 = LINE('',#782,#783);
#782 = CARTESIAN_POINT('',(0.,-0.15));
#783 = VECTOR('',#784,1.);
#784 = DIRECTION('',(1.,0.));
#785 = ( GEOMETRIC_REPRESENTATION_CONTEXT(2) 
PARAMETRIC_REPRESENTATION_CONTEXT() REPRESENTATION_CONTEXT('2D SPACE',''
  ) );
#786 = ORIENTED_EDGE('',*,*,#787,.F.);
#787 = EDGE_CURVE('',#788,#760,#790,.T.);
#788 = VERTEX_POINT('',#789);
#789 = CARTESIAN_POINT('',(24.4,-43.61852484422,0.));
#790 = SURFACE_CURVE('',#791,(#796,#803),.PCURVE_S1.);
#791 = CIRCLE('',#792,2.95);
#792 = AXIS2_PLACEMENT_3D('',#793,#794,#795);
#793 = CARTESIAN_POINT('',(22.4,-41.45,0.));
#794 = DIRECTION('',(0.,0.,1.));
#795 = DIRECTION('',(0.,-1.,0.));
#796 = PCURVE('',#72,#797);
#797 = DEFINITIONAL_REPRESENTATION('',(#798),#802);
#798 = CIRCLE('',#799,2.95);
#799 = AXIS2_PLACEMENT_2D('',#800,#801);
#800 = CARTESIAN_POINT('',(22.4,-41.45));
#801 = DIRECTION('',(0.,-1.));
#802 = ( GEOMETRIC_REPRESENTATION_CONTEXT(2) 
PARAMETRIC_REPRESENTATION_CONTEXT() REPRESENTATION_CONTEXT('2D SPACE',''
  ) );
#803 = PCURVE('',#804,#809);
#804 = CYLINDRICAL_SURFACE('',#805,2.95);
#805 = AXIS2_PLACEMENT_3D('',#806,#807,#808);
#806 = CARTESIAN_POINT('',(22.4,-41.45,-0.15));
#807 = DIRECTION('',(0.,0.,1.));
#808 = DIRECTION('',(0.,-1.,0.));
#809 = DEFINITIONAL_REPRESENTATION('',(#810),#814);
#810 = LINE('',#811,#812);
#811 = CARTESIAN_POINT('',(0.,0.15));
#812 = VECTOR('',#813,1.);
#813 = DIRECTION('',(1.,0.));
#814 = ( GEOMETRIC_REPRESENTATION_CONTEXT(2) 
PARAMETRIC_REPRESENTATION_CONTEXT() REPRESENTATION_CONTEXT('2D SPACE',''
  ) );
#815 = ORIENTED_EDGE('',*,*,#816,.F.);
#816 = EDGE_CURVE('',#817,#788,#819,.T.);
#817 = VERTEX_POINT('',#818);
#818 = CARTESIAN_POINT('',(24.4,-44.45,0.));
#819 = SURFACE_CURVE('',#820,(#824,#831),.PCURVE_S1.);
#820 = LINE('',#821,#822);
#821 = CARTESIAN_POINT('',(24.4,-44.45,0.));
#822 = VECTOR('',#823,1.);
#823 = DIRECTION('',(0.,1.,0.));
#824 = PCURVE('',#72,#825);
#825 = DEFINITIONAL_REPRESENTATION('',(#826),#830);
#826 = LINE('',#827,#828);
#827 = CARTESIAN_POINT('',(24.4,-44.45));
#828 = VECTOR('',#829,1.);
#829 = DIRECTION('',(0.,1.));
#830 = ( GEOMETRIC_REPRESENTATION_CONTEXT(2) 
PARAMETRIC_REPRESENTATION_CONTEXT() REPRESENTATION_CONTEXT('2D SPACE',''
  ) );
#831 = PCURVE('',#832,#837);
#832 = PLANE('',#833);
#833 = AXIS2_PLACEMENT_3D('',#834,#835,#836);
#834 = CARTESIAN_POINT('',(24.4,-44.45,-0.15));
#835 = DIRECTION('',(-1.,0.,0.));
#836 = DIRECTION('',(0.,1.,0.));
#837 = DEFINITIONAL_REPRESENTATION('',(#838),#842);
#838 = LINE('',#839,#840);
#839 = CARTESIAN_POINT('',(0.,-0.15));
#840 = VECTOR('',#841,1.);
#841 = DIRECTION('',(1.,0.));
#842 = ( GEOMETRIC_REPRESENTATION_CONTEXT(2) 
PARAMETRIC_REPRESENTATION_CONTEXT() REPRESENTATION_CONTEXT('2D SPACE',''
  ) );
#843 = ORIENTED_EDGE('',*,*,#844,.F.);
#844 = EDGE_CURVE('',#845,#817,#847,.T.);
#845 = VERTEX_POINT('',#846);
#846 = CARTESIAN_POINT('',(22.9,-44.45,0.));
#847 = SURFACE_CURVE('',#848,(#852,#859),.PCURVE_S1.);
#848 = LINE('',#849,#850);
#849 = CARTESIAN_POINT('',(22.9,-44.45,0.));
#850 = VECTOR('',#851,1.);
#851 = DIRECTION('',(1.,0.,0.));
#852 = PCURVE('',#72,#853);
#853 = DEFINITIONAL_REPRESENTATION('',(#854),#858);
#854 = LINE('',#855,#856);
#855 = CARTESIAN_POINT('',(22.9,-44.45));
#856 = VECTOR('',#857,1.);
#857 = DIRECTION('',(1.,0.));
#858 = ( GEOMETRIC_REPRESENTATION_CONTEXT(2) 
PARAMETRIC_REPRESENTATION_CONTEXT() REPRESENTATION_CONTEXT('2D SPACE',''
  ) );
#859 = PCURVE('',#860,#865);
#860 = PLANE('',#861);
#861 = AXIS2_PLACEMENT_3D('',#862,#863,#864);
#862 = CARTESIAN_POINT('',(22.9,-44.45,-0.15));
#863 = DIRECTION('',(0.,1.,0.));
#864 = DIRECTION('',(1.,0.,0.));
#865 = DEFINITIONAL_REPRESENTATION('',(#866),#870);
#866 = LINE('',#867,#868);
#867 = CARTESIAN_POINT('',(0.,-0.15));
#868 = VECTOR('',#869,1.);
#869 = DIRECTION('',(1.,0.));
#870 = ( GEOMETRIC_REPRESENTATION_CONTEXT(2) 
PARAMETRIC_REPRESENTATION_CONTEXT() REPRESENTATION_CONTEXT('2D SPACE',''
  ) );
#871 = ORIENTED_EDGE('',*,*,#872,.F.);
#872 = EDGE_CURVE('',#873,#845,#875,.T.);
#873 = VERTEX_POINT('',#874);
#874 = CARTESIAN_POINT('',(22.9,-44.35731835202,0.));
#875 = SURFACE_CURVE('',#876,(#880,#887),.PCURVE_S1.);
#876 = LINE('',#877,#878);
#877 = CARTESIAN_POINT('',(22.9,-34.45,0.));
#878 = VECTOR('',#879,1.);
#879 = DIRECTION('',(0.,-1.,0.));
#880 = PCURVE('',#72,#881);
#881 = DEFINITIONAL_REPRESENTATION('',(#882),#886);
#882 = LINE('',#883,#884);
#883 = CARTESIAN_POINT('',(22.9,-34.45));
#884 = VECTOR('',#885,1.);
#885 = DIRECTION('',(0.,-1.));
#886 = ( GEOMETRIC_REPRESENTATION_CONTEXT(2) 
PARAMETRIC_REPRESENTATION_CONTEXT() REPRESENTATION_CONTEXT('2D SPACE',''
  ) );
#887 = PCURVE('',#888,#893);
#888 = PLANE('',#889);
#889 = AXIS2_PLACEMENT_3D('',#890,#891,#892);
#890 = CARTESIAN_POINT('',(22.9,-34.45,-0.15));
#891 = DIRECTION('',(1.,0.,-0.));
#892 = DIRECTION('',(0.,-1.,0.));
#893 = DEFINITIONAL_REPRESENTATION('',(#894),#898);
#894 = LINE('',#895,#896);
#895 = CARTESIAN_POINT('',(0.,-0.15));
#896 = VECTOR('',#897,1.);
#897 = DIRECTION('',(1.,0.));
#898 = ( GEOMETRIC_REPRESENTATION_CONTEXT(2) 
PARAMETRIC_REPRESENTATION_CONTEXT() REPRESENTATION_CONTEXT('2D SPACE',''
  ) );
#899 = ORIENTED_EDGE('',*,*,#900,.F.);
#900 = EDGE_CURVE('',#57,#873,#901,.T.);
#901 = SURFACE_CURVE('',#902,(#907,#914),.PCURVE_S1.);
#902 = CIRCLE('',#903,2.95);
#903 = AXIS2_PLACEMENT_3D('',#904,#905,#906);
#904 = CARTESIAN_POINT('',(22.4,-41.45,0.));
#905 = DIRECTION('',(0.,0.,1.));
#906 = DIRECTION('',(0.,-1.,0.));
#907 = PCURVE('',#72,#908);
#908 = DEFINITIONAL_REPRESENTATION('',(#909),#913);
#909 = CIRCLE('',#910,2.95);
#910 = AXIS2_PLACEMENT_2D('',#911,#912);
#911 = CARTESIAN_POINT('',(22.4,-41.45));
#912 = DIRECTION('',(0.,-1.));
#913 = ( GEOMETRIC_REPRESENTATION_CONTEXT(2) 
PARAMETRIC_REPRESENTATION_CONTEXT() REPRESENTATION_CONTEXT('2D SPACE',''
  ) );
#914 = PCURVE('',#100,#915);
#915 = DEFINITIONAL_REPRESENTATION('',(#916),#920);
#916 = LINE('',#917,#918);
#917 = CARTESIAN_POINT('',(0.,0.15));
#918 = VECTOR('',#919,1.);
#919 = DIRECTION('',(1.,0.));
#920 = ( GEOMETRIC_REPRESENTATION_CONTEXT(2) 
PARAMETRIC_REPRESENTATION_CONTEXT() REPRESENTATION_CONTEXT('2D SPACE',''
  ) );
#921 = ADVANCED_FACE('',(#922),#100,.T.);
#922 = FACE_BOUND('',#923,.T.);
#923 = EDGE_LOOP('',(#924,#925,#949,#968));
#924 = ORIENTED_EDGE('',*,*,#84,.F.);
#925 = ORIENTED_EDGE('',*,*,#926,.F.);
#926 = EDGE_CURVE('',#927,#85,#929,.T.);
#927 = VERTEX_POINT('',#928);
#928 = CARTESIAN_POINT('',(22.9,-44.35731835202,-5.E-02));
#929 = SURFACE_CURVE('',#930,(#935,#942),.PCURVE_S1.);
#930 = CIRCLE('',#931,2.95);
#931 = AXIS2_PLACEMENT_3D('',#932,#933,#934);
#932 = CARTESIAN_POINT('',(22.4,-41.45,-5.E-02));
#933 = DIRECTION('',(0.,-0.,-1.));
#934 = DIRECTION('',(0.169491525424,-0.985531644753,0.));
#935 = PCURVE('',#100,#936);
#936 = DEFINITIONAL_REPRESENTATION('',(#937),#941);
#937 = LINE('',#938,#939);
#938 = CARTESIAN_POINT('',(0.170313706844,0.1));
#939 = VECTOR('',#940,1.);
#940 = DIRECTION('',(-1.,-0.));
#941 = ( GEOMETRIC_REPRESENTATION_CONTEXT(2) 
PARAMETRIC_REPRESENTATION_CONTEXT() REPRESENTATION_CONTEXT('2D SPACE',''
  ) );
#942 = PCURVE('',#243,#943);
#943 = DEFINITIONAL_REPRESENTATION('',(#944),#948);
#944 = LINE('',#945,#946);
#945 = CARTESIAN_POINT('',(-0.,-0.));
#946 = VECTOR('',#947,1.);
#947 = DIRECTION('',(-1.,-0.));
#948 = ( GEOMETRIC_REPRESENTATION_CONTEXT(2) 
PARAMETRIC_REPRESENTATION_CONTEXT() REPRESENTATION_CONTEXT('2D SPACE',''
  ) );
#949 = ORIENTED_EDGE('',*,*,#950,.T.);
#950 = EDGE_CURVE('',#927,#873,#951,.T.);
#951 = SURFACE_CURVE('',#952,(#956,#962),.PCURVE_S1.);
#952 = LINE('',#953,#954);
#953 = CARTESIAN_POINT('',(22.9,-44.35731835202,-0.15));
#954 = VECTOR('',#955,1.);
#955 = DIRECTION('',(0.,0.,1.));
#956 = PCURVE('',#100,#957);
#957 = DEFINITIONAL_REPRESENTATION('',(#958),#961);
#958 = B_SPLINE_CURVE_WITH_KNOTS('',1,(#959,#960),.UNSPECIFIED.,.F.,.F.,
  (2,2),(-5.999999999895E-07,0.1500006),.PIECEWISE_BEZIER_KNOTS.);
#959 = CARTESIAN_POINT('',(0.170313706844,-5.999999999895E-07));
#960 = CARTESIAN_POINT('',(0.170313706844,0.1500006));
#961 = ( GEOMETRIC_REPRESENTATION_CONTEXT(2) 
PARAMETRIC_REPRESENTATION_CONTEXT() REPRESENTATION_CONTEXT('2D SPACE',''
  ) );
#962 = PCURVE('',#888,#963);
#963 = DEFINITIONAL_REPRESENTATION('',(#964),#967);
#964 = B_SPLINE_CURVE_WITH_KNOTS('',1,(#965,#966),.UNSPECIFIED.,.F.,.F.,
  (2,2),(-5.999999999895E-07,0.1500006),.PIECEWISE_BEZIER_KNOTS.);
#965 = CARTESIAN_POINT('',(9.907318352021,5.999999999895E-07));
#966 = CARTESIAN_POINT('',(9.907318352021,-0.1500006));
#967 = ( GEOMETRIC_REPRESENTATION_CONTEXT(2) 
PARAMETRIC_REPRESENTATION_CONTEXT() REPRESENTATION_CONTEXT('2D SPACE',''
  ) );
#968 = ORIENTED_EDGE('',*,*,#900,.F.);
#969 = ADVANCED_FACE('',(#970),#159,.T.);
#970 = FACE_BOUND('',#971,.T.);
#971 = EDGE_LOOP('',(#972,#973,#974,#1000));
#972 = ORIENTED_EDGE('',*,*,#255,.F.);
#973 = ORIENTED_EDGE('',*,*,#142,.T.);
#974 = ORIENTED_EDGE('',*,*,#975,.T.);
#975 = EDGE_CURVE('',#143,#976,#978,.T.);
#976 = VERTEX_POINT('',#977);
#977 = CARTESIAN_POINT('',(-25.25,-41.45,-0.15));
#978 = SURFACE_CURVE('',#979,(#983,#989),.PCURVE_S1.);
#979 = LINE('',#980,#981);
#980 = CARTESIAN_POINT('',(-25.35,-41.45,-5.E-02));
#981 = VECTOR('',#982,1.);
#982 = DIRECTION('',(0.707106781187,4.329780281177E-17,-0.707106781187)
  );
#983 = PCURVE('',#159,#984);
#984 = DEFINITIONAL_REPRESENTATION('',(#985),#988);
#985 = B_SPLINE_CURVE_WITH_KNOTS('',1,(#986,#987),.UNSPECIFIED.,.F.,.F.,
  (2,2),(0.,0.141421356237),.PIECEWISE_BEZIER_KNOTS.);
#986 = CARTESIAN_POINT('',(-1.570796326795,0.));
#987 = CARTESIAN_POINT('',(-1.570796326795,-1.E-01));
#988 = ( GEOMETRIC_REPRESENTATION_CONTEXT(2) 
PARAMETRIC_REPRESENTATION_CONTEXT() REPRESENTATION_CONTEXT('2D SPACE',''
  ) );
#989 = PCURVE('',#990,#995);
#990 = PLANE('',#991);
#991 = AXIS2_PLACEMENT_3D('',#992,#993,#994);
#992 = CARTESIAN_POINT('',(-25.3,-41.45,-1.E-01));
#993 = DIRECTION('',(-0.707106781187,0.,-0.707106781187));
#994 = DIRECTION('',(0.,1.,0.));
#995 = DEFINITIONAL_REPRESENTATION('',(#996),#999);
#996 = B_SPLINE_CURVE_WITH_KNOTS('',1,(#997,#998),.UNSPECIFIED.,.F.,.F.,
  (2,2),(0.,0.141421356237),.PIECEWISE_BEZIER_KNOTS.);
#997 = CARTESIAN_POINT('',(0.,-7.071067811866E-02));
#998 = CARTESIAN_POINT('',(0.,7.071067811865E-02));
#999 = ( GEOMETRIC_REPRESENTATION_CONTEXT(2) 
PARAMETRIC_REPRESENTATION_CONTEXT() REPRESENTATION_CONTEXT('2D SPACE',''
  ) );
#1000 = ORIENTED_EDGE('',*,*,#1001,.F.);
#1001 = EDGE_CURVE('',#256,#976,#1002,.T.);
#1002 = SURFACE_CURVE('',#1003,(#1008,#1015),.PCURVE_S1.);
#1003 = CIRCLE('',#1004,2.85);
#1004 = AXIS2_PLACEMENT_3D('',#1005,#1006,#1007);
#1005 = CARTESIAN_POINT('',(-22.4,-41.45,-0.15));
#1006 = DIRECTION('',(-0.,-0.,-1.));
#1007 = DIRECTION('',(0.,-1.,0.));
#1008 = PCURVE('',#159,#1009);
#1009 = DEFINITIONAL_REPRESENTATION('',(#1010),#1014);
#1010 = LINE('',#1011,#1012);
#1011 = CARTESIAN_POINT('',(-0.,-1.E-01));
#1012 = VECTOR('',#1013,1.);
#1013 = DIRECTION('',(-1.,-0.));
#1014 = ( GEOMETRIC_REPRESENTATION_CONTEXT(2) 
PARAMETRIC_REPRESENTATION_CONTEXT() REPRESENTATION_CONTEXT('2D SPACE',''
  ) );
#1015 = PCURVE('',#290,#1016);
#1016 = DEFINITIONAL_REPRESENTATION('',(#1017),#1025);
#1017 = ( BOUNDED_CURVE() B_SPLINE_CURVE(2,(#1018,#1019,#1020,#1021,
#1022,#1023,#1024),.UNSPECIFIED.,.T.,.F.) B_SPLINE_CURVE_WITH_KNOTS((1,2
    ,2,2,2,1),(-2.094395102393,0.,2.094395102393,4.188790204786,
6.28318530718,8.377580409573),.UNSPECIFIED.) CURVE() 
GEOMETRIC_REPRESENTATION_ITEM() RATIONAL_B_SPLINE_CURVE((1.,0.5,1.,0.5,
1.,0.5,1.)) REPRESENTATION_ITEM('') );
#1018 = CARTESIAN_POINT('',(-22.4,-44.3));
#1019 = CARTESIAN_POINT('',(-27.33634480157,-44.3));
#1020 = CARTESIAN_POINT('',(-24.86817240078,-40.025));
#1021 = CARTESIAN_POINT('',(-22.4,-35.75));
#1022 = CARTESIAN_POINT('',(-19.93182759921,-40.025));
#1023 = CARTESIAN_POINT('',(-17.46365519842,-44.3));
#1024 = CARTESIAN_POINT('',(-22.4,-44.3));
#1025 = ( GEOMETRIC_REPRESENTATION_CONTEXT(2) 
PARAMETRIC_REPRESENTATION_CONTEXT() REPRESENTATION_CONTEXT('2D SPACE',''
  ) );
#1026 = ADVANCED_FACE('',(#1027),#187,.F.);
#1027 = FACE_BOUND('',#1028,.F.);
#1028 = EDGE_LOOP('',(#1029,#1052,#1053,#1054));
#1029 = ORIENTED_EDGE('',*,*,#1030,.T.);
#1030 = EDGE_CURVE('',#1031,#538,#1033,.T.);
#1031 = VERTEX_POINT('',#1032);
#1032 = CARTESIAN_POINT('',(-25.35,41.45,-5.E-02));
#1033 = SURFACE_CURVE('',#1034,(#1038,#1045),.PCURVE_S1.);
#1034 = LINE('',#1035,#1036);
#1035 = CARTESIAN_POINT('',(-25.35,41.45,-0.15));
#1036 = VECTOR('',#1037,1.);
#1037 = DIRECTION('',(0.,0.,1.));
#1038 = PCURVE('',#187,#1039);
#1039 = DEFINITIONAL_REPRESENTATION('',(#1040),#1044);
#1040 = LINE('',#1041,#1042);
#1041 = CARTESIAN_POINT('',(2.95,0.));
#1042 = VECTOR('',#1043,1.);
#1043 = DIRECTION('',(0.,-1.));
#1044 = ( GEOMETRIC_REPRESENTATION_CONTEXT(2) 
PARAMETRIC_REPRESENTATION_CONTEXT() REPRESENTATION_CONTEXT('2D SPACE',''
  ) );
#1045 = PCURVE('',#577,#1046);
#1046 = DEFINITIONAL_REPRESENTATION('',(#1047),#1051);
#1047 = LINE('',#1048,#1049);
#1048 = CARTESIAN_POINT('',(1.570796326795,0.));
#1049 = VECTOR('',#1050,1.);
#1050 = DIRECTION('',(0.,1.));
#1051 = ( GEOMETRIC_REPRESENTATION_CONTEXT(2) 
PARAMETRIC_REPRESENTATION_CONTEXT() REPRESENTATION_CONTEXT('2D SPACE',''
  ) );
#1052 = ORIENTED_EDGE('',*,*,#537,.T.);
#1053 = ORIENTED_EDGE('',*,*,#171,.F.);
#1054 = ORIENTED_EDGE('',*,*,#1055,.T.);
#1055 = EDGE_CURVE('',#143,#1031,#1056,.T.);
#1056 = SURFACE_CURVE('',#1057,(#1061,#1068),.PCURVE_S1.);
#1057 = LINE('',#1058,#1059);
#1058 = CARTESIAN_POINT('',(-25.35,-41.45,-5.E-02));
#1059 = VECTOR('',#1060,1.);
#1060 = DIRECTION('',(-0.,1.,-0.));
#1061 = PCURVE('',#187,#1062);
#1062 = DEFINITIONAL_REPRESENTATION('',(#1063),#1067);
#1063 = LINE('',#1064,#1065);
#1064 = CARTESIAN_POINT('',(85.85,-0.1));
#1065 = VECTOR('',#1066,1.);
#1066 = DIRECTION('',(-1.,0.));
#1067 = ( GEOMETRIC_REPRESENTATION_CONTEXT(2) 
PARAMETRIC_REPRESENTATION_CONTEXT() REPRESENTATION_CONTEXT('2D SPACE',''
  ) );
#1068 = PCURVE('',#990,#1069);
#1069 = DEFINITIONAL_REPRESENTATION('',(#1070),#1074);
#1070 = LINE('',#1071,#1072);
#1071 = CARTESIAN_POINT('',(0.,-7.071067811866E-02));
#1072 = VECTOR('',#1073,1.);
#1073 = DIRECTION('',(1.,0.));
#1074 = ( GEOMETRIC_REPRESENTATION_CONTEXT(2) 
PARAMETRIC_REPRESENTATION_CONTEXT() REPRESENTATION_CONTEXT('2D SPACE',''
  ) );
#1075 = ADVANCED_FACE('',(#1076),#243,.T.);
#1076 = FACE_BOUND('',#1077,.T.);
#1077 = EDGE_LOOP('',(#1078,#1110,#1111,#1112));
#1078 = ORIENTED_EDGE('',*,*,#1079,.F.);
#1079 = EDGE_CURVE('',#927,#1080,#1082,.T.);
#1080 = VERTEX_POINT('',#1081);
#1081 = CARTESIAN_POINT('',(23.,-44.23612634315,-0.15));
#1082 = SURFACE_CURVE('',#1083,(#1088,#1098),.PCURVE_S1.);
#1083 = PARABOLA('',#1084,1.219759197547);
#1084 = AXIS2_PLACEMENT_3D('',#1085,#1086,#1087);
#1085 = CARTESIAN_POINT('',(24.125,-41.45,-1.275));
#1086 = DIRECTION('',(-0.707106781187,0.,-0.707106781187));
#1087 = DIRECTION('',(-0.707106781187,0.,0.707106781187));
#1088 = PCURVE('',#243,#1089);
#1089 = DEFINITIONAL_REPRESENTATION('',(#1090),#1097);
#1090 = B_SPLINE_CURVE_WITH_KNOTS('',5,(#1091,#1092,#1093,#1094,#1095,
    #1096),.UNSPECIFIED.,.F.,.F.,(6,6),(-2.907318352021,-2.786126343151)
  ,.PIECEWISE_BEZIER_KNOTS.);
#1091 = CARTESIAN_POINT('',(1.59872115546E-14,0.));
#1092 = CARTESIAN_POINT('',(8.216407381055E-03,-2.042572472504E-02));
#1093 = CARTESIAN_POINT('',(1.650392750833E-02,-4.063858708757E-02));
#1094 = CARTESIAN_POINT('',(2.486321352679E-02,-6.063858708756E-02));
#1095 = CARTESIAN_POINT('',(3.329490125852E-02,-8.042572472505E-02));
#1096 = CARTESIAN_POINT('',(4.179960363538E-02,-0.1));
#1097 = ( GEOMETRIC_REPRESENTATION_CONTEXT(2) 
PARAMETRIC_REPRESENTATION_CONTEXT() REPRESENTATION_CONTEXT('2D SPACE',''
  ) );
#1098 = PCURVE('',#1099,#1104);
#1099 = PLANE('',#1100);
#1100 = AXIS2_PLACEMENT_3D('',#1101,#1102,#1103);
#1101 = CARTESIAN_POINT('',(22.95,-44.35731835202,-1.E-01));
#1102 = DIRECTION('',(-0.707106781187,0.,-0.707106781187));
#1103 = DIRECTION('',(-0.,1.,0.));
#1104 = DEFINITIONAL_REPRESENTATION('',(#1105),#1109);
#1105 = B_SPLINE_CURVE_WITH_KNOTS('',2,(#1106,#1107,#1108),
  .UNSPECIFIED.,.F.,.F.,(3,3),(-2.907318352021,-2.786126343151),
  .PIECEWISE_BEZIER_KNOTS.);
#1106 = CARTESIAN_POINT('',(1.42108547152E-14,-7.071067811866E-02));
#1107 = CARTESIAN_POINT('',(6.059600443518E-02,1.505164199985E-03));
#1108 = CARTESIAN_POINT('',(0.12119200887,7.071067811865E-02));
#1109 = ( GEOMETRIC_REPRESENTATION_CONTEXT(2) 
PARAMETRIC_REPRESENTATION_CONTEXT() REPRESENTATION_CONTEXT('2D SPACE',''
  ) );
#1110 = ORIENTED_EDGE('',*,*,#926,.T.);
#1111 = ORIENTED_EDGE('',*,*,#228,.T.);
#1112 = ORIENTED_EDGE('',*,*,#1113,.F.);
#1113 = EDGE_CURVE('',#1080,#229,#1114,.T.);
#1114 = SURFACE_CURVE('',#1115,(#1120,#1127),.PCURVE_S1.);
#1115 = CIRCLE('',#1116,2.85);
#1116 = AXIS2_PLACEMENT_3D('',#1117,#1118,#1119);
#1117 = CARTESIAN_POINT('',(22.4,-41.45,-0.15));
#1118 = DIRECTION('',(0.,-0.,-1.));
#1119 = DIRECTION('',(0.169491525424,-0.985531644753,0.));
#1120 = PCURVE('',#243,#1121);
#1121 = DEFINITIONAL_REPRESENTATION('',(#1122),#1126);
#1122 = LINE('',#1123,#1124);
#1123 = CARTESIAN_POINT('',(-0.,-1.E-01));
#1124 = VECTOR('',#1125,1.);
#1125 = DIRECTION('',(-1.,-0.));
#1126 = ( GEOMETRIC_REPRESENTATION_CONTEXT(2) 
PARAMETRIC_REPRESENTATION_CONTEXT() REPRESENTATION_CONTEXT('2D SPACE',''
  ) );
#1127 = PCURVE('',#290,#1128);
#1128 = DEFINITIONAL_REPRESENTATION('',(#1129),#1137);
#1129 = ( BOUNDED_CURVE() B_SPLINE_CURVE(2,(#1130,#1131,#1132,#1133,
#1134,#1135,#1136),.UNSPECIFIED.,.T.,.F.) B_SPLINE_CURVE_WITH_KNOTS((1,2
    ,2,2,2,1),(-2.094395102393,0.,2.094395102393,4.188790204786,
6.28318530718,8.377580409573),.UNSPECIFIED.) CURVE() 
GEOMETRIC_REPRESENTATION_ITEM() RATIONAL_B_SPLINE_CURVE((1.,0.5,1.,0.5,
1.,0.5,1.)) REPRESENTATION_ITEM('') );
#1130 = CARTESIAN_POINT('',(22.883050847458,-44.25876518754));
#1131 = CARTESIAN_POINT('',(18.018126836097,-45.09543379798));
#1132 = CARTESIAN_POINT('',(19.726012570591,-40.46395171144));
#1133 = CARTESIAN_POINT('',(21.433898305085,-35.8324696249));
#1134 = CARTESIAN_POINT('',(24.590936581951,-39.627283101));
#1135 = CARTESIAN_POINT('',(27.747974858818,-43.42209657711));
#1136 = CARTESIAN_POINT('',(22.883050847458,-44.25876518754));
#1137 = ( GEOMETRIC_REPRESENTATION_CONTEXT(2) 
PARAMETRIC_REPRESENTATION_CONTEXT() REPRESENTATION_CONTEXT('2D SPACE',''
  ) );
#1138 = ADVANCED_FACE('',(#1139,#1508,#1543,#1578,#1613,#1963),#290,.F.
  );
#1139 = FACE_BOUND('',#1140,.F.);
#1140 = EDGE_LOOP('',(#1141,#1142,#1165,#1193,#1221,#1250,#1278,#1307,
    #1335,#1363,#1391,#1424,#1452,#1485,#1506,#1507));
#1141 = ORIENTED_EDGE('',*,*,#1113,.F.);
#1142 = ORIENTED_EDGE('',*,*,#1143,.T.);
#1143 = EDGE_CURVE('',#1080,#1144,#1146,.T.);
#1144 = VERTEX_POINT('',#1145);
#1145 = CARTESIAN_POINT('',(23.,-44.35,-0.15));
#1146 = SURFACE_CURVE('',#1147,(#1151,#1158),.PCURVE_S1.);
#1147 = LINE('',#1148,#1149);
#1148 = CARTESIAN_POINT('',(23.,-44.35731835202,-0.15));
#1149 = VECTOR('',#1150,1.);
#1150 = DIRECTION('',(0.,-1.,0.));
#1151 = PCURVE('',#290,#1152);
#1152 = DEFINITIONAL_REPRESENTATION('',(#1153),#1157);
#1153 = LINE('',#1154,#1155);
#1154 = CARTESIAN_POINT('',(23.,-44.35731835202));
#1155 = VECTOR('',#1156,1.);
#1156 = DIRECTION('',(0.,-1.));
#1157 = ( GEOMETRIC_REPRESENTATION_CONTEXT(2) 
PARAMETRIC_REPRESENTATION_CONTEXT() REPRESENTATION_CONTEXT('2D SPACE',''
  ) );
#1158 = PCURVE('',#1099,#1159);
#1159 = DEFINITIONAL_REPRESENTATION('',(#1160),#1164);
#1160 = LINE('',#1161,#1162);
#1161 = CARTESIAN_POINT('',(-0.,7.071067811865E-02));
#1162 = VECTOR('',#1163,1.);
#1163 = DIRECTION('',(-1.,0.));
#1164 = ( GEOMETRIC_REPRESENTATION_CONTEXT(2) 
PARAMETRIC_REPRESENTATION_CONTEXT() REPRESENTATION_CONTEXT('2D SPACE',''
  ) );
#1165 = ORIENTED_EDGE('',*,*,#1166,.T.);
#1166 = EDGE_CURVE('',#1144,#1167,#1169,.T.);
#1167 = VERTEX_POINT('',#1168);
#1168 = CARTESIAN_POINT('',(24.3,-44.35,-0.15));
#1169 = SURFACE_CURVE('',#1170,(#1174,#1181),.PCURVE_S1.);
#1170 = LINE('',#1171,#1172);
#1171 = CARTESIAN_POINT('',(22.9,-44.35,-0.15));
#1172 = VECTOR('',#1173,1.);
#1173 = DIRECTION('',(1.,0.,0.));
#1174 = PCURVE('',#290,#1175);
#1175 = DEFINITIONAL_REPRESENTATION('',(#1176),#1180);
#1176 = LINE('',#1177,#1178);
#1177 = CARTESIAN_POINT('',(22.9,-44.35));
#1178 = VECTOR('',#1179,1.);
#1179 = DIRECTION('',(1.,0.));
#1180 = ( GEOMETRIC_REPRESENTATION_CONTEXT(2) 
PARAMETRIC_REPRESENTATION_CONTEXT() REPRESENTATION_CONTEXT('2D SPACE',''
  ) );
#1181 = PCURVE('',#1182,#1187);
#1182 = PLANE('',#1183);
#1183 = AXIS2_PLACEMENT_3D('',#1184,#1185,#1186);
#1184 = CARTESIAN_POINT('',(22.9,-44.4,-1.E-01));
#1185 = DIRECTION('',(0.,-0.707106781187,-0.707106781187));
#1186 = DIRECTION('',(-1.,-0.,-0.));
#1187 = DEFINITIONAL_REPRESENTATION('',(#1188),#1192);
#1188 = LINE('',#1189,#1190);
#1189 = CARTESIAN_POINT('',(-0.,7.071067811866E-02));
#1190 = VECTOR('',#1191,1.);
#1191 = DIRECTION('',(-1.,0.));
#1192 = ( GEOMETRIC_REPRESENTATION_CONTEXT(2) 
PARAMETRIC_REPRESENTATION_CONTEXT() REPRESENTATION_CONTEXT('2D SPACE',''
  ) );
#1193 = ORIENTED_EDGE('',*,*,#1194,.T.);
#1194 = EDGE_CURVE('',#1167,#1195,#1197,.T.);
#1195 = VERTEX_POINT('',#1196);
#1196 = CARTESIAN_POINT('',(24.3,-43.57426457862,-0.15));
#1197 = SURFACE_CURVE('',#1198,(#1202,#1209),.PCURVE_S1.);
#1198 = LINE('',#1199,#1200);
#1199 = CARTESIAN_POINT('',(24.3,-44.45,-0.15));
#1200 = VECTOR('',#1201,1.);
#1201 = DIRECTION('',(0.,1.,0.));
#1202 = PCURVE('',#290,#1203);
#1203 = DEFINITIONAL_REPRESENTATION('',(#1204),#1208);
#1204 = LINE('',#1205,#1206);
#1205 = CARTESIAN_POINT('',(24.3,-44.45));
#1206 = VECTOR('',#1207,1.);
#1207 = DIRECTION('',(0.,1.));
#1208 = ( GEOMETRIC_REPRESENTATION_CONTEXT(2) 
PARAMETRIC_REPRESENTATION_CONTEXT() REPRESENTATION_CONTEXT('2D SPACE',''
  ) );
#1209 = PCURVE('',#1210,#1215);
#1210 = PLANE('',#1211);
#1211 = AXIS2_PLACEMENT_3D('',#1212,#1213,#1214);
#1212 = CARTESIAN_POINT('',(24.35,-44.45,-1.E-01));
#1213 = DIRECTION('',(0.707106781187,0.,-0.707106781187));
#1214 = DIRECTION('',(-0.,-1.,-0.));
#1215 = DEFINITIONAL_REPRESENTATION('',(#1216),#1220);
#1216 = LINE('',#1217,#1218);
#1217 = CARTESIAN_POINT('',(-0.,7.071067811865E-02));
#1218 = VECTOR('',#1219,1.);
#1219 = DIRECTION('',(-1.,0.));
#1220 = ( GEOMETRIC_REPRESENTATION_CONTEXT(2) 
PARAMETRIC_REPRESENTATION_CONTEXT() REPRESENTATION_CONTEXT('2D SPACE',''
  ) );
#1221 = ORIENTED_EDGE('',*,*,#1222,.T.);
#1222 = EDGE_CURVE('',#1195,#1223,#1225,.T.);
#1223 = VERTEX_POINT('',#1224);
#1224 = CARTESIAN_POINT('',(25.25,-41.45,-0.15));
#1225 = SURFACE_CURVE('',#1226,(#1231,#1238),.PCURVE_S1.);
#1226 = CIRCLE('',#1227,2.85);
#1227 = AXIS2_PLACEMENT_3D('',#1228,#1229,#1230);
#1228 = CARTESIAN_POINT('',(22.4,-41.45,-0.15));
#1229 = DIRECTION('',(0.,0.,1.));
#1230 = DIRECTION('',(0.677966101695,-0.735093167532,0.));
#1231 = PCURVE('',#290,#1232);
#1232 = DEFINITIONAL_REPRESENTATION('',(#1233),#1237);
#1233 = CIRCLE('',#1234,2.85);
#1234 = AXIS2_PLACEMENT_2D('',#1235,#1236);
#1235 = CARTESIAN_POINT('',(22.4,-41.45));
#1236 = DIRECTION('',(0.677966101695,-0.735093167532));
#1237 = ( GEOMETRIC_REPRESENTATION_CONTEXT(2) 
PARAMETRIC_REPRESENTATION_CONTEXT() REPRESENTATION_CONTEXT('2D SPACE',''
  ) );
#1238 = PCURVE('',#1239,#1244);
#1239 = CONICAL_SURFACE('',#1240,2.95,0.785398163397);
#1240 = AXIS2_PLACEMENT_3D('',#1241,#1242,#1243);
#1241 = CARTESIAN_POINT('',(22.4,-41.45,-5.E-02));
#1242 = DIRECTION('',(0.,0.,1.));
#1243 = DIRECTION('',(0.677966101695,-0.735093167532,0.));
#1244 = DEFINITIONAL_REPRESENTATION('',(#1245),#1249);
#1245 = LINE('',#1246,#1247);
#1246 = CARTESIAN_POINT('',(0.,-1.E-01));
#1247 = VECTOR('',#1248,1.);
#1248 = DIRECTION('',(1.,-0.));
#1249 = ( GEOMETRIC_REPRESENTATION_CONTEXT(2) 
PARAMETRIC_REPRESENTATION_CONTEXT() REPRESENTATION_CONTEXT('2D SPACE',''
  ) );
#1250 = ORIENTED_EDGE('',*,*,#1251,.T.);
#1251 = EDGE_CURVE('',#1223,#1252,#1254,.T.);
#1252 = VERTEX_POINT('',#1253);
#1253 = CARTESIAN_POINT('',(25.25,41.45,-0.15));
#1254 = SURFACE_CURVE('',#1255,(#1259,#1266),.PCURVE_S1.);
#1255 = LINE('',#1256,#1257);
#1256 = CARTESIAN_POINT('',(25.25,-41.45,-0.15));
#1257 = VECTOR('',#1258,1.);
#1258 = DIRECTION('',(0.,1.,0.));
#1259 = PCURVE('',#290,#1260);
#1260 = DEFINITIONAL_REPRESENTATION('',(#1261),#1265);
#1261 = LINE('',#1262,#1263);
#1262 = CARTESIAN_POINT('',(25.25,-41.45));
#1263 = VECTOR('',#1264,1.);
#1264 = DIRECTION('',(0.,1.));
#1265 = ( GEOMETRIC_REPRESENTATION_CONTEXT(2) 
PARAMETRIC_REPRESENTATION_CONTEXT() REPRESENTATION_CONTEXT('2D SPACE',''
  ) );
#1266 = PCURVE('',#1267,#1272);
#1267 = PLANE('',#1268);
#1268 = AXIS2_PLACEMENT_3D('',#1269,#1270,#1271);
#1269 = CARTESIAN_POINT('',(25.3,-41.45,-1.E-01));
#1270 = DIRECTION('',(0.707106781187,0.,-0.707106781187));
#1271 = DIRECTION('',(-0.,-1.,-0.));
#1272 = DEFINITIONAL_REPRESENTATION('',(#1273),#1277);
#1273 = LINE('',#1274,#1275);
#1274 = CARTESIAN_POINT('',(-0.,7.071067811865E-02));
#1275 = VECTOR('',#1276,1.);
#1276 = DIRECTION('',(-1.,0.));
#1277 = ( GEOMETRIC_REPRESENTATION_CONTEXT(2) 
PARAMETRIC_REPRESENTATION_CONTEXT() REPRESENTATION_CONTEXT('2D SPACE',''
  ) );
#1278 = ORIENTED_EDGE('',*,*,#1279,.T.);
#1279 = EDGE_CURVE('',#1252,#1280,#1282,.T.);
#1280 = VERTEX_POINT('',#1281);
#1281 = CARTESIAN_POINT('',(24.3,43.574264578625,-0.15));
#1282 = SURFACE_CURVE('',#1283,(#1288,#1295),.PCURVE_S1.);
#1283 = CIRCLE('',#1284,2.85);
#1284 = AXIS2_PLACEMENT_3D('',#1285,#1286,#1287);
#1285 = CARTESIAN_POINT('',(22.4,41.45,-0.15));
#1286 = DIRECTION('',(0.,0.,1.));
#1287 = DIRECTION('',(1.,0.,-0.));
#1288 = PCURVE('',#290,#1289);
#1289 = DEFINITIONAL_REPRESENTATION('',(#1290),#1294);
#1290 = CIRCLE('',#1291,2.85);
#1291 = AXIS2_PLACEMENT_2D('',#1292,#1293);
#1292 = CARTESIAN_POINT('',(22.4,41.45));
#1293 = DIRECTION('',(1.,0.));
#1294 = ( GEOMETRIC_REPRESENTATION_CONTEXT(2) 
PARAMETRIC_REPRESENTATION_CONTEXT() REPRESENTATION_CONTEXT('2D SPACE',''
  ) );
#1295 = PCURVE('',#1296,#1301);
#1296 = CONICAL_SURFACE('',#1297,2.95,0.785398163397);
#1297 = AXIS2_PLACEMENT_3D('',#1298,#1299,#1300);
#1298 = CARTESIAN_POINT('',(22.4,41.45,-5.E-02));
#1299 = DIRECTION('',(0.,0.,1.));
#1300 = DIRECTION('',(1.,0.,-0.));
#1301 = DEFINITIONAL_REPRESENTATION('',(#1302),#1306);
#1302 = LINE('',#1303,#1304);
#1303 = CARTESIAN_POINT('',(0.,-1.E-01));
#1304 = VECTOR('',#1305,1.);
#1305 = DIRECTION('',(1.,-0.));
#1306 = ( GEOMETRIC_REPRESENTATION_CONTEXT(2) 
PARAMETRIC_REPRESENTATION_CONTEXT() REPRESENTATION_CONTEXT('2D SPACE',''
  ) );
#1307 = ORIENTED_EDGE('',*,*,#1308,.T.);
#1308 = EDGE_CURVE('',#1280,#1309,#1311,.T.);
#1309 = VERTEX_POINT('',#1310);
#1310 = CARTESIAN_POINT('',(24.3,44.35,-0.15));
#1311 = SURFACE_CURVE('',#1312,(#1316,#1323),.PCURVE_S1.);
#1312 = LINE('',#1313,#1314);
#1313 = CARTESIAN_POINT('',(24.3,43.61852484422,-0.15));
#1314 = VECTOR('',#1315,1.);
#1315 = DIRECTION('',(0.,1.,0.));
#1316 = PCURVE('',#290,#1317);
#1317 = DEFINITIONAL_REPRESENTATION('',(#1318),#1322);
#1318 = LINE('',#1319,#1320);
#1319 = CARTESIAN_POINT('',(24.3,43.61852484422));
#1320 = VECTOR('',#1321,1.);
#1321 = DIRECTION('',(0.,1.));
#1322 = ( GEOMETRIC_REPRESENTATION_CONTEXT(2) 
PARAMETRIC_REPRESENTATION_CONTEXT() REPRESENTATION_CONTEXT('2D SPACE',''
  ) );
#1323 = PCURVE('',#1324,#1329);
#1324 = PLANE('',#1325);
#1325 = AXIS2_PLACEMENT_3D('',#1326,#1327,#1328);
#1326 = CARTESIAN_POINT('',(24.35,43.61852484422,-1.E-01));
#1327 = DIRECTION('',(0.707106781187,0.,-0.707106781187));
#1328 = DIRECTION('',(-0.,-1.,-0.));
#1329 = DEFINITIONAL_REPRESENTATION('',(#1330),#1334);
#1330 = LINE('',#1331,#1332);
#1331 = CARTESIAN_POINT('',(-0.,7.071067811865E-02));
#1332 = VECTOR('',#1333,1.);
#1333 = DIRECTION('',(-1.,0.));
#1334 = ( GEOMETRIC_REPRESENTATION_CONTEXT(2) 
PARAMETRIC_REPRESENTATION_CONTEXT() REPRESENTATION_CONTEXT('2D SPACE',''
  ) );
#1335 = ORIENTED_EDGE('',*,*,#1336,.T.);
#1336 = EDGE_CURVE('',#1309,#1337,#1339,.T.);
#1337 = VERTEX_POINT('',#1338);
#1338 = CARTESIAN_POINT('',(23.,44.35,-0.15));
#1339 = SURFACE_CURVE('',#1340,(#1344,#1351),.PCURVE_S1.);
#1340 = LINE('',#1341,#1342);
#1341 = CARTESIAN_POINT('',(24.4,44.35,-0.15));
#1342 = VECTOR('',#1343,1.);
#1343 = DIRECTION('',(-1.,0.,0.));
#1344 = PCURVE('',#290,#1345);
#1345 = DEFINITIONAL_REPRESENTATION('',(#1346),#1350);
#1346 = LINE('',#1347,#1348);
#1347 = CARTESIAN_POINT('',(24.4,44.35));
#1348 = VECTOR('',#1349,1.);
#1349 = DIRECTION('',(-1.,0.));
#1350 = ( GEOMETRIC_REPRESENTATION_CONTEXT(2) 
PARAMETRIC_REPRESENTATION_CONTEXT() REPRESENTATION_CONTEXT('2D SPACE',''
  ) );
#1351 = PCURVE('',#1352,#1357);
#1352 = PLANE('',#1353);
#1353 = AXIS2_PLACEMENT_3D('',#1354,#1355,#1356);
#1354 = CARTESIAN_POINT('',(24.4,44.4,-1.E-01));
#1355 = DIRECTION('',(0.,0.707106781187,-0.707106781187));
#1356 = DIRECTION('',(1.,-0.,-0.));
#1357 = DEFINITIONAL_REPRESENTATION('',(#1358),#1362);
#1358 = LINE('',#1359,#1360);
#1359 = CARTESIAN_POINT('',(-0.,7.071067811866E-02));
#1360 = VECTOR('',#1361,1.);
#1361 = DIRECTION('',(-1.,0.));
#1362 = ( GEOMETRIC_REPRESENTATION_CONTEXT(2) 
PARAMETRIC_REPRESENTATION_CONTEXT() REPRESENTATION_CONTEXT('2D SPACE',''
  ) );
#1363 = ORIENTED_EDGE('',*,*,#1364,.T.);
#1364 = EDGE_CURVE('',#1337,#1365,#1367,.T.);
#1365 = VERTEX_POINT('',#1366);
#1366 = CARTESIAN_POINT('',(23.,44.236126343151,-0.15));
#1367 = SURFACE_CURVE('',#1368,(#1372,#1379),.PCURVE_S1.);
#1368 = LINE('',#1369,#1370);
#1369 = CARTESIAN_POINT('',(23.,44.45,-0.15));
#1370 = VECTOR('',#1371,1.);
#1371 = DIRECTION('',(0.,-1.,0.));
#1372 = PCURVE('',#290,#1373);
#1373 = DEFINITIONAL_REPRESENTATION('',(#1374),#1378);
#1374 = LINE('',#1375,#1376);
#1375 = CARTESIAN_POINT('',(23.,44.45));
#1376 = VECTOR('',#1377,1.);
#1377 = DIRECTION('',(0.,-1.));
#1378 = ( GEOMETRIC_REPRESENTATION_CONTEXT(2) 
PARAMETRIC_REPRESENTATION_CONTEXT() REPRESENTATION_CONTEXT('2D SPACE',''
  ) );
#1379 = PCURVE('',#1380,#1385);
#1380 = PLANE('',#1381);
#1381 = AXIS2_PLACEMENT_3D('',#1382,#1383,#1384);
#1382 = CARTESIAN_POINT('',(22.95,44.45,-1.E-01));
#1383 = DIRECTION('',(-0.707106781187,0.,-0.707106781187));
#1384 = DIRECTION('',(-0.,1.,0.));
#1385 = DEFINITIONAL_REPRESENTATION('',(#1386),#1390);
#1386 = LINE('',#1387,#1388);
#1387 = CARTESIAN_POINT('',(-0.,7.071067811865E-02));
#1388 = VECTOR('',#1389,1.);
#1389 = DIRECTION('',(-1.,0.));
#1390 = ( GEOMETRIC_REPRESENTATION_CONTEXT(2) 
PARAMETRIC_REPRESENTATION_CONTEXT() REPRESENTATION_CONTEXT('2D SPACE',''
  ) );
#1391 = ORIENTED_EDGE('',*,*,#1392,.F.);
#1392 = EDGE_CURVE('',#1393,#1365,#1395,.T.);
#1393 = VERTEX_POINT('',#1394);
#1394 = CARTESIAN_POINT('',(22.4,44.3,-0.15));
#1395 = SURFACE_CURVE('',#1396,(#1401,#1412),.PCURVE_S1.);
#1396 = CIRCLE('',#1397,2.85);
#1397 = AXIS2_PLACEMENT_3D('',#1398,#1399,#1400);
#1398 = CARTESIAN_POINT('',(22.4,41.45,-0.15));
#1399 = DIRECTION('',(0.,-0.,-1.));
#1400 = DIRECTION('',(0.,1.,-0.));
#1401 = PCURVE('',#290,#1402);
#1402 = DEFINITIONAL_REPRESENTATION('',(#1403),#1411);
#1403 = ( BOUNDED_CURVE() B_SPLINE_CURVE(2,(#1404,#1405,#1406,#1407,
#1408,#1409,#1410),.UNSPECIFIED.,.T.,.F.) B_SPLINE_CURVE_WITH_KNOTS((1,2
    ,2,2,2,1),(-2.094395102393,0.,2.094395102393,4.188790204786,
6.28318530718,8.377580409573),.UNSPECIFIED.) CURVE() 
GEOMETRIC_REPRESENTATION_ITEM() RATIONAL_B_SPLINE_CURVE((1.,0.5,1.,0.5,
1.,0.5,1.)) REPRESENTATION_ITEM('') );
#1404 = CARTESIAN_POINT('',(22.4,44.3));
#1405 = CARTESIAN_POINT('',(27.336344801571,44.3));
#1406 = CARTESIAN_POINT('',(24.868172400786,40.025));
#1407 = CARTESIAN_POINT('',(22.4,35.75));
#1408 = CARTESIAN_POINT('',(19.931827599214,40.025));
#1409 = CARTESIAN_POINT('',(17.463655198429,44.3));
#1410 = CARTESIAN_POINT('',(22.4,44.3));
#1411 = ( GEOMETRIC_REPRESENTATION_CONTEXT(2) 
PARAMETRIC_REPRESENTATION_CONTEXT() REPRESENTATION_CONTEXT('2D SPACE',''
  ) );
#1412 = PCURVE('',#1413,#1418);
#1413 = CONICAL_SURFACE('',#1414,2.95,0.785398163397);
#1414 = AXIS2_PLACEMENT_3D('',#1415,#1416,#1417);
#1415 = CARTESIAN_POINT('',(22.4,41.45,-5.E-02));
#1416 = DIRECTION('',(0.,0.,1.));
#1417 = DIRECTION('',(0.,1.,0.));
#1418 = DEFINITIONAL_REPRESENTATION('',(#1419),#1423);
#1419 = LINE('',#1420,#1421);
#1420 = CARTESIAN_POINT('',(-0.,-1.E-01));
#1421 = VECTOR('',#1422,1.);
#1422 = DIRECTION('',(-1.,-0.));
#1423 = ( GEOMETRIC_REPRESENTATION_CONTEXT(2) 
PARAMETRIC_REPRESENTATION_CONTEXT() REPRESENTATION_CONTEXT('2D SPACE',''
  ) );
#1424 = ORIENTED_EDGE('',*,*,#1425,.F.);
#1425 = EDGE_CURVE('',#1426,#1393,#1428,.T.);
#1426 = VERTEX_POINT('',#1427);
#1427 = CARTESIAN_POINT('',(-22.4,44.3,-0.15));
#1428 = SURFACE_CURVE('',#1429,(#1433,#1440),.PCURVE_S1.);
#1429 = LINE('',#1430,#1431);
#1430 = CARTESIAN_POINT('',(-22.4,44.3,-0.15));
#1431 = VECTOR('',#1432,1.);
#1432 = DIRECTION('',(1.,-0.,-0.));
#1433 = PCURVE('',#290,#1434);
#1434 = DEFINITIONAL_REPRESENTATION('',(#1435),#1439);
#1435 = LINE('',#1436,#1437);
#1436 = CARTESIAN_POINT('',(-22.4,44.3));
#1437 = VECTOR('',#1438,1.);
#1438 = DIRECTION('',(1.,-0.));
#1439 = ( GEOMETRIC_REPRESENTATION_CONTEXT(2) 
PARAMETRIC_REPRESENTATION_CONTEXT() REPRESENTATION_CONTEXT('2D SPACE',''
  ) );
#1440 = PCURVE('',#1441,#1446);
#1441 = PLANE('',#1442);
#1442 = AXIS2_PLACEMENT_3D('',#1443,#1444,#1445);
#1443 = CARTESIAN_POINT('',(-22.4,44.35,-1.E-01));
#1444 = DIRECTION('',(0.,0.707106781187,-0.707106781187));
#1445 = DIRECTION('',(1.,-0.,0.));
#1446 = DEFINITIONAL_REPRESENTATION('',(#1447),#1451);
#1447 = LINE('',#1448,#1449);
#1448 = CARTESIAN_POINT('',(0.,7.071067811866E-02));
#1449 = VECTOR('',#1450,1.);
#1450 = DIRECTION('',(1.,0.));
#1451 = ( GEOMETRIC_REPRESENTATION_CONTEXT(2) 
PARAMETRIC_REPRESENTATION_CONTEXT() REPRESENTATION_CONTEXT('2D SPACE',''
  ) );
#1452 = ORIENTED_EDGE('',*,*,#1453,.F.);
#1453 = EDGE_CURVE('',#1454,#1426,#1456,.T.);
#1454 = VERTEX_POINT('',#1455);
#1455 = CARTESIAN_POINT('',(-25.25,41.45,-0.15));
#1456 = SURFACE_CURVE('',#1457,(#1462,#1473),.PCURVE_S1.);
#1457 = CIRCLE('',#1458,2.85);
#1458 = AXIS2_PLACEMENT_3D('',#1459,#1460,#1461);
#1459 = CARTESIAN_POINT('',(-22.4,41.45,-0.15));
#1460 = DIRECTION('',(-0.,0.,-1.));
#1461 = DIRECTION('',(-1.,0.,0.));
#1462 = PCURVE('',#290,#1463);
#1463 = DEFINITIONAL_REPRESENTATION('',(#1464),#1472);
#1464 = ( BOUNDED_CURVE() B_SPLINE_CURVE(2,(#1465,#1466,#1467,#1468,
#1469,#1470,#1471),.UNSPECIFIED.,.T.,.F.) B_SPLINE_CURVE_WITH_KNOTS((1,2
    ,2,2,2,1),(-2.094395102393,0.,2.094395102393,4.188790204786,
6.28318530718,8.377580409573),.UNSPECIFIED.) CURVE() 
GEOMETRIC_REPRESENTATION_ITEM() RATIONAL_B_SPLINE_CURVE((1.,0.5,1.,0.5,
1.,0.5,1.)) REPRESENTATION_ITEM('') );
#1465 = CARTESIAN_POINT('',(-25.25,41.45));
#1466 = CARTESIAN_POINT('',(-25.25,46.386344801571));
#1467 = CARTESIAN_POINT('',(-20.975,43.918172400786));
#1468 = CARTESIAN_POINT('',(-16.7,41.45));
#1469 = CARTESIAN_POINT('',(-20.975,38.981827599214));
#1470 = CARTESIAN_POINT('',(-25.25,36.513655198429));
#1471 = CARTESIAN_POINT('',(-25.25,41.45));
#1472 = ( GEOMETRIC_REPRESENTATION_CONTEXT(2) 
PARAMETRIC_REPRESENTATION_CONTEXT() REPRESENTATION_CONTEXT('2D SPACE',''
  ) );
#1473 = PCURVE('',#1474,#1479);
#1474 = CONICAL_SURFACE('',#1475,2.95,0.785398163397);
#1475 = AXIS2_PLACEMENT_3D('',#1476,#1477,#1478);
#1476 = CARTESIAN_POINT('',(-22.4,41.45,-5.E-02));
#1477 = DIRECTION('',(0.,0.,1.));
#1478 = DIRECTION('',(-1.,0.,0.));
#1479 = DEFINITIONAL_REPRESENTATION('',(#1480),#1484);
#1480 = LINE('',#1481,#1482);
#1481 = CARTESIAN_POINT('',(-0.,-1.E-01));
#1482 = VECTOR('',#1483,1.);
#1483 = DIRECTION('',(-1.,-0.));
#1484 = ( GEOMETRIC_REPRESENTATION_CONTEXT(2) 
PARAMETRIC_REPRESENTATION_CONTEXT() REPRESENTATION_CONTEXT('2D SPACE',''
  ) );
#1485 = ORIENTED_EDGE('',*,*,#1486,.F.);
#1486 = EDGE_CURVE('',#976,#1454,#1487,.T.);
#1487 = SURFACE_CURVE('',#1488,(#1492,#1499),.PCURVE_S1.);
#1488 = LINE('',#1489,#1490);
#1489 = CARTESIAN_POINT('',(-25.25,-41.45,-0.15));
#1490 = VECTOR('',#1491,1.);
#1491 = DIRECTION('',(-0.,1.,-0.));
#1492 = PCURVE('',#290,#1493);
#1493 = DEFINITIONAL_REPRESENTATION('',(#1494),#1498);
#1494 = LINE('',#1495,#1496);
#1495 = CARTESIAN_POINT('',(-25.25,-41.45));
#1496 = VECTOR('',#1497,1.);
#1497 = DIRECTION('',(0.,1.));
#1498 = ( GEOMETRIC_REPRESENTATION_CONTEXT(2) 
PARAMETRIC_REPRESENTATION_CONTEXT() REPRESENTATION_CONTEXT('2D SPACE',''
  ) );
#1499 = PCURVE('',#990,#1500);
#1500 = DEFINITIONAL_REPRESENTATION('',(#1501),#1505);
#1501 = LINE('',#1502,#1503);
#1502 = CARTESIAN_POINT('',(0.,7.071067811865E-02));
#1503 = VECTOR('',#1504,1.);
#1504 = DIRECTION('',(1.,0.));
#1505 = ( GEOMETRIC_REPRESENTATION_CONTEXT(2) 
PARAMETRIC_REPRESENTATION_CONTEXT() REPRESENTATION_CONTEXT('2D SPACE',''
  ) );
#1506 = ORIENTED_EDGE('',*,*,#1001,.F.);
#1507 = ORIENTED_EDGE('',*,*,#276,.F.);
#1508 = FACE_BOUND('',#1509,.F.);
#1509 = EDGE_LOOP('',(#1510));
#1510 = ORIENTED_EDGE('',*,*,#1511,.T.);
#1511 = EDGE_CURVE('',#1512,#1512,#1514,.T.);
#1512 = VERTEX_POINT('',#1513);
#1513 = CARTESIAN_POINT('',(-20.8,-41.45,-0.15));
#1514 = SURFACE_CURVE('',#1515,(#1520,#1531),.PCURVE_S1.);
#1515 = CIRCLE('',#1516,1.6);
#1516 = AXIS2_PLACEMENT_3D('',#1517,#1518,#1519);
#1517 = CARTESIAN_POINT('',(-22.4,-41.45,-0.15));
#1518 = DIRECTION('',(0.,-0.,-1.));
#1519 = DIRECTION('',(1.,0.,-0.));
#1520 = PCURVE('',#290,#1521);
#1521 = DEFINITIONAL_REPRESENTATION('',(#1522),#1530);
#1522 = ( BOUNDED_CURVE() B_SPLINE_CURVE(2,(#1523,#1524,#1525,#1526,
#1527,#1528,#1529),.UNSPECIFIED.,.T.,.F.) B_SPLINE_CURVE_WITH_KNOTS((1,2
    ,2,2,2,1),(-2.094395102393,0.,2.094395102393,4.188790204786,
6.28318530718,8.377580409573),.UNSPECIFIED.) CURVE() 
GEOMETRIC_REPRESENTATION_ITEM() RATIONAL_B_SPLINE_CURVE((1.,0.5,1.,0.5,
1.,0.5,1.)) REPRESENTATION_ITEM('') );
#1523 = CARTESIAN_POINT('',(-20.8,-41.45));
#1524 = CARTESIAN_POINT('',(-20.8,-44.22128129211));
#1525 = CARTESIAN_POINT('',(-23.2,-42.83564064605));
#1526 = CARTESIAN_POINT('',(-25.6,-41.45));
#1527 = CARTESIAN_POINT('',(-23.2,-40.06435935394));
#1528 = CARTESIAN_POINT('',(-20.8,-38.67871870789));
#1529 = CARTESIAN_POINT('',(-20.8,-41.45));
#1530 = ( GEOMETRIC_REPRESENTATION_CONTEXT(2) 
PARAMETRIC_REPRESENTATION_CONTEXT() REPRESENTATION_CONTEXT('2D SPACE',''
  ) );
#1531 = PCURVE('',#1532,#1537);
#1532 = CONICAL_SURFACE('',#1533,1.5,0.785398163397);
#1533 = AXIS2_PLACEMENT_3D('',#1534,#1535,#1536);
#1534 = CARTESIAN_POINT('',(-22.4,-41.45,-5.E-02));
#1535 = DIRECTION('',(-0.,-0.,-1.));
#1536 = DIRECTION('',(1.,0.,-0.));
#1537 = DEFINITIONAL_REPRESENTATION('',(#1538),#1542);
#1538 = LINE('',#1539,#1540);
#1539 = CARTESIAN_POINT('',(-0.,1.E-01));
#1540 = VECTOR('',#1541,1.);
#1541 = DIRECTION('',(1.,-0.));
#1542 = ( GEOMETRIC_REPRESENTATION_CONTEXT(2) 
PARAMETRIC_REPRESENTATION_CONTEXT() REPRESENTATION_CONTEXT('2D SPACE',''
  ) );
#1543 = FACE_BOUND('',#1544,.F.);
#1544 = EDGE_LOOP('',(#1545));
#1545 = ORIENTED_EDGE('',*,*,#1546,.T.);
#1546 = EDGE_CURVE('',#1547,#1547,#1549,.T.);
#1547 = VERTEX_POINT('',#1548);
#1548 = CARTESIAN_POINT('',(24.,-41.45,-0.15));
#1549 = SURFACE_CURVE('',#1550,(#1555,#1566),.PCURVE_S1.);
#1550 = CIRCLE('',#1551,1.6);
#1551 = AXIS2_PLACEMENT_3D('',#1552,#1553,#1554);
#1552 = CARTESIAN_POINT('',(22.4,-41.45,-0.15));
#1553 = DIRECTION('',(0.,-0.,-1.));
#1554 = DIRECTION('',(1.,0.,-0.));
#1555 = PCURVE('',#290,#1556);
#1556 = DEFINITIONAL_REPRESENTATION('',(#1557),#1565);
#1557 = ( BOUNDED_CURVE() B_SPLINE_CURVE(2,(#1558,#1559,#1560,#1561,
#1562,#1563,#1564),.UNSPECIFIED.,.T.,.F.) B_SPLINE_CURVE_WITH_KNOTS((1,2
    ,2,2,2,1),(-2.094395102393,0.,2.094395102393,4.188790204786,
6.28318530718,8.377580409573),.UNSPECIFIED.) CURVE() 
GEOMETRIC_REPRESENTATION_ITEM() RATIONAL_B_SPLINE_CURVE((1.,0.5,1.,0.5,
1.,0.5,1.)) REPRESENTATION_ITEM('') );
#1558 = CARTESIAN_POINT('',(24.,-41.45));
#1559 = CARTESIAN_POINT('',(24.,-44.22128129211));
#1560 = CARTESIAN_POINT('',(21.6,-42.83564064605));
#1561 = CARTESIAN_POINT('',(19.2,-41.45));
#1562 = CARTESIAN_POINT('',(21.6,-40.06435935394));
#1563 = CARTESIAN_POINT('',(24.,-38.67871870789));
#1564 = CARTESIAN_POINT('',(24.,-41.45));
#1565 = ( GEOMETRIC_REPRESENTATION_CONTEXT(2) 
PARAMETRIC_REPRESENTATION_CONTEXT() REPRESENTATION_CONTEXT('2D SPACE',''
  ) );
#1566 = PCURVE('',#1567,#1572);
#1567 = CONICAL_SURFACE('',#1568,1.5,0.785398163397);
#1568 = AXIS2_PLACEMENT_3D('',#1569,#1570,#1571);
#1569 = CARTESIAN_POINT('',(22.4,-41.45,-5.E-02));
#1570 = DIRECTION('',(-0.,-0.,-1.));
#1571 = DIRECTION('',(1.,0.,-0.));
#1572 = DEFINITIONAL_REPRESENTATION('',(#1573),#1577);
#1573 = LINE('',#1574,#1575);
#1574 = CARTESIAN_POINT('',(-0.,1.E-01));
#1575 = VECTOR('',#1576,1.);
#1576 = DIRECTION('',(1.,-0.));
#1577 = ( GEOMETRIC_REPRESENTATION_CONTEXT(2) 
PARAMETRIC_REPRESENTATION_CONTEXT() REPRESENTATION_CONTEXT('2D SPACE',''
  ) );
#1578 = FACE_BOUND('',#1579,.F.);
#1579 = EDGE_LOOP('',(#1580));
#1580 = ORIENTED_EDGE('',*,*,#1581,.T.);
#1581 = EDGE_CURVE('',#1582,#1582,#1584,.T.);
#1582 = VERTEX_POINT('',#1583);
#1583 = CARTESIAN_POINT('',(-20.8,41.45,-0.15));
#1584 = SURFACE_CURVE('',#1585,(#1590,#1601),.PCURVE_S1.);
#1585 = CIRCLE('',#1586,1.6);
#1586 = AXIS2_PLACEMENT_3D('',#1587,#1588,#1589);
#1587 = CARTESIAN_POINT('',(-22.4,41.45,-0.15));
#1588 = DIRECTION('',(0.,-0.,-1.));
#1589 = DIRECTION('',(1.,0.,-0.));
#1590 = PCURVE('',#290,#1591);
#1591 = DEFINITIONAL_REPRESENTATION('',(#1592),#1600);
#1592 = ( BOUNDED_CURVE() B_SPLINE_CURVE(2,(#1593,#1594,#1595,#1596,
#1597,#1598,#1599),.UNSPECIFIED.,.T.,.F.) B_SPLINE_CURVE_WITH_KNOTS((1,2
    ,2,2,2,1),(-2.094395102393,0.,2.094395102393,4.188790204786,
6.28318530718,8.377580409573),.UNSPECIFIED.) CURVE() 
GEOMETRIC_REPRESENTATION_ITEM() RATIONAL_B_SPLINE_CURVE((1.,0.5,1.,0.5,
1.,0.5,1.)) REPRESENTATION_ITEM('') );
#1593 = CARTESIAN_POINT('',(-20.8,41.45));
#1594 = CARTESIAN_POINT('',(-20.8,38.67871870789));
#1595 = CARTESIAN_POINT('',(-23.2,40.064359353945));
#1596 = CARTESIAN_POINT('',(-25.6,41.45));
#1597 = CARTESIAN_POINT('',(-23.2,42.835640646055));
#1598 = CARTESIAN_POINT('',(-20.8,44.22128129211));
#1599 = CARTESIAN_POINT('',(-20.8,41.45));
#1600 = ( GEOMETRIC_REPRESENTATION_CONTEXT(2) 
PARAMETRIC_REPRESENTATION_CONTEXT() REPRESENTATION_CONTEXT('2D SPACE',''
  ) );
#1601 = PCURVE('',#1602,#1607);
#1602 = CONICAL_SURFACE('',#1603,1.5,0.785398163397);
#1603 = AXIS2_PLACEMENT_3D('',#1604,#1605,#1606);
#1604 = CARTESIAN_POINT('',(-22.4,41.45,-5.E-02));
#1605 = DIRECTION('',(-0.,-0.,-1.));
#1606 = DIRECTION('',(1.,0.,-0.));
#1607 = DEFINITIONAL_REPRESENTATION('',(#1608),#1612);
#1608 = LINE('',#1609,#1610);
#1609 = CARTESIAN_POINT('',(-0.,1.E-01));
#1610 = VECTOR('',#1611,1.);
#1611 = DIRECTION('',(1.,-0.));
#1612 = ( GEOMETRIC_REPRESENTATION_CONTEXT(2) 
PARAMETRIC_REPRESENTATION_CONTEXT() REPRESENTATION_CONTEXT('2D SPACE',''
  ) );
#1613 = FACE_BOUND('',#1614,.F.);
#1614 = EDGE_LOOP('',(#1615,#1645,#1674,#1702,#1730,#1758,#1786,#1814,
    #1843,#1871,#1904,#1932));
#1615 = ORIENTED_EDGE('',*,*,#1616,.T.);
#1616 = EDGE_CURVE('',#1617,#1619,#1621,.T.);
#1617 = VERTEX_POINT('',#1618);
#1618 = CARTESIAN_POINT('',(-20.15500556793,42.55,-0.15));
#1619 = VERTEX_POINT('',#1620);
#1620 = CARTESIAN_POINT('',(20.155005567936,42.55,-0.15));
#1621 = SURFACE_CURVE('',#1622,(#1626,#1633),.PCURVE_S1.);
#1622 = LINE('',#1623,#1624);
#1623 = CARTESIAN_POINT('',(-20.,42.55,-0.15));
#1624 = VECTOR('',#1625,1.);
#1625 = DIRECTION('',(1.,0.,-0.));
#1626 = PCURVE('',#290,#1627);
#1627 = DEFINITIONAL_REPRESENTATION('',(#1628),#1632);
#1628 = LINE('',#1629,#1630);
#1629 = CARTESIAN_POINT('',(-20.,42.55));
#1630 = VECTOR('',#1631,1.);
#1631 = DIRECTION('',(1.,0.));
#1632 = ( GEOMETRIC_REPRESENTATION_CONTEXT(2) 
PARAMETRIC_REPRESENTATION_CONTEXT() REPRESENTATION_CONTEXT('2D SPACE',''
  ) );
#1633 = PCURVE('',#1634,#1639);
#1634 = PLANE('',#1635);
#1635 = AXIS2_PLACEMENT_3D('',#1636,#1637,#1638);
#1636 = CARTESIAN_POINT('',(-20.,42.5,-1.E-01));
#1637 = DIRECTION('',(0.,0.707106781187,0.707106781187));
#1638 = DIRECTION('',(-1.,-0.,0.));
#1639 = DEFINITIONAL_REPRESENTATION('',(#1640),#1644);
#1640 = LINE('',#1641,#1642);
#1641 = CARTESIAN_POINT('',(-0.,-7.071067811865E-02));
#1642 = VECTOR('',#1643,1.);
#1643 = DIRECTION('',(-1.,0.));
#1644 = ( GEOMETRIC_REPRESENTATION_CONTEXT(2) 
PARAMETRIC_REPRESENTATION_CONTEXT() REPRESENTATION_CONTEXT('2D SPACE',''
  ) );
#1645 = ORIENTED_EDGE('',*,*,#1646,.T.);
#1646 = EDGE_CURVE('',#1619,#1647,#1649,.T.);
#1647 = VERTEX_POINT('',#1648);
#1648 = CARTESIAN_POINT('',(23.,39.023067780098,-0.15));
#1649 = SURFACE_CURVE('',#1650,(#1655,#1662),.PCURVE_S1.);
#1650 = CIRCLE('',#1651,2.5);
#1651 = AXIS2_PLACEMENT_3D('',#1652,#1653,#1654);
#1652 = CARTESIAN_POINT('',(22.4,41.45,-0.15));
#1653 = DIRECTION('',(0.,0.,1.));
#1654 = DIRECTION('',(-0.923076923077,0.384615384615,0.));
#1655 = PCURVE('',#290,#1656);
#1656 = DEFINITIONAL_REPRESENTATION('',(#1657),#1661);
#1657 = CIRCLE('',#1658,2.5);
#1658 = AXIS2_PLACEMENT_2D('',#1659,#1660);
#1659 = CARTESIAN_POINT('',(22.4,41.45));
#1660 = DIRECTION('',(-0.923076923077,0.384615384615));
#1661 = ( GEOMETRIC_REPRESENTATION_CONTEXT(2) 
PARAMETRIC_REPRESENTATION_CONTEXT() REPRESENTATION_CONTEXT('2D SPACE',''
  ) );
#1662 = PCURVE('',#1663,#1668);
#1663 = CONICAL_SURFACE('',#1664,2.6,0.785398163397);
#1664 = AXIS2_PLACEMENT_3D('',#1665,#1666,#1667);
#1665 = CARTESIAN_POINT('',(22.4,41.45,-5.E-02));
#1666 = DIRECTION('',(0.,0.,1.));
#1667 = DIRECTION('',(-0.923076923077,0.384615384615,0.));
#1668 = DEFINITIONAL_REPRESENTATION('',(#1669),#1673);
#1669 = LINE('',#1670,#1671);
#1670 = CARTESIAN_POINT('',(0.,-1.E-01));
#1671 = VECTOR('',#1672,1.);
#1672 = DIRECTION('',(1.,0.));
#1673 = ( GEOMETRIC_REPRESENTATION_CONTEXT(2) 
PARAMETRIC_REPRESENTATION_CONTEXT() REPRESENTATION_CONTEXT('2D SPACE',''
  ) );
#1674 = ORIENTED_EDGE('',*,*,#1675,.T.);
#1675 = EDGE_CURVE('',#1647,#1676,#1678,.T.);
#1676 = VERTEX_POINT('',#1677);
#1677 = CARTESIAN_POINT('',(23.,13.65,-0.15));
#1678 = SURFACE_CURVE('',#1679,(#1683,#1690),.PCURVE_S1.);
#1679 = LINE('',#1680,#1681);
#1680 = CARTESIAN_POINT('',(23.,38.898529835565,-0.15));
#1681 = VECTOR('',#1682,1.);
#1682 = DIRECTION('',(0.,-1.,0.));
#1683 = PCURVE('',#290,#1684);
#1684 = DEFINITIONAL_REPRESENTATION('',(#1685),#1689);
#1685 = LINE('',#1686,#1687);
#1686 = CARTESIAN_POINT('',(23.,38.898529835565));
#1687 = VECTOR('',#1688,1.);
#1688 = DIRECTION('',(0.,-1.));
#1689 = ( GEOMETRIC_REPRESENTATION_CONTEXT(2) 
PARAMETRIC_REPRESENTATION_CONTEXT() REPRESENTATION_CONTEXT('2D SPACE',''
  ) );
#1690 = PCURVE('',#1691,#1696);
#1691 = PLANE('',#1692);
#1692 = AXIS2_PLACEMENT_3D('',#1693,#1694,#1695);
#1693 = CARTESIAN_POINT('',(22.95,38.898529835565,-1.E-01));
#1694 = DIRECTION('',(-0.707106781187,0.,-0.707106781187));
#1695 = DIRECTION('',(0.,-1.,-0.));
#1696 = DEFINITIONAL_REPRESENTATION('',(#1697),#1701);
#1697 = LINE('',#1698,#1699);
#1698 = CARTESIAN_POINT('',(0.,-7.071067811865E-02));
#1699 = VECTOR('',#1700,1.);
#1700 = DIRECTION('',(1.,0.));
#1701 = ( GEOMETRIC_REPRESENTATION_CONTEXT(2) 
PARAMETRIC_REPRESENTATION_CONTEXT() REPRESENTATION_CONTEXT('2D SPACE',''
  ) );
#1702 = ORIENTED_EDGE('',*,*,#1703,.T.);
#1703 = EDGE_CURVE('',#1676,#1704,#1706,.T.);
#1704 = VERTEX_POINT('',#1705);
#1705 = CARTESIAN_POINT('',(24.5,13.65,-0.15));
#1706 = SURFACE_CURVE('',#1707,(#1711,#1718),.PCURVE_S1.);
#1707 = LINE('',#1708,#1709);
#1708 = CARTESIAN_POINT('',(22.9,13.65,-0.15));
#1709 = VECTOR('',#1710,1.);
#1710 = DIRECTION('',(1.,0.,0.));
#1711 = PCURVE('',#290,#1712);
#1712 = DEFINITIONAL_REPRESENTATION('',(#1713),#1717);
#1713 = LINE('',#1714,#1715);
#1714 = CARTESIAN_POINT('',(22.9,13.65));
#1715 = VECTOR('',#1716,1.);
#1716 = DIRECTION('',(1.,0.));
#1717 = ( GEOMETRIC_REPRESENTATION_CONTEXT(2) 
PARAMETRIC_REPRESENTATION_CONTEXT() REPRESENTATION_CONTEXT('2D SPACE',''
  ) );
#1718 = PCURVE('',#1719,#1724);
#1719 = PLANE('',#1720);
#1720 = AXIS2_PLACEMENT_3D('',#1721,#1722,#1723);
#1721 = CARTESIAN_POINT('',(22.9,13.6,-1.E-01));
#1722 = DIRECTION('',(0.,-0.707106781187,-0.707106781187));
#1723 = DIRECTION('',(1.,0.,0.));
#1724 = DEFINITIONAL_REPRESENTATION('',(#1725),#1729);
#1725 = LINE('',#1726,#1727);
#1726 = CARTESIAN_POINT('',(0.,-7.071067811865E-02));
#1727 = VECTOR('',#1728,1.);
#1728 = DIRECTION('',(1.,0.));
#1729 = ( GEOMETRIC_REPRESENTATION_CONTEXT(2) 
PARAMETRIC_REPRESENTATION_CONTEXT() REPRESENTATION_CONTEXT('2D SPACE',''
  ) );
#1730 = ORIENTED_EDGE('',*,*,#1731,.T.);
#1731 = EDGE_CURVE('',#1704,#1732,#1734,.T.);
#1732 = VERTEX_POINT('',#1733);
#1733 = CARTESIAN_POINT('',(24.5,-34.55,-0.15));
#1734 = SURFACE_CURVE('',#1735,(#1739,#1746),.PCURVE_S1.);
#1735 = LINE('',#1736,#1737);
#1736 = CARTESIAN_POINT('',(24.5,13.55,-0.15));
#1737 = VECTOR('',#1738,1.);
#1738 = DIRECTION('',(0.,-1.,0.));
#1739 = PCURVE('',#290,#1740);
#1740 = DEFINITIONAL_REPRESENTATION('',(#1741),#1745);
#1741 = LINE('',#1742,#1743);
#1742 = CARTESIAN_POINT('',(24.5,13.55));
#1743 = VECTOR('',#1744,1.);
#1744 = DIRECTION('',(0.,-1.));
#1745 = ( GEOMETRIC_REPRESENTATION_CONTEXT(2) 
PARAMETRIC_REPRESENTATION_CONTEXT() REPRESENTATION_CONTEXT('2D SPACE',''
  ) );
#1746 = PCURVE('',#1747,#1752);
#1747 = PLANE('',#1748);
#1748 = AXIS2_PLACEMENT_3D('',#1749,#1750,#1751);
#1749 = CARTESIAN_POINT('',(24.45,13.55,-1.E-01));
#1750 = DIRECTION('',(0.707106781187,0.,0.707106781187));
#1751 = DIRECTION('',(-0.,1.,-0.));
#1752 = DEFINITIONAL_REPRESENTATION('',(#1753),#1757);
#1753 = LINE('',#1754,#1755);
#1754 = CARTESIAN_POINT('',(-0.,-7.071067811865E-02));
#1755 = VECTOR('',#1756,1.);
#1756 = DIRECTION('',(-1.,0.));
#1757 = ( GEOMETRIC_REPRESENTATION_CONTEXT(2) 
PARAMETRIC_REPRESENTATION_CONTEXT() REPRESENTATION_CONTEXT('2D SPACE',''
  ) );
#1758 = ORIENTED_EDGE('',*,*,#1759,.T.);
#1759 = EDGE_CURVE('',#1732,#1760,#1762,.T.);
#1760 = VERTEX_POINT('',#1761);
#1761 = CARTESIAN_POINT('',(23.,-34.55,-0.15));
#1762 = SURFACE_CURVE('',#1763,(#1767,#1774),.PCURVE_S1.);
#1763 = LINE('',#1764,#1765);
#1764 = CARTESIAN_POINT('',(24.4,-34.55,-0.15));
#1765 = VECTOR('',#1766,1.);
#1766 = DIRECTION('',(-1.,0.,0.));
#1767 = PCURVE('',#290,#1768);
#1768 = DEFINITIONAL_REPRESENTATION('',(#1769),#1773);
#1769 = LINE('',#1770,#1771);
#1770 = CARTESIAN_POINT('',(24.4,-34.55));
#1771 = VECTOR('',#1772,1.);
#1772 = DIRECTION('',(-1.,0.));
#1773 = ( GEOMETRIC_REPRESENTATION_CONTEXT(2) 
PARAMETRIC_REPRESENTATION_CONTEXT() REPRESENTATION_CONTEXT('2D SPACE',''
  ) );
#1774 = PCURVE('',#1775,#1780);
#1775 = PLANE('',#1776);
#1776 = AXIS2_PLACEMENT_3D('',#1777,#1778,#1779);
#1777 = CARTESIAN_POINT('',(24.4,-34.5,-1.E-01));
#1778 = DIRECTION('',(0.,0.707106781187,-0.707106781187));
#1779 = DIRECTION('',(-1.,0.,0.));
#1780 = DEFINITIONAL_REPRESENTATION('',(#1781),#1785);
#1781 = LINE('',#1782,#1783);
#1782 = CARTESIAN_POINT('',(0.,-7.071067811865E-02));
#1783 = VECTOR('',#1784,1.);
#1784 = DIRECTION('',(1.,0.));
#1785 = ( GEOMETRIC_REPRESENTATION_CONTEXT(2) 
PARAMETRIC_REPRESENTATION_CONTEXT() REPRESENTATION_CONTEXT('2D SPACE',''
  ) );
#1786 = ORIENTED_EDGE('',*,*,#1787,.T.);
#1787 = EDGE_CURVE('',#1760,#1788,#1790,.T.);
#1788 = VERTEX_POINT('',#1789);
#1789 = CARTESIAN_POINT('',(23.,-39.02306778009,-0.15));
#1790 = SURFACE_CURVE('',#1791,(#1795,#1802),.PCURVE_S1.);
#1791 = LINE('',#1792,#1793);
#1792 = CARTESIAN_POINT('',(23.,-34.45,-0.15));
#1793 = VECTOR('',#1794,1.);
#1794 = DIRECTION('',(0.,-1.,0.));
#1795 = PCURVE('',#290,#1796);
#1796 = DEFINITIONAL_REPRESENTATION('',(#1797),#1801);
#1797 = LINE('',#1798,#1799);
#1798 = CARTESIAN_POINT('',(23.,-34.45));
#1799 = VECTOR('',#1800,1.);
#1800 = DIRECTION('',(0.,-1.));
#1801 = ( GEOMETRIC_REPRESENTATION_CONTEXT(2) 
PARAMETRIC_REPRESENTATION_CONTEXT() REPRESENTATION_CONTEXT('2D SPACE',''
  ) );
#1802 = PCURVE('',#1803,#1808);
#1803 = PLANE('',#1804);
#1804 = AXIS2_PLACEMENT_3D('',#1805,#1806,#1807);
#1805 = CARTESIAN_POINT('',(22.95,-34.45,-1.E-01));
#1806 = DIRECTION('',(-0.707106781187,0.,-0.707106781187));
#1807 = DIRECTION('',(0.,-1.,-0.));
#1808 = DEFINITIONAL_REPRESENTATION('',(#1809),#1813);
#1809 = LINE('',#1810,#1811);
#1810 = CARTESIAN_POINT('',(0.,-7.071067811865E-02));
#1811 = VECTOR('',#1812,1.);
#1812 = DIRECTION('',(1.,0.));
#1813 = ( GEOMETRIC_REPRESENTATION_CONTEXT(2) 
PARAMETRIC_REPRESENTATION_CONTEXT() REPRESENTATION_CONTEXT('2D SPACE',''
  ) );
#1814 = ORIENTED_EDGE('',*,*,#1815,.T.);
#1815 = EDGE_CURVE('',#1788,#1816,#1818,.T.);
#1816 = VERTEX_POINT('',#1817);
#1817 = CARTESIAN_POINT('',(20.155005567936,-42.55,-0.15));
#1818 = SURFACE_CURVE('',#1819,(#1824,#1831),.PCURVE_S1.);
#1819 = CIRCLE('',#1820,2.5);
#1820 = AXIS2_PLACEMENT_3D('',#1821,#1822,#1823);
#1821 = CARTESIAN_POINT('',(22.4,-41.45,-0.15));
#1822 = DIRECTION('',(0.,0.,1.));
#1823 = DIRECTION('',(0.192307692308,0.981334678629,-0.));
#1824 = PCURVE('',#290,#1825);
#1825 = DEFINITIONAL_REPRESENTATION('',(#1826),#1830);
#1826 = CIRCLE('',#1827,2.5);
#1827 = AXIS2_PLACEMENT_2D('',#1828,#1829);
#1828 = CARTESIAN_POINT('',(22.4,-41.45));
#1829 = DIRECTION('',(0.192307692308,0.981334678629));
#1830 = ( GEOMETRIC_REPRESENTATION_CONTEXT(2) 
PARAMETRIC_REPRESENTATION_CONTEXT() REPRESENTATION_CONTEXT('2D SPACE',''
  ) );
#1831 = PCURVE('',#1832,#1837);
#1832 = CONICAL_SURFACE('',#1833,2.6,0.785398163397);
#1833 = AXIS2_PLACEMENT_3D('',#1834,#1835,#1836);
#1834 = CARTESIAN_POINT('',(22.4,-41.45,-5.E-02));
#1835 = DIRECTION('',(0.,0.,1.));
#1836 = DIRECTION('',(0.192307692308,0.981334678629,-0.));
#1837 = DEFINITIONAL_REPRESENTATION('',(#1838),#1842);
#1838 = LINE('',#1839,#1840);
#1839 = CARTESIAN_POINT('',(0.,-1.E-01));
#1840 = VECTOR('',#1841,1.);
#1841 = DIRECTION('',(1.,0.));
#1842 = ( GEOMETRIC_REPRESENTATION_CONTEXT(2) 
PARAMETRIC_REPRESENTATION_CONTEXT() REPRESENTATION_CONTEXT('2D SPACE',''
  ) );
#1843 = ORIENTED_EDGE('',*,*,#1844,.T.);
#1844 = EDGE_CURVE('',#1816,#1845,#1847,.T.);
#1845 = VERTEX_POINT('',#1846);
#1846 = CARTESIAN_POINT('',(-20.15500556793,-42.55,-0.15));
#1847 = SURFACE_CURVE('',#1848,(#1852,#1859),.PCURVE_S1.);
#1848 = LINE('',#1849,#1850);
#1849 = CARTESIAN_POINT('',(20.,-42.55,-0.15));
#1850 = VECTOR('',#1851,1.);
#1851 = DIRECTION('',(-1.,0.,0.));
#1852 = PCURVE('',#290,#1853);
#1853 = DEFINITIONAL_REPRESENTATION('',(#1854),#1858);
#1854 = LINE('',#1855,#1856);
#1855 = CARTESIAN_POINT('',(20.,-42.55));
#1856 = VECTOR('',#1857,1.);
#1857 = DIRECTION('',(-1.,0.));
#1858 = ( GEOMETRIC_REPRESENTATION_CONTEXT(2) 
PARAMETRIC_REPRESENTATION_CONTEXT() REPRESENTATION_CONTEXT('2D SPACE',''
  ) );
#1859 = PCURVE('',#1860,#1865);
#1860 = PLANE('',#1861);
#1861 = AXIS2_PLACEMENT_3D('',#1862,#1863,#1864);
#1862 = CARTESIAN_POINT('',(20.,-42.5,-1.E-01));
#1863 = DIRECTION('',(0.,-0.707106781187,0.707106781187));
#1864 = DIRECTION('',(1.,-0.,-0.));
#1865 = DEFINITIONAL_REPRESENTATION('',(#1866),#1870);
#1866 = LINE('',#1867,#1868);
#1867 = CARTESIAN_POINT('',(-0.,-7.071067811865E-02));
#1868 = VECTOR('',#1869,1.);
#1869 = DIRECTION('',(-1.,0.));
#1870 = ( GEOMETRIC_REPRESENTATION_CONTEXT(2) 
PARAMETRIC_REPRESENTATION_CONTEXT() REPRESENTATION_CONTEXT('2D SPACE',''
  ) );
#1871 = ORIENTED_EDGE('',*,*,#1872,.F.);
#1872 = EDGE_CURVE('',#1873,#1845,#1875,.T.);
#1873 = VERTEX_POINT('',#1874);
#1874 = CARTESIAN_POINT('',(-23.,-39.02306778009,-0.15));
#1875 = SURFACE_CURVE('',#1876,(#1881,#1892),.PCURVE_S1.);
#1876 = CIRCLE('',#1877,2.5);
#1877 = AXIS2_PLACEMENT_3D('',#1878,#1879,#1880);
#1878 = CARTESIAN_POINT('',(-22.4,-41.45,-0.15));
#1879 = DIRECTION('',(-0.,0.,-1.));
#1880 = DIRECTION('',(-0.192307692308,0.981334678629,0.));
#1881 = PCURVE('',#290,#1882);
#1882 = DEFINITIONAL_REPRESENTATION('',(#1883),#1891);
#1883 = ( BOUNDED_CURVE() B_SPLINE_CURVE(2,(#1884,#1885,#1886,#1887,
#1888,#1889,#1890),.UNSPECIFIED.,.T.,.F.) B_SPLINE_CURVE_WITH_KNOTS((1,2
    ,2,2,2,1),(-2.094395102393,0.,2.094395102393,4.188790204786,
6.28318530718,8.377580409573),.UNSPECIFIED.) CURVE() 
GEOMETRIC_REPRESENTATION_ITEM() RATIONAL_B_SPLINE_CURVE((1.,0.5,1.,0.5,
1.,0.5,1.)) REPRESENTATION_ITEM('') );
#1884 = CARTESIAN_POINT('',(-22.88076923076,-38.99666330342));
#1885 = CARTESIAN_POINT('',(-18.63146542423,-38.16394656902));
#1886 = CARTESIAN_POINT('',(-20.03496348134,-42.26030998108));
#1887 = CARTESIAN_POINT('',(-21.43846153846,-46.35667339314));
#1888 = CARTESIAN_POINT('',(-24.28426728788,-43.09302671549));
#1889 = CARTESIAN_POINT('',(-27.1300730373,-39.82938003783));
#1890 = CARTESIAN_POINT('',(-22.88076923076,-38.99666330342));
#1891 = ( GEOMETRIC_REPRESENTATION_CONTEXT(2) 
PARAMETRIC_REPRESENTATION_CONTEXT() REPRESENTATION_CONTEXT('2D SPACE',''
  ) );
#1892 = PCURVE('',#1893,#1898);
#1893 = CONICAL_SURFACE('',#1894,2.6,0.785398163397);
#1894 = AXIS2_PLACEMENT_3D('',#1895,#1896,#1897);
#1895 = CARTESIAN_POINT('',(-22.4,-41.45,-5.E-02));
#1896 = DIRECTION('',(0.,0.,1.));
#1897 = DIRECTION('',(-0.192307692308,0.981334678629,0.));
#1898 = DEFINITIONAL_REPRESENTATION('',(#1899),#1903);
#1899 = LINE('',#1900,#1901);
#1900 = CARTESIAN_POINT('',(-0.,-1.E-01));
#1901 = VECTOR('',#1902,1.);
#1902 = DIRECTION('',(-1.,0.));
#1903 = ( GEOMETRIC_REPRESENTATION_CONTEXT(2) 
PARAMETRIC_REPRESENTATION_CONTEXT() REPRESENTATION_CONTEXT('2D SPACE',''
  ) );
#1904 = ORIENTED_EDGE('',*,*,#1905,.T.);
#1905 = EDGE_CURVE('',#1873,#1906,#1908,.T.);
#1906 = VERTEX_POINT('',#1907);
#1907 = CARTESIAN_POINT('',(-23.,39.023067780098,-0.15));
#1908 = SURFACE_CURVE('',#1909,(#1913,#1920),.PCURVE_S1.);
#1909 = LINE('',#1910,#1911);
#1910 = CARTESIAN_POINT('',(-23.,-38.89852983556,-0.15));
#1911 = VECTOR('',#1912,1.);
#1912 = DIRECTION('',(-0.,1.,0.));
#1913 = PCURVE('',#290,#1914);
#1914 = DEFINITIONAL_REPRESENTATION('',(#1915),#1919);
#1915 = LINE('',#1916,#1917);
#1916 = CARTESIAN_POINT('',(-23.,-38.89852983556));
#1917 = VECTOR('',#1918,1.);
#1918 = DIRECTION('',(0.,1.));
#1919 = ( GEOMETRIC_REPRESENTATION_CONTEXT(2) 
PARAMETRIC_REPRESENTATION_CONTEXT() REPRESENTATION_CONTEXT('2D SPACE',''
  ) );
#1920 = PCURVE('',#1921,#1926);
#1921 = PLANE('',#1922);
#1922 = AXIS2_PLACEMENT_3D('',#1923,#1924,#1925);
#1923 = CARTESIAN_POINT('',(-22.95,-38.89852983556,-1.E-01));
#1924 = DIRECTION('',(-0.707106781187,0.,0.707106781187));
#1925 = DIRECTION('',(-0.,-1.,0.));
#1926 = DEFINITIONAL_REPRESENTATION('',(#1927),#1931);
#1927 = LINE('',#1928,#1929);
#1928 = CARTESIAN_POINT('',(-0.,-7.071067811865E-02));
#1929 = VECTOR('',#1930,1.);
#1930 = DIRECTION('',(-1.,0.));
#1931 = ( GEOMETRIC_REPRESENTATION_CONTEXT(2) 
PARAMETRIC_REPRESENTATION_CONTEXT() REPRESENTATION_CONTEXT('2D SPACE',''
  ) );
#1932 = ORIENTED_EDGE('',*,*,#1933,.F.);
#1933 = EDGE_CURVE('',#1617,#1906,#1934,.T.);
#1934 = SURFACE_CURVE('',#1935,(#1940,#1951),.PCURVE_S1.);
#1935 = CIRCLE('',#1936,2.5);
#1936 = AXIS2_PLACEMENT_3D('',#1937,#1938,#1939);
#1937 = CARTESIAN_POINT('',(-22.4,41.45,-0.15));
#1938 = DIRECTION('',(0.,-0.,-1.));
#1939 = DIRECTION('',(0.923076923077,0.384615384615,-0.));
#1940 = PCURVE('',#290,#1941);
#1941 = DEFINITIONAL_REPRESENTATION('',(#1942),#1950);
#1942 = ( BOUNDED_CURVE() B_SPLINE_CURVE(2,(#1943,#1944,#1945,#1946,
#1947,#1948,#1949),.UNSPECIFIED.,.T.,.F.) B_SPLINE_CURVE_WITH_KNOTS((1,2
    ,2,2,2,1),(-2.094395102393,0.,2.094395102393,4.188790204786,
6.28318530718,8.377580409573),.UNSPECIFIED.) CURVE() 
GEOMETRIC_REPRESENTATION_ITEM() RATIONAL_B_SPLINE_CURVE((1.,0.5,1.,0.5,
1.,0.5,1.)) REPRESENTATION_ITEM('') );
#1943 = CARTESIAN_POINT('',(-20.0923076923,42.411538461538));
#1944 = CARTESIAN_POINT('',(-18.42687422349,38.414498136379));
#1945 = CARTESIAN_POINT('',(-22.72112941943,38.970710606651));
#1946 = CARTESIAN_POINT('',(-27.01538461538,39.526923076923));
#1947 = CARTESIAN_POINT('',(-24.38656288825,42.96775093181));
#1948 = CARTESIAN_POINT('',(-21.75774116112,46.408578786697));
#1949 = CARTESIAN_POINT('',(-20.0923076923,42.411538461538));
#1950 = ( GEOMETRIC_REPRESENTATION_CONTEXT(2) 
PARAMETRIC_REPRESENTATION_CONTEXT() REPRESENTATION_CONTEXT('2D SPACE',''
  ) );
#1951 = PCURVE('',#1952,#1957);
#1952 = CONICAL_SURFACE('',#1953,2.6,0.785398163397);
#1953 = AXIS2_PLACEMENT_3D('',#1954,#1955,#1956);
#1954 = CARTESIAN_POINT('',(-22.4,41.45,-5.E-02));
#1955 = DIRECTION('',(0.,0.,1.));
#1956 = DIRECTION('',(0.923076923077,0.384615384615,-0.));
#1957 = DEFINITIONAL_REPRESENTATION('',(#1958),#1962);
#1958 = LINE('',#1959,#1960);
#1959 = CARTESIAN_POINT('',(-0.,-1.E-01));
#1960 = VECTOR('',#1961,1.);
#1961 = DIRECTION('',(-1.,0.));
#1962 = ( GEOMETRIC_REPRESENTATION_CONTEXT(2) 
PARAMETRIC_REPRESENTATION_CONTEXT() REPRESENTATION_CONTEXT('2D SPACE',''
  ) );
#1963 = FACE_BOUND('',#1964,.F.);
#1964 = EDGE_LOOP('',(#1965));
#1965 = ORIENTED_EDGE('',*,*,#1966,.T.);
#1966 = EDGE_CURVE('',#1967,#1967,#1969,.T.);
#1967 = VERTEX_POINT('',#1968);
#1968 = CARTESIAN_POINT('',(24.,41.45,-0.15));
#1969 = SURFACE_CURVE('',#1970,(#1975,#1986),.PCURVE_S1.);
#1970 = CIRCLE('',#1971,1.6);
#1971 = AXIS2_PLACEMENT_3D('',#1972,#1973,#1974);
#1972 = CARTESIAN_POINT('',(22.4,41.45,-0.15));
#1973 = DIRECTION('',(0.,-0.,-1.));
#1974 = DIRECTION('',(1.,0.,-0.));
#1975 = PCURVE('',#290,#1976);
#1976 = DEFINITIONAL_REPRESENTATION('',(#1977),#1985);
#1977 = ( BOUNDED_CURVE() B_SPLINE_CURVE(2,(#1978,#1979,#1980,#1981,
#1982,#1983,#1984),.UNSPECIFIED.,.T.,.F.) B_SPLINE_CURVE_WITH_KNOTS((1,2
    ,2,2,2,1),(-2.094395102393,0.,2.094395102393,4.188790204786,
6.28318530718,8.377580409573),.UNSPECIFIED.) CURVE() 
GEOMETRIC_REPRESENTATION_ITEM() RATIONAL_B_SPLINE_CURVE((1.,0.5,1.,0.5,
1.,0.5,1.)) REPRESENTATION_ITEM('') );
#1978 = CARTESIAN_POINT('',(24.,41.45));
#1979 = CARTESIAN_POINT('',(24.,38.67871870789));
#1980 = CARTESIAN_POINT('',(21.6,40.064359353945));
#1981 = CARTESIAN_POINT('',(19.2,41.45));
#1982 = CARTESIAN_POINT('',(21.6,42.835640646055));
#1983 = CARTESIAN_POINT('',(24.,44.22128129211));
#1984 = CARTESIAN_POINT('',(24.,41.45));
#1985 = ( GEOMETRIC_REPRESENTATION_CONTEXT(2) 
PARAMETRIC_REPRESENTATION_CONTEXT() REPRESENTATION_CONTEXT('2D SPACE',''
  ) );
#1986 = PCURVE('',#1987,#1992);
#1987 = CONICAL_SURFACE('',#1988,1.5,0.785398163397);
#1988 = AXIS2_PLACEMENT_3D('',#1989,#1990,#1991);
#1989 = CARTESIAN_POINT('',(22.4,41.45,-5.E-02));
#1990 = DIRECTION('',(-0.,-0.,-1.));
#1991 = DIRECTION('',(1.,0.,-0.));
#1992 = DEFINITIONAL_REPRESENTATION('',(#1993),#1997);
#1993 = LINE('',#1994,#1995);
#1994 = CARTESIAN_POINT('',(-0.,1.E-01));
#1995 = VECTOR('',#1996,1.);
#1996 = DIRECTION('',(1.,-0.));
#1997 = ( GEOMETRIC_REPRESENTATION_CONTEXT(2) 
PARAMETRIC_REPRESENTATION_CONTEXT() REPRESENTATION_CONTEXT('2D SPACE',''
  ) );
#1998 = ADVANCED_FACE('',(#1999),#323,.T.);
#1999 = FACE_BOUND('',#2000,.F.);
#2000 = EDGE_LOOP('',(#2001,#2022,#2050,#2069));
#2001 = ORIENTED_EDGE('',*,*,#2002,.F.);
#2002 = EDGE_CURVE('',#2003,#306,#2005,.T.);
#2003 = VERTEX_POINT('',#2004);
#2004 = CARTESIAN_POINT('',(-22.4,-45.4,1.E-01));
#2005 = SURFACE_CURVE('',#2006,(#2010,#2016),.PCURVE_S1.);
#2006 = LINE('',#2007,#2008);
#2007 = CARTESIAN_POINT('',(-22.4,-45.35,5.E-02));
#2008 = VECTOR('',#2009,1.);
#2009 = DIRECTION('',(-0.,0.707106781187,-0.707106781187));
#2010 = PCURVE('',#323,#2011);
#2011 = DEFINITIONAL_REPRESENTATION('',(#2012),#2015);
#2012 = B_SPLINE_CURVE_WITH_KNOTS('',1,(#2013,#2014),.UNSPECIFIED.,.F.,
  .F.,(2,2),(-7.071067811865E-02,7.071067811866E-02),
  .PIECEWISE_BEZIER_KNOTS.);
#2013 = CARTESIAN_POINT('',(0.,-7.071067811865E-02));
#2014 = CARTESIAN_POINT('',(0.,7.071067811866E-02));
#2015 = ( GEOMETRIC_REPRESENTATION_CONTEXT(2) 
PARAMETRIC_REPRESENTATION_CONTEXT() REPRESENTATION_CONTEXT('2D SPACE',''
  ) );
#2016 = PCURVE('',#521,#2017);
#2017 = DEFINITIONAL_REPRESENTATION('',(#2018),#2021);
#2018 = B_SPLINE_CURVE_WITH_KNOTS('',1,(#2019,#2020),.UNSPECIFIED.,.F.,
  .F.,(2,2),(-7.071067811865E-02,7.071067811866E-02),
  .PIECEWISE_BEZIER_KNOTS.);
#2019 = CARTESIAN_POINT('',(1.570796326795,0.));
#2020 = CARTESIAN_POINT('',(1.570796326795,-1.E-01));
#2021 = ( GEOMETRIC_REPRESENTATION_CONTEXT(2) 
PARAMETRIC_REPRESENTATION_CONTEXT() REPRESENTATION_CONTEXT('2D SPACE',''
  ) );
#2022 = ORIENTED_EDGE('',*,*,#2023,.T.);
#2023 = EDGE_CURVE('',#2003,#2024,#2026,.T.);
#2024 = VERTEX_POINT('',#2025);
#2025 = CARTESIAN_POINT('',(22.4,-45.4,1.E-01));
#2026 = SURFACE_CURVE('',#2027,(#2031,#2038),.PCURVE_S1.);
#2027 = LINE('',#2028,#2029);
#2028 = CARTESIAN_POINT('',(-22.4,-45.4,0.1));
#2029 = VECTOR('',#2030,1.);
#2030 = DIRECTION('',(1.,0.,0.));
#2031 = PCURVE('',#323,#2032);
#2032 = DEFINITIONAL_REPRESENTATION('',(#2033),#2037);
#2033 = LINE('',#2034,#2035);
#2034 = CARTESIAN_POINT('',(-0.,-7.071067811865E-02));
#2035 = VECTOR('',#2036,1.);
#2036 = DIRECTION('',(-1.,0.));
#2037 = ( GEOMETRIC_REPRESENTATION_CONTEXT(2) 
PARAMETRIC_REPRESENTATION_CONTEXT() REPRESENTATION_CONTEXT('2D SPACE',''
  ) );
#2038 = PCURVE('',#2039,#2044);
#2039 = PLANE('',#2040);
#2040 = AXIS2_PLACEMENT_3D('',#2041,#2042,#2043);
#2041 = CARTESIAN_POINT('',(-26.35,-45.4,0.));
#2042 = DIRECTION('',(0.,1.,0.));
#2043 = DIRECTION('',(1.,0.,0.));
#2044 = DEFINITIONAL_REPRESENTATION('',(#2045),#2049);
#2045 = LINE('',#2046,#2047);
#2046 = CARTESIAN_POINT('',(3.95,-0.1));
#2047 = VECTOR('',#2048,1.);
#2048 = DIRECTION('',(1.,0.));
#2049 = ( GEOMETRIC_REPRESENTATION_CONTEXT(2) 
PARAMETRIC_REPRESENTATION_CONTEXT() REPRESENTATION_CONTEXT('2D SPACE',''
  ) );
#2050 = ORIENTED_EDGE('',*,*,#2051,.T.);
#2051 = EDGE_CURVE('',#2024,#308,#2052,.T.);
#2052 = SURFACE_CURVE('',#2053,(#2057,#2063),.PCURVE_S1.);
#2053 = LINE('',#2054,#2055);
#2054 = CARTESIAN_POINT('',(22.4,-45.35,5.E-02));
#2055 = VECTOR('',#2056,1.);
#2056 = DIRECTION('',(-0.,0.707106781187,-0.707106781187));
#2057 = PCURVE('',#323,#2058);
#2058 = DEFINITIONAL_REPRESENTATION('',(#2059),#2062);
#2059 = B_SPLINE_CURVE_WITH_KNOTS('',1,(#2060,#2061),.UNSPECIFIED.,.F.,
  .F.,(2,2),(-7.071067811865E-02,7.071067811866E-02),
  .PIECEWISE_BEZIER_KNOTS.);
#2060 = CARTESIAN_POINT('',(-44.8,-7.071067811865E-02));
#2061 = CARTESIAN_POINT('',(-44.8,7.071067811866E-02));
#2062 = ( GEOMETRIC_REPRESENTATION_CONTEXT(2) 
PARAMETRIC_REPRESENTATION_CONTEXT() REPRESENTATION_CONTEXT('2D SPACE',''
  ) );
#2063 = PCURVE('',#352,#2064);
#2064 = DEFINITIONAL_REPRESENTATION('',(#2065),#2068);
#2065 = B_SPLINE_CURVE_WITH_KNOTS('',1,(#2066,#2067),.UNSPECIFIED.,.F.,
  .F.,(2,2),(-7.071067811865E-02,7.071067811866E-02),
  .PIECEWISE_BEZIER_KNOTS.);
#2066 = CARTESIAN_POINT('',(0.,0.));
#2067 = CARTESIAN_POINT('',(0.,-1.E-01));
#2068 = ( GEOMETRIC_REPRESENTATION_CONTEXT(2) 
PARAMETRIC_REPRESENTATION_CONTEXT() REPRESENTATION_CONTEXT('2D SPACE',''
  ) );
#2069 = ORIENTED_EDGE('',*,*,#305,.F.);
#2070 = ADVANCED_FACE('',(#2071),#521,.T.);
#2071 = FACE_BOUND('',#2072,.F.);
#2072 = EDGE_LOOP('',(#2073,#2094,#2121,#2122));
#2073 = ORIENTED_EDGE('',*,*,#2074,.F.);
#2074 = EDGE_CURVE('',#2075,#479,#2077,.T.);
#2075 = VERTEX_POINT('',#2076);
#2076 = CARTESIAN_POINT('',(-26.35,-41.45,0.1));
#2077 = SURFACE_CURVE('',#2078,(#2082,#2088),.PCURVE_S1.);
#2078 = LINE('',#2079,#2080);
#2079 = CARTESIAN_POINT('',(-26.3,-41.45,5.E-02));
#2080 = VECTOR('',#2081,1.);
#2081 = DIRECTION('',(0.707106781187,0.,-0.707106781187));
#2082 = PCURVE('',#521,#2083);
#2083 = DEFINITIONAL_REPRESENTATION('',(#2084),#2087);
#2084 = B_SPLINE_CURVE_WITH_KNOTS('',1,(#2085,#2086),.UNSPECIFIED.,.F.,
  .F.,(2,2),(-7.071067811866E-02,7.071067811865E-02),
  .PIECEWISE_BEZIER_KNOTS.);
#2085 = CARTESIAN_POINT('',(0.,0.));
#2086 = CARTESIAN_POINT('',(0.,-0.1));
#2087 = ( GEOMETRIC_REPRESENTATION_CONTEXT(2) 
PARAMETRIC_REPRESENTATION_CONTEXT() REPRESENTATION_CONTEXT('2D SPACE',''
  ) );
#2088 = PCURVE('',#494,#2089);
#2089 = DEFINITIONAL_REPRESENTATION('',(#2090),#2093);
#2090 = B_SPLINE_CURVE_WITH_KNOTS('',1,(#2091,#2092),.UNSPECIFIED.,.F.,
  .F.,(2,2),(-7.071067811866E-02,7.071067811865E-02),
  .PIECEWISE_BEZIER_KNOTS.);
#2091 = CARTESIAN_POINT('',(-82.9,-7.071067811866E-02));
#2092 = CARTESIAN_POINT('',(-82.9,7.071067811865E-02));
#2093 = ( GEOMETRIC_REPRESENTATION_CONTEXT(2) 
PARAMETRIC_REPRESENTATION_CONTEXT() REPRESENTATION_CONTEXT('2D SPACE',''
  ) );
#2094 = ORIENTED_EDGE('',*,*,#2095,.T.);
#2095 = EDGE_CURVE('',#2075,#2003,#2096,.T.);
#2096 = SURFACE_CURVE('',#2097,(#2102,#2109),.PCURVE_S1.);
#2097 = CIRCLE('',#2098,3.95);
#2098 = AXIS2_PLACEMENT_3D('',#2099,#2100,#2101);
#2099 = CARTESIAN_POINT('',(-22.4,-41.45,0.1));
#2100 = DIRECTION('',(0.,0.,1.));
#2101 = DIRECTION('',(-1.,0.,0.));
#2102 = PCURVE('',#521,#2103);
#2103 = DEFINITIONAL_REPRESENTATION('',(#2104),#2108);
#2104 = LINE('',#2105,#2106);
#2105 = CARTESIAN_POINT('',(0.,-0.));
#2106 = VECTOR('',#2107,1.);
#2107 = DIRECTION('',(1.,-0.));
#2108 = ( GEOMETRIC_REPRESENTATION_CONTEXT(2) 
PARAMETRIC_REPRESENTATION_CONTEXT() REPRESENTATION_CONTEXT('2D SPACE',''
  ) );
#2109 = PCURVE('',#2110,#2115);
#2110 = CYLINDRICAL_SURFACE('',#2111,3.95);
#2111 = AXIS2_PLACEMENT_3D('',#2112,#2113,#2114);
#2112 = CARTESIAN_POINT('',(-22.4,-41.45,0.));
#2113 = DIRECTION('',(0.,0.,1.));
#2114 = DIRECTION('',(0.,-1.,0.));
#2115 = DEFINITIONAL_REPRESENTATION('',(#2116),#2120);
#2116 = LINE('',#2117,#2118);
#2117 = CARTESIAN_POINT('',(-1.570796326795,0.1));
#2118 = VECTOR('',#2119,1.);
#2119 = DIRECTION('',(1.,-0.));
#2120 = ( GEOMETRIC_REPRESENTATION_CONTEXT(2) 
PARAMETRIC_REPRESENTATION_CONTEXT() REPRESENTATION_CONTEXT('2D SPACE',''
  ) );
#2121 = ORIENTED_EDGE('',*,*,#2002,.T.);
#2122 = ORIENTED_EDGE('',*,*,#506,.F.);
#2123 = ADVANCED_FACE('',(#2124),#352,.T.);
#2124 = FACE_BOUND('',#2125,.F.);
#2125 = EDGE_LOOP('',(#2126,#2127,#2156,#2175));
#2126 = ORIENTED_EDGE('',*,*,#2051,.F.);
#2127 = ORIENTED_EDGE('',*,*,#2128,.T.);
#2128 = EDGE_CURVE('',#2024,#2129,#2131,.T.);
#2129 = VERTEX_POINT('',#2130);
#2130 = CARTESIAN_POINT('',(26.35,-41.45,0.1));
#2131 = SURFACE_CURVE('',#2132,(#2137,#2144),.PCURVE_S1.);
#2132 = CIRCLE('',#2133,3.95);
#2133 = AXIS2_PLACEMENT_3D('',#2134,#2135,#2136);
#2134 = CARTESIAN_POINT('',(22.4,-41.45,0.1));
#2135 = DIRECTION('',(0.,0.,1.));
#2136 = DIRECTION('',(0.,-1.,0.));
#2137 = PCURVE('',#352,#2138);
#2138 = DEFINITIONAL_REPRESENTATION('',(#2139),#2143);
#2139 = LINE('',#2140,#2141);
#2140 = CARTESIAN_POINT('',(0.,-0.));
#2141 = VECTOR('',#2142,1.);
#2142 = DIRECTION('',(1.,-0.));
#2143 = ( GEOMETRIC_REPRESENTATION_CONTEXT(2) 
PARAMETRIC_REPRESENTATION_CONTEXT() REPRESENTATION_CONTEXT('2D SPACE',''
  ) );
#2144 = PCURVE('',#2145,#2150);
#2145 = CYLINDRICAL_SURFACE('',#2146,3.95);
#2146 = AXIS2_PLACEMENT_3D('',#2147,#2148,#2149);
#2147 = CARTESIAN_POINT('',(22.4,-41.45,0.));
#2148 = DIRECTION('',(0.,0.,1.));
#2149 = DIRECTION('',(0.,-1.,0.));
#2150 = DEFINITIONAL_REPRESENTATION('',(#2151),#2155);
#2151 = LINE('',#2152,#2153);
#2152 = CARTESIAN_POINT('',(0.,0.1));
#2153 = VECTOR('',#2154,1.);
#2154 = DIRECTION('',(1.,0.));
#2155 = ( GEOMETRIC_REPRESENTATION_CONTEXT(2) 
PARAMETRIC_REPRESENTATION_CONTEXT() REPRESENTATION_CONTEXT('2D SPACE',''
  ) );
#2156 = ORIENTED_EDGE('',*,*,#2157,.T.);
#2157 = EDGE_CURVE('',#2129,#336,#2158,.T.);
#2158 = SURFACE_CURVE('',#2159,(#2163,#2169),.PCURVE_S1.);
#2159 = LINE('',#2160,#2161);
#2160 = CARTESIAN_POINT('',(26.35,-41.45,0.1));
#2161 = VECTOR('',#2162,1.);
#2162 = DIRECTION('',(-0.707106781187,4.329780281177E-17,-0.707106781187
    ));
#2163 = PCURVE('',#352,#2164);
#2164 = DEFINITIONAL_REPRESENTATION('',(#2165),#2168);
#2165 = B_SPLINE_CURVE_WITH_KNOTS('',1,(#2166,#2167),.UNSPECIFIED.,.F.,
  .F.,(2,2),(0.,0.141421356237),.PIECEWISE_BEZIER_KNOTS.);
#2166 = CARTESIAN_POINT('',(1.570796326795,0.));
#2167 = CARTESIAN_POINT('',(1.570796326795,-1.E-01));
#2168 = ( GEOMETRIC_REPRESENTATION_CONTEXT(2) 
PARAMETRIC_REPRESENTATION_CONTEXT() REPRESENTATION_CONTEXT('2D SPACE',''
  ) );
#2169 = PCURVE('',#380,#2170);
#2170 = DEFINITIONAL_REPRESENTATION('',(#2171),#2174);
#2171 = B_SPLINE_CURVE_WITH_KNOTS('',1,(#2172,#2173),.UNSPECIFIED.,.F.,
  .F.,(2,2),(0.,0.141421356237),.PIECEWISE_BEZIER_KNOTS.);
#2172 = CARTESIAN_POINT('',(0.,-7.071067811866E-02));
#2173 = CARTESIAN_POINT('',(0.,7.071067811865E-02));
#2174 = ( GEOMETRIC_REPRESENTATION_CONTEXT(2) 
PARAMETRIC_REPRESENTATION_CONTEXT() REPRESENTATION_CONTEXT('2D SPACE',''
  ) );
#2175 = ORIENTED_EDGE('',*,*,#335,.F.);
#2176 = ADVANCED_FACE('',(#2177),#494,.T.);
#2177 = FACE_BOUND('',#2178,.F.);
#2178 = EDGE_LOOP('',(#2179,#2200,#2226,#2227));
#2179 = ORIENTED_EDGE('',*,*,#2180,.F.);
#2180 = EDGE_CURVE('',#2181,#450,#2183,.T.);
#2181 = VERTEX_POINT('',#2182);
#2182 = CARTESIAN_POINT('',(-26.35,41.45,0.1));
#2183 = SURFACE_CURVE('',#2184,(#2188,#2194),.PCURVE_S1.);
#2184 = LINE('',#2185,#2186);
#2185 = CARTESIAN_POINT('',(-26.35,41.45,0.1));
#2186 = VECTOR('',#2187,1.);
#2187 = DIRECTION('',(0.707106781187,-4.329780281177E-17,-0.707106781187
    ));
#2188 = PCURVE('',#494,#2189);
#2189 = DEFINITIONAL_REPRESENTATION('',(#2190),#2193);
#2190 = B_SPLINE_CURVE_WITH_KNOTS('',1,(#2191,#2192),.UNSPECIFIED.,.F.,
  .F.,(2,2),(0.,0.141421356237),.PIECEWISE_BEZIER_KNOTS.);
#2191 = CARTESIAN_POINT('',(0.,-7.071067811866E-02));
#2192 = CARTESIAN_POINT('',(0.,7.071067811865E-02));
#2193 = ( GEOMETRIC_REPRESENTATION_CONTEXT(2) 
PARAMETRIC_REPRESENTATION_CONTEXT() REPRESENTATION_CONTEXT('2D SPACE',''
  ) );
#2194 = PCURVE('',#466,#2195);
#2195 = DEFINITIONAL_REPRESENTATION('',(#2196),#2199);
#2196 = B_SPLINE_CURVE_WITH_KNOTS('',1,(#2197,#2198),.UNSPECIFIED.,.F.,
  .F.,(2,2),(0.,0.141421356237),.PIECEWISE_BEZIER_KNOTS.);
#2197 = CARTESIAN_POINT('',(1.570796326795,0.));
#2198 = CARTESIAN_POINT('',(1.570796326795,-1.E-01));
#2199 = ( GEOMETRIC_REPRESENTATION_CONTEXT(2) 
PARAMETRIC_REPRESENTATION_CONTEXT() REPRESENTATION_CONTEXT('2D SPACE',''
  ) );
#2200 = ORIENTED_EDGE('',*,*,#2201,.T.);
#2201 = EDGE_CURVE('',#2181,#2075,#2202,.T.);
#2202 = SURFACE_CURVE('',#2203,(#2207,#2214),.PCURVE_S1.);
#2203 = LINE('',#2204,#2205);
#2204 = CARTESIAN_POINT('',(-26.35,41.45,0.1));
#2205 = VECTOR('',#2206,1.);
#2206 = DIRECTION('',(0.,-1.,0.));
#2207 = PCURVE('',#494,#2208);
#2208 = DEFINITIONAL_REPRESENTATION('',(#2209),#2213);
#2209 = LINE('',#2210,#2211);
#2210 = CARTESIAN_POINT('',(-0.,-7.071067811866E-02));
#2211 = VECTOR('',#2212,1.);
#2212 = DIRECTION('',(-1.,0.));
#2213 = ( GEOMETRIC_REPRESENTATION_CONTEXT(2) 
PARAMETRIC_REPRESENTATION_CONTEXT() REPRESENTATION_CONTEXT('2D SPACE',''
  ) );
#2214 = PCURVE('',#2215,#2220);
#2215 = PLANE('',#2216);
#2216 = AXIS2_PLACEMENT_3D('',#2217,#2218,#2219);
#2217 = CARTESIAN_POINT('',(-26.35,45.4,0.));
#2218 = DIRECTION('',(1.,0.,-0.));
#2219 = DIRECTION('',(0.,-1.,0.));
#2220 = DEFINITIONAL_REPRESENTATION('',(#2221),#2225);
#2221 = LINE('',#2222,#2223);
#2222 = CARTESIAN_POINT('',(3.95,-0.1));
#2223 = VECTOR('',#2224,1.);
#2224 = DIRECTION('',(1.,0.));
#2225 = ( GEOMETRIC_REPRESENTATION_CONTEXT(2) 
PARAMETRIC_REPRESENTATION_CONTEXT() REPRESENTATION_CONTEXT('2D SPACE',''
  ) );
#2226 = ORIENTED_EDGE('',*,*,#2074,.T.);
#2227 = ORIENTED_EDGE('',*,*,#478,.F.);
#2228 = ADVANCED_FACE('',(#2229),#380,.T.);
#2229 = FACE_BOUND('',#2230,.F.);
#2230 = EDGE_LOOP('',(#2231,#2232,#2260,#2279));
#2231 = ORIENTED_EDGE('',*,*,#2157,.F.);
#2232 = ORIENTED_EDGE('',*,*,#2233,.T.);
#2233 = EDGE_CURVE('',#2129,#2234,#2236,.T.);
#2234 = VERTEX_POINT('',#2235);
#2235 = CARTESIAN_POINT('',(26.35,41.45,0.1));
#2236 = SURFACE_CURVE('',#2237,(#2241,#2248),.PCURVE_S1.);
#2237 = LINE('',#2238,#2239);
#2238 = CARTESIAN_POINT('',(26.35,-41.45,0.1));
#2239 = VECTOR('',#2240,1.);
#2240 = DIRECTION('',(0.,1.,0.));
#2241 = PCURVE('',#380,#2242);
#2242 = DEFINITIONAL_REPRESENTATION('',(#2243),#2247);
#2243 = LINE('',#2244,#2245);
#2244 = CARTESIAN_POINT('',(-0.,-7.071067811866E-02));
#2245 = VECTOR('',#2246,1.);
#2246 = DIRECTION('',(-1.,0.));
#2247 = ( GEOMETRIC_REPRESENTATION_CONTEXT(2) 
PARAMETRIC_REPRESENTATION_CONTEXT() REPRESENTATION_CONTEXT('2D SPACE',''
  ) );
#2248 = PCURVE('',#2249,#2254);
#2249 = PLANE('',#2250);
#2250 = AXIS2_PLACEMENT_3D('',#2251,#2252,#2253);
#2251 = CARTESIAN_POINT('',(26.35,-45.4,0.));
#2252 = DIRECTION('',(-1.,0.,0.));
#2253 = DIRECTION('',(0.,1.,0.));
#2254 = DEFINITIONAL_REPRESENTATION('',(#2255),#2259);
#2255 = LINE('',#2256,#2257);
#2256 = CARTESIAN_POINT('',(3.95,-0.1));
#2257 = VECTOR('',#2258,1.);
#2258 = DIRECTION('',(1.,0.));
#2259 = ( GEOMETRIC_REPRESENTATION_CONTEXT(2) 
PARAMETRIC_REPRESENTATION_CONTEXT() REPRESENTATION_CONTEXT('2D SPACE',''
  ) );
#2260 = ORIENTED_EDGE('',*,*,#2261,.T.);
#2261 = EDGE_CURVE('',#2234,#365,#2262,.T.);
#2262 = SURFACE_CURVE('',#2263,(#2267,#2273),.PCURVE_S1.);
#2263 = LINE('',#2264,#2265);
#2264 = CARTESIAN_POINT('',(26.3,41.45,5.E-02));
#2265 = VECTOR('',#2266,1.);
#2266 = DIRECTION('',(-0.707106781187,0.,-0.707106781187));
#2267 = PCURVE('',#380,#2268);
#2268 = DEFINITIONAL_REPRESENTATION('',(#2269),#2272);
#2269 = B_SPLINE_CURVE_WITH_KNOTS('',1,(#2270,#2271),.UNSPECIFIED.,.F.,
  .F.,(2,2),(-7.071067811866E-02,7.071067811865E-02),
  .PIECEWISE_BEZIER_KNOTS.);
#2270 = CARTESIAN_POINT('',(-82.9,-7.071067811866E-02));
#2271 = CARTESIAN_POINT('',(-82.9,7.071067811865E-02));
#2272 = ( GEOMETRIC_REPRESENTATION_CONTEXT(2) 
PARAMETRIC_REPRESENTATION_CONTEXT() REPRESENTATION_CONTEXT('2D SPACE',''
  ) );
#2273 = PCURVE('',#409,#2274);
#2274 = DEFINITIONAL_REPRESENTATION('',(#2275),#2278);
#2275 = B_SPLINE_CURVE_WITH_KNOTS('',1,(#2276,#2277),.UNSPECIFIED.,.F.,
  .F.,(2,2),(-7.071067811866E-02,7.071067811865E-02),
  .PIECEWISE_BEZIER_KNOTS.);
#2276 = CARTESIAN_POINT('',(0.,0.));
#2277 = CARTESIAN_POINT('',(0.,-0.1));
#2278 = ( GEOMETRIC_REPRESENTATION_CONTEXT(2) 
PARAMETRIC_REPRESENTATION_CONTEXT() REPRESENTATION_CONTEXT('2D SPACE',''
  ) );
#2279 = ORIENTED_EDGE('',*,*,#364,.F.);
#2280 = ADVANCED_FACE('',(#2281),#466,.T.);
#2281 = FACE_BOUND('',#2282,.F.);
#2282 = EDGE_LOOP('',(#2283,#2304,#2331,#2332));
#2283 = ORIENTED_EDGE('',*,*,#2284,.F.);
#2284 = EDGE_CURVE('',#2285,#422,#2287,.T.);
#2285 = VERTEX_POINT('',#2286);
#2286 = CARTESIAN_POINT('',(-22.4,45.4,1.E-01));
#2287 = SURFACE_CURVE('',#2288,(#2292,#2298),.PCURVE_S1.);
#2288 = LINE('',#2289,#2290);
#2289 = CARTESIAN_POINT('',(-22.4,45.35,5.E-02));
#2290 = VECTOR('',#2291,1.);
#2291 = DIRECTION('',(-0.,-0.707106781187,-0.707106781187));
#2292 = PCURVE('',#466,#2293);
#2293 = DEFINITIONAL_REPRESENTATION('',(#2294),#2297);
#2294 = B_SPLINE_CURVE_WITH_KNOTS('',1,(#2295,#2296),.UNSPECIFIED.,.F.,
  .F.,(2,2),(-7.071067811865E-02,7.071067811866E-02),
  .PIECEWISE_BEZIER_KNOTS.);
#2295 = CARTESIAN_POINT('',(0.,0.));
#2296 = CARTESIAN_POINT('',(0.,-1.E-01));
#2297 = ( GEOMETRIC_REPRESENTATION_CONTEXT(2) 
PARAMETRIC_REPRESENTATION_CONTEXT() REPRESENTATION_CONTEXT('2D SPACE',''
  ) );
#2298 = PCURVE('',#437,#2299);
#2299 = DEFINITIONAL_REPRESENTATION('',(#2300),#2303);
#2300 = B_SPLINE_CURVE_WITH_KNOTS('',1,(#2301,#2302),.UNSPECIFIED.,.F.,
  .F.,(2,2),(-7.071067811865E-02,7.071067811866E-02),
  .PIECEWISE_BEZIER_KNOTS.);
#2301 = CARTESIAN_POINT('',(-44.8,-7.071067811865E-02));
#2302 = CARTESIAN_POINT('',(-44.8,7.071067811866E-02));
#2303 = ( GEOMETRIC_REPRESENTATION_CONTEXT(2) 
PARAMETRIC_REPRESENTATION_CONTEXT() REPRESENTATION_CONTEXT('2D SPACE',''
  ) );
#2304 = ORIENTED_EDGE('',*,*,#2305,.T.);
#2305 = EDGE_CURVE('',#2285,#2181,#2306,.T.);
#2306 = SURFACE_CURVE('',#2307,(#2312,#2319),.PCURVE_S1.);
#2307 = CIRCLE('',#2308,3.95);
#2308 = AXIS2_PLACEMENT_3D('',#2309,#2310,#2311);
#2309 = CARTESIAN_POINT('',(-22.4,41.45,0.1));
#2310 = DIRECTION('',(0.,-0.,1.));
#2311 = DIRECTION('',(0.,1.,0.));
#2312 = PCURVE('',#466,#2313);
#2313 = DEFINITIONAL_REPRESENTATION('',(#2314),#2318);
#2314 = LINE('',#2315,#2316);
#2315 = CARTESIAN_POINT('',(0.,-0.));
#2316 = VECTOR('',#2317,1.);
#2317 = DIRECTION('',(1.,-0.));
#2318 = ( GEOMETRIC_REPRESENTATION_CONTEXT(2) 
PARAMETRIC_REPRESENTATION_CONTEXT() REPRESENTATION_CONTEXT('2D SPACE',''
  ) );
#2319 = PCURVE('',#2320,#2325);
#2320 = CYLINDRICAL_SURFACE('',#2321,3.95);
#2321 = AXIS2_PLACEMENT_3D('',#2322,#2323,#2324);
#2322 = CARTESIAN_POINT('',(-22.4,41.45,0.));
#2323 = DIRECTION('',(0.,0.,1.));
#2324 = DIRECTION('',(-0.,1.,0.));
#2325 = DEFINITIONAL_REPRESENTATION('',(#2326),#2330);
#2326 = LINE('',#2327,#2328);
#2327 = CARTESIAN_POINT('',(0.,0.1));
#2328 = VECTOR('',#2329,1.);
#2329 = DIRECTION('',(1.,0.));
#2330 = ( GEOMETRIC_REPRESENTATION_CONTEXT(2) 
PARAMETRIC_REPRESENTATION_CONTEXT() REPRESENTATION_CONTEXT('2D SPACE',''
  ) );
#2331 = ORIENTED_EDGE('',*,*,#2180,.T.);
#2332 = ORIENTED_EDGE('',*,*,#449,.F.);
#2333 = ADVANCED_FACE('',(#2334),#409,.T.);
#2334 = FACE_BOUND('',#2335,.F.);
#2335 = EDGE_LOOP('',(#2336,#2337,#2366,#2385));
#2336 = ORIENTED_EDGE('',*,*,#2261,.F.);
#2337 = ORIENTED_EDGE('',*,*,#2338,.T.);
#2338 = EDGE_CURVE('',#2234,#2339,#2341,.T.);
#2339 = VERTEX_POINT('',#2340);
#2340 = CARTESIAN_POINT('',(22.4,45.4,0.1));
#2341 = SURFACE_CURVE('',#2342,(#2347,#2354),.PCURVE_S1.);
#2342 = CIRCLE('',#2343,3.95);
#2343 = AXIS2_PLACEMENT_3D('',#2344,#2345,#2346);
#2344 = CARTESIAN_POINT('',(22.4,41.45,0.1));
#2345 = DIRECTION('',(0.,0.,1.));
#2346 = DIRECTION('',(1.,0.,-0.));
#2347 = PCURVE('',#409,#2348);
#2348 = DEFINITIONAL_REPRESENTATION('',(#2349),#2353);
#2349 = LINE('',#2350,#2351);
#2350 = CARTESIAN_POINT('',(0.,-0.));
#2351 = VECTOR('',#2352,1.);
#2352 = DIRECTION('',(1.,-0.));
#2353 = ( GEOMETRIC_REPRESENTATION_CONTEXT(2) 
PARAMETRIC_REPRESENTATION_CONTEXT() REPRESENTATION_CONTEXT('2D SPACE',''
  ) );
#2354 = PCURVE('',#2355,#2360);
#2355 = CYLINDRICAL_SURFACE('',#2356,3.95);
#2356 = AXIS2_PLACEMENT_3D('',#2357,#2358,#2359);
#2357 = CARTESIAN_POINT('',(22.4,41.45,0.));
#2358 = DIRECTION('',(0.,0.,1.));
#2359 = DIRECTION('',(1.,0.,-0.));
#2360 = DEFINITIONAL_REPRESENTATION('',(#2361),#2365);
#2361 = LINE('',#2362,#2363);
#2362 = CARTESIAN_POINT('',(0.,0.1));
#2363 = VECTOR('',#2364,1.);
#2364 = DIRECTION('',(1.,0.));
#2365 = ( GEOMETRIC_REPRESENTATION_CONTEXT(2) 
PARAMETRIC_REPRESENTATION_CONTEXT() REPRESENTATION_CONTEXT('2D SPACE',''
  ) );
#2366 = ORIENTED_EDGE('',*,*,#2367,.T.);
#2367 = EDGE_CURVE('',#2339,#393,#2368,.T.);
#2368 = SURFACE_CURVE('',#2369,(#2373,#2379),.PCURVE_S1.);
#2369 = LINE('',#2370,#2371);
#2370 = CARTESIAN_POINT('',(22.4,45.4,0.1));
#2371 = VECTOR('',#2372,1.);
#2372 = DIRECTION('',(-4.329780281177E-17,-0.707106781187,
    -0.707106781187));
#2373 = PCURVE('',#409,#2374);
#2374 = DEFINITIONAL_REPRESENTATION('',(#2375),#2378);
#2375 = B_SPLINE_CURVE_WITH_KNOTS('',1,(#2376,#2377),.UNSPECIFIED.,.F.,
  .F.,(2,2),(0.,0.141421356237),.PIECEWISE_BEZIER_KNOTS.);
#2376 = CARTESIAN_POINT('',(1.570796326795,0.));
#2377 = CARTESIAN_POINT('',(1.570796326795,-1.E-01));
#2378 = ( GEOMETRIC_REPRESENTATION_CONTEXT(2) 
PARAMETRIC_REPRESENTATION_CONTEXT() REPRESENTATION_CONTEXT('2D SPACE',''
  ) );
#2379 = PCURVE('',#437,#2380);
#2380 = DEFINITIONAL_REPRESENTATION('',(#2381),#2384);
#2381 = B_SPLINE_CURVE_WITH_KNOTS('',1,(#2382,#2383),.UNSPECIFIED.,.F.,
  .F.,(2,2),(0.,0.141421356237),.PIECEWISE_BEZIER_KNOTS.);
#2382 = CARTESIAN_POINT('',(0.,-7.071067811865E-02));
#2383 = CARTESIAN_POINT('',(0.,7.071067811866E-02));
#2384 = ( GEOMETRIC_REPRESENTATION_CONTEXT(2) 
PARAMETRIC_REPRESENTATION_CONTEXT() REPRESENTATION_CONTEXT('2D SPACE',''
  ) );
#2385 = ORIENTED_EDGE('',*,*,#392,.F.);
#2386 = ADVANCED_FACE('',(#2387),#437,.T.);
#2387 = FACE_BOUND('',#2388,.F.);
#2388 = EDGE_LOOP('',(#2389,#2390,#2416,#2417));
#2389 = ORIENTED_EDGE('',*,*,#2367,.F.);
#2390 = ORIENTED_EDGE('',*,*,#2391,.T.);
#2391 = EDGE_CURVE('',#2339,#2285,#2392,.T.);
#2392 = SURFACE_CURVE('',#2393,(#2397,#2404),.PCURVE_S1.);
#2393 = LINE('',#2394,#2395);
#2394 = CARTESIAN_POINT('',(22.4,45.4,0.1));
#2395 = VECTOR('',#2396,1.);
#2396 = DIRECTION('',(-1.,0.,0.));
#2397 = PCURVE('',#437,#2398);
#2398 = DEFINITIONAL_REPRESENTATION('',(#2399),#2403);
#2399 = LINE('',#2400,#2401);
#2400 = CARTESIAN_POINT('',(-0.,-7.071067811865E-02));
#2401 = VECTOR('',#2402,1.);
#2402 = DIRECTION('',(-1.,0.));
#2403 = ( GEOMETRIC_REPRESENTATION_CONTEXT(2) 
PARAMETRIC_REPRESENTATION_CONTEXT() REPRESENTATION_CONTEXT('2D SPACE',''
  ) );
#2404 = PCURVE('',#2405,#2410);
#2405 = PLANE('',#2406);
#2406 = AXIS2_PLACEMENT_3D('',#2407,#2408,#2409);
#2407 = CARTESIAN_POINT('',(26.35,45.4,0.));
#2408 = DIRECTION('',(0.,-1.,0.));
#2409 = DIRECTION('',(-1.,0.,0.));
#2410 = DEFINITIONAL_REPRESENTATION('',(#2411),#2415);
#2411 = LINE('',#2412,#2413);
#2412 = CARTESIAN_POINT('',(3.95,-0.1));
#2413 = VECTOR('',#2414,1.);
#2414 = DIRECTION('',(1.,0.));
#2415 = ( GEOMETRIC_REPRESENTATION_CONTEXT(2) 
PARAMETRIC_REPRESENTATION_CONTEXT() REPRESENTATION_CONTEXT('2D SPACE',''
  ) );
#2416 = ORIENTED_EDGE('',*,*,#2284,.T.);
#2417 = ORIENTED_EDGE('',*,*,#421,.F.);
#2418 = ADVANCED_FACE('',(#2419),#888,.F.);
#2419 = FACE_BOUND('',#2420,.F.);
#2420 = EDGE_LOOP('',(#2421,#2444,#2465,#2466));
#2421 = ORIENTED_EDGE('',*,*,#2422,.F.);
#2422 = EDGE_CURVE('',#2423,#845,#2425,.T.);
#2423 = VERTEX_POINT('',#2424);
#2424 = CARTESIAN_POINT('',(22.9,-44.45,-5.E-02));
#2425 = SURFACE_CURVE('',#2426,(#2430,#2437),.PCURVE_S1.);
#2426 = LINE('',#2427,#2428);
#2427 = CARTESIAN_POINT('',(22.9,-44.45,-0.15));
#2428 = VECTOR('',#2429,1.);
#2429 = DIRECTION('',(0.,0.,1.));
#2430 = PCURVE('',#888,#2431);
#2431 = DEFINITIONAL_REPRESENTATION('',(#2432),#2436);
#2432 = LINE('',#2433,#2434);
#2433 = CARTESIAN_POINT('',(10.,0.));
#2434 = VECTOR('',#2435,1.);
#2435 = DIRECTION('',(0.,-1.));
#2436 = ( GEOMETRIC_REPRESENTATION_CONTEXT(2) 
PARAMETRIC_REPRESENTATION_CONTEXT() REPRESENTATION_CONTEXT('2D SPACE',''
  ) );
#2437 = PCURVE('',#860,#2438);
#2438 = DEFINITIONAL_REPRESENTATION('',(#2439),#2443);
#2439 = LINE('',#2440,#2441);
#2440 = CARTESIAN_POINT('',(0.,0.));
#2441 = VECTOR('',#2442,1.);
#2442 = DIRECTION('',(0.,-1.));
#2443 = ( GEOMETRIC_REPRESENTATION_CONTEXT(2) 
PARAMETRIC_REPRESENTATION_CONTEXT() REPRESENTATION_CONTEXT('2D SPACE',''
  ) );
#2444 = ORIENTED_EDGE('',*,*,#2445,.F.);
#2445 = EDGE_CURVE('',#927,#2423,#2446,.T.);
#2446 = SURFACE_CURVE('',#2447,(#2451,#2458),.PCURVE_S1.);
#2447 = LINE('',#2448,#2449);
#2448 = CARTESIAN_POINT('',(22.9,-44.35731835202,-5.E-02));
#2449 = VECTOR('',#2450,1.);
#2450 = DIRECTION('',(0.,-1.,0.));
#2451 = PCURVE('',#888,#2452);
#2452 = DEFINITIONAL_REPRESENTATION('',(#2453),#2457);
#2453 = LINE('',#2454,#2455);
#2454 = CARTESIAN_POINT('',(9.907318352021,-0.1));
#2455 = VECTOR('',#2456,1.);
#2456 = DIRECTION('',(1.,0.));
#2457 = ( GEOMETRIC_REPRESENTATION_CONTEXT(2) 
PARAMETRIC_REPRESENTATION_CONTEXT() REPRESENTATION_CONTEXT('2D SPACE',''
  ) );
#2458 = PCURVE('',#1099,#2459);
#2459 = DEFINITIONAL_REPRESENTATION('',(#2460),#2464);
#2460 = LINE('',#2461,#2462);
#2461 = CARTESIAN_POINT('',(-0.,-7.071067811866E-02));
#2462 = VECTOR('',#2463,1.);
#2463 = DIRECTION('',(-1.,0.));
#2464 = ( GEOMETRIC_REPRESENTATION_CONTEXT(2) 
PARAMETRIC_REPRESENTATION_CONTEXT() REPRESENTATION_CONTEXT('2D SPACE',''
  ) );
#2465 = ORIENTED_EDGE('',*,*,#950,.T.);
#2466 = ORIENTED_EDGE('',*,*,#872,.T.);
#2467 = ADVANCED_FACE('',(#2468),#860,.F.);
#2468 = FACE_BOUND('',#2469,.F.);
#2469 = EDGE_LOOP('',(#2470,#2471,#2472,#2495));
#2470 = ORIENTED_EDGE('',*,*,#2422,.T.);
#2471 = ORIENTED_EDGE('',*,*,#844,.T.);
#2472 = ORIENTED_EDGE('',*,*,#2473,.F.);
#2473 = EDGE_CURVE('',#2474,#817,#2476,.T.);
#2474 = VERTEX_POINT('',#2475);
#2475 = CARTESIAN_POINT('',(24.4,-44.45,-5.E-02));
#2476 = SURFACE_CURVE('',#2477,(#2481,#2488),.PCURVE_S1.);
#2477 = LINE('',#2478,#2479);
#2478 = CARTESIAN_POINT('',(24.4,-44.45,-0.15));
#2479 = VECTOR('',#2480,1.);
#2480 = DIRECTION('',(0.,0.,1.));
#2481 = PCURVE('',#860,#2482);
#2482 = DEFINITIONAL_REPRESENTATION('',(#2483),#2487);
#2483 = LINE('',#2484,#2485);
#2484 = CARTESIAN_POINT('',(1.5,0.));
#2485 = VECTOR('',#2486,1.);
#2486 = DIRECTION('',(0.,-1.));
#2487 = ( GEOMETRIC_REPRESENTATION_CONTEXT(2) 
PARAMETRIC_REPRESENTATION_CONTEXT() REPRESENTATION_CONTEXT('2D SPACE',''
  ) );
#2488 = PCURVE('',#832,#2489);
#2489 = DEFINITIONAL_REPRESENTATION('',(#2490),#2494);
#2490 = LINE('',#2491,#2492);
#2491 = CARTESIAN_POINT('',(0.,0.));
#2492 = VECTOR('',#2493,1.);
#2493 = DIRECTION('',(0.,-1.));
#2494 = ( GEOMETRIC_REPRESENTATION_CONTEXT(2) 
PARAMETRIC_REPRESENTATION_CONTEXT() REPRESENTATION_CONTEXT('2D SPACE',''
  ) );
#2495 = ORIENTED_EDGE('',*,*,#2496,.F.);
#2496 = EDGE_CURVE('',#2423,#2474,#2497,.T.);
#2497 = SURFACE_CURVE('',#2498,(#2502,#2509),.PCURVE_S1.);
#2498 = LINE('',#2499,#2500);
#2499 = CARTESIAN_POINT('',(22.9,-44.45,-5.E-02));
#2500 = VECTOR('',#2501,1.);
#2501 = DIRECTION('',(1.,0.,0.));
#2502 = PCURVE('',#860,#2503);
#2503 = DEFINITIONAL_REPRESENTATION('',(#2504),#2508);
#2504 = LINE('',#2505,#2506);
#2505 = CARTESIAN_POINT('',(0.,-0.1));
#2506 = VECTOR('',#2507,1.);
#2507 = DIRECTION('',(1.,0.));
#2508 = ( GEOMETRIC_REPRESENTATION_CONTEXT(2) 
PARAMETRIC_REPRESENTATION_CONTEXT() REPRESENTATION_CONTEXT('2D SPACE',''
  ) );
#2509 = PCURVE('',#1182,#2510);
#2510 = DEFINITIONAL_REPRESENTATION('',(#2511),#2515);
#2511 = LINE('',#2512,#2513);
#2512 = CARTESIAN_POINT('',(-0.,-7.071067811865E-02));
#2513 = VECTOR('',#2514,1.);
#2514 = DIRECTION('',(-1.,0.));
#2515 = ( GEOMETRIC_REPRESENTATION_CONTEXT(2) 
PARAMETRIC_REPRESENTATION_CONTEXT() REPRESENTATION_CONTEXT('2D SPACE',''
  ) );
#2516 = ADVANCED_FACE('',(#2517),#832,.F.);
#2517 = FACE_BOUND('',#2518,.F.);
#2518 = EDGE_LOOP('',(#2519,#2540,#2561,#2562));
#2519 = ORIENTED_EDGE('',*,*,#2520,.F.);
#2520 = EDGE_CURVE('',#2521,#788,#2523,.T.);
#2521 = VERTEX_POINT('',#2522);
#2522 = CARTESIAN_POINT('',(24.4,-43.61852484422,-5.E-02));
#2523 = SURFACE_CURVE('',#2524,(#2528,#2534),.PCURVE_S1.);
#2524 = LINE('',#2525,#2526);
#2525 = CARTESIAN_POINT('',(24.4,-43.61852484422,-0.15));
#2526 = VECTOR('',#2527,1.);
#2527 = DIRECTION('',(0.,0.,1.));
#2528 = PCURVE('',#832,#2529);
#2529 = DEFINITIONAL_REPRESENTATION('',(#2530),#2533);
#2530 = B_SPLINE_CURVE_WITH_KNOTS('',1,(#2531,#2532),.UNSPECIFIED.,.F.,
  .F.,(2,2),(-5.999999999895E-07,0.1500006),.PIECEWISE_BEZIER_KNOTS.);
#2531 = CARTESIAN_POINT('',(0.83147515578,5.999999999895E-07));
#2532 = CARTESIAN_POINT('',(0.83147515578,-0.1500006));
#2533 = ( GEOMETRIC_REPRESENTATION_CONTEXT(2) 
PARAMETRIC_REPRESENTATION_CONTEXT() REPRESENTATION_CONTEXT('2D SPACE',''
  ) );
#2534 = PCURVE('',#804,#2535);
#2535 = DEFINITIONAL_REPRESENTATION('',(#2536),#2539);
#2536 = B_SPLINE_CURVE_WITH_KNOTS('',1,(#2537,#2538),.UNSPECIFIED.,.F.,
  .F.,(2,2),(-5.999999999895E-07,0.1500006),.PIECEWISE_BEZIER_KNOTS.);
#2537 = CARTESIAN_POINT('',(0.744992233935,-5.999999999895E-07));
#2538 = CARTESIAN_POINT('',(0.744992233935,0.1500006));
#2539 = ( GEOMETRIC_REPRESENTATION_CONTEXT(2) 
PARAMETRIC_REPRESENTATION_CONTEXT() REPRESENTATION_CONTEXT('2D SPACE',''
  ) );
#2540 = ORIENTED_EDGE('',*,*,#2541,.F.);
#2541 = EDGE_CURVE('',#2474,#2521,#2542,.T.);
#2542 = SURFACE_CURVE('',#2543,(#2547,#2554),.PCURVE_S1.);
#2543 = LINE('',#2544,#2545);
#2544 = CARTESIAN_POINT('',(24.4,-44.45,-5.E-02));
#2545 = VECTOR('',#2546,1.);
#2546 = DIRECTION('',(0.,1.,0.));
#2547 = PCURVE('',#832,#2548);
#2548 = DEFINITIONAL_REPRESENTATION('',(#2549),#2553);
#2549 = LINE('',#2550,#2551);
#2550 = CARTESIAN_POINT('',(0.,-0.1));
#2551 = VECTOR('',#2552,1.);
#2552 = DIRECTION('',(1.,0.));
#2553 = ( GEOMETRIC_REPRESENTATION_CONTEXT(2) 
PARAMETRIC_REPRESENTATION_CONTEXT() REPRESENTATION_CONTEXT('2D SPACE',''
  ) );
#2554 = PCURVE('',#1210,#2555);
#2555 = DEFINITIONAL_REPRESENTATION('',(#2556),#2560);
#2556 = LINE('',#2557,#2558);
#2557 = CARTESIAN_POINT('',(-0.,-7.071067811866E-02));
#2558 = VECTOR('',#2559,1.);
#2559 = DIRECTION('',(-1.,0.));
#2560 = ( GEOMETRIC_REPRESENTATION_CONTEXT(2) 
PARAMETRIC_REPRESENTATION_CONTEXT() REPRESENTATION_CONTEXT('2D SPACE',''
  ) );
#2561 = ORIENTED_EDGE('',*,*,#2473,.T.);
#2562 = ORIENTED_EDGE('',*,*,#816,.T.);
#2563 = ADVANCED_FACE('',(#2564),#804,.T.);
#2564 = FACE_BOUND('',#2565,.T.);
#2565 = EDGE_LOOP('',(#2566,#2567,#2591,#2612));
#2566 = ORIENTED_EDGE('',*,*,#2520,.F.);
#2567 = ORIENTED_EDGE('',*,*,#2568,.T.);
#2568 = EDGE_CURVE('',#2521,#2569,#2571,.T.);
#2569 = VERTEX_POINT('',#2570);
#2570 = CARTESIAN_POINT('',(25.35,-41.45,-5.E-02));
#2571 = SURFACE_CURVE('',#2572,(#2577,#2584),.PCURVE_S1.);
#2572 = CIRCLE('',#2573,2.95);
#2573 = AXIS2_PLACEMENT_3D('',#2574,#2575,#2576);
#2574 = CARTESIAN_POINT('',(22.4,-41.45,-5.E-02));
#2575 = DIRECTION('',(0.,0.,1.));
#2576 = DIRECTION('',(0.677966101695,-0.735093167532,0.));
#2577 = PCURVE('',#804,#2578);
#2578 = DEFINITIONAL_REPRESENTATION('',(#2579),#2583);
#2579 = LINE('',#2580,#2581);
#2580 = CARTESIAN_POINT('',(0.744992233935,0.1));
#2581 = VECTOR('',#2582,1.);
#2582 = DIRECTION('',(1.,0.));
#2583 = ( GEOMETRIC_REPRESENTATION_CONTEXT(2) 
PARAMETRIC_REPRESENTATION_CONTEXT() REPRESENTATION_CONTEXT('2D SPACE',''
  ) );
#2584 = PCURVE('',#1239,#2585);
#2585 = DEFINITIONAL_REPRESENTATION('',(#2586),#2590);
#2586 = LINE('',#2587,#2588);
#2587 = CARTESIAN_POINT('',(0.,-0.));
#2588 = VECTOR('',#2589,1.);
#2589 = DIRECTION('',(1.,-0.));
#2590 = ( GEOMETRIC_REPRESENTATION_CONTEXT(2) 
PARAMETRIC_REPRESENTATION_CONTEXT() REPRESENTATION_CONTEXT('2D SPACE',''
  ) );
#2591 = ORIENTED_EDGE('',*,*,#2592,.T.);
#2592 = EDGE_CURVE('',#2569,#760,#2593,.T.);
#2593 = SURFACE_CURVE('',#2594,(#2598,#2605),.PCURVE_S1.);
#2594 = LINE('',#2595,#2596);
#2595 = CARTESIAN_POINT('',(25.35,-41.45,-0.15));
#2596 = VECTOR('',#2597,1.);
#2597 = DIRECTION('',(0.,0.,1.));
#2598 = PCURVE('',#804,#2599);
#2599 = DEFINITIONAL_REPRESENTATION('',(#2600),#2604);
#2600 = LINE('',#2601,#2602);
#2601 = CARTESIAN_POINT('',(1.570796326795,0.));
#2602 = VECTOR('',#2603,1.);
#2603 = DIRECTION('',(0.,1.));
#2604 = ( GEOMETRIC_REPRESENTATION_CONTEXT(2) 
PARAMETRIC_REPRESENTATION_CONTEXT() REPRESENTATION_CONTEXT('2D SPACE',''
  ) );
#2605 = PCURVE('',#775,#2606);
#2606 = DEFINITIONAL_REPRESENTATION('',(#2607),#2611);
#2607 = LINE('',#2608,#2609);
#2608 = CARTESIAN_POINT('',(2.95,0.));
#2609 = VECTOR('',#2610,1.);
#2610 = DIRECTION('',(0.,-1.));
#2611 = ( GEOMETRIC_REPRESENTATION_CONTEXT(2) 
PARAMETRIC_REPRESENTATION_CONTEXT() REPRESENTATION_CONTEXT('2D SPACE',''
  ) );
#2612 = ORIENTED_EDGE('',*,*,#787,.F.);
#2613 = ADVANCED_FACE('',(#2614),#775,.F.);
#2614 = FACE_BOUND('',#2615,.F.);
#2615 = EDGE_LOOP('',(#2616,#2617,#2618,#2641));
#2616 = ORIENTED_EDGE('',*,*,#2592,.T.);
#2617 = ORIENTED_EDGE('',*,*,#759,.T.);
#2618 = ORIENTED_EDGE('',*,*,#2619,.F.);
#2619 = EDGE_CURVE('',#2620,#731,#2622,.T.);
#2620 = VERTEX_POINT('',#2621);
#2621 = CARTESIAN_POINT('',(25.35,41.45,-5.E-02));
#2622 = SURFACE_CURVE('',#2623,(#2627,#2634),.PCURVE_S1.);
#2623 = LINE('',#2624,#2625);
#2624 = CARTESIAN_POINT('',(25.35,41.45,-0.15));
#2625 = VECTOR('',#2626,1.);
#2626 = DIRECTION('',(0.,0.,1.));
#2627 = PCURVE('',#775,#2628);
#2628 = DEFINITIONAL_REPRESENTATION('',(#2629),#2633);
#2629 = LINE('',#2630,#2631);
#2630 = CARTESIAN_POINT('',(85.85,0.));
#2631 = VECTOR('',#2632,1.);
#2632 = DIRECTION('',(0.,-1.));
#2633 = ( GEOMETRIC_REPRESENTATION_CONTEXT(2) 
PARAMETRIC_REPRESENTATION_CONTEXT() REPRESENTATION_CONTEXT('2D SPACE',''
  ) );
#2634 = PCURVE('',#747,#2635);
#2635 = DEFINITIONAL_REPRESENTATION('',(#2636),#2640);
#2636 = LINE('',#2637,#2638);
#2637 = CARTESIAN_POINT('',(0.,0.));
#2638 = VECTOR('',#2639,1.);
#2639 = DIRECTION('',(0.,1.));
#2640 = ( GEOMETRIC_REPRESENTATION_CONTEXT(2) 
PARAMETRIC_REPRESENTATION_CONTEXT() REPRESENTATION_CONTEXT('2D SPACE',''
  ) );
#2641 = ORIENTED_EDGE('',*,*,#2642,.F.);
#2642 = EDGE_CURVE('',#2569,#2620,#2643,.T.);
#2643 = SURFACE_CURVE('',#2644,(#2648,#2655),.PCURVE_S1.);
#2644 = LINE('',#2645,#2646);
#2645 = CARTESIAN_POINT('',(25.35,-41.45,-5.E-02));
#2646 = VECTOR('',#2647,1.);
#2647 = DIRECTION('',(0.,1.,0.));
#2648 = PCURVE('',#775,#2649);
#2649 = DEFINITIONAL_REPRESENTATION('',(#2650),#2654);
#2650 = LINE('',#2651,#2652);
#2651 = CARTESIAN_POINT('',(2.95,-0.1));
#2652 = VECTOR('',#2653,1.);
#2653 = DIRECTION('',(1.,0.));
#2654 = ( GEOMETRIC_REPRESENTATION_CONTEXT(2) 
PARAMETRIC_REPRESENTATION_CONTEXT() REPRESENTATION_CONTEXT('2D SPACE',''
  ) );
#2655 = PCURVE('',#1267,#2656);
#2656 = DEFINITIONAL_REPRESENTATION('',(#2657),#2661);
#2657 = LINE('',#2658,#2659);
#2658 = CARTESIAN_POINT('',(-0.,-7.071067811866E-02));
#2659 = VECTOR('',#2660,1.);
#2660 = DIRECTION('',(-1.,0.));
#2661 = ( GEOMETRIC_REPRESENTATION_CONTEXT(2) 
PARAMETRIC_REPRESENTATION_CONTEXT() REPRESENTATION_CONTEXT('2D SPACE',''
  ) );
#2662 = ADVANCED_FACE('',(#2663),#747,.T.);
#2663 = FACE_BOUND('',#2664,.T.);
#2664 = EDGE_LOOP('',(#2665,#2666,#2690,#2709));
#2665 = ORIENTED_EDGE('',*,*,#2619,.F.);
#2666 = ORIENTED_EDGE('',*,*,#2667,.T.);
#2667 = EDGE_CURVE('',#2620,#2668,#2670,.T.);
#2668 = VERTEX_POINT('',#2669);
#2669 = CARTESIAN_POINT('',(24.4,43.61852484422,-5.E-02));
#2670 = SURFACE_CURVE('',#2671,(#2676,#2683),.PCURVE_S1.);
#2671 = CIRCLE('',#2672,2.95);
#2672 = AXIS2_PLACEMENT_3D('',#2673,#2674,#2675);
#2673 = CARTESIAN_POINT('',(22.4,41.45,-5.E-02));
#2674 = DIRECTION('',(0.,0.,1.));
#2675 = DIRECTION('',(1.,0.,-0.));
#2676 = PCURVE('',#747,#2677);
#2677 = DEFINITIONAL_REPRESENTATION('',(#2678),#2682);
#2678 = LINE('',#2679,#2680);
#2679 = CARTESIAN_POINT('',(0.,0.1));
#2680 = VECTOR('',#2681,1.);
#2681 = DIRECTION('',(1.,0.));
#2682 = ( GEOMETRIC_REPRESENTATION_CONTEXT(2) 
PARAMETRIC_REPRESENTATION_CONTEXT() REPRESENTATION_CONTEXT('2D SPACE',''
  ) );
#2683 = PCURVE('',#1296,#2684);
#2684 = DEFINITIONAL_REPRESENTATION('',(#2685),#2689);
#2685 = LINE('',#2686,#2687);
#2686 = CARTESIAN_POINT('',(0.,-0.));
#2687 = VECTOR('',#2688,1.);
#2688 = DIRECTION('',(1.,-0.));
#2689 = ( GEOMETRIC_REPRESENTATION_CONTEXT(2) 
PARAMETRIC_REPRESENTATION_CONTEXT() REPRESENTATION_CONTEXT('2D SPACE',''
  ) );
#2690 = ORIENTED_EDGE('',*,*,#2691,.T.);
#2691 = EDGE_CURVE('',#2668,#703,#2692,.T.);
#2692 = SURFACE_CURVE('',#2693,(#2697,#2703),.PCURVE_S1.);
#2693 = LINE('',#2694,#2695);
#2694 = CARTESIAN_POINT('',(24.4,43.61852484422,-0.15));
#2695 = VECTOR('',#2696,1.);
#2696 = DIRECTION('',(0.,0.,1.));
#2697 = PCURVE('',#747,#2698);
#2698 = DEFINITIONAL_REPRESENTATION('',(#2699),#2702);
#2699 = B_SPLINE_CURVE_WITH_KNOTS('',1,(#2700,#2701),.UNSPECIFIED.,.F.,
  .F.,(2,2),(-5.999999999895E-07,0.1500006),.PIECEWISE_BEZIER_KNOTS.);
#2700 = CARTESIAN_POINT('',(0.82580409286,-5.999999999895E-07));
#2701 = CARTESIAN_POINT('',(0.82580409286,0.1500006));
#2702 = ( GEOMETRIC_REPRESENTATION_CONTEXT(2) 
PARAMETRIC_REPRESENTATION_CONTEXT() REPRESENTATION_CONTEXT('2D SPACE',''
  ) );
#2703 = PCURVE('',#718,#2704);
#2704 = DEFINITIONAL_REPRESENTATION('',(#2705),#2708);
#2705 = B_SPLINE_CURVE_WITH_KNOTS('',1,(#2706,#2707),.UNSPECIFIED.,.F.,
  .F.,(2,2),(-5.999999999895E-07,0.1500006),.PIECEWISE_BEZIER_KNOTS.);
#2706 = CARTESIAN_POINT('',(30.06852484422,5.999999999895E-07));
#2707 = CARTESIAN_POINT('',(30.06852484422,-0.1500006));
#2708 = ( GEOMETRIC_REPRESENTATION_CONTEXT(2) 
PARAMETRIC_REPRESENTATION_CONTEXT() REPRESENTATION_CONTEXT('2D SPACE',''
  ) );
#2709 = ORIENTED_EDGE('',*,*,#730,.F.);
#2710 = ADVANCED_FACE('',(#2711),#718,.F.);
#2711 = FACE_BOUND('',#2712,.F.);
#2712 = EDGE_LOOP('',(#2713,#2736,#2757,#2758));
#2713 = ORIENTED_EDGE('',*,*,#2714,.F.);
#2714 = EDGE_CURVE('',#2715,#675,#2717,.T.);
#2715 = VERTEX_POINT('',#2716);
#2716 = CARTESIAN_POINT('',(24.4,44.45,-5.E-02));
#2717 = SURFACE_CURVE('',#2718,(#2722,#2729),.PCURVE_S1.);
#2718 = LINE('',#2719,#2720);
#2719 = CARTESIAN_POINT('',(24.4,44.45,-0.15));
#2720 = VECTOR('',#2721,1.);
#2721 = DIRECTION('',(0.,0.,1.));
#2722 = PCURVE('',#718,#2723);
#2723 = DEFINITIONAL_REPRESENTATION('',(#2724),#2728);
#2724 = LINE('',#2725,#2726);
#2725 = CARTESIAN_POINT('',(30.9,0.));
#2726 = VECTOR('',#2727,1.);
#2727 = DIRECTION('',(0.,-1.));
#2728 = ( GEOMETRIC_REPRESENTATION_CONTEXT(2) 
PARAMETRIC_REPRESENTATION_CONTEXT() REPRESENTATION_CONTEXT('2D SPACE',''
  ) );
#2729 = PCURVE('',#690,#2730);
#2730 = DEFINITIONAL_REPRESENTATION('',(#2731),#2735);
#2731 = LINE('',#2732,#2733);
#2732 = CARTESIAN_POINT('',(0.,-0.));
#2733 = VECTOR('',#2734,1.);
#2734 = DIRECTION('',(0.,-1.));
#2735 = ( GEOMETRIC_REPRESENTATION_CONTEXT(2) 
PARAMETRIC_REPRESENTATION_CONTEXT() REPRESENTATION_CONTEXT('2D SPACE',''
  ) );
#2736 = ORIENTED_EDGE('',*,*,#2737,.F.);
#2737 = EDGE_CURVE('',#2668,#2715,#2738,.T.);
#2738 = SURFACE_CURVE('',#2739,(#2743,#2750),.PCURVE_S1.);
#2739 = LINE('',#2740,#2741);
#2740 = CARTESIAN_POINT('',(24.4,43.61852484422,-5.E-02));
#2741 = VECTOR('',#2742,1.);
#2742 = DIRECTION('',(0.,1.,0.));
#2743 = PCURVE('',#718,#2744);
#2744 = DEFINITIONAL_REPRESENTATION('',(#2745),#2749);
#2745 = LINE('',#2746,#2747);
#2746 = CARTESIAN_POINT('',(30.06852484422,-0.1));
#2747 = VECTOR('',#2748,1.);
#2748 = DIRECTION('',(1.,0.));
#2749 = ( GEOMETRIC_REPRESENTATION_CONTEXT(2) 
PARAMETRIC_REPRESENTATION_CONTEXT() REPRESENTATION_CONTEXT('2D SPACE',''
  ) );
#2750 = PCURVE('',#1324,#2751);
#2751 = DEFINITIONAL_REPRESENTATION('',(#2752),#2756);
#2752 = LINE('',#2753,#2754);
#2753 = CARTESIAN_POINT('',(-0.,-7.071067811866E-02));
#2754 = VECTOR('',#2755,1.);
#2755 = DIRECTION('',(-1.,0.));
#2756 = ( GEOMETRIC_REPRESENTATION_CONTEXT(2) 
PARAMETRIC_REPRESENTATION_CONTEXT() REPRESENTATION_CONTEXT('2D SPACE',''
  ) );
#2757 = ORIENTED_EDGE('',*,*,#2691,.T.);
#2758 = ORIENTED_EDGE('',*,*,#702,.T.);
#2759 = ADVANCED_FACE('',(#2760),#690,.F.);
#2760 = FACE_BOUND('',#2761,.F.);
#2761 = EDGE_LOOP('',(#2762,#2763,#2764,#2787));
#2762 = ORIENTED_EDGE('',*,*,#2714,.T.);
#2763 = ORIENTED_EDGE('',*,*,#674,.T.);
#2764 = ORIENTED_EDGE('',*,*,#2765,.F.);
#2765 = EDGE_CURVE('',#2766,#647,#2768,.T.);
#2766 = VERTEX_POINT('',#2767);
#2767 = CARTESIAN_POINT('',(22.9,44.45,-5.E-02));
#2768 = SURFACE_CURVE('',#2769,(#2773,#2780),.PCURVE_S1.);
#2769 = LINE('',#2770,#2771);
#2770 = CARTESIAN_POINT('',(22.9,44.45,-0.15));
#2771 = VECTOR('',#2772,1.);
#2772 = DIRECTION('',(0.,0.,1.));
#2773 = PCURVE('',#690,#2774);
#2774 = DEFINITIONAL_REPRESENTATION('',(#2775),#2779);
#2775 = LINE('',#2776,#2777);
#2776 = CARTESIAN_POINT('',(1.5,0.));
#2777 = VECTOR('',#2778,1.);
#2778 = DIRECTION('',(0.,-1.));
#2779 = ( GEOMETRIC_REPRESENTATION_CONTEXT(2) 
PARAMETRIC_REPRESENTATION_CONTEXT() REPRESENTATION_CONTEXT('2D SPACE',''
  ) );
#2780 = PCURVE('',#662,#2781);
#2781 = DEFINITIONAL_REPRESENTATION('',(#2782),#2786);
#2782 = LINE('',#2783,#2784);
#2783 = CARTESIAN_POINT('',(0.,0.));
#2784 = VECTOR('',#2785,1.);
#2785 = DIRECTION('',(0.,-1.));
#2786 = ( GEOMETRIC_REPRESENTATION_CONTEXT(2) 
PARAMETRIC_REPRESENTATION_CONTEXT() REPRESENTATION_CONTEXT('2D SPACE',''
  ) );
#2787 = ORIENTED_EDGE('',*,*,#2788,.F.);
#2788 = EDGE_CURVE('',#2715,#2766,#2789,.T.);
#2789 = SURFACE_CURVE('',#2790,(#2794,#2801),.PCURVE_S1.);
#2790 = LINE('',#2791,#2792);
#2791 = CARTESIAN_POINT('',(24.4,44.45,-5.E-02));
#2792 = VECTOR('',#2793,1.);
#2793 = DIRECTION('',(-1.,0.,0.));
#2794 = PCURVE('',#690,#2795);
#2795 = DEFINITIONAL_REPRESENTATION('',(#2796),#2800);
#2796 = LINE('',#2797,#2798);
#2797 = CARTESIAN_POINT('',(0.,-0.1));
#2798 = VECTOR('',#2799,1.);
#2799 = DIRECTION('',(1.,0.));
#2800 = ( GEOMETRIC_REPRESENTATION_CONTEXT(2) 
PARAMETRIC_REPRESENTATION_CONTEXT() REPRESENTATION_CONTEXT('2D SPACE',''
  ) );
#2801 = PCURVE('',#1352,#2802);
#2802 = DEFINITIONAL_REPRESENTATION('',(#2803),#2807);
#2803 = LINE('',#2804,#2805);
#2804 = CARTESIAN_POINT('',(-0.,-7.071067811865E-02));
#2805 = VECTOR('',#2806,1.);
#2806 = DIRECTION('',(-1.,0.));
#2807 = ( GEOMETRIC_REPRESENTATION_CONTEXT(2) 
PARAMETRIC_REPRESENTATION_CONTEXT() REPRESENTATION_CONTEXT('2D SPACE',''
  ) );
#2808 = ADVANCED_FACE('',(#2809),#662,.F.);
#2809 = FACE_BOUND('',#2810,.F.);
#2810 = EDGE_LOOP('',(#2811,#2832,#2853,#2854));
#2811 = ORIENTED_EDGE('',*,*,#2812,.F.);
#2812 = EDGE_CURVE('',#2813,#618,#2815,.T.);
#2813 = VERTEX_POINT('',#2814);
#2814 = CARTESIAN_POINT('',(22.9,44.357318352021,-5.E-02));
#2815 = SURFACE_CURVE('',#2816,(#2820,#2826),.PCURVE_S1.);
#2816 = LINE('',#2817,#2818);
#2817 = CARTESIAN_POINT('',(22.9,44.357318352021,-0.15));
#2818 = VECTOR('',#2819,1.);
#2819 = DIRECTION('',(0.,0.,1.));
#2820 = PCURVE('',#662,#2821);
#2821 = DEFINITIONAL_REPRESENTATION('',(#2822),#2825);
#2822 = B_SPLINE_CURVE_WITH_KNOTS('',1,(#2823,#2824),.UNSPECIFIED.,.F.,
  .F.,(2,2),(-5.999999999895E-07,0.1500006),.PIECEWISE_BEZIER_KNOTS.);
#2823 = CARTESIAN_POINT('',(9.268164797867E-02,5.999999999895E-07));
#2824 = CARTESIAN_POINT('',(9.268164797867E-02,-0.1500006));
#2825 = ( GEOMETRIC_REPRESENTATION_CONTEXT(2) 
PARAMETRIC_REPRESENTATION_CONTEXT() REPRESENTATION_CONTEXT('2D SPACE',''
  ) );
#2826 = PCURVE('',#634,#2827);
#2827 = DEFINITIONAL_REPRESENTATION('',(#2828),#2831);
#2828 = B_SPLINE_CURVE_WITH_KNOTS('',1,(#2829,#2830),.UNSPECIFIED.,.F.,
  .F.,(2,2),(-5.999999999895E-07,0.1500006),.PIECEWISE_BEZIER_KNOTS.);
#2829 = CARTESIAN_POINT('',(1.400482619951,-5.999999999895E-07));
#2830 = CARTESIAN_POINT('',(1.400482619951,0.1500006));
#2831 = ( GEOMETRIC_REPRESENTATION_CONTEXT(2) 
PARAMETRIC_REPRESENTATION_CONTEXT() REPRESENTATION_CONTEXT('2D SPACE',''
  ) );
#2832 = ORIENTED_EDGE('',*,*,#2833,.F.);
#2833 = EDGE_CURVE('',#2766,#2813,#2834,.T.);
#2834 = SURFACE_CURVE('',#2835,(#2839,#2846),.PCURVE_S1.);
#2835 = LINE('',#2836,#2837);
#2836 = CARTESIAN_POINT('',(22.9,44.45,-5.E-02));
#2837 = VECTOR('',#2838,1.);
#2838 = DIRECTION('',(0.,-1.,0.));
#2839 = PCURVE('',#662,#2840);
#2840 = DEFINITIONAL_REPRESENTATION('',(#2841),#2845);
#2841 = LINE('',#2842,#2843);
#2842 = CARTESIAN_POINT('',(0.,-0.1));
#2843 = VECTOR('',#2844,1.);
#2844 = DIRECTION('',(1.,0.));
#2845 = ( GEOMETRIC_REPRESENTATION_CONTEXT(2) 
PARAMETRIC_REPRESENTATION_CONTEXT() REPRESENTATION_CONTEXT('2D SPACE',''
  ) );
#2846 = PCURVE('',#1380,#2847);
#2847 = DEFINITIONAL_REPRESENTATION('',(#2848),#2852);
#2848 = LINE('',#2849,#2850);
#2849 = CARTESIAN_POINT('',(-0.,-7.071067811866E-02));
#2850 = VECTOR('',#2851,1.);
#2851 = DIRECTION('',(-1.,0.));
#2852 = ( GEOMETRIC_REPRESENTATION_CONTEXT(2) 
PARAMETRIC_REPRESENTATION_CONTEXT() REPRESENTATION_CONTEXT('2D SPACE',''
  ) );
#2853 = ORIENTED_EDGE('',*,*,#2765,.T.);
#2854 = ORIENTED_EDGE('',*,*,#646,.T.);
#2855 = ADVANCED_FACE('',(#2856),#634,.T.);
#2856 = FACE_BOUND('',#2857,.T.);
#2857 = EDGE_LOOP('',(#2858,#2859,#2883,#2904));
#2858 = ORIENTED_EDGE('',*,*,#2812,.F.);
#2859 = ORIENTED_EDGE('',*,*,#2860,.F.);
#2860 = EDGE_CURVE('',#2861,#2813,#2863,.T.);
#2861 = VERTEX_POINT('',#2862);
#2862 = CARTESIAN_POINT('',(22.4,44.4,-5.E-02));
#2863 = SURFACE_CURVE('',#2864,(#2869,#2876),.PCURVE_S1.);
#2864 = CIRCLE('',#2865,2.95);
#2865 = AXIS2_PLACEMENT_3D('',#2866,#2867,#2868);
#2866 = CARTESIAN_POINT('',(22.4,41.45,-5.E-02));
#2867 = DIRECTION('',(0.,-0.,-1.));
#2868 = DIRECTION('',(0.,1.,-0.));
#2869 = PCURVE('',#634,#2870);
#2870 = DEFINITIONAL_REPRESENTATION('',(#2871),#2875);
#2871 = LINE('',#2872,#2873);
#2872 = CARTESIAN_POINT('',(1.570796326795,0.1));
#2873 = VECTOR('',#2874,1.);
#2874 = DIRECTION('',(-1.,-0.));
#2875 = ( GEOMETRIC_REPRESENTATION_CONTEXT(2) 
PARAMETRIC_REPRESENTATION_CONTEXT() REPRESENTATION_CONTEXT('2D SPACE',''
  ) );
#2876 = PCURVE('',#1413,#2877);
#2877 = DEFINITIONAL_REPRESENTATION('',(#2878),#2882);
#2878 = LINE('',#2879,#2880);
#2879 = CARTESIAN_POINT('',(-0.,-0.));
#2880 = VECTOR('',#2881,1.);
#2881 = DIRECTION('',(-1.,-0.));
#2882 = ( GEOMETRIC_REPRESENTATION_CONTEXT(2) 
PARAMETRIC_REPRESENTATION_CONTEXT() REPRESENTATION_CONTEXT('2D SPACE',''
  ) );
#2883 = ORIENTED_EDGE('',*,*,#2884,.T.);
#2884 = EDGE_CURVE('',#2861,#590,#2885,.T.);
#2885 = SURFACE_CURVE('',#2886,(#2890,#2897),.PCURVE_S1.);
#2886 = LINE('',#2887,#2888);
#2887 = CARTESIAN_POINT('',(22.4,44.4,-0.15));
#2888 = VECTOR('',#2889,1.);
#2889 = DIRECTION('',(0.,0.,1.));
#2890 = PCURVE('',#634,#2891);
#2891 = DEFINITIONAL_REPRESENTATION('',(#2892),#2896);
#2892 = LINE('',#2893,#2894);
#2893 = CARTESIAN_POINT('',(1.570796326795,0.));
#2894 = VECTOR('',#2895,1.);
#2895 = DIRECTION('',(0.,1.));
#2896 = ( GEOMETRIC_REPRESENTATION_CONTEXT(2) 
PARAMETRIC_REPRESENTATION_CONTEXT() REPRESENTATION_CONTEXT('2D SPACE',''
  ) );
#2897 = PCURVE('',#605,#2898);
#2898 = DEFINITIONAL_REPRESENTATION('',(#2899),#2903);
#2899 = LINE('',#2900,#2901);
#2900 = CARTESIAN_POINT('',(2.95,0.));
#2901 = VECTOR('',#2902,1.);
#2902 = DIRECTION('',(0.,-1.));
#2903 = ( GEOMETRIC_REPRESENTATION_CONTEXT(2) 
PARAMETRIC_REPRESENTATION_CONTEXT() REPRESENTATION_CONTEXT('2D SPACE',''
  ) );
#2904 = ORIENTED_EDGE('',*,*,#617,.F.);
#2905 = ADVANCED_FACE('',(#2906),#605,.F.);
#2906 = FACE_BOUND('',#2907,.F.);
#2907 = EDGE_LOOP('',(#2908,#2909,#2910,#2933));
#2908 = ORIENTED_EDGE('',*,*,#2884,.T.);
#2909 = ORIENTED_EDGE('',*,*,#589,.T.);
#2910 = ORIENTED_EDGE('',*,*,#2911,.F.);
#2911 = EDGE_CURVE('',#2912,#561,#2914,.T.);
#2912 = VERTEX_POINT('',#2913);
#2913 = CARTESIAN_POINT('',(-22.4,44.4,-5.E-02));
#2914 = SURFACE_CURVE('',#2915,(#2919,#2926),.PCURVE_S1.);
#2915 = LINE('',#2916,#2917);
#2916 = CARTESIAN_POINT('',(-22.4,44.4,-0.15));
#2917 = VECTOR('',#2918,1.);
#2918 = DIRECTION('',(0.,0.,1.));
#2919 = PCURVE('',#605,#2920);
#2920 = DEFINITIONAL_REPRESENTATION('',(#2921),#2925);
#2921 = LINE('',#2922,#2923);
#2922 = CARTESIAN_POINT('',(47.75,0.));
#2923 = VECTOR('',#2924,1.);
#2924 = DIRECTION('',(0.,-1.));
#2925 = ( GEOMETRIC_REPRESENTATION_CONTEXT(2) 
PARAMETRIC_REPRESENTATION_CONTEXT() REPRESENTATION_CONTEXT('2D SPACE',''
  ) );
#2926 = PCURVE('',#577,#2927);
#2927 = DEFINITIONAL_REPRESENTATION('',(#2928),#2932);
#2928 = LINE('',#2929,#2930);
#2929 = CARTESIAN_POINT('',(0.,0.));
#2930 = VECTOR('',#2931,1.);
#2931 = DIRECTION('',(0.,1.));
#2932 = ( GEOMETRIC_REPRESENTATION_CONTEXT(2) 
PARAMETRIC_REPRESENTATION_CONTEXT() REPRESENTATION_CONTEXT('2D SPACE',''
  ) );
#2933 = ORIENTED_EDGE('',*,*,#2934,.T.);
#2934 = EDGE_CURVE('',#2912,#2861,#2935,.T.);
#2935 = SURFACE_CURVE('',#2936,(#2940,#2947),.PCURVE_S1.);
#2936 = LINE('',#2937,#2938);
#2937 = CARTESIAN_POINT('',(-22.4,44.4,-5.E-02));
#2938 = VECTOR('',#2939,1.);
#2939 = DIRECTION('',(1.,-0.,-0.));
#2940 = PCURVE('',#605,#2941);
#2941 = DEFINITIONAL_REPRESENTATION('',(#2942),#2946);
#2942 = LINE('',#2943,#2944);
#2943 = CARTESIAN_POINT('',(47.75,-0.1));
#2944 = VECTOR('',#2945,1.);
#2945 = DIRECTION('',(-1.,0.));
#2946 = ( GEOMETRIC_REPRESENTATION_CONTEXT(2) 
PARAMETRIC_REPRESENTATION_CONTEXT() REPRESENTATION_CONTEXT('2D SPACE',''
  ) );
#2947 = PCURVE('',#1441,#2948);
#2948 = DEFINITIONAL_REPRESENTATION('',(#2949),#2953);
#2949 = LINE('',#2950,#2951);
#2950 = CARTESIAN_POINT('',(0.,-7.071067811865E-02));
#2951 = VECTOR('',#2952,1.);
#2952 = DIRECTION('',(1.,0.));
#2953 = ( GEOMETRIC_REPRESENTATION_CONTEXT(2) 
PARAMETRIC_REPRESENTATION_CONTEXT() REPRESENTATION_CONTEXT('2D SPACE',''
  ) );
#2954 = ADVANCED_FACE('',(#2955),#577,.T.);
#2955 = FACE_BOUND('',#2956,.T.);
#2956 = EDGE_LOOP('',(#2957,#2958,#2980,#2981));
#2957 = ORIENTED_EDGE('',*,*,#2911,.F.);
#2958 = ORIENTED_EDGE('',*,*,#2959,.F.);
#2959 = EDGE_CURVE('',#1031,#2912,#2960,.T.);
#2960 = SURFACE_CURVE('',#2961,(#2966,#2973),.PCURVE_S1.);
#2961 = CIRCLE('',#2962,2.95);
#2962 = AXIS2_PLACEMENT_3D('',#2963,#2964,#2965);
#2963 = CARTESIAN_POINT('',(-22.4,41.45,-5.E-02));
#2964 = DIRECTION('',(-0.,0.,-1.));
#2965 = DIRECTION('',(-1.,0.,0.));
#2966 = PCURVE('',#577,#2967);
#2967 = DEFINITIONAL_REPRESENTATION('',(#2968),#2972);
#2968 = LINE('',#2969,#2970);
#2969 = CARTESIAN_POINT('',(1.570796326795,0.1));
#2970 = VECTOR('',#2971,1.);
#2971 = DIRECTION('',(-1.,-0.));
#2972 = ( GEOMETRIC_REPRESENTATION_CONTEXT(2) 
PARAMETRIC_REPRESENTATION_CONTEXT() REPRESENTATION_CONTEXT('2D SPACE',''
  ) );
#2973 = PCURVE('',#1474,#2974);
#2974 = DEFINITIONAL_REPRESENTATION('',(#2975),#2979);
#2975 = LINE('',#2976,#2977);
#2976 = CARTESIAN_POINT('',(-0.,-0.));
#2977 = VECTOR('',#2978,1.);
#2978 = DIRECTION('',(-1.,-0.));
#2979 = ( GEOMETRIC_REPRESENTATION_CONTEXT(2) 
PARAMETRIC_REPRESENTATION_CONTEXT() REPRESENTATION_CONTEXT('2D SPACE',''
  ) );
#2980 = ORIENTED_EDGE('',*,*,#1030,.T.);
#2981 = ORIENTED_EDGE('',*,*,#560,.F.);
#2982 = ADVANCED_FACE('',(#2983),#990,.T.);
#2983 = FACE_BOUND('',#2984,.T.);
#2984 = EDGE_LOOP('',(#2985,#2986,#2987,#3006));
#2985 = ORIENTED_EDGE('',*,*,#975,.F.);
#2986 = ORIENTED_EDGE('',*,*,#1055,.T.);
#2987 = ORIENTED_EDGE('',*,*,#2988,.T.);
#2988 = EDGE_CURVE('',#1031,#1454,#2989,.T.);
#2989 = SURFACE_CURVE('',#2990,(#2994,#3000),.PCURVE_S1.);
#2990 = LINE('',#2991,#2992);
#2991 = CARTESIAN_POINT('',(-25.3,41.45,-1.E-01));
#2992 = VECTOR('',#2993,1.);
#2993 = DIRECTION('',(0.707106781187,0.,-0.707106781187));
#2994 = PCURVE('',#990,#2995);
#2995 = DEFINITIONAL_REPRESENTATION('',(#2996),#2999);
#2996 = B_SPLINE_CURVE_WITH_KNOTS('',1,(#2997,#2998),.UNSPECIFIED.,.F.,
  .F.,(2,2),(-7.071067811866E-02,7.071067811865E-02),
  .PIECEWISE_BEZIER_KNOTS.);
#2997 = CARTESIAN_POINT('',(82.9,-7.071067811866E-02));
#2998 = CARTESIAN_POINT('',(82.9,7.071067811865E-02));
#2999 = ( GEOMETRIC_REPRESENTATION_CONTEXT(2) 
PARAMETRIC_REPRESENTATION_CONTEXT() REPRESENTATION_CONTEXT('2D SPACE',''
  ) );
#3000 = PCURVE('',#1474,#3001);
#3001 = DEFINITIONAL_REPRESENTATION('',(#3002),#3005);
#3002 = B_SPLINE_CURVE_WITH_KNOTS('',1,(#3003,#3004),.UNSPECIFIED.,.F.,
  .F.,(2,2),(-7.071067811866E-02,7.071067811865E-02),
  .PIECEWISE_BEZIER_KNOTS.);
#3003 = CARTESIAN_POINT('',(0.,0.));
#3004 = CARTESIAN_POINT('',(0.,-1.E-01));
#3005 = ( GEOMETRIC_REPRESENTATION_CONTEXT(2) 
PARAMETRIC_REPRESENTATION_CONTEXT() REPRESENTATION_CONTEXT('2D SPACE',''
  ) );
#3006 = ORIENTED_EDGE('',*,*,#1486,.F.);
#3007 = ADVANCED_FACE('',(#3008),#1099,.T.);
#3008 = FACE_BOUND('',#3009,.F.);
#3009 = EDGE_LOOP('',(#3010,#3011,#3012,#3033));
#3010 = ORIENTED_EDGE('',*,*,#1079,.F.);
#3011 = ORIENTED_EDGE('',*,*,#2445,.T.);
#3012 = ORIENTED_EDGE('',*,*,#3013,.T.);
#3013 = EDGE_CURVE('',#2423,#1144,#3014,.T.);
#3014 = SURFACE_CURVE('',#3015,(#3019,#3026),.PCURVE_S1.);
#3015 = LINE('',#3016,#3017);
#3016 = CARTESIAN_POINT('',(22.948780274663,-44.40121972533,
    -9.878027466311E-02));
#3017 = VECTOR('',#3018,1.);
#3018 = DIRECTION('',(0.57735026919,0.57735026919,-0.57735026919));
#3019 = PCURVE('',#1099,#3020);
#3020 = DEFINITIONAL_REPRESENTATION('',(#3021),#3025);
#3021 = LINE('',#3022,#3023);
#3022 = CARTESIAN_POINT('',(-4.390137331555E-02,-1.724952113801E-03));
#3023 = VECTOR('',#3024,1.);
#3024 = DIRECTION('',(0.57735026919,0.816496580928));
#3025 = ( GEOMETRIC_REPRESENTATION_CONTEXT(2) 
PARAMETRIC_REPRESENTATION_CONTEXT() REPRESENTATION_CONTEXT('2D SPACE',''
  ) );
#3026 = PCURVE('',#1182,#3027);
#3027 = DEFINITIONAL_REPRESENTATION('',(#3028),#3032);
#3028 = LINE('',#3029,#3030);
#3029 = CARTESIAN_POINT('',(-4.878027466311E-02,-1.724952113798E-03));
#3030 = VECTOR('',#3031,1.);
#3031 = DIRECTION('',(-0.57735026919,0.816496580928));
#3032 = ( GEOMETRIC_REPRESENTATION_CONTEXT(2) 
PARAMETRIC_REPRESENTATION_CONTEXT() REPRESENTATION_CONTEXT('2D SPACE',''
  ) );
#3033 = ORIENTED_EDGE('',*,*,#1143,.F.);
#3034 = ADVANCED_FACE('',(#3035),#1182,.T.);
#3035 = FACE_BOUND('',#3036,.F.);
#3036 = EDGE_LOOP('',(#3037,#3038,#3039,#3060));
#3037 = ORIENTED_EDGE('',*,*,#3013,.F.);
#3038 = ORIENTED_EDGE('',*,*,#2496,.T.);
#3039 = ORIENTED_EDGE('',*,*,#3040,.T.);
#3040 = EDGE_CURVE('',#2474,#1167,#3041,.T.);
#3041 = SURFACE_CURVE('',#3042,(#3046,#3053),.PCURVE_S1.);
#3042 = LINE('',#3043,#3044);
#3043 = CARTESIAN_POINT('',(24.116666666667,-44.16666666666,
    -0.333333333333));
#3044 = VECTOR('',#3045,1.);
#3045 = DIRECTION('',(-0.57735026919,0.57735026919,-0.57735026919));
#3046 = PCURVE('',#1182,#3047);
#3047 = DEFINITIONAL_REPRESENTATION('',(#3048),#3052);
#3048 = LINE('',#3049,#3050);
#3049 = CARTESIAN_POINT('',(-1.216666666667,0.329983164554));
#3050 = VECTOR('',#3051,1.);
#3051 = DIRECTION('',(0.57735026919,0.816496580928));
#3052 = ( GEOMETRIC_REPRESENTATION_CONTEXT(2) 
PARAMETRIC_REPRESENTATION_CONTEXT() REPRESENTATION_CONTEXT('2D SPACE',''
  ) );
#3053 = PCURVE('',#1210,#3054);
#3054 = DEFINITIONAL_REPRESENTATION('',(#3055),#3059);
#3055 = LINE('',#3056,#3057);
#3056 = CARTESIAN_POINT('',(-0.283333333333,0.329983164554));
#3057 = VECTOR('',#3058,1.);
#3058 = DIRECTION('',(-0.57735026919,0.816496580928));
#3059 = ( GEOMETRIC_REPRESENTATION_CONTEXT(2) 
PARAMETRIC_REPRESENTATION_CONTEXT() REPRESENTATION_CONTEXT('2D SPACE',''
  ) );
#3060 = ORIENTED_EDGE('',*,*,#1166,.F.);
#3061 = ADVANCED_FACE('',(#3062),#1210,.T.);
#3062 = FACE_BOUND('',#3063,.F.);
#3063 = EDGE_LOOP('',(#3064,#3065,#3066,#3091));
#3064 = ORIENTED_EDGE('',*,*,#3040,.F.);
#3065 = ORIENTED_EDGE('',*,*,#2541,.T.);
#3066 = ORIENTED_EDGE('',*,*,#3067,.T.);
#3067 = EDGE_CURVE('',#2521,#1195,#3068,.T.);
#3068 = SURFACE_CURVE('',#3069,(#3074,#3081),.PCURVE_S1.);
#3069 = PARABOLA('',#3070,0.335875721064);
#3070 = AXIS2_PLACEMENT_3D('',#3071,#3072,#3073);
#3071 = CARTESIAN_POINT('',(21.925,-41.45,-2.525));
#3072 = DIRECTION('',(-0.707106781187,-0.,0.707106781187));
#3073 = DIRECTION('',(0.707106781187,0.,0.707106781187));
#3074 = PCURVE('',#1210,#3075);
#3075 = DEFINITIONAL_REPRESENTATION('',(#3076),#3080);
#3076 = B_SPLINE_CURVE_WITH_KNOTS('',2,(#3077,#3078,#3079),
  .UNSPECIFIED.,.F.,.F.,(3,3),(-2.16852484422,-2.124264578625),
  .PIECEWISE_BEZIER_KNOTS.);
#3077 = CARTESIAN_POINT('',(-0.83147515578,-7.071067811756E-02));
#3078 = CARTESIAN_POINT('',(-0.853605288578,7.290535566145E-04));
#3079 = CARTESIAN_POINT('',(-0.875735421375,7.071067811877E-02));
#3080 = ( GEOMETRIC_REPRESENTATION_CONTEXT(2) 
PARAMETRIC_REPRESENTATION_CONTEXT() REPRESENTATION_CONTEXT('2D SPACE',''
  ) );
#3081 = PCURVE('',#1239,#3082);
#3082 = DEFINITIONAL_REPRESENTATION('',(#3083),#3090);
#3083 = B_SPLINE_CURVE_WITH_KNOTS('',5,(#3084,#3085,#3086,#3087,#3088,
    #3089),.UNSPECIFIED.,.F.,.F.,(6,6),(-2.16852484422,-2.124264578625),
  .PIECEWISE_BEZIER_KNOTS.);
#3084 = CARTESIAN_POINT('',(5.417888360171E-14,0.));
#3085 = CARTESIAN_POINT('',(-3.000695972492E-03,-2.020620748518E-02));
#3086 = CARTESIAN_POINT('',(-6.027083760703E-03,-4.03093112277E-02));
#3087 = CARTESIAN_POINT('',(-9.079575165462E-03,-6.030931122757E-02));
#3088 = CARTESIAN_POINT('',(-1.215859415745E-02,-8.020620748476E-02));
#3089 = CARTESIAN_POINT('',(-1.526457770798E-02,-9.999999999931E-02));
#3090 = ( GEOMETRIC_REPRESENTATION_CONTEXT(2) 
PARAMETRIC_REPRESENTATION_CONTEXT() REPRESENTATION_CONTEXT('2D SPACE',''
  ) );
#3091 = ORIENTED_EDGE('',*,*,#1194,.F.);
#3092 = ADVANCED_FACE('',(#3093),#1239,.T.);
#3093 = FACE_BOUND('',#3094,.F.);
#3094 = EDGE_LOOP('',(#3095,#3096,#3097,#3116));
#3095 = ORIENTED_EDGE('',*,*,#3067,.F.);
#3096 = ORIENTED_EDGE('',*,*,#2568,.T.);
#3097 = ORIENTED_EDGE('',*,*,#3098,.T.);
#3098 = EDGE_CURVE('',#2569,#1223,#3099,.T.);
#3099 = SURFACE_CURVE('',#3100,(#3104,#3110),.PCURVE_S1.);
#3100 = LINE('',#3101,#3102);
#3101 = CARTESIAN_POINT('',(25.35,-41.45,-5.E-02));
#3102 = VECTOR('',#3103,1.);
#3103 = DIRECTION('',(-0.707106781187,4.996003610813E-16,-0.707106781187
    ));
#3104 = PCURVE('',#1239,#3105);
#3105 = DEFINITIONAL_REPRESENTATION('',(#3106),#3109);
#3106 = B_SPLINE_CURVE_WITH_KNOTS('',1,(#3107,#3108),.UNSPECIFIED.,.F.,
  .F.,(2,2),(0.,0.141421356237),.PIECEWISE_BEZIER_KNOTS.);
#3107 = CARTESIAN_POINT('',(0.82580409286,0.));
#3108 = CARTESIAN_POINT('',(0.82580409286,-1.E-01));
#3109 = ( GEOMETRIC_REPRESENTATION_CONTEXT(2) 
PARAMETRIC_REPRESENTATION_CONTEXT() REPRESENTATION_CONTEXT('2D SPACE',''
  ) );
#3110 = PCURVE('',#1267,#3111);
#3111 = DEFINITIONAL_REPRESENTATION('',(#3112),#3115);
#3112 = B_SPLINE_CURVE_WITH_KNOTS('',1,(#3113,#3114),.UNSPECIFIED.,.F.,
  .F.,(2,2),(0.,0.141421356237),.PIECEWISE_BEZIER_KNOTS.);
#3113 = CARTESIAN_POINT('',(0.,-7.071067811866E-02));
#3114 = CARTESIAN_POINT('',(0.,7.071067811865E-02));
#3115 = ( GEOMETRIC_REPRESENTATION_CONTEXT(2) 
PARAMETRIC_REPRESENTATION_CONTEXT() REPRESENTATION_CONTEXT('2D SPACE',''
  ) );
#3116 = ORIENTED_EDGE('',*,*,#1222,.F.);
#3117 = ADVANCED_FACE('',(#3118),#1474,.T.);
#3118 = FACE_BOUND('',#3119,.T.);
#3119 = EDGE_LOOP('',(#3120,#3121,#3122,#3141));
#3120 = ORIENTED_EDGE('',*,*,#2988,.F.);
#3121 = ORIENTED_EDGE('',*,*,#2959,.T.);
#3122 = ORIENTED_EDGE('',*,*,#3123,.T.);
#3123 = EDGE_CURVE('',#2912,#1426,#3124,.T.);
#3124 = SURFACE_CURVE('',#3125,(#3129,#3135),.PCURVE_S1.);
#3125 = LINE('',#3126,#3127);
#3126 = CARTESIAN_POINT('',(-22.4,44.4,-5.E-02));
#3127 = VECTOR('',#3128,1.);
#3128 = DIRECTION('',(4.329780281177E-17,-0.707106781187,-0.707106781187
    ));
#3129 = PCURVE('',#1474,#3130);
#3130 = DEFINITIONAL_REPRESENTATION('',(#3131),#3134);
#3131 = B_SPLINE_CURVE_WITH_KNOTS('',1,(#3132,#3133),.UNSPECIFIED.,.F.,
  .F.,(2,2),(0.,0.141421356237),.PIECEWISE_BEZIER_KNOTS.);
#3132 = CARTESIAN_POINT('',(-1.570796326795,0.));
#3133 = CARTESIAN_POINT('',(-1.570796326795,-1.E-01));
#3134 = ( GEOMETRIC_REPRESENTATION_CONTEXT(2) 
PARAMETRIC_REPRESENTATION_CONTEXT() REPRESENTATION_CONTEXT('2D SPACE',''
  ) );
#3135 = PCURVE('',#1441,#3136);
#3136 = DEFINITIONAL_REPRESENTATION('',(#3137),#3140);
#3137 = B_SPLINE_CURVE_WITH_KNOTS('',1,(#3138,#3139),.UNSPECIFIED.,.F.,
  .F.,(2,2),(0.,0.141421356237),.PIECEWISE_BEZIER_KNOTS.);
#3138 = CARTESIAN_POINT('',(0.,-7.071067811865E-02));
#3139 = CARTESIAN_POINT('',(0.,7.071067811865E-02));
#3140 = ( GEOMETRIC_REPRESENTATION_CONTEXT(2) 
PARAMETRIC_REPRESENTATION_CONTEXT() REPRESENTATION_CONTEXT('2D SPACE',''
  ) );
#3141 = ORIENTED_EDGE('',*,*,#1453,.F.);
#3142 = ADVANCED_FACE('',(#3143),#1267,.T.);
#3143 = FACE_BOUND('',#3144,.F.);
#3144 = EDGE_LOOP('',(#3145,#3146,#3147,#3166));
#3145 = ORIENTED_EDGE('',*,*,#3098,.F.);
#3146 = ORIENTED_EDGE('',*,*,#2642,.T.);
#3147 = ORIENTED_EDGE('',*,*,#3148,.T.);
#3148 = EDGE_CURVE('',#2620,#1252,#3149,.T.);
#3149 = SURFACE_CURVE('',#3150,(#3154,#3160),.PCURVE_S1.);
#3150 = LINE('',#3151,#3152);
#3151 = CARTESIAN_POINT('',(25.3,41.45,-1.E-01));
#3152 = VECTOR('',#3153,1.);
#3153 = DIRECTION('',(-0.707106781187,0.,-0.707106781187));
#3154 = PCURVE('',#1267,#3155);
#3155 = DEFINITIONAL_REPRESENTATION('',(#3156),#3159);
#3156 = B_SPLINE_CURVE_WITH_KNOTS('',1,(#3157,#3158),.UNSPECIFIED.,.F.,
  .F.,(2,2),(-7.071067811866E-02,7.071067811865E-02),
  .PIECEWISE_BEZIER_KNOTS.);
#3157 = CARTESIAN_POINT('',(-82.9,-7.071067811866E-02));
#3158 = CARTESIAN_POINT('',(-82.9,7.071067811865E-02));
#3159 = ( GEOMETRIC_REPRESENTATION_CONTEXT(2) 
PARAMETRIC_REPRESENTATION_CONTEXT() REPRESENTATION_CONTEXT('2D SPACE',''
  ) );
#3160 = PCURVE('',#1296,#3161);
#3161 = DEFINITIONAL_REPRESENTATION('',(#3162),#3165);
#3162 = B_SPLINE_CURVE_WITH_KNOTS('',1,(#3163,#3164),.UNSPECIFIED.,.F.,
  .F.,(2,2),(-7.071067811866E-02,7.071067811865E-02),
  .PIECEWISE_BEZIER_KNOTS.);
#3163 = CARTESIAN_POINT('',(0.,0.));
#3164 = CARTESIAN_POINT('',(0.,-1.E-01));
#3165 = ( GEOMETRIC_REPRESENTATION_CONTEXT(2) 
PARAMETRIC_REPRESENTATION_CONTEXT() REPRESENTATION_CONTEXT('2D SPACE',''
  ) );
#3166 = ORIENTED_EDGE('',*,*,#1251,.F.);
#3167 = ADVANCED_FACE('',(#3168),#1441,.T.);
#3168 = FACE_BOUND('',#3169,.T.);
#3169 = EDGE_LOOP('',(#3170,#3171,#3172,#3191));
#3170 = ORIENTED_EDGE('',*,*,#3123,.F.);
#3171 = ORIENTED_EDGE('',*,*,#2934,.T.);
#3172 = ORIENTED_EDGE('',*,*,#3173,.T.);
#3173 = EDGE_CURVE('',#2861,#1393,#3174,.T.);
#3174 = SURFACE_CURVE('',#3175,(#3179,#3185),.PCURVE_S1.);
#3175 = LINE('',#3176,#3177);
#3176 = CARTESIAN_POINT('',(22.4,44.35,-1.E-01));
#3177 = VECTOR('',#3178,1.);
#3178 = DIRECTION('',(0.,-0.707106781187,-0.707106781187));
#3179 = PCURVE('',#1441,#3180);
#3180 = DEFINITIONAL_REPRESENTATION('',(#3181),#3184);
#3181 = B_SPLINE_CURVE_WITH_KNOTS('',1,(#3182,#3183),.UNSPECIFIED.,.F.,
  .F.,(2,2),(-7.071067811865E-02,7.071067811866E-02),
  .PIECEWISE_BEZIER_KNOTS.);
#3182 = CARTESIAN_POINT('',(44.8,-7.071067811865E-02));
#3183 = CARTESIAN_POINT('',(44.8,7.071067811866E-02));
#3184 = ( GEOMETRIC_REPRESENTATION_CONTEXT(2) 
PARAMETRIC_REPRESENTATION_CONTEXT() REPRESENTATION_CONTEXT('2D SPACE',''
  ) );
#3185 = PCURVE('',#1413,#3186);
#3186 = DEFINITIONAL_REPRESENTATION('',(#3187),#3190);
#3187 = B_SPLINE_CURVE_WITH_KNOTS('',1,(#3188,#3189),.UNSPECIFIED.,.F.,
  .F.,(2,2),(-7.071067811865E-02,7.071067811866E-02),
  .PIECEWISE_BEZIER_KNOTS.);
#3188 = CARTESIAN_POINT('',(0.,0.));
#3189 = CARTESIAN_POINT('',(0.,-0.1));
#3190 = ( GEOMETRIC_REPRESENTATION_CONTEXT(2) 
PARAMETRIC_REPRESENTATION_CONTEXT() REPRESENTATION_CONTEXT('2D SPACE',''
  ) );
#3191 = ORIENTED_EDGE('',*,*,#1425,.F.);
#3192 = ADVANCED_FACE('',(#3193),#1296,.T.);
#3193 = FACE_BOUND('',#3194,.F.);
#3194 = EDGE_LOOP('',(#3195,#3196,#3197,#3222));
#3195 = ORIENTED_EDGE('',*,*,#3148,.F.);
#3196 = ORIENTED_EDGE('',*,*,#2667,.T.);
#3197 = ORIENTED_EDGE('',*,*,#3198,.T.);
#3198 = EDGE_CURVE('',#2668,#1280,#3199,.T.);
#3199 = SURFACE_CURVE('',#3200,(#3205,#3215),.PCURVE_S1.);
#3200 = PARABOLA('',#3201,0.335875721064);
#3201 = AXIS2_PLACEMENT_3D('',#3202,#3203,#3204);
#3202 = CARTESIAN_POINT('',(21.925,41.45,-2.525));
#3203 = DIRECTION('',(0.707106781187,0.,-0.707106781187));
#3204 = DIRECTION('',(0.707106781187,0.,0.707106781187));
#3205 = PCURVE('',#1296,#3206);
#3206 = DEFINITIONAL_REPRESENTATION('',(#3207),#3214);
#3207 = B_SPLINE_CURVE_WITH_KNOTS('',5,(#3208,#3209,#3210,#3211,#3212,
    #3213),.UNSPECIFIED.,.F.,.F.,(6,6),(-2.16852484422,-2.124264578625),
  .PIECEWISE_BEZIER_KNOTS.);
#3208 = CARTESIAN_POINT('',(0.82580409286,2.525757381022E-15));
#3209 = CARTESIAN_POINT('',(0.828804788832,-2.020620748532E-02));
#3210 = CARTESIAN_POINT('',(0.831831176621,-4.030931122798E-02));
#3211 = CARTESIAN_POINT('',(0.834883668025,-6.030931122798E-02));
#3212 = CARTESIAN_POINT('',(0.837962687017,-8.020620748531E-02));
#3213 = CARTESIAN_POINT('',(0.841068670568,-9.999999999999E-02));
#3214 = ( GEOMETRIC_REPRESENTATION_CONTEXT(2) 
PARAMETRIC_REPRESENTATION_CONTEXT() REPRESENTATION_CONTEXT('2D SPACE',''
  ) );
#3215 = PCURVE('',#1324,#3216);
#3216 = DEFINITIONAL_REPRESENTATION('',(#3217),#3221);
#3217 = B_SPLINE_CURVE_WITH_KNOTS('',2,(#3218,#3219,#3220),
  .UNSPECIFIED.,.F.,.F.,(3,3),(-2.16852484422,-2.124264578625),
  .PIECEWISE_BEZIER_KNOTS.);
#3218 = CARTESIAN_POINT('',(1.42108547152E-13,-7.071067811866E-02));
#3219 = CARTESIAN_POINT('',(2.213013279781E-02,7.290535560061E-04));
#3220 = CARTESIAN_POINT('',(4.426026559548E-02,7.071067811864E-02));
#3221 = ( GEOMETRIC_REPRESENTATION_CONTEXT(2) 
PARAMETRIC_REPRESENTATION_CONTEXT() REPRESENTATION_CONTEXT('2D SPACE',''
  ) );
#3222 = ORIENTED_EDGE('',*,*,#1279,.F.);
#3223 = ADVANCED_FACE('',(#3224),#1413,.T.);
#3224 = FACE_BOUND('',#3225,.T.);
#3225 = EDGE_LOOP('',(#3226,#3227,#3228,#3253));
#3226 = ORIENTED_EDGE('',*,*,#3173,.F.);
#3227 = ORIENTED_EDGE('',*,*,#2860,.T.);
#3228 = ORIENTED_EDGE('',*,*,#3229,.T.);
#3229 = EDGE_CURVE('',#2813,#1365,#3230,.T.);
#3230 = SURFACE_CURVE('',#3231,(#3236,#3246),.PCURVE_S1.);
#3231 = PARABOLA('',#3232,1.219759197547);
#3232 = AXIS2_PLACEMENT_3D('',#3233,#3234,#3235);
#3233 = CARTESIAN_POINT('',(24.125,41.45,-1.275));
#3234 = DIRECTION('',(0.707106781187,0.,0.707106781187));
#3235 = DIRECTION('',(-0.707106781187,0.,0.707106781187));
#3236 = PCURVE('',#1413,#3237);
#3237 = DEFINITIONAL_REPRESENTATION('',(#3238),#3245);
#3238 = B_SPLINE_CURVE_WITH_KNOTS('',5,(#3239,#3240,#3241,#3242,#3243,
    #3244),.UNSPECIFIED.,.F.,.F.,(6,6),(-2.907318352021,-2.786126343151)
  ,.PIECEWISE_BEZIER_KNOTS.);
#3239 = CARTESIAN_POINT('',(-0.170313706844,1.304512053935E-15));
#3240 = CARTESIAN_POINT('',(-0.178530114225,-2.042572472504E-02));
#3241 = CARTESIAN_POINT('',(-0.186817634352,-4.063858708757E-02));
#3242 = CARTESIAN_POINT('',(-0.195176920371,-6.063858708757E-02));
#3243 = CARTESIAN_POINT('',(-0.203608608102,-8.042572472504E-02));
#3244 = CARTESIAN_POINT('',(-0.212113310479,-0.1));
#3245 = ( GEOMETRIC_REPRESENTATION_CONTEXT(2) 
PARAMETRIC_REPRESENTATION_CONTEXT() REPRESENTATION_CONTEXT('2D SPACE',''
  ) );
#3246 = PCURVE('',#1380,#3247);
#3247 = DEFINITIONAL_REPRESENTATION('',(#3248),#3252);
#3248 = B_SPLINE_CURVE_WITH_KNOTS('',2,(#3249,#3250,#3251),
  .UNSPECIFIED.,.F.,.F.,(3,3),(-2.907318352021,-2.786126343151),
  .PIECEWISE_BEZIER_KNOTS.);
#3249 = CARTESIAN_POINT('',(-9.268164797867E-02,-7.071067811866E-02));
#3250 = CARTESIAN_POINT('',(-0.153277652414,1.505164199985E-03));
#3251 = CARTESIAN_POINT('',(-0.213873656849,7.071067811865E-02));
#3252 = ( GEOMETRIC_REPRESENTATION_CONTEXT(2) 
PARAMETRIC_REPRESENTATION_CONTEXT() REPRESENTATION_CONTEXT('2D SPACE',''
  ) );
#3253 = ORIENTED_EDGE('',*,*,#1392,.F.);
#3254 = ADVANCED_FACE('',(#3255),#1324,.T.);
#3255 = FACE_BOUND('',#3256,.F.);
#3256 = EDGE_LOOP('',(#3257,#3258,#3259,#3280));
#3257 = ORIENTED_EDGE('',*,*,#3198,.F.);
#3258 = ORIENTED_EDGE('',*,*,#2737,.T.);
#3259 = ORIENTED_EDGE('',*,*,#3260,.T.);
#3260 = EDGE_CURVE('',#2715,#1309,#3261,.T.);
#3261 = SURFACE_CURVE('',#3262,(#3266,#3273),.PCURVE_S1.);
#3262 = LINE('',#3263,#3264);
#3263 = CARTESIAN_POINT('',(24.228087474037,44.278087474037,
    -0.221912525963));
#3264 = VECTOR('',#3265,1.);
#3265 = DIRECTION('',(-0.57735026919,-0.57735026919,-0.57735026919));
#3266 = PCURVE('',#1324,#3267);
#3267 = DEFINITIONAL_REPRESENTATION('',(#3268),#3272);
#3268 = LINE('',#3269,#3270);
#3269 = CARTESIAN_POINT('',(-0.659562629816,0.17241034764));
#3270 = VECTOR('',#3271,1.);
#3271 = DIRECTION('',(0.57735026919,0.816496580928));
#3272 = ( GEOMETRIC_REPRESENTATION_CONTEXT(2) 
PARAMETRIC_REPRESENTATION_CONTEXT() REPRESENTATION_CONTEXT('2D SPACE',''
  ) );
#3273 = PCURVE('',#1352,#3274);
#3274 = DEFINITIONAL_REPRESENTATION('',(#3275),#3279);
#3275 = LINE('',#3276,#3277);
#3276 = CARTESIAN_POINT('',(-0.171912525963,0.17241034764));
#3277 = VECTOR('',#3278,1.);
#3278 = DIRECTION('',(-0.57735026919,0.816496580928));
#3279 = ( GEOMETRIC_REPRESENTATION_CONTEXT(2) 
PARAMETRIC_REPRESENTATION_CONTEXT() REPRESENTATION_CONTEXT('2D SPACE',''
  ) );
#3280 = ORIENTED_EDGE('',*,*,#1308,.F.);
#3281 = ADVANCED_FACE('',(#3282),#1380,.T.);
#3282 = FACE_BOUND('',#3283,.F.);
#3283 = EDGE_LOOP('',(#3284,#3305,#3306,#3307));
#3284 = ORIENTED_EDGE('',*,*,#3285,.F.);
#3285 = EDGE_CURVE('',#2766,#1337,#3286,.T.);
#3286 = SURFACE_CURVE('',#3287,(#3291,#3298),.PCURVE_S1.);
#3287 = LINE('',#3288,#3289);
#3288 = CARTESIAN_POINT('',(23.183333333333,44.166666666667,
    -0.333333333333));
#3289 = VECTOR('',#3290,1.);
#3290 = DIRECTION('',(0.57735026919,-0.57735026919,-0.57735026919));
#3291 = PCURVE('',#1380,#3292);
#3292 = DEFINITIONAL_REPRESENTATION('',(#3293),#3297);
#3293 = LINE('',#3294,#3295);
#3294 = CARTESIAN_POINT('',(-0.283333333333,0.329983164554));
#3295 = VECTOR('',#3296,1.);
#3296 = DIRECTION('',(-0.57735026919,0.816496580928));
#3297 = ( GEOMETRIC_REPRESENTATION_CONTEXT(2) 
PARAMETRIC_REPRESENTATION_CONTEXT() REPRESENTATION_CONTEXT('2D SPACE',''
  ) );
#3298 = PCURVE('',#1352,#3299);
#3299 = DEFINITIONAL_REPRESENTATION('',(#3300),#3304);
#3300 = LINE('',#3301,#3302);
#3301 = CARTESIAN_POINT('',(-1.216666666667,0.329983164554));
#3302 = VECTOR('',#3303,1.);
#3303 = DIRECTION('',(0.57735026919,0.816496580928));
#3304 = ( GEOMETRIC_REPRESENTATION_CONTEXT(2) 
PARAMETRIC_REPRESENTATION_CONTEXT() REPRESENTATION_CONTEXT('2D SPACE',''
  ) );
#3305 = ORIENTED_EDGE('',*,*,#2833,.T.);
#3306 = ORIENTED_EDGE('',*,*,#3229,.T.);
#3307 = ORIENTED_EDGE('',*,*,#1364,.F.);
#3308 = ADVANCED_FACE('',(#3309),#1352,.T.);
#3309 = FACE_BOUND('',#3310,.F.);
#3310 = EDGE_LOOP('',(#3311,#3312,#3313,#3314));
#3311 = ORIENTED_EDGE('',*,*,#3260,.F.);
#3312 = ORIENTED_EDGE('',*,*,#2788,.T.);
#3313 = ORIENTED_EDGE('',*,*,#3285,.T.);
#3314 = ORIENTED_EDGE('',*,*,#1336,.F.);
#3315 = ADVANCED_FACE('',(#3316),#1532,.F.);
#3316 = FACE_BOUND('',#3317,.T.);
#3317 = EDGE_LOOP('',(#3318,#3339,#3340,#3341));
#3318 = ORIENTED_EDGE('',*,*,#3319,.F.);
#3319 = EDGE_CURVE('',#1512,#3320,#3322,.T.);
#3320 = VERTEX_POINT('',#3321);
#3321 = CARTESIAN_POINT('',(-20.9,-41.45,-5.E-02));
#3322 = SEAM_CURVE('',#3323,(#3327,#3333),.PCURVE_S1.);
#3323 = LINE('',#3324,#3325);
#3324 = CARTESIAN_POINT('',(-20.9,-41.45,-5.E-02));
#3325 = VECTOR('',#3326,1.);
#3326 = DIRECTION('',(-0.707106781187,0.,0.707106781187));
#3327 = PCURVE('',#1532,#3328);
#3328 = DEFINITIONAL_REPRESENTATION('',(#3329),#3332);
#3329 = B_SPLINE_CURVE_WITH_KNOTS('',1,(#3330,#3331),.UNSPECIFIED.,.F.,
  .F.,(2,2),(-0.141421356237,0.),.PIECEWISE_BEZIER_KNOTS.);
#3330 = CARTESIAN_POINT('',(0.,1.E-01));
#3331 = CARTESIAN_POINT('',(0.,0.));
#3332 = ( GEOMETRIC_REPRESENTATION_CONTEXT(2) 
PARAMETRIC_REPRESENTATION_CONTEXT() REPRESENTATION_CONTEXT('2D SPACE',''
  ) );
#3333 = PCURVE('',#1532,#3334);
#3334 = DEFINITIONAL_REPRESENTATION('',(#3335),#3338);
#3335 = B_SPLINE_CURVE_WITH_KNOTS('',1,(#3336,#3337),.UNSPECIFIED.,.F.,
  .F.,(2,2),(-0.141421356237,0.),.PIECEWISE_BEZIER_KNOTS.);
#3336 = CARTESIAN_POINT('',(6.28318530718,1.E-01));
#3337 = CARTESIAN_POINT('',(6.28318530718,0.));
#3338 = ( GEOMETRIC_REPRESENTATION_CONTEXT(2) 
PARAMETRIC_REPRESENTATION_CONTEXT() REPRESENTATION_CONTEXT('2D SPACE',''
  ) );
#3339 = ORIENTED_EDGE('',*,*,#1511,.T.);
#3340 = ORIENTED_EDGE('',*,*,#3319,.T.);
#3341 = ORIENTED_EDGE('',*,*,#3342,.F.);
#3342 = EDGE_CURVE('',#3320,#3320,#3343,.T.);
#3343 = SURFACE_CURVE('',#3344,(#3349,#3356),.PCURVE_S1.);
#3344 = CIRCLE('',#3345,1.5);
#3345 = AXIS2_PLACEMENT_3D('',#3346,#3347,#3348);
#3346 = CARTESIAN_POINT('',(-22.4,-41.45,-5.E-02));
#3347 = DIRECTION('',(0.,-0.,-1.));
#3348 = DIRECTION('',(1.,0.,-0.));
#3349 = PCURVE('',#1532,#3350);
#3350 = DEFINITIONAL_REPRESENTATION('',(#3351),#3355);
#3351 = LINE('',#3352,#3353);
#3352 = CARTESIAN_POINT('',(0.,-0.));
#3353 = VECTOR('',#3354,1.);
#3354 = DIRECTION('',(1.,-0.));
#3355 = ( GEOMETRIC_REPRESENTATION_CONTEXT(2) 
PARAMETRIC_REPRESENTATION_CONTEXT() REPRESENTATION_CONTEXT('2D SPACE',''
  ) );
#3356 = PCURVE('',#3357,#3362);
#3357 = CYLINDRICAL_SURFACE('',#3358,1.5);
#3358 = AXIS2_PLACEMENT_3D('',#3359,#3360,#3361);
#3359 = CARTESIAN_POINT('',(-22.4,-41.45,-0.55));
#3360 = DIRECTION('',(-0.,-0.,-1.));
#3361 = DIRECTION('',(1.,0.,0.));
#3362 = DEFINITIONAL_REPRESENTATION('',(#3363),#3367);
#3363 = LINE('',#3364,#3365);
#3364 = CARTESIAN_POINT('',(-6.28318530718,-0.5));
#3365 = VECTOR('',#3366,1.);
#3366 = DIRECTION('',(1.,-0.));
#3367 = ( GEOMETRIC_REPRESENTATION_CONTEXT(2) 
PARAMETRIC_REPRESENTATION_CONTEXT() REPRESENTATION_CONTEXT('2D SPACE',''
  ) );
#3368 = ADVANCED_FACE('',(#3369),#1567,.F.);
#3369 = FACE_BOUND('',#3370,.T.);
#3370 = EDGE_LOOP('',(#3371,#3392,#3393,#3394));
#3371 = ORIENTED_EDGE('',*,*,#3372,.F.);
#3372 = EDGE_CURVE('',#1547,#3373,#3375,.T.);
#3373 = VERTEX_POINT('',#3374);
#3374 = CARTESIAN_POINT('',(23.9,-41.45,-5.E-02));
#3375 = SEAM_CURVE('',#3376,(#3380,#3386),.PCURVE_S1.);
#3376 = LINE('',#3377,#3378);
#3377 = CARTESIAN_POINT('',(23.9,-41.45,-5.E-02));
#3378 = VECTOR('',#3379,1.);
#3379 = DIRECTION('',(-0.707106781187,0.,0.707106781187));
#3380 = PCURVE('',#1567,#3381);
#3381 = DEFINITIONAL_REPRESENTATION('',(#3382),#3385);
#3382 = B_SPLINE_CURVE_WITH_KNOTS('',1,(#3383,#3384),.UNSPECIFIED.,.F.,
  .F.,(2,2),(-0.141421356237,0.),.PIECEWISE_BEZIER_KNOTS.);
#3383 = CARTESIAN_POINT('',(0.,1.E-01));
#3384 = CARTESIAN_POINT('',(0.,0.));
#3385 = ( GEOMETRIC_REPRESENTATION_CONTEXT(2) 
PARAMETRIC_REPRESENTATION_CONTEXT() REPRESENTATION_CONTEXT('2D SPACE',''
  ) );
#3386 = PCURVE('',#1567,#3387);
#3387 = DEFINITIONAL_REPRESENTATION('',(#3388),#3391);
#3388 = B_SPLINE_CURVE_WITH_KNOTS('',1,(#3389,#3390),.UNSPECIFIED.,.F.,
  .F.,(2,2),(-0.141421356237,0.),.PIECEWISE_BEZIER_KNOTS.);
#3389 = CARTESIAN_POINT('',(6.28318530718,1.E-01));
#3390 = CARTESIAN_POINT('',(6.28318530718,0.));
#3391 = ( GEOMETRIC_REPRESENTATION_CONTEXT(2) 
PARAMETRIC_REPRESENTATION_CONTEXT() REPRESENTATION_CONTEXT('2D SPACE',''
  ) );
#3392 = ORIENTED_EDGE('',*,*,#1546,.T.);
#3393 = ORIENTED_EDGE('',*,*,#3372,.T.);
#3394 = ORIENTED_EDGE('',*,*,#3395,.F.);
#3395 = EDGE_CURVE('',#3373,#3373,#3396,.T.);
#3396 = SURFACE_CURVE('',#3397,(#3402,#3409),.PCURVE_S1.);
#3397 = CIRCLE('',#3398,1.5);
#3398 = AXIS2_PLACEMENT_3D('',#3399,#3400,#3401);
#3399 = CARTESIAN_POINT('',(22.4,-41.45,-5.E-02));
#3400 = DIRECTION('',(0.,-0.,-1.));
#3401 = DIRECTION('',(1.,0.,-0.));
#3402 = PCURVE('',#1567,#3403);
#3403 = DEFINITIONAL_REPRESENTATION('',(#3404),#3408);
#3404 = LINE('',#3405,#3406);
#3405 = CARTESIAN_POINT('',(0.,-0.));
#3406 = VECTOR('',#3407,1.);
#3407 = DIRECTION('',(1.,-0.));
#3408 = ( GEOMETRIC_REPRESENTATION_CONTEXT(2) 
PARAMETRIC_REPRESENTATION_CONTEXT() REPRESENTATION_CONTEXT('2D SPACE',''
  ) );
#3409 = PCURVE('',#3410,#3415);
#3410 = CYLINDRICAL_SURFACE('',#3411,1.5);
#3411 = AXIS2_PLACEMENT_3D('',#3412,#3413,#3414);
#3412 = CARTESIAN_POINT('',(22.4,-41.45,-0.55));
#3413 = DIRECTION('',(-0.,-0.,-1.));
#3414 = DIRECTION('',(1.,0.,0.));
#3415 = DEFINITIONAL_REPRESENTATION('',(#3416),#3420);
#3416 = LINE('',#3417,#3418);
#3417 = CARTESIAN_POINT('',(-6.28318530718,-0.5));
#3418 = VECTOR('',#3419,1.);
#3419 = DIRECTION('',(1.,-0.));
#3420 = ( GEOMETRIC_REPRESENTATION_CONTEXT(2) 
PARAMETRIC_REPRESENTATION_CONTEXT() REPRESENTATION_CONTEXT('2D SPACE',''
  ) );
#3421 = ADVANCED_FACE('',(#3422),#1602,.F.);
#3422 = FACE_BOUND('',#3423,.T.);
#3423 = EDGE_LOOP('',(#3424,#3445,#3446,#3447));
#3424 = ORIENTED_EDGE('',*,*,#3425,.F.);
#3425 = EDGE_CURVE('',#1582,#3426,#3428,.T.);
#3426 = VERTEX_POINT('',#3427);
#3427 = CARTESIAN_POINT('',(-20.9,41.45,-5.E-02));
#3428 = SEAM_CURVE('',#3429,(#3433,#3439),.PCURVE_S1.);
#3429 = LINE('',#3430,#3431);
#3430 = CARTESIAN_POINT('',(-20.9,41.45,-5.E-02));
#3431 = VECTOR('',#3432,1.);
#3432 = DIRECTION('',(-0.707106781187,0.,0.707106781187));
#3433 = PCURVE('',#1602,#3434);
#3434 = DEFINITIONAL_REPRESENTATION('',(#3435),#3438);
#3435 = B_SPLINE_CURVE_WITH_KNOTS('',1,(#3436,#3437),.UNSPECIFIED.,.F.,
  .F.,(2,2),(-0.141421356237,0.),.PIECEWISE_BEZIER_KNOTS.);
#3436 = CARTESIAN_POINT('',(0.,1.E-01));
#3437 = CARTESIAN_POINT('',(0.,0.));
#3438 = ( GEOMETRIC_REPRESENTATION_CONTEXT(2) 
PARAMETRIC_REPRESENTATION_CONTEXT() REPRESENTATION_CONTEXT('2D SPACE',''
  ) );
#3439 = PCURVE('',#1602,#3440);
#3440 = DEFINITIONAL_REPRESENTATION('',(#3441),#3444);
#3441 = B_SPLINE_CURVE_WITH_KNOTS('',1,(#3442,#3443),.UNSPECIFIED.,.F.,
  .F.,(2,2),(-0.141421356237,0.),.PIECEWISE_BEZIER_KNOTS.);
#3442 = CARTESIAN_POINT('',(6.28318530718,1.E-01));
#3443 = CARTESIAN_POINT('',(6.28318530718,0.));
#3444 = ( GEOMETRIC_REPRESENTATION_CONTEXT(2) 
PARAMETRIC_REPRESENTATION_CONTEXT() REPRESENTATION_CONTEXT('2D SPACE',''
  ) );
#3445 = ORIENTED_EDGE('',*,*,#1581,.T.);
#3446 = ORIENTED_EDGE('',*,*,#3425,.T.);
#3447 = ORIENTED_EDGE('',*,*,#3448,.F.);
#3448 = EDGE_CURVE('',#3426,#3426,#3449,.T.);
#3449 = SURFACE_CURVE('',#3450,(#3455,#3462),.PCURVE_S1.);
#3450 = CIRCLE('',#3451,1.5);
#3451 = AXIS2_PLACEMENT_3D('',#3452,#3453,#3454);
#3452 = CARTESIAN_POINT('',(-22.4,41.45,-5.E-02));
#3453 = DIRECTION('',(0.,-0.,-1.));
#3454 = DIRECTION('',(1.,0.,-0.));
#3455 = PCURVE('',#1602,#3456);
#3456 = DEFINITIONAL_REPRESENTATION('',(#3457),#3461);
#3457 = LINE('',#3458,#3459);
#3458 = CARTESIAN_POINT('',(0.,-0.));
#3459 = VECTOR('',#3460,1.);
#3460 = DIRECTION('',(1.,-0.));
#3461 = ( GEOMETRIC_REPRESENTATION_CONTEXT(2) 
PARAMETRIC_REPRESENTATION_CONTEXT() REPRESENTATION_CONTEXT('2D SPACE',''
  ) );
#3462 = PCURVE('',#3463,#3468);
#3463 = CYLINDRICAL_SURFACE('',#3464,1.5);
#3464 = AXIS2_PLACEMENT_3D('',#3465,#3466,#3467);
#3465 = CARTESIAN_POINT('',(-22.4,41.45,-0.55));
#3466 = DIRECTION('',(-0.,-0.,-1.));
#3467 = DIRECTION('',(1.,0.,0.));
#3468 = DEFINITIONAL_REPRESENTATION('',(#3469),#3473);
#3469 = LINE('',#3470,#3471);
#3470 = CARTESIAN_POINT('',(-6.28318530718,-0.5));
#3471 = VECTOR('',#3472,1.);
#3472 = DIRECTION('',(1.,-0.));
#3473 = ( GEOMETRIC_REPRESENTATION_CONTEXT(2) 
PARAMETRIC_REPRESENTATION_CONTEXT() REPRESENTATION_CONTEXT('2D SPACE',''
  ) );
#3474 = ADVANCED_FACE('',(#3475),#1634,.F.);
#3475 = FACE_BOUND('',#3476,.T.);
#3476 = EDGE_LOOP('',(#3477,#3504,#3505,#3532));
#3477 = ORIENTED_EDGE('',*,*,#3478,.F.);
#3478 = EDGE_CURVE('',#1617,#3479,#3481,.T.);
#3479 = VERTEX_POINT('',#3480);
#3480 = CARTESIAN_POINT('',(-20.,42.45,-5.E-02));
#3481 = SURFACE_CURVE('',#3482,(#3487,#3494),.PCURVE_S1.);
#3482 = PARABOLA('',#3483,1.272792206136);
#3483 = AXIS2_PLACEMENT_3D('',#3484,#3485,#3486);
#3484 = CARTESIAN_POINT('',(-22.4,43.25,-0.85));
#3485 = DIRECTION('',(0.,0.707106781187,0.707106781187));
#3486 = DIRECTION('',(0.,-0.707106781187,0.707106781187));
#3487 = PCURVE('',#1634,#3488);
#3488 = DEFINITIONAL_REPRESENTATION('',(#3489),#3493);
#3489 = B_SPLINE_CURVE_WITH_KNOTS('',2,(#3490,#3491,#3492),
  .UNSPECIFIED.,.F.,.F.,(3,3),(2.244994432065,2.4),
  .PIECEWISE_BEZIER_KNOTS.);
#3490 = CARTESIAN_POINT('',(0.155005567935,-7.071067811852E-02));
#3491 = CARTESIAN_POINT('',(7.750278396774E-02,-2.359647353908E-03));
#3492 = CARTESIAN_POINT('',(0.,7.071067811866E-02));
#3493 = ( GEOMETRIC_REPRESENTATION_CONTEXT(2) 
PARAMETRIC_REPRESENTATION_CONTEXT() REPRESENTATION_CONTEXT('2D SPACE',''
  ) );
#3494 = PCURVE('',#1952,#3495);
#3495 = DEFINITIONAL_REPRESENTATION('',(#3496),#3503);
#3496 = B_SPLINE_CURVE_WITH_KNOTS('',5,(#3497,#3498,#3499,#3500,#3501,
    #3502),.UNSPECIFIED.,.F.,.F.,(6,6),(2.244994432065,2.4),
  .PIECEWISE_BEZIER_KNOTS.);
#3497 = CARTESIAN_POINT('',(6.080755369606E-02,-1.E-01));
#3498 = CARTESIAN_POINT('',(4.840710826123E-02,-8.06674090581E-02));
#3499 = CARTESIAN_POINT('',(3.612652920057E-02,-6.100111358716E-02));
#3500 = CARTESIAN_POINT('',(2.396548543727E-02,-4.100111358719E-02));
#3501 = CARTESIAN_POINT('',(1.192350522587E-02,-2.066740905815E-02));
#3502 = CARTESIAN_POINT('',(6.306066779871E-14,-8.924018818624E-14));
#3503 = ( GEOMETRIC_REPRESENTATION_CONTEXT(2) 
PARAMETRIC_REPRESENTATION_CONTEXT() REPRESENTATION_CONTEXT('2D SPACE',''
  ) );
#3504 = ORIENTED_EDGE('',*,*,#1616,.T.);
#3505 = ORIENTED_EDGE('',*,*,#3506,.T.);
#3506 = EDGE_CURVE('',#1619,#3507,#3509,.T.);
#3507 = VERTEX_POINT('',#3508);
#3508 = CARTESIAN_POINT('',(20.,42.45,-5.E-02));
#3509 = SURFACE_CURVE('',#3510,(#3515,#3522),.PCURVE_S1.);
#3510 = PARABOLA('',#3511,1.272792206136);
#3511 = AXIS2_PLACEMENT_3D('',#3512,#3513,#3514);
#3512 = CARTESIAN_POINT('',(22.4,43.25,-0.85));
#3513 = DIRECTION('',(-0.,-0.707106781187,-0.707106781187));
#3514 = DIRECTION('',(0.,-0.707106781187,0.707106781187));
#3515 = PCURVE('',#1634,#3516);
#3516 = DEFINITIONAL_REPRESENTATION('',(#3517),#3521);
#3517 = B_SPLINE_CURVE_WITH_KNOTS('',2,(#3518,#3519,#3520),
  .UNSPECIFIED.,.F.,.F.,(3,3),(2.244994432065,2.4),
  .PIECEWISE_BEZIER_KNOTS.);
#3518 = CARTESIAN_POINT('',(-40.15500556793,-7.071067811849E-02));
#3519 = CARTESIAN_POINT('',(-40.07750278396,-2.359647353794E-03));
#3520 = CARTESIAN_POINT('',(-40.,7.071067811887E-02));
#3521 = ( GEOMETRIC_REPRESENTATION_CONTEXT(2) 
PARAMETRIC_REPRESENTATION_CONTEXT() REPRESENTATION_CONTEXT('2D SPACE',''
  ) );
#3522 = PCURVE('',#1663,#3523);
#3523 = DEFINITIONAL_REPRESENTATION('',(#3524),#3531);
#3524 = B_SPLINE_CURVE_WITH_KNOTS('',5,(#3525,#3526,#3527,#3528,#3529,
    #3530),.UNSPECIFIED.,.F.,.F.,(6,6),(2.244994432065,2.4),
  .PIECEWISE_BEZIER_KNOTS.);
#3525 = CARTESIAN_POINT('',(-6.080755369602E-02,-1.E-01));
#3526 = CARTESIAN_POINT('',(-4.840710826117E-02,-8.066740905808E-02));
#3527 = CARTESIAN_POINT('',(-3.61265292005E-02,-6.100111358713E-02));
#3528 = CARTESIAN_POINT('',(-2.396548543718E-02,-4.100111358708E-02));
#3529 = CARTESIAN_POINT('',(-1.192350522577E-02,-2.066740905806E-02));
#3530 = CARTESIAN_POINT('',(4.707345624411E-14,2.80968822386E-14));
#3531 = ( GEOMETRIC_REPRESENTATION_CONTEXT(2) 
PARAMETRIC_REPRESENTATION_CONTEXT() REPRESENTATION_CONTEXT('2D SPACE',''
  ) );
#3532 = ORIENTED_EDGE('',*,*,#3533,.F.);
#3533 = EDGE_CURVE('',#3479,#3507,#3534,.T.);
#3534 = SURFACE_CURVE('',#3535,(#3539,#3546),.PCURVE_S1.);
#3535 = LINE('',#3536,#3537);
#3536 = CARTESIAN_POINT('',(-20.,42.45,-5.E-02));
#3537 = VECTOR('',#3538,1.);
#3538 = DIRECTION('',(1.,0.,-0.));
#3539 = PCURVE('',#1634,#3540);
#3540 = DEFINITIONAL_REPRESENTATION('',(#3541),#3545);
#3541 = LINE('',#3542,#3543);
#3542 = CARTESIAN_POINT('',(-0.,7.071067811865E-02));
#3543 = VECTOR('',#3544,1.);
#3544 = DIRECTION('',(-1.,0.));
#3545 = ( GEOMETRIC_REPRESENTATION_CONTEXT(2) 
PARAMETRIC_REPRESENTATION_CONTEXT() REPRESENTATION_CONTEXT('2D SPACE',''
  ) );
#3546 = PCURVE('',#3547,#3552);
#3547 = PLANE('',#3548);
#3548 = AXIS2_PLACEMENT_3D('',#3549,#3550,#3551);
#3549 = CARTESIAN_POINT('',(24.4,42.45,-0.16));
#3550 = DIRECTION('',(0.,-1.,0.));
#3551 = DIRECTION('',(-1.,0.,0.));
#3552 = DEFINITIONAL_REPRESENTATION('',(#3553),#3557);
#3553 = LINE('',#3554,#3555);
#3554 = CARTESIAN_POINT('',(44.4,-0.11));
#3555 = VECTOR('',#3556,1.);
#3556 = DIRECTION('',(-1.,0.));
#3557 = ( GEOMETRIC_REPRESENTATION_CONTEXT(2) 
PARAMETRIC_REPRESENTATION_CONTEXT() REPRESENTATION_CONTEXT('2D SPACE',''
  ) );
#3558 = ADVANCED_FACE('',(#3559),#1952,.T.);
#3559 = FACE_BOUND('',#3560,.F.);
#3560 = EDGE_LOOP('',(#3561,#3562,#3563,#3590));
#3561 = ORIENTED_EDGE('',*,*,#3478,.F.);
#3562 = ORIENTED_EDGE('',*,*,#1933,.T.);
#3563 = ORIENTED_EDGE('',*,*,#3564,.T.);
#3564 = EDGE_CURVE('',#1906,#3565,#3567,.T.);
#3565 = VERTEX_POINT('',#3566);
#3566 = CARTESIAN_POINT('',(-22.9,38.898529835565,-5.E-02));
#3567 = SURFACE_CURVE('',#3568,(#3573,#3583),.PCURVE_S1.);
#3568 = PARABOLA('',#3569,1.096015510839);
#3569 = AXIS2_PLACEMENT_3D('',#3570,#3571,#3572);
#3570 = CARTESIAN_POINT('',(-23.95,41.45,-1.1));
#3571 = DIRECTION('',(0.707106781187,0.,-0.707106781187));
#3572 = DIRECTION('',(0.707106781187,0.,0.707106781187));
#3573 = PCURVE('',#1952,#3574);
#3574 = DEFINITIONAL_REPRESENTATION('',(#3575),#3582);
#3575 = B_SPLINE_CURVE_WITH_KNOTS('',5,(#3576,#3577,#3578,#3579,#3580,
    #3581),.UNSPECIFIED.,.F.,.F.,(6,6),(2.426932219902,2.551470164435),
  .PIECEWISE_BEZIER_KNOTS.);
#3576 = CARTESIAN_POINT('',(-2.207953297534,-1.E-01));
#3577 = CARTESIAN_POINT('',(-2.197990261971,-8.050031289124E-02));
#3578 = CARTESIAN_POINT('',(-2.188124364452,-6.075046933686E-02));
#3579 = CARTESIAN_POINT('',(-2.178354740937,-4.075046933685E-02));
#3580 = CARTESIAN_POINT('',(-2.168680480893,-2.050031289124E-02));
#3581 = CARTESIAN_POINT('',(-2.159100639005,-6.689093723367E-15));
#3582 = ( GEOMETRIC_REPRESENTATION_CONTEXT(2) 
PARAMETRIC_REPRESENTATION_CONTEXT() REPRESENTATION_CONTEXT('2D SPACE',''
  ) );
#3583 = PCURVE('',#1921,#3584);
#3584 = DEFINITIONAL_REPRESENTATION('',(#3585),#3589);
#3585 = B_SPLINE_CURVE_WITH_KNOTS('',2,(#3586,#3587,#3588),
  .UNSPECIFIED.,.F.,.F.,(3,3),(2.426932219902,2.551470164435),
  .PIECEWISE_BEZIER_KNOTS.);
#3586 = CARTESIAN_POINT('',(-77.92159761566,-7.071067811865E-02));
#3587 = CARTESIAN_POINT('',(-77.85932864339,-1.76887319054E-03));
#3588 = CARTESIAN_POINT('',(-77.79705967113,7.071067811865E-02));
#3589 = ( GEOMETRIC_REPRESENTATION_CONTEXT(2) 
PARAMETRIC_REPRESENTATION_CONTEXT() REPRESENTATION_CONTEXT('2D SPACE',''
  ) );
#3590 = ORIENTED_EDGE('',*,*,#3591,.F.);
#3591 = EDGE_CURVE('',#3479,#3565,#3592,.T.);
#3592 = SURFACE_CURVE('',#3593,(#3598,#3605),.PCURVE_S1.);
#3593 = CIRCLE('',#3594,2.6);
#3594 = AXIS2_PLACEMENT_3D('',#3595,#3596,#3597);
#3595 = CARTESIAN_POINT('',(-22.4,41.45,-5.E-02));
#3596 = DIRECTION('',(0.,-0.,-1.));
#3597 = DIRECTION('',(0.923076923077,0.384615384615,-0.));
#3598 = PCURVE('',#1952,#3599);
#3599 = DEFINITIONAL_REPRESENTATION('',(#3600),#3604);
#3600 = LINE('',#3601,#3602);
#3601 = CARTESIAN_POINT('',(-0.,0.));
#3602 = VECTOR('',#3603,1.);
#3603 = DIRECTION('',(-1.,0.));
#3604 = ( GEOMETRIC_REPRESENTATION_CONTEXT(2) 
PARAMETRIC_REPRESENTATION_CONTEXT() REPRESENTATION_CONTEXT('2D SPACE',''
  ) );
#3605 = PCURVE('',#3606,#3611);
#3606 = CYLINDRICAL_SURFACE('',#3607,2.6);
#3607 = AXIS2_PLACEMENT_3D('',#3608,#3609,#3610);
#3608 = CARTESIAN_POINT('',(-22.4,41.45,-0.15));
#3609 = DIRECTION('',(-0.,-0.,-1.));
#3610 = DIRECTION('',(1.,0.,0.));
#3611 = DEFINITIONAL_REPRESENTATION('',(#3612),#3616);
#3612 = LINE('',#3613,#3614);
#3613 = CARTESIAN_POINT('',(-6.677976426879,-0.1));
#3614 = VECTOR('',#3615,1.);
#3615 = DIRECTION('',(1.,-0.));
#3616 = ( GEOMETRIC_REPRESENTATION_CONTEXT(2) 
PARAMETRIC_REPRESENTATION_CONTEXT() REPRESENTATION_CONTEXT('2D SPACE',''
  ) );
#3617 = ADVANCED_FACE('',(#3618),#1663,.T.);
#3618 = FACE_BOUND('',#3619,.T.);
#3619 = EDGE_LOOP('',(#3620,#3621,#3622,#3649));
#3620 = ORIENTED_EDGE('',*,*,#3506,.F.);
#3621 = ORIENTED_EDGE('',*,*,#1646,.T.);
#3622 = ORIENTED_EDGE('',*,*,#3623,.T.);
#3623 = EDGE_CURVE('',#1647,#3624,#3626,.T.);
#3624 = VERTEX_POINT('',#3625);
#3625 = CARTESIAN_POINT('',(22.9,38.898529835565,-5.E-02));
#3626 = SURFACE_CURVE('',#3627,(#3632,#3642),.PCURVE_S1.);
#3627 = PARABOLA('',#3628,1.096015510839);
#3628 = AXIS2_PLACEMENT_3D('',#3629,#3630,#3631);
#3629 = CARTESIAN_POINT('',(23.95,41.45,-1.1));
#3630 = DIRECTION('',(0.707106781187,0.,0.707106781187));
#3631 = DIRECTION('',(-0.707106781187,0.,0.707106781187));
#3632 = PCURVE('',#1663,#3633);
#3633 = DEFINITIONAL_REPRESENTATION('',(#3634),#3641);
#3634 = B_SPLINE_CURVE_WITH_KNOTS('',5,(#3635,#3636,#3637,#3638,#3639,
    #3640),.UNSPECIFIED.,.F.,.F.,(6,6),(2.426932219902,2.551470164435),
  .PIECEWISE_BEZIER_KNOTS.);
#3635 = CARTESIAN_POINT('',(2.207953297534,-1.E-01));
#3636 = CARTESIAN_POINT('',(2.197990261971,-8.050031289123E-02));
#3637 = CARTESIAN_POINT('',(2.188124364452,-6.075046933687E-02));
#3638 = CARTESIAN_POINT('',(2.178354740937,-4.075046933685E-02));
#3639 = CARTESIAN_POINT('',(2.168680480893,-2.050031289124E-02));
#3640 = CARTESIAN_POINT('',(2.159100639005,-4.912736883966E-15));
#3641 = ( GEOMETRIC_REPRESENTATION_CONTEXT(2) 
PARAMETRIC_REPRESENTATION_CONTEXT() REPRESENTATION_CONTEXT('2D SPACE',''
  ) );
#3642 = PCURVE('',#1691,#3643);
#3643 = DEFINITIONAL_REPRESENTATION('',(#3644),#3648);
#3644 = B_SPLINE_CURVE_WITH_KNOTS('',2,(#3645,#3646,#3647),
  .UNSPECIFIED.,.F.,.F.,(3,3),(2.426932219902,2.551470164435),
  .PIECEWISE_BEZIER_KNOTS.);
#3645 = CARTESIAN_POINT('',(-0.124537944532,-7.071067811865E-02));
#3646 = CARTESIAN_POINT('',(-6.226897226617E-02,-1.76887319054E-03));
#3647 = CARTESIAN_POINT('',(-2.84217094304E-14,7.071067811865E-02));
#3648 = ( GEOMETRIC_REPRESENTATION_CONTEXT(2) 
PARAMETRIC_REPRESENTATION_CONTEXT() REPRESENTATION_CONTEXT('2D SPACE',''
  ) );
#3649 = ORIENTED_EDGE('',*,*,#3650,.F.);
#3650 = EDGE_CURVE('',#3507,#3624,#3651,.T.);
#3651 = SURFACE_CURVE('',#3652,(#3657,#3664),.PCURVE_S1.);
#3652 = CIRCLE('',#3653,2.6);
#3653 = AXIS2_PLACEMENT_3D('',#3654,#3655,#3656);
#3654 = CARTESIAN_POINT('',(22.4,41.45,-5.E-02));
#3655 = DIRECTION('',(0.,0.,1.));
#3656 = DIRECTION('',(-0.923076923077,0.384615384615,0.));
#3657 = PCURVE('',#1663,#3658);
#3658 = DEFINITIONAL_REPRESENTATION('',(#3659),#3663);
#3659 = LINE('',#3660,#3661);
#3660 = CARTESIAN_POINT('',(0.,0.));
#3661 = VECTOR('',#3662,1.);
#3662 = DIRECTION('',(1.,0.));
#3663 = ( GEOMETRIC_REPRESENTATION_CONTEXT(2) 
PARAMETRIC_REPRESENTATION_CONTEXT() REPRESENTATION_CONTEXT('2D SPACE',''
  ) );
#3664 = PCURVE('',#3665,#3670);
#3665 = CYLINDRICAL_SURFACE('',#3666,2.6);
#3666 = AXIS2_PLACEMENT_3D('',#3667,#3668,#3669);
#3667 = CARTESIAN_POINT('',(22.4,41.45,-0.15));
#3668 = DIRECTION('',(-0.,-0.,-1.));
#3669 = DIRECTION('',(1.,0.,0.));
#3670 = DEFINITIONAL_REPRESENTATION('',(#3671),#3675);
#3671 = LINE('',#3672,#3673);
#3672 = CARTESIAN_POINT('',(-2.74680153389,-0.1));
#3673 = VECTOR('',#3674,1.);
#3674 = DIRECTION('',(-1.,0.));
#3675 = ( GEOMETRIC_REPRESENTATION_CONTEXT(2) 
PARAMETRIC_REPRESENTATION_CONTEXT() REPRESENTATION_CONTEXT('2D SPACE',''
  ) );
#3676 = ADVANCED_FACE('',(#3677),#1921,.F.);
#3677 = FACE_BOUND('',#3678,.T.);
#3678 = EDGE_LOOP('',(#3679,#3706,#3707,#3708));
#3679 = ORIENTED_EDGE('',*,*,#3680,.F.);
#3680 = EDGE_CURVE('',#1873,#3681,#3683,.T.);
#3681 = VERTEX_POINT('',#3682);
#3682 = CARTESIAN_POINT('',(-22.9,-38.89852983556,-5.E-02));
#3683 = SURFACE_CURVE('',#3684,(#3689,#3696),.PCURVE_S1.);
#3684 = PARABOLA('',#3685,1.096015510839);
#3685 = AXIS2_PLACEMENT_3D('',#3686,#3687,#3688);
#3686 = CARTESIAN_POINT('',(-23.95,-41.45,-1.1));
#3687 = DIRECTION('',(-0.707106781187,0.,0.707106781187));
#3688 = DIRECTION('',(0.707106781187,0.,0.707106781187));
#3689 = PCURVE('',#1921,#3690);
#3690 = DEFINITIONAL_REPRESENTATION('',(#3691),#3695);
#3691 = B_SPLINE_CURVE_WITH_KNOTS('',2,(#3692,#3693,#3694),
  .UNSPECIFIED.,.F.,.F.,(3,3),(2.426932219902,2.551470164435),
  .PIECEWISE_BEZIER_KNOTS.);
#3692 = CARTESIAN_POINT('',(0.124537944532,-7.071067811859E-02));
#3693 = CARTESIAN_POINT('',(6.226897226614E-02,-1.768873190487E-03));
#3694 = CARTESIAN_POINT('',(0.,7.07106781187E-02));
#3695 = ( GEOMETRIC_REPRESENTATION_CONTEXT(2) 
PARAMETRIC_REPRESENTATION_CONTEXT() REPRESENTATION_CONTEXT('2D SPACE',''
  ) );
#3696 = PCURVE('',#1893,#3697);
#3697 = DEFINITIONAL_REPRESENTATION('',(#3698),#3705);
#3698 = B_SPLINE_CURVE_WITH_KNOTS('',5,(#3699,#3700,#3701,#3702,#3703,
    #3704),.UNSPECIFIED.,.F.,.F.,(6,6),(2.426932219902,2.551470164435),
  .PIECEWISE_BEZIER_KNOTS.);
#3699 = CARTESIAN_POINT('',(4.885265852822E-02,-1.E-01));
#3700 = CARTESIAN_POINT('',(3.888962296563E-02,-8.050031289124E-02));
#3701 = CARTESIAN_POINT('',(2.902372544658E-02,-6.075046933687E-02));
#3702 = CARTESIAN_POINT('',(1.92541019317E-02,-4.075046933686E-02));
#3703 = CARTESIAN_POINT('',(9.579841887145E-03,-2.050031289126E-02));
#3704 = CARTESIAN_POINT('',(4.796163466381E-14,-2.275218747786E-14));
#3705 = ( GEOMETRIC_REPRESENTATION_CONTEXT(2) 
PARAMETRIC_REPRESENTATION_CONTEXT() REPRESENTATION_CONTEXT('2D SPACE',''
  ) );
#3706 = ORIENTED_EDGE('',*,*,#1905,.T.);
#3707 = ORIENTED_EDGE('',*,*,#3564,.T.);
#3708 = ORIENTED_EDGE('',*,*,#3709,.F.);
#3709 = EDGE_CURVE('',#3681,#3565,#3710,.T.);
#3710 = SURFACE_CURVE('',#3711,(#3715,#3722),.PCURVE_S1.);
#3711 = LINE('',#3712,#3713);
#3712 = CARTESIAN_POINT('',(-22.9,-38.89852983556,-5.E-02));
#3713 = VECTOR('',#3714,1.);
#3714 = DIRECTION('',(-0.,1.,0.));
#3715 = PCURVE('',#1921,#3716);
#3716 = DEFINITIONAL_REPRESENTATION('',(#3717),#3721);
#3717 = LINE('',#3718,#3719);
#3718 = CARTESIAN_POINT('',(-0.,7.071067811866E-02));
#3719 = VECTOR('',#3720,1.);
#3720 = DIRECTION('',(-1.,0.));
#3721 = ( GEOMETRIC_REPRESENTATION_CONTEXT(2) 
PARAMETRIC_REPRESENTATION_CONTEXT() REPRESENTATION_CONTEXT('2D SPACE',''
  ) );
#3722 = PCURVE('',#3723,#3728);
#3723 = PLANE('',#3724);
#3724 = AXIS2_PLACEMENT_3D('',#3725,#3726,#3727);
#3725 = CARTESIAN_POINT('',(-22.9,42.45,-0.16));
#3726 = DIRECTION('',(1.,0.,-0.));
#3727 = DIRECTION('',(0.,-1.,0.));
#3728 = DEFINITIONAL_REPRESENTATION('',(#3729),#3733);
#3729 = LINE('',#3730,#3731);
#3730 = CARTESIAN_POINT('',(81.348529835565,-0.11));
#3731 = VECTOR('',#3732,1.);
#3732 = DIRECTION('',(-1.,-0.));
#3733 = ( GEOMETRIC_REPRESENTATION_CONTEXT(2) 
PARAMETRIC_REPRESENTATION_CONTEXT() REPRESENTATION_CONTEXT('2D SPACE',''
  ) );
#3734 = ADVANCED_FACE('',(#3735),#1691,.T.);
#3735 = FACE_BOUND('',#3736,.T.);
#3736 = EDGE_LOOP('',(#3737,#3738,#3739,#3762));
#3737 = ORIENTED_EDGE('',*,*,#3623,.F.);
#3738 = ORIENTED_EDGE('',*,*,#1675,.T.);
#3739 = ORIENTED_EDGE('',*,*,#3740,.T.);
#3740 = EDGE_CURVE('',#1676,#3741,#3743,.T.);
#3741 = VERTEX_POINT('',#3742);
#3742 = CARTESIAN_POINT('',(22.9,13.55,-5.E-02));
#3743 = SURFACE_CURVE('',#3744,(#3748,#3755),.PCURVE_S1.);
#3744 = LINE('',#3745,#3746);
#3745 = CARTESIAN_POINT('',(27.158088305928,17.808088305927,
    -4.308088305928));
#3746 = VECTOR('',#3747,1.);
#3747 = DIRECTION('',(-0.57735026919,-0.57735026919,0.57735026919));
#3748 = PCURVE('',#1691,#3749);
#3749 = DEFINITIONAL_REPRESENTATION('',(#3750),#3754);
#3750 = LINE('',#3751,#3752);
#3751 = CARTESIAN_POINT('',(21.090441529638,-5.951135553906));
#3752 = VECTOR('',#3753,1.);
#3753 = DIRECTION('',(0.57735026919,0.816496580928));
#3754 = ( GEOMETRIC_REPRESENTATION_CONTEXT(2) 
PARAMETRIC_REPRESENTATION_CONTEXT() REPRESENTATION_CONTEXT('2D SPACE',''
  ) );
#3755 = PCURVE('',#1719,#3756);
#3756 = DEFINITIONAL_REPRESENTATION('',(#3757),#3761);
#3757 = LINE('',#3758,#3759);
#3758 = CARTESIAN_POINT('',(4.258088305928,-5.951135553906));
#3759 = VECTOR('',#3760,1.);
#3760 = DIRECTION('',(-0.57735026919,0.816496580928));
#3761 = ( GEOMETRIC_REPRESENTATION_CONTEXT(2) 
PARAMETRIC_REPRESENTATION_CONTEXT() REPRESENTATION_CONTEXT('2D SPACE',''
  ) );
#3762 = ORIENTED_EDGE('',*,*,#3763,.F.);
#3763 = EDGE_CURVE('',#3624,#3741,#3764,.T.);
#3764 = SURFACE_CURVE('',#3765,(#3769,#3776),.PCURVE_S1.);
#3765 = LINE('',#3766,#3767);
#3766 = CARTESIAN_POINT('',(22.9,38.898529835565,-5.E-02));
#3767 = VECTOR('',#3768,1.);
#3768 = DIRECTION('',(0.,-1.,0.));
#3769 = PCURVE('',#1691,#3770);
#3770 = DEFINITIONAL_REPRESENTATION('',(#3771),#3775);
#3771 = LINE('',#3772,#3773);
#3772 = CARTESIAN_POINT('',(0.,7.071067811866E-02));
#3773 = VECTOR('',#3774,1.);
#3774 = DIRECTION('',(1.,0.));
#3775 = ( GEOMETRIC_REPRESENTATION_CONTEXT(2) 
PARAMETRIC_REPRESENTATION_CONTEXT() REPRESENTATION_CONTEXT('2D SPACE',''
  ) );
#3776 = PCURVE('',#3777,#3782);
#3777 = PLANE('',#3778);
#3778 = AXIS2_PLACEMENT_3D('',#3779,#3780,#3781);
#3779 = CARTESIAN_POINT('',(22.9,44.45,-0.15));
#3780 = DIRECTION('',(1.,0.,-0.));
#3781 = DIRECTION('',(0.,-1.,0.));
#3782 = DEFINITIONAL_REPRESENTATION('',(#3783),#3787);
#3783 = LINE('',#3784,#3785);
#3784 = CARTESIAN_POINT('',(5.551470164435,-0.1));
#3785 = VECTOR('',#3786,1.);
#3786 = DIRECTION('',(1.,0.));
#3787 = ( GEOMETRIC_REPRESENTATION_CONTEXT(2) 
PARAMETRIC_REPRESENTATION_CONTEXT() REPRESENTATION_CONTEXT('2D SPACE',''
  ) );
#3788 = ADVANCED_FACE('',(#3789),#1893,.T.);
#3789 = FACE_BOUND('',#3790,.F.);
#3790 = EDGE_LOOP('',(#3791,#3792,#3793,#3820));
#3791 = ORIENTED_EDGE('',*,*,#3680,.F.);
#3792 = ORIENTED_EDGE('',*,*,#1872,.T.);
#3793 = ORIENTED_EDGE('',*,*,#3794,.T.);
#3794 = EDGE_CURVE('',#1845,#3795,#3797,.T.);
#3795 = VERTEX_POINT('',#3796);
#3796 = CARTESIAN_POINT('',(-20.,-42.45,-5.E-02));
#3797 = SURFACE_CURVE('',#3798,(#3803,#3813),.PCURVE_S1.);
#3798 = PARABOLA('',#3799,1.272792206136);
#3799 = AXIS2_PLACEMENT_3D('',#3800,#3801,#3802);
#3800 = CARTESIAN_POINT('',(-22.4,-43.25,-0.85));
#3801 = DIRECTION('',(-0.,0.707106781187,-0.707106781187));
#3802 = DIRECTION('',(0.,0.707106781187,0.707106781187));
#3803 = PCURVE('',#1893,#3804);
#3804 = DEFINITIONAL_REPRESENTATION('',(#3805),#3812);
#3805 = B_SPLINE_CURVE_WITH_KNOTS('',5,(#3806,#3807,#3808,#3809,#3810,
    #3811),.UNSPECIFIED.,.F.,.F.,(6,6),(2.244994432064,2.4),
  .PIECEWISE_BEZIER_KNOTS.);
#3806 = CARTESIAN_POINT('',(-2.219908192701,-0.1));
#3807 = CARTESIAN_POINT('',(-2.207507747267,-8.066740905809E-02));
#3808 = CARTESIAN_POINT('',(-2.195227168206,-6.100111358712E-02));
#3809 = CARTESIAN_POINT('',(-2.183066124443,-4.100111358714E-02));
#3810 = CARTESIAN_POINT('',(-2.171024144231,-2.066740905808E-02));
#3811 = CARTESIAN_POINT('',(-2.159100639005,2.775557561563E-17));
#3812 = ( GEOMETRIC_REPRESENTATION_CONTEXT(2) 
PARAMETRIC_REPRESENTATION_CONTEXT() REPRESENTATION_CONTEXT('2D SPACE',''
  ) );
#3813 = PCURVE('',#1860,#3814);
#3814 = DEFINITIONAL_REPRESENTATION('',(#3815),#3819);
#3815 = B_SPLINE_CURVE_WITH_KNOTS('',2,(#3816,#3817,#3818),
  .UNSPECIFIED.,.F.,.F.,(3,3),(2.244994432064,2.4),
  .PIECEWISE_BEZIER_KNOTS.);
#3816 = CARTESIAN_POINT('',(-40.15500556793,-7.071067811865E-02));
#3817 = CARTESIAN_POINT('',(-40.07750278396,-2.359647353984E-03));
#3818 = CARTESIAN_POINT('',(-40.,7.071067811866E-02));
#3819 = ( GEOMETRIC_REPRESENTATION_CONTEXT(2) 
PARAMETRIC_REPRESENTATION_CONTEXT() REPRESENTATION_CONTEXT('2D SPACE',''
  ) );
#3820 = ORIENTED_EDGE('',*,*,#3821,.F.);
#3821 = EDGE_CURVE('',#3681,#3795,#3822,.T.);
#3822 = SURFACE_CURVE('',#3823,(#3828,#3835),.PCURVE_S1.);
#3823 = CIRCLE('',#3824,2.6);
#3824 = AXIS2_PLACEMENT_3D('',#3825,#3826,#3827);
#3825 = CARTESIAN_POINT('',(-22.4,-41.45,-5.E-02));
#3826 = DIRECTION('',(-0.,0.,-1.));
#3827 = DIRECTION('',(-0.192307692308,0.981334678629,0.));
#3828 = PCURVE('',#1893,#3829);
#3829 = DEFINITIONAL_REPRESENTATION('',(#3830),#3834);
#3830 = LINE('',#3831,#3832);
#3831 = CARTESIAN_POINT('',(-0.,0.));
#3832 = VECTOR('',#3833,1.);
#3833 = DIRECTION('',(-1.,0.));
#3834 = ( GEOMETRIC_REPRESENTATION_CONTEXT(2) 
PARAMETRIC_REPRESENTATION_CONTEXT() REPRESENTATION_CONTEXT('2D SPACE',''
  ) );
#3835 = PCURVE('',#3836,#3841);
#3836 = CYLINDRICAL_SURFACE('',#3837,2.6);
#3837 = AXIS2_PLACEMENT_3D('',#3838,#3839,#3840);
#3838 = CARTESIAN_POINT('',(-22.4,-41.45,-0.15));
#3839 = DIRECTION('',(-0.,-0.,-1.));
#3840 = DIRECTION('',(1.,0.,0.));
#3841 = DEFINITIONAL_REPRESENTATION('',(#3842),#3846);
#3842 = LINE('',#3843,#3844);
#3843 = CARTESIAN_POINT('',(-8.047494826485,-0.1));
#3844 = VECTOR('',#3845,1.);
#3845 = DIRECTION('',(1.,-0.));
#3846 = ( GEOMETRIC_REPRESENTATION_CONTEXT(2) 
PARAMETRIC_REPRESENTATION_CONTEXT() REPRESENTATION_CONTEXT('2D SPACE',''
  ) );
#3847 = ADVANCED_FACE('',(#3848),#1719,.T.);
#3848 = FACE_BOUND('',#3849,.T.);
#3849 = EDGE_LOOP('',(#3850,#3851,#3852,#3875));
#3850 = ORIENTED_EDGE('',*,*,#3740,.F.);
#3851 = ORIENTED_EDGE('',*,*,#1703,.T.);
#3852 = ORIENTED_EDGE('',*,*,#3853,.T.);
#3853 = EDGE_CURVE('',#1704,#3854,#3856,.T.);
#3854 = VERTEX_POINT('',#3855);
#3855 = CARTESIAN_POINT('',(24.4,13.55,-5.E-02));
#3856 = SURFACE_CURVE('',#3857,(#3861,#3868),.PCURVE_S1.);
#3857 = LINE('',#3858,#3859);
#3858 = CARTESIAN_POINT('',(24.183333333333,13.333333333333,
    0.166666666667));
#3859 = VECTOR('',#3860,1.);
#3860 = DIRECTION('',(-0.57735026919,-0.57735026919,0.57735026919));
#3861 = PCURVE('',#1719,#3862);
#3862 = DEFINITIONAL_REPRESENTATION('',(#3863),#3867);
#3863 = LINE('',#3864,#3865);
#3864 = CARTESIAN_POINT('',(1.283333333333,0.377123616633));
#3865 = VECTOR('',#3866,1.);
#3866 = DIRECTION('',(-0.57735026919,0.816496580928));
#3867 = ( GEOMETRIC_REPRESENTATION_CONTEXT(2) 
PARAMETRIC_REPRESENTATION_CONTEXT() REPRESENTATION_CONTEXT('2D SPACE',''
  ) );
#3868 = PCURVE('',#1747,#3869);
#3869 = DEFINITIONAL_REPRESENTATION('',(#3870),#3874);
#3870 = LINE('',#3871,#3872);
#3871 = CARTESIAN_POINT('',(-0.216666666667,0.377123616633));
#3872 = VECTOR('',#3873,1.);
#3873 = DIRECTION('',(-0.57735026919,0.816496580928));
#3874 = ( GEOMETRIC_REPRESENTATION_CONTEXT(2) 
PARAMETRIC_REPRESENTATION_CONTEXT() REPRESENTATION_CONTEXT('2D SPACE',''
  ) );
#3875 = ORIENTED_EDGE('',*,*,#3876,.F.);
#3876 = EDGE_CURVE('',#3741,#3854,#3877,.T.);
#3877 = SURFACE_CURVE('',#3878,(#3882,#3889),.PCURVE_S1.);
#3878 = LINE('',#3879,#3880);
#3879 = CARTESIAN_POINT('',(22.9,13.55,-5.E-02));
#3880 = VECTOR('',#3881,1.);
#3881 = DIRECTION('',(1.,0.,0.));
#3882 = PCURVE('',#1719,#3883);
#3883 = DEFINITIONAL_REPRESENTATION('',(#3884),#3888);
#3884 = LINE('',#3885,#3886);
#3885 = CARTESIAN_POINT('',(0.,7.071067811865E-02));
#3886 = VECTOR('',#3887,1.);
#3887 = DIRECTION('',(1.,0.));
#3888 = ( GEOMETRIC_REPRESENTATION_CONTEXT(2) 
PARAMETRIC_REPRESENTATION_CONTEXT() REPRESENTATION_CONTEXT('2D SPACE',''
  ) );
#3889 = PCURVE('',#3890,#3895);
#3890 = PLANE('',#3891);
#3891 = AXIS2_PLACEMENT_3D('',#3892,#3893,#3894);
#3892 = CARTESIAN_POINT('',(22.9,13.55,-0.15));
#3893 = DIRECTION('',(0.,1.,0.));
#3894 = DIRECTION('',(1.,0.,0.));
#3895 = DEFINITIONAL_REPRESENTATION('',(#3896),#3900);
#3896 = LINE('',#3897,#3898);
#3897 = CARTESIAN_POINT('',(0.,-0.1));
#3898 = VECTOR('',#3899,1.);
#3899 = DIRECTION('',(1.,0.));
#3900 = ( GEOMETRIC_REPRESENTATION_CONTEXT(2) 
PARAMETRIC_REPRESENTATION_CONTEXT() REPRESENTATION_CONTEXT('2D SPACE',''
  ) );
#3901 = ADVANCED_FACE('',(#3902),#1860,.F.);
#3902 = FACE_BOUND('',#3903,.T.);
#3903 = EDGE_LOOP('',(#3904,#3931,#3932,#3933));
#3904 = ORIENTED_EDGE('',*,*,#3905,.F.);
#3905 = EDGE_CURVE('',#1816,#3906,#3908,.T.);
#3906 = VERTEX_POINT('',#3907);
#3907 = CARTESIAN_POINT('',(20.,-42.45,-5.E-02));
#3908 = SURFACE_CURVE('',#3909,(#3914,#3921),.PCURVE_S1.);
#3909 = PARABOLA('',#3910,1.272792206136);
#3910 = AXIS2_PLACEMENT_3D('',#3911,#3912,#3913);
#3911 = CARTESIAN_POINT('',(22.4,-43.25,-0.85));
#3912 = DIRECTION('',(0.,-0.707106781187,0.707106781187));
#3913 = DIRECTION('',(0.,0.707106781187,0.707106781187));
#3914 = PCURVE('',#1860,#3915);
#3915 = DEFINITIONAL_REPRESENTATION('',(#3916),#3920);
#3916 = B_SPLINE_CURVE_WITH_KNOTS('',2,(#3917,#3918,#3919),
  .UNSPECIFIED.,.F.,.F.,(3,3),(2.244994432064,2.4),
  .PIECEWISE_BEZIER_KNOTS.);
#3917 = CARTESIAN_POINT('',(0.155005567935,-7.071067811858E-02));
#3918 = CARTESIAN_POINT('',(7.750278396775E-02,-2.359647353971E-03));
#3919 = CARTESIAN_POINT('',(0.,7.07106781186E-02));
#3920 = ( GEOMETRIC_REPRESENTATION_CONTEXT(2) 
PARAMETRIC_REPRESENTATION_CONTEXT() REPRESENTATION_CONTEXT('2D SPACE',''
  ) );
#3921 = PCURVE('',#1832,#3922);
#3922 = DEFINITIONAL_REPRESENTATION('',(#3923),#3930);
#3923 = B_SPLINE_CURVE_WITH_KNOTS('',5,(#3924,#3925,#3926,#3927,#3928,
    #3929),.UNSPECIFIED.,.F.,.F.,(6,6),(2.244994432064,2.4),
  .PIECEWISE_BEZIER_KNOTS.);
#3924 = CARTESIAN_POINT('',(2.219908192701,-9.999999999995E-02));
#3925 = CARTESIAN_POINT('',(2.207507747267,-8.066740905805E-02));
#3926 = CARTESIAN_POINT('',(2.195227168206,-6.100111358711E-02));
#3927 = CARTESIAN_POINT('',(2.183066124443,-4.100111358713E-02));
#3928 = CARTESIAN_POINT('',(2.171024144231,-2.06674090581E-02));
#3929 = CARTESIAN_POINT('',(2.159100639005,-3.988476215966E-14));
#3930 = ( GEOMETRIC_REPRESENTATION_CONTEXT(2) 
PARAMETRIC_REPRESENTATION_CONTEXT() REPRESENTATION_CONTEXT('2D SPACE',''
  ) );
#3931 = ORIENTED_EDGE('',*,*,#1844,.T.);
#3932 = ORIENTED_EDGE('',*,*,#3794,.T.);
#3933 = ORIENTED_EDGE('',*,*,#3934,.F.);
#3934 = EDGE_CURVE('',#3906,#3795,#3935,.T.);
#3935 = SURFACE_CURVE('',#3936,(#3940,#3947),.PCURVE_S1.);
#3936 = LINE('',#3937,#3938);
#3937 = CARTESIAN_POINT('',(20.,-42.45,-5.E-02));
#3938 = VECTOR('',#3939,1.);
#3939 = DIRECTION('',(-1.,0.,0.));
#3940 = PCURVE('',#1860,#3941);
#3941 = DEFINITIONAL_REPRESENTATION('',(#3942),#3946);
#3942 = LINE('',#3943,#3944);
#3943 = CARTESIAN_POINT('',(-0.,7.071067811865E-02));
#3944 = VECTOR('',#3945,1.);
#3945 = DIRECTION('',(-1.,0.));
#3946 = ( GEOMETRIC_REPRESENTATION_CONTEXT(2) 
PARAMETRIC_REPRESENTATION_CONTEXT() REPRESENTATION_CONTEXT('2D SPACE',''
  ) );
#3947 = PCURVE('',#3948,#3953);
#3948 = PLANE('',#3949);
#3949 = AXIS2_PLACEMENT_3D('',#3950,#3951,#3952);
#3950 = CARTESIAN_POINT('',(-22.9,-42.45,-0.16));
#3951 = DIRECTION('',(0.,1.,0.));
#3952 = DIRECTION('',(1.,0.,0.));
#3953 = DEFINITIONAL_REPRESENTATION('',(#3954),#3958);
#3954 = LINE('',#3955,#3956);
#3955 = CARTESIAN_POINT('',(42.9,-0.11));
#3956 = VECTOR('',#3957,1.);
#3957 = DIRECTION('',(-1.,0.));
#3958 = ( GEOMETRIC_REPRESENTATION_CONTEXT(2) 
PARAMETRIC_REPRESENTATION_CONTEXT() REPRESENTATION_CONTEXT('2D SPACE',''
  ) );
#3959 = ADVANCED_FACE('',(#3960),#1747,.F.);
#3960 = FACE_BOUND('',#3961,.T.);
#3961 = EDGE_LOOP('',(#3962,#3963,#3964,#3987));
#3962 = ORIENTED_EDGE('',*,*,#3853,.F.);
#3963 = ORIENTED_EDGE('',*,*,#1731,.T.);
#3964 = ORIENTED_EDGE('',*,*,#3965,.T.);
#3965 = EDGE_CURVE('',#1732,#3966,#3968,.T.);
#3966 = VERTEX_POINT('',#3967);
#3967 = CARTESIAN_POINT('',(24.4,-34.45,-5.E-02));
#3968 = SURFACE_CURVE('',#3969,(#3973,#3980),.PCURVE_S1.);
#3969 = LINE('',#3970,#3971);
#3970 = CARTESIAN_POINT('',(16.433333333333,-26.48333333333,
    7.916666666667));
#3971 = VECTOR('',#3972,1.);
#3972 = DIRECTION('',(-0.57735026919,0.57735026919,0.57735026919));
#3973 = PCURVE('',#1747,#3974);
#3974 = DEFINITIONAL_REPRESENTATION('',(#3975),#3979);
#3975 = LINE('',#3976,#3977);
#3976 = CARTESIAN_POINT('',(-40.03333333333,11.337278725024));
#3977 = VECTOR('',#3978,1.);
#3978 = DIRECTION('',(0.57735026919,0.816496580928));
#3979 = ( GEOMETRIC_REPRESENTATION_CONTEXT(2) 
PARAMETRIC_REPRESENTATION_CONTEXT() REPRESENTATION_CONTEXT('2D SPACE',''
  ) );
#3980 = PCURVE('',#1775,#3981);
#3981 = DEFINITIONAL_REPRESENTATION('',(#3982),#3986);
#3982 = LINE('',#3983,#3984);
#3983 = CARTESIAN_POINT('',(7.966666666667,11.337278725024));
#3984 = VECTOR('',#3985,1.);
#3985 = DIRECTION('',(0.57735026919,0.816496580928));
#3986 = ( GEOMETRIC_REPRESENTATION_CONTEXT(2) 
PARAMETRIC_REPRESENTATION_CONTEXT() REPRESENTATION_CONTEXT('2D SPACE',''
  ) );
#3987 = ORIENTED_EDGE('',*,*,#3988,.F.);
#3988 = EDGE_CURVE('',#3854,#3966,#3989,.T.);
#3989 = SURFACE_CURVE('',#3990,(#3994,#4001),.PCURVE_S1.);
#3990 = LINE('',#3991,#3992);
#3991 = CARTESIAN_POINT('',(24.4,13.55,-5.E-02));
#3992 = VECTOR('',#3993,1.);
#3993 = DIRECTION('',(0.,-1.,0.));
#3994 = PCURVE('',#1747,#3995);
#3995 = DEFINITIONAL_REPRESENTATION('',(#3996),#4000);
#3996 = LINE('',#3997,#3998);
#3997 = CARTESIAN_POINT('',(-0.,7.071067811866E-02));
#3998 = VECTOR('',#3999,1.);
#3999 = DIRECTION('',(-1.,0.));
#4000 = ( GEOMETRIC_REPRESENTATION_CONTEXT(2) 
PARAMETRIC_REPRESENTATION_CONTEXT() REPRESENTATION_CONTEXT('2D SPACE',''
  ) );
#4001 = PCURVE('',#4002,#4007);
#4002 = PLANE('',#4003);
#4003 = AXIS2_PLACEMENT_3D('',#4004,#4005,#4006);
#4004 = CARTESIAN_POINT('',(24.4,-42.45,-0.16));
#4005 = DIRECTION('',(-1.,0.,0.));
#4006 = DIRECTION('',(0.,1.,0.));
#4007 = DEFINITIONAL_REPRESENTATION('',(#4008),#4012);
#4008 = LINE('',#4009,#4010);
#4009 = CARTESIAN_POINT('',(56.,-0.11));
#4010 = VECTOR('',#4011,1.);
#4011 = DIRECTION('',(-1.,0.));
#4012 = ( GEOMETRIC_REPRESENTATION_CONTEXT(2) 
PARAMETRIC_REPRESENTATION_CONTEXT() REPRESENTATION_CONTEXT('2D SPACE',''
  ) );
#4013 = ADVANCED_FACE('',(#4014),#1832,.T.);
#4014 = FACE_BOUND('',#4015,.T.);
#4015 = EDGE_LOOP('',(#4016,#4043,#4044,#4045));
#4016 = ORIENTED_EDGE('',*,*,#4017,.F.);
#4017 = EDGE_CURVE('',#1788,#4018,#4020,.T.);
#4018 = VERTEX_POINT('',#4019);
#4019 = CARTESIAN_POINT('',(22.9,-38.89852983556,-5.E-02));
#4020 = SURFACE_CURVE('',#4021,(#4026,#4036),.PCURVE_S1.);
#4021 = PARABOLA('',#4022,1.096015510839);
#4022 = AXIS2_PLACEMENT_3D('',#4023,#4024,#4025);
#4023 = CARTESIAN_POINT('',(23.95,-41.45,-1.1));
#4024 = DIRECTION('',(-0.707106781187,0.,-0.707106781187));
#4025 = DIRECTION('',(-0.707106781187,0.,0.707106781187));
#4026 = PCURVE('',#1832,#4027);
#4027 = DEFINITIONAL_REPRESENTATION('',(#4028),#4035);
#4028 = B_SPLINE_CURVE_WITH_KNOTS('',5,(#4029,#4030,#4031,#4032,#4033,
    #4034),.UNSPECIFIED.,.F.,.F.,(6,6),(2.426932219902,2.551470164435),
  .PIECEWISE_BEZIER_KNOTS.);
#4029 = CARTESIAN_POINT('',(-4.88526585282E-02,-1.E-01));
#4030 = CARTESIAN_POINT('',(-3.888962296562E-02,-8.050031289124E-02));
#4031 = CARTESIAN_POINT('',(-2.902372544656E-02,-6.075046933686E-02));
#4032 = CARTESIAN_POINT('',(-1.925410193167E-02,-4.075046933686E-02));
#4033 = CARTESIAN_POINT('',(-9.579841887126E-03,-2.050031289124E-02));
#4034 = CARTESIAN_POINT('',(-2.6645352591E-14,-4.927361628009E-15));
#4035 = ( GEOMETRIC_REPRESENTATION_CONTEXT(2) 
PARAMETRIC_REPRESENTATION_CONTEXT() REPRESENTATION_CONTEXT('2D SPACE',''
  ) );
#4036 = PCURVE('',#1803,#4037);
#4037 = DEFINITIONAL_REPRESENTATION('',(#4038),#4042);
#4038 = B_SPLINE_CURVE_WITH_KNOTS('',2,(#4039,#4040,#4041),
  .UNSPECIFIED.,.F.,.F.,(3,3),(2.426932219902,2.551470164435),
  .PIECEWISE_BEZIER_KNOTS.);
#4039 = CARTESIAN_POINT('',(4.573067780098,-7.071067811865E-02));
#4040 = CARTESIAN_POINT('',(4.510798807832,-1.76887319054E-03));
#4041 = CARTESIAN_POINT('',(4.448529835565,7.071067811865E-02));
#4042 = ( GEOMETRIC_REPRESENTATION_CONTEXT(2) 
PARAMETRIC_REPRESENTATION_CONTEXT() REPRESENTATION_CONTEXT('2D SPACE',''
  ) );
#4043 = ORIENTED_EDGE('',*,*,#1815,.T.);
#4044 = ORIENTED_EDGE('',*,*,#3905,.T.);
#4045 = ORIENTED_EDGE('',*,*,#4046,.F.);
#4046 = EDGE_CURVE('',#4018,#3906,#4047,.T.);
#4047 = SURFACE_CURVE('',#4048,(#4053,#4060),.PCURVE_S1.);
#4048 = CIRCLE('',#4049,2.6);
#4049 = AXIS2_PLACEMENT_3D('',#4050,#4051,#4052);
#4050 = CARTESIAN_POINT('',(22.4,-41.45,-5.E-02));
#4051 = DIRECTION('',(0.,0.,1.));
#4052 = DIRECTION('',(0.192307692308,0.981334678629,-0.));
#4053 = PCURVE('',#1832,#4054);
#4054 = DEFINITIONAL_REPRESENTATION('',(#4055),#4059);
#4055 = LINE('',#4056,#4057);
#4056 = CARTESIAN_POINT('',(0.,0.));
#4057 = VECTOR('',#4058,1.);
#4058 = DIRECTION('',(1.,0.));
#4059 = ( GEOMETRIC_REPRESENTATION_CONTEXT(2) 
PARAMETRIC_REPRESENTATION_CONTEXT() REPRESENTATION_CONTEXT('2D SPACE',''
  ) );
#4060 = PCURVE('',#4061,#4066);
#4061 = CYLINDRICAL_SURFACE('',#4062,2.6);
#4062 = AXIS2_PLACEMENT_3D('',#4063,#4064,#4065);
#4063 = CARTESIAN_POINT('',(22.4,-41.45,-0.15));
#4064 = DIRECTION('',(-0.,-0.,-1.));
#4065 = DIRECTION('',(1.,0.,0.));
#4066 = DEFINITIONAL_REPRESENTATION('',(#4067),#4071);
#4067 = LINE('',#4068,#4069);
#4068 = CARTESIAN_POINT('',(-1.377283134284,-0.1));
#4069 = VECTOR('',#4070,1.);
#4070 = DIRECTION('',(-1.,0.));
#4071 = ( GEOMETRIC_REPRESENTATION_CONTEXT(2) 
PARAMETRIC_REPRESENTATION_CONTEXT() REPRESENTATION_CONTEXT('2D SPACE',''
  ) );
#4072 = ADVANCED_FACE('',(#4073),#1775,.T.);
#4073 = FACE_BOUND('',#4074,.T.);
#4074 = EDGE_LOOP('',(#4075,#4076,#4077,#4100));
#4075 = ORIENTED_EDGE('',*,*,#3965,.F.);
#4076 = ORIENTED_EDGE('',*,*,#1759,.T.);
#4077 = ORIENTED_EDGE('',*,*,#4078,.T.);
#4078 = EDGE_CURVE('',#1760,#4079,#4081,.T.);
#4079 = VERTEX_POINT('',#4080);
#4080 = CARTESIAN_POINT('',(22.9,-34.45,-5.E-02));
#4081 = SURFACE_CURVE('',#4082,(#4086,#4093),.PCURVE_S1.);
#4082 = LINE('',#4083,#4084);
#4083 = CARTESIAN_POINT('',(23.183333333333,-34.73333333333,
    -0.333333333333));
#4084 = VECTOR('',#4085,1.);
#4085 = DIRECTION('',(-0.57735026919,0.57735026919,0.57735026919));
#4086 = PCURVE('',#1775,#4087);
#4087 = DEFINITIONAL_REPRESENTATION('',(#4088),#4092);
#4088 = LINE('',#4089,#4090);
#4089 = CARTESIAN_POINT('',(1.216666666667,-0.329983164554));
#4090 = VECTOR('',#4091,1.);
#4091 = DIRECTION('',(0.57735026919,0.816496580928));
#4092 = ( GEOMETRIC_REPRESENTATION_CONTEXT(2) 
PARAMETRIC_REPRESENTATION_CONTEXT() REPRESENTATION_CONTEXT('2D SPACE',''
  ) );
#4093 = PCURVE('',#1803,#4094);
#4094 = DEFINITIONAL_REPRESENTATION('',(#4095),#4099);
#4095 = LINE('',#4096,#4097);
#4096 = CARTESIAN_POINT('',(0.283333333333,-0.329983164554));
#4097 = VECTOR('',#4098,1.);
#4098 = DIRECTION('',(-0.57735026919,0.816496580928));
#4099 = ( GEOMETRIC_REPRESENTATION_CONTEXT(2) 
PARAMETRIC_REPRESENTATION_CONTEXT() REPRESENTATION_CONTEXT('2D SPACE',''
  ) );
#4100 = ORIENTED_EDGE('',*,*,#4101,.F.);
#4101 = EDGE_CURVE('',#3966,#4079,#4102,.T.);
#4102 = SURFACE_CURVE('',#4103,(#4107,#4114),.PCURVE_S1.);
#4103 = LINE('',#4104,#4105);
#4104 = CARTESIAN_POINT('',(24.4,-34.45,-5.E-02));
#4105 = VECTOR('',#4106,1.);
#4106 = DIRECTION('',(-1.,0.,0.));
#4107 = PCURVE('',#1775,#4108);
#4108 = DEFINITIONAL_REPRESENTATION('',(#4109),#4113);
#4109 = LINE('',#4110,#4111);
#4110 = CARTESIAN_POINT('',(0.,7.071067811865E-02));
#4111 = VECTOR('',#4112,1.);
#4112 = DIRECTION('',(1.,0.));
#4113 = ( GEOMETRIC_REPRESENTATION_CONTEXT(2) 
PARAMETRIC_REPRESENTATION_CONTEXT() REPRESENTATION_CONTEXT('2D SPACE',''
  ) );
#4114 = PCURVE('',#4115,#4120);
#4115 = PLANE('',#4116);
#4116 = AXIS2_PLACEMENT_3D('',#4117,#4118,#4119);
#4117 = CARTESIAN_POINT('',(24.4,-34.45,-0.15));
#4118 = DIRECTION('',(0.,-1.,0.));
#4119 = DIRECTION('',(-1.,0.,0.));
#4120 = DEFINITIONAL_REPRESENTATION('',(#4121),#4125);
#4121 = LINE('',#4122,#4123);
#4122 = CARTESIAN_POINT('',(0.,-0.1));
#4123 = VECTOR('',#4124,1.);
#4124 = DIRECTION('',(1.,0.));
#4125 = ( GEOMETRIC_REPRESENTATION_CONTEXT(2) 
PARAMETRIC_REPRESENTATION_CONTEXT() REPRESENTATION_CONTEXT('2D SPACE',''
  ) );
#4126 = ADVANCED_FACE('',(#4127),#1803,.T.);
#4127 = FACE_BOUND('',#4128,.T.);
#4128 = EDGE_LOOP('',(#4129,#4130,#4131,#4132));
#4129 = ORIENTED_EDGE('',*,*,#4078,.F.);
#4130 = ORIENTED_EDGE('',*,*,#1787,.T.);
#4131 = ORIENTED_EDGE('',*,*,#4017,.T.);
#4132 = ORIENTED_EDGE('',*,*,#4133,.F.);
#4133 = EDGE_CURVE('',#4079,#4018,#4134,.T.);
#4134 = SURFACE_CURVE('',#4135,(#4139,#4146),.PCURVE_S1.);
#4135 = LINE('',#4136,#4137);
#4136 = CARTESIAN_POINT('',(22.9,-34.45,-5.E-02));
#4137 = VECTOR('',#4138,1.);
#4138 = DIRECTION('',(0.,-1.,0.));
#4139 = PCURVE('',#1803,#4140);
#4140 = DEFINITIONAL_REPRESENTATION('',(#4141),#4145);
#4141 = LINE('',#4142,#4143);
#4142 = CARTESIAN_POINT('',(0.,7.071067811866E-02));
#4143 = VECTOR('',#4144,1.);
#4144 = DIRECTION('',(1.,0.));
#4145 = ( GEOMETRIC_REPRESENTATION_CONTEXT(2) 
PARAMETRIC_REPRESENTATION_CONTEXT() REPRESENTATION_CONTEXT('2D SPACE',''
  ) );
#4146 = PCURVE('',#4147,#4152);
#4147 = PLANE('',#4148);
#4148 = AXIS2_PLACEMENT_3D('',#4149,#4150,#4151);
#4149 = CARTESIAN_POINT('',(22.9,-34.45,-0.15));
#4150 = DIRECTION('',(1.,0.,-0.));
#4151 = DIRECTION('',(0.,-1.,0.));
#4152 = DEFINITIONAL_REPRESENTATION('',(#4153),#4157);
#4153 = LINE('',#4154,#4155);
#4154 = CARTESIAN_POINT('',(0.,-0.1));
#4155 = VECTOR('',#4156,1.);
#4156 = DIRECTION('',(1.,0.));
#4157 = ( GEOMETRIC_REPRESENTATION_CONTEXT(2) 
PARAMETRIC_REPRESENTATION_CONTEXT() REPRESENTATION_CONTEXT('2D SPACE',''
  ) );
#4158 = ADVANCED_FACE('',(#4159),#1987,.F.);
#4159 = FACE_BOUND('',#4160,.T.);
#4160 = EDGE_LOOP('',(#4161,#4182,#4183,#4184));
#4161 = ORIENTED_EDGE('',*,*,#4162,.F.);
#4162 = EDGE_CURVE('',#1967,#4163,#4165,.T.);
#4163 = VERTEX_POINT('',#4164);
#4164 = CARTESIAN_POINT('',(23.9,41.45,-5.E-02));
#4165 = SEAM_CURVE('',#4166,(#4170,#4176),.PCURVE_S1.);
#4166 = LINE('',#4167,#4168);
#4167 = CARTESIAN_POINT('',(23.9,41.45,-5.E-02));
#4168 = VECTOR('',#4169,1.);
#4169 = DIRECTION('',(-0.707106781187,0.,0.707106781187));
#4170 = PCURVE('',#1987,#4171);
#4171 = DEFINITIONAL_REPRESENTATION('',(#4172),#4175);
#4172 = B_SPLINE_CURVE_WITH_KNOTS('',1,(#4173,#4174),.UNSPECIFIED.,.F.,
  .F.,(2,2),(-0.141421356237,0.),.PIECEWISE_BEZIER_KNOTS.);
#4173 = CARTESIAN_POINT('',(0.,1.E-01));
#4174 = CARTESIAN_POINT('',(0.,0.));
#4175 = ( GEOMETRIC_REPRESENTATION_CONTEXT(2) 
PARAMETRIC_REPRESENTATION_CONTEXT() REPRESENTATION_CONTEXT('2D SPACE',''
  ) );
#4176 = PCURVE('',#1987,#4177);
#4177 = DEFINITIONAL_REPRESENTATION('',(#4178),#4181);
#4178 = B_SPLINE_CURVE_WITH_KNOTS('',1,(#4179,#4180),.UNSPECIFIED.,.F.,
  .F.,(2,2),(-0.141421356237,0.),.PIECEWISE_BEZIER_KNOTS.);
#4179 = CARTESIAN_POINT('',(6.28318530718,1.E-01));
#4180 = CARTESIAN_POINT('',(6.28318530718,0.));
#4181 = ( GEOMETRIC_REPRESENTATION_CONTEXT(2) 
PARAMETRIC_REPRESENTATION_CONTEXT() REPRESENTATION_CONTEXT('2D SPACE',''
  ) );
#4182 = ORIENTED_EDGE('',*,*,#1966,.T.);
#4183 = ORIENTED_EDGE('',*,*,#4162,.T.);
#4184 = ORIENTED_EDGE('',*,*,#4185,.F.);
#4185 = EDGE_CURVE('',#4163,#4163,#4186,.T.);
#4186 = SURFACE_CURVE('',#4187,(#4192,#4199),.PCURVE_S1.);
#4187 = CIRCLE('',#4188,1.5);
#4188 = AXIS2_PLACEMENT_3D('',#4189,#4190,#4191);
#4189 = CARTESIAN_POINT('',(22.4,41.45,-5.E-02));
#4190 = DIRECTION('',(0.,-0.,-1.));
#4191 = DIRECTION('',(1.,0.,-0.));
#4192 = PCURVE('',#1987,#4193);
#4193 = DEFINITIONAL_REPRESENTATION('',(#4194),#4198);
#4194 = LINE('',#4195,#4196);
#4195 = CARTESIAN_POINT('',(0.,-0.));
#4196 = VECTOR('',#4197,1.);
#4197 = DIRECTION('',(1.,-0.));
#4198 = ( GEOMETRIC_REPRESENTATION_CONTEXT(2) 
PARAMETRIC_REPRESENTATION_CONTEXT() REPRESENTATION_CONTEXT('2D SPACE',''
  ) );
#4199 = PCURVE('',#4200,#4205);
#4200 = CYLINDRICAL_SURFACE('',#4201,1.5);
#4201 = AXIS2_PLACEMENT_3D('',#4202,#4203,#4204);
#4202 = CARTESIAN_POINT('',(22.4,41.45,-0.55));
#4203 = DIRECTION('',(-0.,-0.,-1.));
#4204 = DIRECTION('',(1.,0.,0.));
#4205 = DEFINITIONAL_REPRESENTATION('',(#4206),#4210);
#4206 = LINE('',#4207,#4208);
#4207 = CARTESIAN_POINT('',(-6.28318530718,-0.5));
#4208 = VECTOR('',#4209,1.);
#4209 = DIRECTION('',(1.,-0.));
#4210 = ( GEOMETRIC_REPRESENTATION_CONTEXT(2) 
PARAMETRIC_REPRESENTATION_CONTEXT() REPRESENTATION_CONTEXT('2D SPACE',''
  ) );
#4211 = ADVANCED_FACE('',(#4212),#2039,.F.);
#4212 = FACE_BOUND('',#4213,.F.);
#4213 = EDGE_LOOP('',(#4214,#4237,#4265,#4286));
#4214 = ORIENTED_EDGE('',*,*,#4215,.T.);
#4215 = EDGE_CURVE('',#2003,#4216,#4218,.T.);
#4216 = VERTEX_POINT('',#4217);
#4217 = CARTESIAN_POINT('',(-22.4,-45.4,3.3));
#4218 = SURFACE_CURVE('',#4219,(#4223,#4230),.PCURVE_S1.);
#4219 = LINE('',#4220,#4221);
#4220 = CARTESIAN_POINT('',(-22.4,-45.4,0.));
#4221 = VECTOR('',#4222,1.);
#4222 = DIRECTION('',(0.,0.,1.));
#4223 = PCURVE('',#2039,#4224);
#4224 = DEFINITIONAL_REPRESENTATION('',(#4225),#4229);
#4225 = LINE('',#4226,#4227);
#4226 = CARTESIAN_POINT('',(3.95,0.));
#4227 = VECTOR('',#4228,1.);
#4228 = DIRECTION('',(0.,-1.));
#4229 = ( GEOMETRIC_REPRESENTATION_CONTEXT(2) 
PARAMETRIC_REPRESENTATION_CONTEXT() REPRESENTATION_CONTEXT('2D SPACE',''
  ) );
#4230 = PCURVE('',#2110,#4231);
#4231 = DEFINITIONAL_REPRESENTATION('',(#4232),#4236);
#4232 = LINE('',#4233,#4234);
#4233 = CARTESIAN_POINT('',(-0.,0.));
#4234 = VECTOR('',#4235,1.);
#4235 = DIRECTION('',(-0.,1.));
#4236 = ( GEOMETRIC_REPRESENTATION_CONTEXT(2) 
PARAMETRIC_REPRESENTATION_CONTEXT() REPRESENTATION_CONTEXT('2D SPACE',''
  ) );
#4237 = ORIENTED_EDGE('',*,*,#4238,.T.);
#4238 = EDGE_CURVE('',#4216,#4239,#4241,.T.);
#4239 = VERTEX_POINT('',#4240);
#4240 = CARTESIAN_POINT('',(22.4,-45.4,3.3));
#4241 = SURFACE_CURVE('',#4242,(#4246,#4253),.PCURVE_S1.);
#4242 = LINE('',#4243,#4244);
#4243 = CARTESIAN_POINT('',(-22.4,-45.4,3.3));
#4244 = VECTOR('',#4245,1.);
#4245 = DIRECTION('',(1.,0.,0.));
#4246 = PCURVE('',#2039,#4247);
#4247 = DEFINITIONAL_REPRESENTATION('',(#4248),#4252);
#4248 = LINE('',#4249,#4250);
#4249 = CARTESIAN_POINT('',(3.95,-3.3));
#4250 = VECTOR('',#4251,1.);
#4251 = DIRECTION('',(1.,0.));
#4252 = ( GEOMETRIC_REPRESENTATION_CONTEXT(2) 
PARAMETRIC_REPRESENTATION_CONTEXT() REPRESENTATION_CONTEXT('2D SPACE',''
  ) );
#4253 = PCURVE('',#4254,#4259);
#4254 = PLANE('',#4255);
#4255 = AXIS2_PLACEMENT_3D('',#4256,#4257,#4258);
#4256 = CARTESIAN_POINT('',(-22.4,-45.35,3.35));
#4257 = DIRECTION('',(-8.674484698258E-19,0.707106781187,-0.707106781187
    ));
#4258 = DIRECTION('',(1.,6.133786953437E-19,-6.133786953437E-19));
#4259 = DEFINITIONAL_REPRESENTATION('',(#4260),#4264);
#4260 = LINE('',#4261,#4262);
#4261 = CARTESIAN_POINT('',(0.,7.071067811865E-02));
#4262 = VECTOR('',#4263,1.);
#4263 = DIRECTION('',(1.,0.));
#4264 = ( GEOMETRIC_REPRESENTATION_CONTEXT(2) 
PARAMETRIC_REPRESENTATION_CONTEXT() REPRESENTATION_CONTEXT('2D SPACE',''
  ) );
#4265 = ORIENTED_EDGE('',*,*,#4266,.F.);
#4266 = EDGE_CURVE('',#2024,#4239,#4267,.T.);
#4267 = SURFACE_CURVE('',#4268,(#4272,#4279),.PCURVE_S1.);
#4268 = LINE('',#4269,#4270);
#4269 = CARTESIAN_POINT('',(22.4,-45.4,0.));
#4270 = VECTOR('',#4271,1.);
#4271 = DIRECTION('',(0.,0.,1.));
#4272 = PCURVE('',#2039,#4273);
#4273 = DEFINITIONAL_REPRESENTATION('',(#4274),#4278);
#4274 = LINE('',#4275,#4276);
#4275 = CARTESIAN_POINT('',(48.75,0.));
#4276 = VECTOR('',#4277,1.);
#4277 = DIRECTION('',(0.,-1.));
#4278 = ( GEOMETRIC_REPRESENTATION_CONTEXT(2) 
PARAMETRIC_REPRESENTATION_CONTEXT() REPRESENTATION_CONTEXT('2D SPACE',''
  ) );
#4279 = PCURVE('',#2145,#4280);
#4280 = DEFINITIONAL_REPRESENTATION('',(#4281),#4285);
#4281 = LINE('',#4282,#4283);
#4282 = CARTESIAN_POINT('',(0.,0.));
#4283 = VECTOR('',#4284,1.);
#4284 = DIRECTION('',(0.,1.));
#4285 = ( GEOMETRIC_REPRESENTATION_CONTEXT(2) 
PARAMETRIC_REPRESENTATION_CONTEXT() REPRESENTATION_CONTEXT('2D SPACE',''
  ) );
#4286 = ORIENTED_EDGE('',*,*,#2023,.F.);
#4287 = ADVANCED_FACE('',(#4288),#2110,.T.);
#4288 = FACE_BOUND('',#4289,.F.);
#4289 = EDGE_LOOP('',(#4290,#4291,#4292,#4315,#4344,#4373));
#4290 = ORIENTED_EDGE('',*,*,#4215,.F.);
#4291 = ORIENTED_EDGE('',*,*,#2095,.F.);
#4292 = ORIENTED_EDGE('',*,*,#4293,.T.);
#4293 = EDGE_CURVE('',#2075,#4294,#4296,.T.);
#4294 = VERTEX_POINT('',#4295);
#4295 = CARTESIAN_POINT('',(-26.35,-41.45,3.3));
#4296 = SURFACE_CURVE('',#4297,(#4301,#4308),.PCURVE_S1.);
#4297 = LINE('',#4298,#4299);
#4298 = CARTESIAN_POINT('',(-26.35,-41.45,0.));
#4299 = VECTOR('',#4300,1.);
#4300 = DIRECTION('',(0.,0.,1.));
#4301 = PCURVE('',#2110,#4302);
#4302 = DEFINITIONAL_REPRESENTATION('',(#4303),#4307);
#4303 = LINE('',#4304,#4305);
#4304 = CARTESIAN_POINT('',(-1.570796326795,0.));
#4305 = VECTOR('',#4306,1.);
#4306 = DIRECTION('',(-0.,1.));
#4307 = ( GEOMETRIC_REPRESENTATION_CONTEXT(2) 
PARAMETRIC_REPRESENTATION_CONTEXT() REPRESENTATION_CONTEXT('2D SPACE',''
  ) );
#4308 = PCURVE('',#2215,#4309);
#4309 = DEFINITIONAL_REPRESENTATION('',(#4310),#4314);
#4310 = LINE('',#4311,#4312);
#4311 = CARTESIAN_POINT('',(86.85,0.));
#4312 = VECTOR('',#4313,1.);
#4313 = DIRECTION('',(0.,-1.));
#4314 = ( GEOMETRIC_REPRESENTATION_CONTEXT(2) 
PARAMETRIC_REPRESENTATION_CONTEXT() REPRESENTATION_CONTEXT('2D SPACE',''
  ) );
#4315 = ORIENTED_EDGE('',*,*,#4316,.T.);
#4316 = EDGE_CURVE('',#4294,#4317,#4319,.T.);
#4317 = VERTEX_POINT('',#4318);
#4318 = CARTESIAN_POINT('',(-25.35,-44.07678510731,3.3));
#4319 = SURFACE_CURVE('',#4320,(#4325,#4332),.PCURVE_S1.);
#4320 = CIRCLE('',#4321,3.95);
#4321 = AXIS2_PLACEMENT_3D('',#4322,#4323,#4324);
#4322 = CARTESIAN_POINT('',(-22.4,-41.45,3.3));
#4323 = DIRECTION('',(0.,0.,1.));
#4324 = DIRECTION('',(-1.,0.,0.));
#4325 = PCURVE('',#2110,#4326);
#4326 = DEFINITIONAL_REPRESENTATION('',(#4327),#4331);
#4327 = LINE('',#4328,#4329);
#4328 = CARTESIAN_POINT('',(-1.570796326795,3.3));
#4329 = VECTOR('',#4330,1.);
#4330 = DIRECTION('',(1.,-0.));
#4331 = ( GEOMETRIC_REPRESENTATION_CONTEXT(2) 
PARAMETRIC_REPRESENTATION_CONTEXT() REPRESENTATION_CONTEXT('2D SPACE',''
  ) );
#4332 = PCURVE('',#4333,#4338);
#4333 = CONICAL_SURFACE('',#4334,3.95,0.785398163397);
#4334 = AXIS2_PLACEMENT_3D('',#4335,#4336,#4337);
#4335 = CARTESIAN_POINT('',(-22.4,-41.45,3.3));
#4336 = DIRECTION('',(-0.,-0.,-1.));
#4337 = DIRECTION('',(-1.,0.,0.));
#4338 = DEFINITIONAL_REPRESENTATION('',(#4339),#4343);
#4339 = LINE('',#4340,#4341);
#4340 = CARTESIAN_POINT('',(-0.,0.));
#4341 = VECTOR('',#4342,1.);
#4342 = DIRECTION('',(-1.,0.));
#4343 = ( GEOMETRIC_REPRESENTATION_CONTEXT(2) 
PARAMETRIC_REPRESENTATION_CONTEXT() REPRESENTATION_CONTEXT('2D SPACE',''
  ) );
#4344 = ORIENTED_EDGE('',*,*,#4345,.T.);
#4345 = EDGE_CURVE('',#4317,#4346,#4348,.T.);
#4346 = VERTEX_POINT('',#4347);
#4347 = CARTESIAN_POINT('',(-25.02678510731,-44.4,3.3));
#4348 = SURFACE_CURVE('',#4349,(#4354,#4361),.PCURVE_S1.);
#4349 = CIRCLE('',#4350,3.95);
#4350 = AXIS2_PLACEMENT_3D('',#4351,#4352,#4353);
#4351 = CARTESIAN_POINT('',(-22.4,-41.45,3.3));
#4352 = DIRECTION('',(0.,0.,1.));
#4353 = DIRECTION('',(-1.,0.,0.));
#4354 = PCURVE('',#2110,#4355);
#4355 = DEFINITIONAL_REPRESENTATION('',(#4356),#4360);
#4356 = LINE('',#4357,#4358);
#4357 = CARTESIAN_POINT('',(-1.570796326795,3.3));
#4358 = VECTOR('',#4359,1.);
#4359 = DIRECTION('',(1.,-0.));
#4360 = ( GEOMETRIC_REPRESENTATION_CONTEXT(2) 
PARAMETRIC_REPRESENTATION_CONTEXT() REPRESENTATION_CONTEXT('2D SPACE',''
  ) );
#4361 = PCURVE('',#4362,#4367);
#4362 = PLANE('',#4363);
#4363 = AXIS2_PLACEMENT_3D('',#4364,#4365,#4366);
#4364 = CARTESIAN_POINT('',(0.,0.,3.3));
#4365 = DIRECTION('',(0.,0.,1.));
#4366 = DIRECTION('',(1.,0.,0.));
#4367 = DEFINITIONAL_REPRESENTATION('',(#4368),#4372);
#4368 = CIRCLE('',#4369,3.95);
#4369 = AXIS2_PLACEMENT_2D('',#4370,#4371);
#4370 = CARTESIAN_POINT('',(-22.4,-41.45));
#4371 = DIRECTION('',(-1.,0.));
#4372 = ( GEOMETRIC_REPRESENTATION_CONTEXT(2) 
PARAMETRIC_REPRESENTATION_CONTEXT() REPRESENTATION_CONTEXT('2D SPACE',''
  ) );
#4373 = ORIENTED_EDGE('',*,*,#4374,.T.);
#4374 = EDGE_CURVE('',#4346,#4216,#4375,.T.);
#4375 = SURFACE_CURVE('',#4376,(#4381,#4388),.PCURVE_S1.);
#4376 = CIRCLE('',#4377,3.95);
#4377 = AXIS2_PLACEMENT_3D('',#4378,#4379,#4380);
#4378 = CARTESIAN_POINT('',(-22.4,-41.45,3.3));
#4379 = DIRECTION('',(0.,0.,1.));
#4380 = DIRECTION('',(-1.,0.,0.));
#4381 = PCURVE('',#2110,#4382);
#4382 = DEFINITIONAL_REPRESENTATION('',(#4383),#4387);
#4383 = LINE('',#4384,#4385);
#4384 = CARTESIAN_POINT('',(-1.570796326795,3.3));
#4385 = VECTOR('',#4386,1.);
#4386 = DIRECTION('',(1.,-0.));
#4387 = ( GEOMETRIC_REPRESENTATION_CONTEXT(2) 
PARAMETRIC_REPRESENTATION_CONTEXT() REPRESENTATION_CONTEXT('2D SPACE',''
  ) );
#4388 = PCURVE('',#4389,#4394);
#4389 = CONICAL_SURFACE('',#4390,3.95,0.785398163397);
#4390 = AXIS2_PLACEMENT_3D('',#4391,#4392,#4393);
#4391 = CARTESIAN_POINT('',(-22.4,-41.45,3.3));
#4392 = DIRECTION('',(-0.,-0.,-1.));
#4393 = DIRECTION('',(-1.,0.,0.));
#4394 = DEFINITIONAL_REPRESENTATION('',(#4395),#4399);
#4395 = LINE('',#4396,#4397);
#4396 = CARTESIAN_POINT('',(-0.,0.));
#4397 = VECTOR('',#4398,1.);
#4398 = DIRECTION('',(-1.,0.));
#4399 = ( GEOMETRIC_REPRESENTATION_CONTEXT(2) 
PARAMETRIC_REPRESENTATION_CONTEXT() REPRESENTATION_CONTEXT('2D SPACE',''
  ) );
#4400 = ADVANCED_FACE('',(#4401),#2145,.T.);
#4401 = FACE_BOUND('',#4402,.T.);
#4402 = EDGE_LOOP('',(#4403,#4404,#4405,#4428,#4457,#4486));
#4403 = ORIENTED_EDGE('',*,*,#4266,.F.);
#4404 = ORIENTED_EDGE('',*,*,#2128,.T.);
#4405 = ORIENTED_EDGE('',*,*,#4406,.T.);
#4406 = EDGE_CURVE('',#2129,#4407,#4409,.T.);
#4407 = VERTEX_POINT('',#4408);
#4408 = CARTESIAN_POINT('',(26.35,-41.45,3.3));
#4409 = SURFACE_CURVE('',#4410,(#4414,#4421),.PCURVE_S1.);
#4410 = LINE('',#4411,#4412);
#4411 = CARTESIAN_POINT('',(26.35,-41.45,0.));
#4412 = VECTOR('',#4413,1.);
#4413 = DIRECTION('',(0.,0.,1.));
#4414 = PCURVE('',#2145,#4415);
#4415 = DEFINITIONAL_REPRESENTATION('',(#4416),#4420);
#4416 = LINE('',#4417,#4418);
#4417 = CARTESIAN_POINT('',(1.570796326795,0.));
#4418 = VECTOR('',#4419,1.);
#4419 = DIRECTION('',(0.,1.));
#4420 = ( GEOMETRIC_REPRESENTATION_CONTEXT(2) 
PARAMETRIC_REPRESENTATION_CONTEXT() REPRESENTATION_CONTEXT('2D SPACE',''
  ) );
#4421 = PCURVE('',#2249,#4422);
#4422 = DEFINITIONAL_REPRESENTATION('',(#4423),#4427);
#4423 = LINE('',#4424,#4425);
#4424 = CARTESIAN_POINT('',(3.95,0.));
#4425 = VECTOR('',#4426,1.);
#4426 = DIRECTION('',(0.,-1.));
#4427 = ( GEOMETRIC_REPRESENTATION_CONTEXT(2) 
PARAMETRIC_REPRESENTATION_CONTEXT() REPRESENTATION_CONTEXT('2D SPACE',''
  ) );
#4428 = ORIENTED_EDGE('',*,*,#4429,.F.);
#4429 = EDGE_CURVE('',#4430,#4407,#4432,.T.);
#4430 = VERTEX_POINT('',#4431);
#4431 = CARTESIAN_POINT('',(25.35,-44.07678510731,3.3));
#4432 = SURFACE_CURVE('',#4433,(#4438,#4445),.PCURVE_S1.);
#4433 = CIRCLE('',#4434,3.95);
#4434 = AXIS2_PLACEMENT_3D('',#4435,#4436,#4437);
#4435 = CARTESIAN_POINT('',(22.4,-41.45,3.3));
#4436 = DIRECTION('',(0.,0.,1.));
#4437 = DIRECTION('',(0.,-1.,0.));
#4438 = PCURVE('',#2145,#4439);
#4439 = DEFINITIONAL_REPRESENTATION('',(#4440),#4444);
#4440 = LINE('',#4441,#4442);
#4441 = CARTESIAN_POINT('',(0.,3.3));
#4442 = VECTOR('',#4443,1.);
#4443 = DIRECTION('',(1.,0.));
#4444 = ( GEOMETRIC_REPRESENTATION_CONTEXT(2) 
PARAMETRIC_REPRESENTATION_CONTEXT() REPRESENTATION_CONTEXT('2D SPACE',''
  ) );
#4445 = PCURVE('',#4446,#4451);
#4446 = CONICAL_SURFACE('',#4447,3.95,0.785398163397);
#4447 = AXIS2_PLACEMENT_3D('',#4448,#4449,#4450);
#4448 = CARTESIAN_POINT('',(22.4,-41.45,3.3));
#4449 = DIRECTION('',(-0.,-0.,-1.));
#4450 = DIRECTION('',(0.,-1.,0.));
#4451 = DEFINITIONAL_REPRESENTATION('',(#4452),#4456);
#4452 = LINE('',#4453,#4454);
#4453 = CARTESIAN_POINT('',(-0.,0.));
#4454 = VECTOR('',#4455,1.);
#4455 = DIRECTION('',(-1.,0.));
#4456 = ( GEOMETRIC_REPRESENTATION_CONTEXT(2) 
PARAMETRIC_REPRESENTATION_CONTEXT() REPRESENTATION_CONTEXT('2D SPACE',''
  ) );
#4457 = ORIENTED_EDGE('',*,*,#4458,.F.);
#4458 = EDGE_CURVE('',#4459,#4430,#4461,.T.);
#4459 = VERTEX_POINT('',#4460);
#4460 = CARTESIAN_POINT('',(25.026785107313,-44.4,3.3));
#4461 = SURFACE_CURVE('',#4462,(#4467,#4474),.PCURVE_S1.);
#4462 = CIRCLE('',#4463,3.95);
#4463 = AXIS2_PLACEMENT_3D('',#4464,#4465,#4466);
#4464 = CARTESIAN_POINT('',(22.4,-41.45,3.3));
#4465 = DIRECTION('',(0.,0.,1.));
#4466 = DIRECTION('',(0.,-1.,0.));
#4467 = PCURVE('',#2145,#4468);
#4468 = DEFINITIONAL_REPRESENTATION('',(#4469),#4473);
#4469 = LINE('',#4470,#4471);
#4470 = CARTESIAN_POINT('',(0.,3.3));
#4471 = VECTOR('',#4472,1.);
#4472 = DIRECTION('',(1.,0.));
#4473 = ( GEOMETRIC_REPRESENTATION_CONTEXT(2) 
PARAMETRIC_REPRESENTATION_CONTEXT() REPRESENTATION_CONTEXT('2D SPACE',''
  ) );
#4474 = PCURVE('',#4475,#4480);
#4475 = PLANE('',#4476);
#4476 = AXIS2_PLACEMENT_3D('',#4477,#4478,#4479);
#4477 = CARTESIAN_POINT('',(0.,0.,3.3));
#4478 = DIRECTION('',(0.,0.,1.));
#4479 = DIRECTION('',(1.,0.,0.));
#4480 = DEFINITIONAL_REPRESENTATION('',(#4481),#4485);
#4481 = CIRCLE('',#4482,3.95);
#4482 = AXIS2_PLACEMENT_2D('',#4483,#4484);
#4483 = CARTESIAN_POINT('',(22.4,-41.45));
#4484 = DIRECTION('',(0.,-1.));
#4485 = ( GEOMETRIC_REPRESENTATION_CONTEXT(2) 
PARAMETRIC_REPRESENTATION_CONTEXT() REPRESENTATION_CONTEXT('2D SPACE',''
  ) );
#4486 = ORIENTED_EDGE('',*,*,#4487,.F.);
#4487 = EDGE_CURVE('',#4239,#4459,#4488,.T.);
#4488 = SURFACE_CURVE('',#4489,(#4494,#4501),.PCURVE_S1.);
#4489 = CIRCLE('',#4490,3.95);
#4490 = AXIS2_PLACEMENT_3D('',#4491,#4492,#4493);
#4491 = CARTESIAN_POINT('',(22.4,-41.45,3.3));
#4492 = DIRECTION('',(0.,0.,1.));
#4493 = DIRECTION('',(0.,-1.,0.));
#4494 = PCURVE('',#2145,#4495);
#4495 = DEFINITIONAL_REPRESENTATION('',(#4496),#4500);
#4496 = LINE('',#4497,#4498);
#4497 = CARTESIAN_POINT('',(0.,3.3));
#4498 = VECTOR('',#4499,1.);
#4499 = DIRECTION('',(1.,0.));
#4500 = ( GEOMETRIC_REPRESENTATION_CONTEXT(2) 
PARAMETRIC_REPRESENTATION_CONTEXT() REPRESENTATION_CONTEXT('2D SPACE',''
  ) );
#4501 = PCURVE('',#4502,#4507);
#4502 = CONICAL_SURFACE('',#4503,3.95,0.785398163397);
#4503 = AXIS2_PLACEMENT_3D('',#4504,#4505,#4506);
#4504 = CARTESIAN_POINT('',(22.4,-41.45,3.3));
#4505 = DIRECTION('',(-0.,-0.,-1.));
#4506 = DIRECTION('',(0.,-1.,0.));
#4507 = DEFINITIONAL_REPRESENTATION('',(#4508),#4512);
#4508 = LINE('',#4509,#4510);
#4509 = CARTESIAN_POINT('',(-0.,0.));
#4510 = VECTOR('',#4511,1.);
#4511 = DIRECTION('',(-1.,0.));
#4512 = ( GEOMETRIC_REPRESENTATION_CONTEXT(2) 
PARAMETRIC_REPRESENTATION_CONTEXT() REPRESENTATION_CONTEXT('2D SPACE',''
  ) );
#4513 = ADVANCED_FACE('',(#4514),#2215,.F.);
#4514 = FACE_BOUND('',#4515,.F.);
#4515 = EDGE_LOOP('',(#4516,#4539,#4565,#4566));
#4516 = ORIENTED_EDGE('',*,*,#4517,.T.);
#4517 = EDGE_CURVE('',#2181,#4518,#4520,.T.);
#4518 = VERTEX_POINT('',#4519);
#4519 = CARTESIAN_POINT('',(-26.35,41.45,3.3));
#4520 = SURFACE_CURVE('',#4521,(#4525,#4532),.PCURVE_S1.);
#4521 = LINE('',#4522,#4523);
#4522 = CARTESIAN_POINT('',(-26.35,41.45,0.));
#4523 = VECTOR('',#4524,1.);
#4524 = DIRECTION('',(0.,0.,1.));
#4525 = PCURVE('',#2215,#4526);
#4526 = DEFINITIONAL_REPRESENTATION('',(#4527),#4531);
#4527 = LINE('',#4528,#4529);
#4528 = CARTESIAN_POINT('',(3.95,0.));
#4529 = VECTOR('',#4530,1.);
#4530 = DIRECTION('',(0.,-1.));
#4531 = ( GEOMETRIC_REPRESENTATION_CONTEXT(2) 
PARAMETRIC_REPRESENTATION_CONTEXT() REPRESENTATION_CONTEXT('2D SPACE',''
  ) );
#4532 = PCURVE('',#2320,#4533);
#4533 = DEFINITIONAL_REPRESENTATION('',(#4534),#4538);
#4534 = LINE('',#4535,#4536);
#4535 = CARTESIAN_POINT('',(1.570796326795,0.));
#4536 = VECTOR('',#4537,1.);
#4537 = DIRECTION('',(0.,1.));
#4538 = ( GEOMETRIC_REPRESENTATION_CONTEXT(2) 
PARAMETRIC_REPRESENTATION_CONTEXT() REPRESENTATION_CONTEXT('2D SPACE',''
  ) );
#4539 = ORIENTED_EDGE('',*,*,#4540,.T.);
#4540 = EDGE_CURVE('',#4518,#4294,#4541,.T.);
#4541 = SURFACE_CURVE('',#4542,(#4546,#4553),.PCURVE_S1.);
#4542 = LINE('',#4543,#4544);
#4543 = CARTESIAN_POINT('',(-26.35,41.45,3.3));
#4544 = VECTOR('',#4545,1.);
#4545 = DIRECTION('',(0.,-1.,0.));
#4546 = PCURVE('',#2215,#4547);
#4547 = DEFINITIONAL_REPRESENTATION('',(#4548),#4552);
#4548 = LINE('',#4549,#4550);
#4549 = CARTESIAN_POINT('',(3.95,-3.3));
#4550 = VECTOR('',#4551,1.);
#4551 = DIRECTION('',(1.,0.));
#4552 = ( GEOMETRIC_REPRESENTATION_CONTEXT(2) 
PARAMETRIC_REPRESENTATION_CONTEXT() REPRESENTATION_CONTEXT('2D SPACE',''
  ) );
#4553 = PCURVE('',#4554,#4559);
#4554 = PLANE('',#4555);
#4555 = AXIS2_PLACEMENT_3D('',#4556,#4557,#4558);
#4556 = CARTESIAN_POINT('',(-26.3,41.45,3.35));
#4557 = DIRECTION('',(0.707106781187,8.674484698258E-19,-0.707106781187)
  );
#4558 = DIRECTION('',(6.133786953437E-19,-1.,-6.133786953437E-19));
#4559 = DEFINITIONAL_REPRESENTATION('',(#4560),#4564);
#4560 = LINE('',#4561,#4562);
#4561 = CARTESIAN_POINT('',(0.,7.071067811865E-02));
#4562 = VECTOR('',#4563,1.);
#4563 = DIRECTION('',(1.,0.));
#4564 = ( GEOMETRIC_REPRESENTATION_CONTEXT(2) 
PARAMETRIC_REPRESENTATION_CONTEXT() REPRESENTATION_CONTEXT('2D SPACE',''
  ) );
#4565 = ORIENTED_EDGE('',*,*,#4293,.F.);
#4566 = ORIENTED_EDGE('',*,*,#2201,.F.);
#4567 = ADVANCED_FACE('',(#4568),#2249,.F.);
#4568 = FACE_BOUND('',#4569,.F.);
#4569 = EDGE_LOOP('',(#4570,#4571,#4599,#4620));
#4570 = ORIENTED_EDGE('',*,*,#4406,.T.);
#4571 = ORIENTED_EDGE('',*,*,#4572,.T.);
#4572 = EDGE_CURVE('',#4407,#4573,#4575,.T.);
#4573 = VERTEX_POINT('',#4574);
#4574 = CARTESIAN_POINT('',(26.35,41.45,3.3));
#4575 = SURFACE_CURVE('',#4576,(#4580,#4587),.PCURVE_S1.);
#4576 = LINE('',#4577,#4578);
#4577 = CARTESIAN_POINT('',(26.35,-41.45,3.3));
#4578 = VECTOR('',#4579,1.);
#4579 = DIRECTION('',(0.,1.,0.));
#4580 = PCURVE('',#2249,#4581);
#4581 = DEFINITIONAL_REPRESENTATION('',(#4582),#4586);
#4582 = LINE('',#4583,#4584);
#4583 = CARTESIAN_POINT('',(3.95,-3.3));
#4584 = VECTOR('',#4585,1.);
#4585 = DIRECTION('',(1.,0.));
#4586 = ( GEOMETRIC_REPRESENTATION_CONTEXT(2) 
PARAMETRIC_REPRESENTATION_CONTEXT() REPRESENTATION_CONTEXT('2D SPACE',''
  ) );
#4587 = PCURVE('',#4588,#4593);
#4588 = PLANE('',#4589);
#4589 = AXIS2_PLACEMENT_3D('',#4590,#4591,#4592);
#4590 = CARTESIAN_POINT('',(26.3,-41.45,3.35));
#4591 = DIRECTION('',(-0.707106781187,-8.674484698258E-19,
    -0.707106781187));
#4592 = DIRECTION('',(-6.133786953437E-19,1.,-6.133786953437E-19));
#4593 = DEFINITIONAL_REPRESENTATION('',(#4594),#4598);
#4594 = LINE('',#4595,#4596);
#4595 = CARTESIAN_POINT('',(0.,7.071067811865E-02));
#4596 = VECTOR('',#4597,1.);
#4597 = DIRECTION('',(1.,0.));
#4598 = ( GEOMETRIC_REPRESENTATION_CONTEXT(2) 
PARAMETRIC_REPRESENTATION_CONTEXT() REPRESENTATION_CONTEXT('2D SPACE',''
  ) );
#4599 = ORIENTED_EDGE('',*,*,#4600,.F.);
#4600 = EDGE_CURVE('',#2234,#4573,#4601,.T.);
#4601 = SURFACE_CURVE('',#4602,(#4606,#4613),.PCURVE_S1.);
#4602 = LINE('',#4603,#4604);
#4603 = CARTESIAN_POINT('',(26.35,41.45,0.));
#4604 = VECTOR('',#4605,1.);
#4605 = DIRECTION('',(0.,0.,1.));
#4606 = PCURVE('',#2249,#4607);
#4607 = DEFINITIONAL_REPRESENTATION('',(#4608),#4612);
#4608 = LINE('',#4609,#4610);
#4609 = CARTESIAN_POINT('',(86.85,0.));
#4610 = VECTOR('',#4611,1.);
#4611 = DIRECTION('',(0.,-1.));
#4612 = ( GEOMETRIC_REPRESENTATION_CONTEXT(2) 
PARAMETRIC_REPRESENTATION_CONTEXT() REPRESENTATION_CONTEXT('2D SPACE',''
  ) );
#4613 = PCURVE('',#2355,#4614);
#4614 = DEFINITIONAL_REPRESENTATION('',(#4615),#4619);
#4615 = LINE('',#4616,#4617);
#4616 = CARTESIAN_POINT('',(0.,0.));
#4617 = VECTOR('',#4618,1.);
#4618 = DIRECTION('',(0.,1.));
#4619 = ( GEOMETRIC_REPRESENTATION_CONTEXT(2) 
PARAMETRIC_REPRESENTATION_CONTEXT() REPRESENTATION_CONTEXT('2D SPACE',''
  ) );
#4620 = ORIENTED_EDGE('',*,*,#2233,.F.);
#4621 = ADVANCED_FACE('',(#4622),#2320,.T.);
#4622 = FACE_BOUND('',#4623,.T.);
#4623 = EDGE_LOOP('',(#4624,#4647,#4648,#4649,#4678,#4707));
#4624 = ORIENTED_EDGE('',*,*,#4625,.F.);
#4625 = EDGE_CURVE('',#2285,#4626,#4628,.T.);
#4626 = VERTEX_POINT('',#4627);
#4627 = CARTESIAN_POINT('',(-22.4,45.4,3.3));
#4628 = SURFACE_CURVE('',#4629,(#4633,#4640),.PCURVE_S1.);
#4629 = LINE('',#4630,#4631);
#4630 = CARTESIAN_POINT('',(-22.4,45.4,0.));
#4631 = VECTOR('',#4632,1.);
#4632 = DIRECTION('',(0.,0.,1.));
#4633 = PCURVE('',#2320,#4634);
#4634 = DEFINITIONAL_REPRESENTATION('',(#4635),#4639);
#4635 = LINE('',#4636,#4637);
#4636 = CARTESIAN_POINT('',(0.,0.));
#4637 = VECTOR('',#4638,1.);
#4638 = DIRECTION('',(0.,1.));
#4639 = ( GEOMETRIC_REPRESENTATION_CONTEXT(2) 
PARAMETRIC_REPRESENTATION_CONTEXT() REPRESENTATION_CONTEXT('2D SPACE',''
  ) );
#4640 = PCURVE('',#2405,#4641);
#4641 = DEFINITIONAL_REPRESENTATION('',(#4642),#4646);
#4642 = LINE('',#4643,#4644);
#4643 = CARTESIAN_POINT('',(48.75,0.));
#4644 = VECTOR('',#4645,1.);
#4645 = DIRECTION('',(0.,-1.));
#4646 = ( GEOMETRIC_REPRESENTATION_CONTEXT(2) 
PARAMETRIC_REPRESENTATION_CONTEXT() REPRESENTATION_CONTEXT('2D SPACE',''
  ) );
#4647 = ORIENTED_EDGE('',*,*,#2305,.T.);
#4648 = ORIENTED_EDGE('',*,*,#4517,.T.);
#4649 = ORIENTED_EDGE('',*,*,#4650,.F.);
#4650 = EDGE_CURVE('',#4651,#4518,#4653,.T.);
#4651 = VERTEX_POINT('',#4652);
#4652 = CARTESIAN_POINT('',(-25.35,44.076785107313,3.3));
#4653 = SURFACE_CURVE('',#4654,(#4659,#4666),.PCURVE_S1.);
#4654 = CIRCLE('',#4655,3.95);
#4655 = AXIS2_PLACEMENT_3D('',#4656,#4657,#4658);
#4656 = CARTESIAN_POINT('',(-22.4,41.45,3.3));
#4657 = DIRECTION('',(0.,0.,1.));
#4658 = DIRECTION('',(0.,1.,-0.));
#4659 = PCURVE('',#2320,#4660);
#4660 = DEFINITIONAL_REPRESENTATION('',(#4661),#4665);
#4661 = LINE('',#4662,#4663);
#4662 = CARTESIAN_POINT('',(0.,3.3));
#4663 = VECTOR('',#4664,1.);
#4664 = DIRECTION('',(1.,0.));
#4665 = ( GEOMETRIC_REPRESENTATION_CONTEXT(2) 
PARAMETRIC_REPRESENTATION_CONTEXT() REPRESENTATION_CONTEXT('2D SPACE',''
  ) );
#4666 = PCURVE('',#4667,#4672);
#4667 = CONICAL_SURFACE('',#4668,3.95,0.785398163397);
#4668 = AXIS2_PLACEMENT_3D('',#4669,#4670,#4671);
#4669 = CARTESIAN_POINT('',(-22.4,41.45,3.3));
#4670 = DIRECTION('',(-0.,-0.,-1.));
#4671 = DIRECTION('',(0.,1.,-0.));
#4672 = DEFINITIONAL_REPRESENTATION('',(#4673),#4677);
#4673 = LINE('',#4674,#4675);
#4674 = CARTESIAN_POINT('',(-0.,0.));
#4675 = VECTOR('',#4676,1.);
#4676 = DIRECTION('',(-1.,0.));
#4677 = ( GEOMETRIC_REPRESENTATION_CONTEXT(2) 
PARAMETRIC_REPRESENTATION_CONTEXT() REPRESENTATION_CONTEXT('2D SPACE',''
  ) );
#4678 = ORIENTED_EDGE('',*,*,#4679,.F.);
#4679 = EDGE_CURVE('',#4680,#4651,#4682,.T.);
#4680 = VERTEX_POINT('',#4681);
#4681 = CARTESIAN_POINT('',(-25.02678510731,44.4,3.3));
#4682 = SURFACE_CURVE('',#4683,(#4688,#4695),.PCURVE_S1.);
#4683 = CIRCLE('',#4684,3.95);
#4684 = AXIS2_PLACEMENT_3D('',#4685,#4686,#4687);
#4685 = CARTESIAN_POINT('',(-22.4,41.45,3.3));
#4686 = DIRECTION('',(0.,0.,1.));
#4687 = DIRECTION('',(0.,1.,-0.));
#4688 = PCURVE('',#2320,#4689);
#4689 = DEFINITIONAL_REPRESENTATION('',(#4690),#4694);
#4690 = LINE('',#4691,#4692);
#4691 = CARTESIAN_POINT('',(0.,3.3));
#4692 = VECTOR('',#4693,1.);
#4693 = DIRECTION('',(1.,0.));
#4694 = ( GEOMETRIC_REPRESENTATION_CONTEXT(2) 
PARAMETRIC_REPRESENTATION_CONTEXT() REPRESENTATION_CONTEXT('2D SPACE',''
  ) );
#4695 = PCURVE('',#4696,#4701);
#4696 = PLANE('',#4697);
#4697 = AXIS2_PLACEMENT_3D('',#4698,#4699,#4700);
#4698 = CARTESIAN_POINT('',(0.,0.,3.3));
#4699 = DIRECTION('',(0.,0.,1.));
#4700 = DIRECTION('',(1.,0.,0.));
#4701 = DEFINITIONAL_REPRESENTATION('',(#4702),#4706);
#4702 = CIRCLE('',#4703,3.95);
#4703 = AXIS2_PLACEMENT_2D('',#4704,#4705);
#4704 = CARTESIAN_POINT('',(-22.4,41.45));
#4705 = DIRECTION('',(0.,1.));
#4706 = ( GEOMETRIC_REPRESENTATION_CONTEXT(2) 
PARAMETRIC_REPRESENTATION_CONTEXT() REPRESENTATION_CONTEXT('2D SPACE',''
  ) );
#4707 = ORIENTED_EDGE('',*,*,#4708,.F.);
#4708 = EDGE_CURVE('',#4626,#4680,#4709,.T.);
#4709 = SURFACE_CURVE('',#4710,(#4715,#4722),.PCURVE_S1.);
#4710 = CIRCLE('',#4711,3.95);
#4711 = AXIS2_PLACEMENT_3D('',#4712,#4713,#4714);
#4712 = CARTESIAN_POINT('',(-22.4,41.45,3.3));
#4713 = DIRECTION('',(0.,0.,1.));
#4714 = DIRECTION('',(0.,1.,-0.));
#4715 = PCURVE('',#2320,#4716);
#4716 = DEFINITIONAL_REPRESENTATION('',(#4717),#4721);
#4717 = LINE('',#4718,#4719);
#4718 = CARTESIAN_POINT('',(0.,3.3));
#4719 = VECTOR('',#4720,1.);
#4720 = DIRECTION('',(1.,0.));
#4721 = ( GEOMETRIC_REPRESENTATION_CONTEXT(2) 
PARAMETRIC_REPRESENTATION_CONTEXT() REPRESENTATION_CONTEXT('2D SPACE',''
  ) );
#4722 = PCURVE('',#4723,#4728);
#4723 = CONICAL_SURFACE('',#4724,3.95,0.785398163397);
#4724 = AXIS2_PLACEMENT_3D('',#4725,#4726,#4727);
#4725 = CARTESIAN_POINT('',(-22.4,41.45,3.3));
#4726 = DIRECTION('',(-0.,-0.,-1.));
#4727 = DIRECTION('',(0.,1.,-0.));
#4728 = DEFINITIONAL_REPRESENTATION('',(#4729),#4733);
#4729 = LINE('',#4730,#4731);
#4730 = CARTESIAN_POINT('',(-0.,0.));
#4731 = VECTOR('',#4732,1.);
#4732 = DIRECTION('',(-1.,0.));
#4733 = ( GEOMETRIC_REPRESENTATION_CONTEXT(2) 
PARAMETRIC_REPRESENTATION_CONTEXT() REPRESENTATION_CONTEXT('2D SPACE',''
  ) );
#4734 = ADVANCED_FACE('',(#4735),#2355,.T.);
#4735 = FACE_BOUND('',#4736,.T.);
#4736 = EDGE_LOOP('',(#4737,#4738,#4739,#4762,#4791,#4820));
#4737 = ORIENTED_EDGE('',*,*,#4600,.F.);
#4738 = ORIENTED_EDGE('',*,*,#2338,.T.);
#4739 = ORIENTED_EDGE('',*,*,#4740,.T.);
#4740 = EDGE_CURVE('',#2339,#4741,#4743,.T.);
#4741 = VERTEX_POINT('',#4742);
#4742 = CARTESIAN_POINT('',(22.4,45.4,3.3));
#4743 = SURFACE_CURVE('',#4744,(#4748,#4755),.PCURVE_S1.);
#4744 = LINE('',#4745,#4746);
#4745 = CARTESIAN_POINT('',(22.4,45.4,0.));
#4746 = VECTOR('',#4747,1.);
#4747 = DIRECTION('',(0.,0.,1.));
#4748 = PCURVE('',#2355,#4749);
#4749 = DEFINITIONAL_REPRESENTATION('',(#4750),#4754);
#4750 = LINE('',#4751,#4752);
#4751 = CARTESIAN_POINT('',(1.570796326795,0.));
#4752 = VECTOR('',#4753,1.);
#4753 = DIRECTION('',(0.,1.));
#4754 = ( GEOMETRIC_REPRESENTATION_CONTEXT(2) 
PARAMETRIC_REPRESENTATION_CONTEXT() REPRESENTATION_CONTEXT('2D SPACE',''
  ) );
#4755 = PCURVE('',#2405,#4756);
#4756 = DEFINITIONAL_REPRESENTATION('',(#4757),#4761);
#4757 = LINE('',#4758,#4759);
#4758 = CARTESIAN_POINT('',(3.95,0.));
#4759 = VECTOR('',#4760,1.);
#4760 = DIRECTION('',(0.,-1.));
#4761 = ( GEOMETRIC_REPRESENTATION_CONTEXT(2) 
PARAMETRIC_REPRESENTATION_CONTEXT() REPRESENTATION_CONTEXT('2D SPACE',''
  ) );
#4762 = ORIENTED_EDGE('',*,*,#4763,.F.);
#4763 = EDGE_CURVE('',#4764,#4741,#4766,.T.);
#4764 = VERTEX_POINT('',#4765);
#4765 = CARTESIAN_POINT('',(25.026785107313,44.4,3.3));
#4766 = SURFACE_CURVE('',#4767,(#4772,#4779),.PCURVE_S1.);
#4767 = CIRCLE('',#4768,3.95);
#4768 = AXIS2_PLACEMENT_3D('',#4769,#4770,#4771);
#4769 = CARTESIAN_POINT('',(22.4,41.45,3.3));
#4770 = DIRECTION('',(0.,0.,1.));
#4771 = DIRECTION('',(1.,0.,-0.));
#4772 = PCURVE('',#2355,#4773);
#4773 = DEFINITIONAL_REPRESENTATION('',(#4774),#4778);
#4774 = LINE('',#4775,#4776);
#4775 = CARTESIAN_POINT('',(0.,3.3));
#4776 = VECTOR('',#4777,1.);
#4777 = DIRECTION('',(1.,0.));
#4778 = ( GEOMETRIC_REPRESENTATION_CONTEXT(2) 
PARAMETRIC_REPRESENTATION_CONTEXT() REPRESENTATION_CONTEXT('2D SPACE',''
  ) );
#4779 = PCURVE('',#4780,#4785);
#4780 = CONICAL_SURFACE('',#4781,3.95,0.785398163397);
#4781 = AXIS2_PLACEMENT_3D('',#4782,#4783,#4784);
#4782 = CARTESIAN_POINT('',(22.4,41.45,3.3));
#4783 = DIRECTION('',(-0.,-0.,-1.));
#4784 = DIRECTION('',(1.,0.,0.));
#4785 = DEFINITIONAL_REPRESENTATION('',(#4786),#4790);
#4786 = LINE('',#4787,#4788);
#4787 = CARTESIAN_POINT('',(-0.,0.));
#4788 = VECTOR('',#4789,1.);
#4789 = DIRECTION('',(-1.,0.));
#4790 = ( GEOMETRIC_REPRESENTATION_CONTEXT(2) 
PARAMETRIC_REPRESENTATION_CONTEXT() REPRESENTATION_CONTEXT('2D SPACE',''
  ) );
#4791 = ORIENTED_EDGE('',*,*,#4792,.F.);
#4792 = EDGE_CURVE('',#4793,#4764,#4795,.T.);
#4793 = VERTEX_POINT('',#4794);
#4794 = CARTESIAN_POINT('',(25.35,44.076785107313,3.3));
#4795 = SURFACE_CURVE('',#4796,(#4801,#4808),.PCURVE_S1.);
#4796 = CIRCLE('',#4797,3.95);
#4797 = AXIS2_PLACEMENT_3D('',#4798,#4799,#4800);
#4798 = CARTESIAN_POINT('',(22.4,41.45,3.3));
#4799 = DIRECTION('',(0.,0.,1.));
#4800 = DIRECTION('',(1.,0.,-0.));
#4801 = PCURVE('',#2355,#4802);
#4802 = DEFINITIONAL_REPRESENTATION('',(#4803),#4807);
#4803 = LINE('',#4804,#4805);
#4804 = CARTESIAN_POINT('',(0.,3.3));
#4805 = VECTOR('',#4806,1.);
#4806 = DIRECTION('',(1.,0.));
#4807 = ( GEOMETRIC_REPRESENTATION_CONTEXT(2) 
PARAMETRIC_REPRESENTATION_CONTEXT() REPRESENTATION_CONTEXT('2D SPACE',''
  ) );
#4808 = PCURVE('',#4809,#4814);
#4809 = PLANE('',#4810);
#4810 = AXIS2_PLACEMENT_3D('',#4811,#4812,#4813);
#4811 = CARTESIAN_POINT('',(0.,0.,3.3));
#4812 = DIRECTION('',(0.,0.,1.));
#4813 = DIRECTION('',(1.,0.,0.));
#4814 = DEFINITIONAL_REPRESENTATION('',(#4815),#4819);
#4815 = CIRCLE('',#4816,3.95);
#4816 = AXIS2_PLACEMENT_2D('',#4817,#4818);
#4817 = CARTESIAN_POINT('',(22.4,41.45));
#4818 = DIRECTION('',(1.,0.));
#4819 = ( GEOMETRIC_REPRESENTATION_CONTEXT(2) 
PARAMETRIC_REPRESENTATION_CONTEXT() REPRESENTATION_CONTEXT('2D SPACE',''
  ) );
#4820 = ORIENTED_EDGE('',*,*,#4821,.F.);
#4821 = EDGE_CURVE('',#4573,#4793,#4822,.T.);
#4822 = SURFACE_CURVE('',#4823,(#4828,#4835),.PCURVE_S1.);
#4823 = CIRCLE('',#4824,3.95);
#4824 = AXIS2_PLACEMENT_3D('',#4825,#4826,#4827);
#4825 = CARTESIAN_POINT('',(22.4,41.45,3.3));
#4826 = DIRECTION('',(0.,0.,1.));
#4827 = DIRECTION('',(1.,0.,-0.));
#4828 = PCURVE('',#2355,#4829);
#4829 = DEFINITIONAL_REPRESENTATION('',(#4830),#4834);
#4830 = LINE('',#4831,#4832);
#4831 = CARTESIAN_POINT('',(0.,3.3));
#4832 = VECTOR('',#4833,1.);
#4833 = DIRECTION('',(1.,0.));
#4834 = ( GEOMETRIC_REPRESENTATION_CONTEXT(2) 
PARAMETRIC_REPRESENTATION_CONTEXT() REPRESENTATION_CONTEXT('2D SPACE',''
  ) );
#4835 = PCURVE('',#4836,#4841);
#4836 = CONICAL_SURFACE('',#4837,3.95,0.785398163397);
#4837 = AXIS2_PLACEMENT_3D('',#4838,#4839,#4840);
#4838 = CARTESIAN_POINT('',(22.4,41.45,3.3));
#4839 = DIRECTION('',(-0.,-0.,-1.));
#4840 = DIRECTION('',(1.,0.,0.));
#4841 = DEFINITIONAL_REPRESENTATION('',(#4842),#4846);
#4842 = LINE('',#4843,#4844);
#4843 = CARTESIAN_POINT('',(-0.,0.));
#4844 = VECTOR('',#4845,1.);
#4845 = DIRECTION('',(-1.,0.));
#4846 = ( GEOMETRIC_REPRESENTATION_CONTEXT(2) 
PARAMETRIC_REPRESENTATION_CONTEXT() REPRESENTATION_CONTEXT('2D SPACE',''
  ) );
#4847 = ADVANCED_FACE('',(#4848),#2405,.F.);
#4848 = FACE_BOUND('',#4849,.F.);
#4849 = EDGE_LOOP('',(#4850,#4851,#4877,#4878));
#4850 = ORIENTED_EDGE('',*,*,#4740,.T.);
#4851 = ORIENTED_EDGE('',*,*,#4852,.T.);
#4852 = EDGE_CURVE('',#4741,#4626,#4853,.T.);
#4853 = SURFACE_CURVE('',#4854,(#4858,#4865),.PCURVE_S1.);
#4854 = LINE('',#4855,#4856);
#4855 = CARTESIAN_POINT('',(22.4,45.4,3.3));
#4856 = VECTOR('',#4857,1.);
#4857 = DIRECTION('',(-1.,0.,0.));
#4858 = PCURVE('',#2405,#4859);
#4859 = DEFINITIONAL_REPRESENTATION('',(#4860),#4864);
#4860 = LINE('',#4861,#4862);
#4861 = CARTESIAN_POINT('',(3.95,-3.3));
#4862 = VECTOR('',#4863,1.);
#4863 = DIRECTION('',(1.,0.));
#4864 = ( GEOMETRIC_REPRESENTATION_CONTEXT(2) 
PARAMETRIC_REPRESENTATION_CONTEXT() REPRESENTATION_CONTEXT('2D SPACE',''
  ) );
#4865 = PCURVE('',#4866,#4871);
#4866 = PLANE('',#4867);
#4867 = AXIS2_PLACEMENT_3D('',#4868,#4869,#4870);
#4868 = CARTESIAN_POINT('',(22.4,45.35,3.35));
#4869 = DIRECTION('',(8.674484698258E-19,-0.707106781187,-0.707106781187
    ));
#4870 = DIRECTION('',(-1.,-6.133786953437E-19,-6.133786953437E-19));
#4871 = DEFINITIONAL_REPRESENTATION('',(#4872),#4876);
#4872 = LINE('',#4873,#4874);
#4873 = CARTESIAN_POINT('',(0.,7.071067811865E-02));
#4874 = VECTOR('',#4875,1.);
#4875 = DIRECTION('',(1.,0.));
#4876 = ( GEOMETRIC_REPRESENTATION_CONTEXT(2) 
PARAMETRIC_REPRESENTATION_CONTEXT() REPRESENTATION_CONTEXT('2D SPACE',''
  ) );
#4877 = ORIENTED_EDGE('',*,*,#4625,.F.);
#4878 = ORIENTED_EDGE('',*,*,#2391,.F.);
#4879 = ADVANCED_FACE('',(#4880),#3357,.F.);
#4880 = FACE_BOUND('',#4881,.T.);
#4881 = EDGE_LOOP('',(#4882,#4905,#4906,#4907));
#4882 = ORIENTED_EDGE('',*,*,#4883,.F.);
#4883 = EDGE_CURVE('',#3320,#4884,#4886,.T.);
#4884 = VERTEX_POINT('',#4885);
#4885 = CARTESIAN_POINT('',(-20.9,-41.45,0.4));
#4886 = SEAM_CURVE('',#4887,(#4891,#4898),.PCURVE_S1.);
#4887 = LINE('',#4888,#4889);
#4888 = CARTESIAN_POINT('',(-20.9,-41.45,-0.55));
#4889 = VECTOR('',#4890,1.);
#4890 = DIRECTION('',(0.,0.,1.));
#4891 = PCURVE('',#3357,#4892);
#4892 = DEFINITIONAL_REPRESENTATION('',(#4893),#4897);
#4893 = LINE('',#4894,#4895);
#4894 = CARTESIAN_POINT('',(-6.28318530718,0.));
#4895 = VECTOR('',#4896,1.);
#4896 = DIRECTION('',(-0.,-1.));
#4897 = ( GEOMETRIC_REPRESENTATION_CONTEXT(2) 
PARAMETRIC_REPRESENTATION_CONTEXT() REPRESENTATION_CONTEXT('2D SPACE',''
  ) );
#4898 = PCURVE('',#3357,#4899);
#4899 = DEFINITIONAL_REPRESENTATION('',(#4900),#4904);
#4900 = LINE('',#4901,#4902);
#4901 = CARTESIAN_POINT('',(-0.,0.));
#4902 = VECTOR('',#4903,1.);
#4903 = DIRECTION('',(-0.,-1.));
#4904 = ( GEOMETRIC_REPRESENTATION_CONTEXT(2) 
PARAMETRIC_REPRESENTATION_CONTEXT() REPRESENTATION_CONTEXT('2D SPACE',''
  ) );
#4905 = ORIENTED_EDGE('',*,*,#3342,.T.);
#4906 = ORIENTED_EDGE('',*,*,#4883,.T.);
#4907 = ORIENTED_EDGE('',*,*,#4908,.T.);
#4908 = EDGE_CURVE('',#4884,#4884,#4909,.T.);
#4909 = SURFACE_CURVE('',#4910,(#4915,#4922),.PCURVE_S1.);
#4910 = CIRCLE('',#4911,1.5);
#4911 = AXIS2_PLACEMENT_3D('',#4912,#4913,#4914);
#4912 = CARTESIAN_POINT('',(-22.4,-41.45,0.4));
#4913 = DIRECTION('',(0.,0.,1.));
#4914 = DIRECTION('',(1.,0.,0.));
#4915 = PCURVE('',#3357,#4916);
#4916 = DEFINITIONAL_REPRESENTATION('',(#4917),#4921);
#4917 = LINE('',#4918,#4919);
#4918 = CARTESIAN_POINT('',(-0.,-0.95));
#4919 = VECTOR('',#4920,1.);
#4920 = DIRECTION('',(-1.,0.));
#4921 = ( GEOMETRIC_REPRESENTATION_CONTEXT(2) 
PARAMETRIC_REPRESENTATION_CONTEXT() REPRESENTATION_CONTEXT('2D SPACE',''
  ) );
#4922 = PCURVE('',#4923,#4928);
#4923 = PLANE('',#4924);
#4924 = AXIS2_PLACEMENT_3D('',#4925,#4926,#4927);
#4925 = CARTESIAN_POINT('',(-22.4,-41.45,0.4));
#4926 = DIRECTION('',(0.,0.,1.));
#4927 = DIRECTION('',(1.,0.,-0.));
#4928 = DEFINITIONAL_REPRESENTATION('',(#4929),#4933);
#4929 = CIRCLE('',#4930,1.5);
#4930 = AXIS2_PLACEMENT_2D('',#4931,#4932);
#4931 = CARTESIAN_POINT('',(0.,0.));
#4932 = DIRECTION('',(1.,0.));
#4933 = ( GEOMETRIC_REPRESENTATION_CONTEXT(2) 
PARAMETRIC_REPRESENTATION_CONTEXT() REPRESENTATION_CONTEXT('2D SPACE',''
  ) );
#4934 = ADVANCED_FACE('',(#4935),#3410,.F.);
#4935 = FACE_BOUND('',#4936,.T.);
#4936 = EDGE_LOOP('',(#4937,#4960,#4961,#4962));
#4937 = ORIENTED_EDGE('',*,*,#4938,.F.);
#4938 = EDGE_CURVE('',#3373,#4939,#4941,.T.);
#4939 = VERTEX_POINT('',#4940);
#4940 = CARTESIAN_POINT('',(23.9,-41.45,0.4));
#4941 = SEAM_CURVE('',#4942,(#4946,#4953),.PCURVE_S1.);
#4942 = LINE('',#4943,#4944);
#4943 = CARTESIAN_POINT('',(23.9,-41.45,-0.55));
#4944 = VECTOR('',#4945,1.);
#4945 = DIRECTION('',(0.,0.,1.));
#4946 = PCURVE('',#3410,#4947);
#4947 = DEFINITIONAL_REPRESENTATION('',(#4948),#4952);
#4948 = LINE('',#4949,#4950);
#4949 = CARTESIAN_POINT('',(-6.28318530718,0.));
#4950 = VECTOR('',#4951,1.);
#4951 = DIRECTION('',(-0.,-1.));
#4952 = ( GEOMETRIC_REPRESENTATION_CONTEXT(2) 
PARAMETRIC_REPRESENTATION_CONTEXT() REPRESENTATION_CONTEXT('2D SPACE',''
  ) );
#4953 = PCURVE('',#3410,#4954);
#4954 = DEFINITIONAL_REPRESENTATION('',(#4955),#4959);
#4955 = LINE('',#4956,#4957);
#4956 = CARTESIAN_POINT('',(-0.,0.));
#4957 = VECTOR('',#4958,1.);
#4958 = DIRECTION('',(-0.,-1.));
#4959 = ( GEOMETRIC_REPRESENTATION_CONTEXT(2) 
PARAMETRIC_REPRESENTATION_CONTEXT() REPRESENTATION_CONTEXT('2D SPACE',''
  ) );
#4960 = ORIENTED_EDGE('',*,*,#3395,.T.);
#4961 = ORIENTED_EDGE('',*,*,#4938,.T.);
#4962 = ORIENTED_EDGE('',*,*,#4963,.T.);
#4963 = EDGE_CURVE('',#4939,#4939,#4964,.T.);
#4964 = SURFACE_CURVE('',#4965,(#4970,#4977),.PCURVE_S1.);
#4965 = CIRCLE('',#4966,1.5);
#4966 = AXIS2_PLACEMENT_3D('',#4967,#4968,#4969);
#4967 = CARTESIAN_POINT('',(22.4,-41.45,0.4));
#4968 = DIRECTION('',(0.,0.,1.));
#4969 = DIRECTION('',(1.,0.,0.));
#4970 = PCURVE('',#3410,#4971);
#4971 = DEFINITIONAL_REPRESENTATION('',(#4972),#4976);
#4972 = LINE('',#4973,#4974);
#4973 = CARTESIAN_POINT('',(-0.,-0.95));
#4974 = VECTOR('',#4975,1.);
#4975 = DIRECTION('',(-1.,0.));
#4976 = ( GEOMETRIC_REPRESENTATION_CONTEXT(2) 
PARAMETRIC_REPRESENTATION_CONTEXT() REPRESENTATION_CONTEXT('2D SPACE',''
  ) );
#4977 = PCURVE('',#4978,#4983);
#4978 = PLANE('',#4979);
#4979 = AXIS2_PLACEMENT_3D('',#4980,#4981,#4982);
#4980 = CARTESIAN_POINT('',(-22.4,-41.45,0.4));
#4981 = DIRECTION('',(0.,0.,1.));
#4982 = DIRECTION('',(1.,0.,-0.));
#4983 = DEFINITIONAL_REPRESENTATION('',(#4984),#4988);
#4984 = CIRCLE('',#4985,1.5);
#4985 = AXIS2_PLACEMENT_2D('',#4986,#4987);
#4986 = CARTESIAN_POINT('',(44.8,0.));
#4987 = DIRECTION('',(1.,0.));
#4988 = ( GEOMETRIC_REPRESENTATION_CONTEXT(2) 
PARAMETRIC_REPRESENTATION_CONTEXT() REPRESENTATION_CONTEXT('2D SPACE',''
  ) );
#4989 = ADVANCED_FACE('',(#4990),#3463,.F.);
#4990 = FACE_BOUND('',#4991,.T.);
#4991 = EDGE_LOOP('',(#4992,#5015,#5016,#5017));
#4992 = ORIENTED_EDGE('',*,*,#4993,.F.);
#4993 = EDGE_CURVE('',#3426,#4994,#4996,.T.);
#4994 = VERTEX_POINT('',#4995);
#4995 = CARTESIAN_POINT('',(-20.9,41.45,0.4));
#4996 = SEAM_CURVE('',#4997,(#5001,#5008),.PCURVE_S1.);
#4997 = LINE('',#4998,#4999);
#4998 = CARTESIAN_POINT('',(-20.9,41.45,-0.55));
#4999 = VECTOR('',#5000,1.);
#5000 = DIRECTION('',(0.,0.,1.));
#5001 = PCURVE('',#3463,#5002);
#5002 = DEFINITIONAL_REPRESENTATION('',(#5003),#5007);
#5003 = LINE('',#5004,#5005);
#5004 = CARTESIAN_POINT('',(-6.28318530718,0.));
#5005 = VECTOR('',#5006,1.);
#5006 = DIRECTION('',(-0.,-1.));
#5007 = ( GEOMETRIC_REPRESENTATION_CONTEXT(2) 
PARAMETRIC_REPRESENTATION_CONTEXT() REPRESENTATION_CONTEXT('2D SPACE',''
  ) );
#5008 = PCURVE('',#3463,#5009);
#5009 = DEFINITIONAL_REPRESENTATION('',(#5010),#5014);
#5010 = LINE('',#5011,#5012);
#5011 = CARTESIAN_POINT('',(-0.,0.));
#5012 = VECTOR('',#5013,1.);
#5013 = DIRECTION('',(-0.,-1.));
#5014 = ( GEOMETRIC_REPRESENTATION_CONTEXT(2) 
PARAMETRIC_REPRESENTATION_CONTEXT() REPRESENTATION_CONTEXT('2D SPACE',''
  ) );
#5015 = ORIENTED_EDGE('',*,*,#3448,.T.);
#5016 = ORIENTED_EDGE('',*,*,#4993,.T.);
#5017 = ORIENTED_EDGE('',*,*,#5018,.T.);
#5018 = EDGE_CURVE('',#4994,#4994,#5019,.T.);
#5019 = SURFACE_CURVE('',#5020,(#5025,#5032),.PCURVE_S1.);
#5020 = CIRCLE('',#5021,1.5);
#5021 = AXIS2_PLACEMENT_3D('',#5022,#5023,#5024);
#5022 = CARTESIAN_POINT('',(-22.4,41.45,0.4));
#5023 = DIRECTION('',(0.,0.,1.));
#5024 = DIRECTION('',(1.,0.,0.));
#5025 = PCURVE('',#3463,#5026);
#5026 = DEFINITIONAL_REPRESENTATION('',(#5027),#5031);
#5027 = LINE('',#5028,#5029);
#5028 = CARTESIAN_POINT('',(-0.,-0.95));
#5029 = VECTOR('',#5030,1.);
#5030 = DIRECTION('',(-1.,0.));
#5031 = ( GEOMETRIC_REPRESENTATION_CONTEXT(2) 
PARAMETRIC_REPRESENTATION_CONTEXT() REPRESENTATION_CONTEXT('2D SPACE',''
  ) );
#5032 = PCURVE('',#5033,#5038);
#5033 = PLANE('',#5034);
#5034 = AXIS2_PLACEMENT_3D('',#5035,#5036,#5037);
#5035 = CARTESIAN_POINT('',(-22.4,-41.45,0.4));
#5036 = DIRECTION('',(0.,0.,1.));
#5037 = DIRECTION('',(1.,0.,-0.));
#5038 = DEFINITIONAL_REPRESENTATION('',(#5039),#5043);
#5039 = CIRCLE('',#5040,1.5);
#5040 = AXIS2_PLACEMENT_2D('',#5041,#5042);
#5041 = CARTESIAN_POINT('',(0.,82.9));
#5042 = DIRECTION('',(1.,0.));
#5043 = ( GEOMETRIC_REPRESENTATION_CONTEXT(2) 
PARAMETRIC_REPRESENTATION_CONTEXT() REPRESENTATION_CONTEXT('2D SPACE',''
  ) );
#5044 = ADVANCED_FACE('',(#5045),#3547,.T.);
#5045 = FACE_BOUND('',#5046,.T.);
#5046 = EDGE_LOOP('',(#5047,#5068,#5069,#5090));
#5047 = ORIENTED_EDGE('',*,*,#5048,.T.);
#5048 = EDGE_CURVE('',#5049,#3479,#5051,.T.);
#5049 = VERTEX_POINT('',#5050);
#5050 = CARTESIAN_POINT('',(-20.,42.45,0.));
#5051 = SURFACE_CURVE('',#5052,(#5056,#5062),.PCURVE_S1.);
#5052 = LINE('',#5053,#5054);
#5053 = CARTESIAN_POINT('',(-20.,42.45,-0.15));
#5054 = VECTOR('',#5055,1.);
#5055 = DIRECTION('',(-0.,-0.,-1.));
#5056 = PCURVE('',#3547,#5057);
#5057 = DEFINITIONAL_REPRESENTATION('',(#5058),#5061);
#5058 = B_SPLINE_CURVE_WITH_KNOTS('',1,(#5059,#5060),.UNSPECIFIED.,.F.,
  .F.,(2,2),(-0.1500006,5.999999999895E-07),.PIECEWISE_BEZIER_KNOTS.);
#5059 = CARTESIAN_POINT('',(44.4,-0.1600006));
#5060 = CARTESIAN_POINT('',(44.4,-9.9994E-03));
#5061 = ( GEOMETRIC_REPRESENTATION_CONTEXT(2) 
PARAMETRIC_REPRESENTATION_CONTEXT() REPRESENTATION_CONTEXT('2D SPACE',''
  ) );
#5062 = PCURVE('',#3606,#5063);
#5063 = DEFINITIONAL_REPRESENTATION('',(#5064),#5067);
#5064 = B_SPLINE_CURVE_WITH_KNOTS('',1,(#5065,#5066),.UNSPECIFIED.,.F.,
  .F.,(2,2),(-0.15,0.),.PIECEWISE_BEZIER_KNOTS.);
#5065 = CARTESIAN_POINT('',(-6.677976426879,-0.15));
#5066 = CARTESIAN_POINT('',(-6.677976426879,0.));
#5067 = ( GEOMETRIC_REPRESENTATION_CONTEXT(2) 
PARAMETRIC_REPRESENTATION_CONTEXT() REPRESENTATION_CONTEXT('2D SPACE',''
  ) );
#5068 = ORIENTED_EDGE('',*,*,#3533,.T.);
#5069 = ORIENTED_EDGE('',*,*,#5070,.F.);
#5070 = EDGE_CURVE('',#5071,#3507,#5073,.T.);
#5071 = VERTEX_POINT('',#5072);
#5072 = CARTESIAN_POINT('',(20.,42.45,0.));
#5073 = SURFACE_CURVE('',#5074,(#5078,#5084),.PCURVE_S1.);
#5074 = LINE('',#5075,#5076);
#5075 = CARTESIAN_POINT('',(20.,42.45,-0.15));
#5076 = VECTOR('',#5077,1.);
#5077 = DIRECTION('',(-0.,-0.,-1.));
#5078 = PCURVE('',#3547,#5079);
#5079 = DEFINITIONAL_REPRESENTATION('',(#5080),#5083);
#5080 = B_SPLINE_CURVE_WITH_KNOTS('',1,(#5081,#5082),.UNSPECIFIED.,.F.,
  .F.,(2,2),(-0.1500006,5.999999999895E-07),.PIECEWISE_BEZIER_KNOTS.);
#5081 = CARTESIAN_POINT('',(4.4,-0.1600006));
#5082 = CARTESIAN_POINT('',(4.4,-9.9994E-03));
#5083 = ( GEOMETRIC_REPRESENTATION_CONTEXT(2) 
PARAMETRIC_REPRESENTATION_CONTEXT() REPRESENTATION_CONTEXT('2D SPACE',''
  ) );
#5084 = PCURVE('',#3665,#5085);
#5085 = DEFINITIONAL_REPRESENTATION('',(#5086),#5089);
#5086 = B_SPLINE_CURVE_WITH_KNOTS('',1,(#5087,#5088),.UNSPECIFIED.,.F.,
  .F.,(2,2),(-0.1500006,5.999999999895E-07),.PIECEWISE_BEZIER_KNOTS.);
#5087 = CARTESIAN_POINT('',(-2.74680153389,-0.1500006));
#5088 = CARTESIAN_POINT('',(-2.74680153389,5.999999999895E-07));
#5089 = ( GEOMETRIC_REPRESENTATION_CONTEXT(2) 
PARAMETRIC_REPRESENTATION_CONTEXT() REPRESENTATION_CONTEXT('2D SPACE',''
  ) );
#5090 = ORIENTED_EDGE('',*,*,#5091,.F.);
#5091 = EDGE_CURVE('',#5049,#5071,#5092,.T.);
#5092 = SURFACE_CURVE('',#5093,(#5097,#5103),.PCURVE_S1.);
#5093 = LINE('',#5094,#5095);
#5094 = CARTESIAN_POINT('',(12.2,42.45,0.));
#5095 = VECTOR('',#5096,1.);
#5096 = DIRECTION('',(1.,0.,-0.));
#5097 = PCURVE('',#3547,#5098);
#5098 = DEFINITIONAL_REPRESENTATION('',(#5099),#5102);
#5099 = B_SPLINE_CURVE_WITH_KNOTS('',1,(#5100,#5101),.UNSPECIFIED.,.F.,
  .F.,(2,2),(-33.15,10.25),.PIECEWISE_BEZIER_KNOTS.);
#5100 = CARTESIAN_POINT('',(45.35,-0.16));
#5101 = CARTESIAN_POINT('',(1.95,-0.16));
#5102 = ( GEOMETRIC_REPRESENTATION_CONTEXT(2) 
PARAMETRIC_REPRESENTATION_CONTEXT() REPRESENTATION_CONTEXT('2D SPACE',''
  ) );
#5103 = PCURVE('',#5104,#5109);
#5104 = PLANE('',#5105);
#5105 = AXIS2_PLACEMENT_3D('',#5106,#5107,#5108);
#5106 = CARTESIAN_POINT('',(0.,1.584485543158E-15,0.));
#5107 = DIRECTION('',(0.,0.,1.));
#5108 = DIRECTION('',(1.,0.,-0.));
#5109 = DEFINITIONAL_REPRESENTATION('',(#5110),#5114);
#5110 = LINE('',#5111,#5112);
#5111 = CARTESIAN_POINT('',(12.2,42.45));
#5112 = VECTOR('',#5113,1.);
#5113 = DIRECTION('',(1.,0.));
#5114 = ( GEOMETRIC_REPRESENTATION_CONTEXT(2) 
PARAMETRIC_REPRESENTATION_CONTEXT() REPRESENTATION_CONTEXT('2D SPACE',''
  ) );
#5115 = ADVANCED_FACE('',(#5116),#3606,.T.);
#5116 = FACE_BOUND('',#5117,.F.);
#5117 = EDGE_LOOP('',(#5118,#5139,#5165,#5166));
#5118 = ORIENTED_EDGE('',*,*,#5119,.F.);
#5119 = EDGE_CURVE('',#5120,#3565,#5122,.T.);
#5120 = VERTEX_POINT('',#5121);
#5121 = CARTESIAN_POINT('',(-22.9,38.898529835565,0.));
#5122 = SURFACE_CURVE('',#5123,(#5127,#5133),.PCURVE_S1.);
#5123 = LINE('',#5124,#5125);
#5124 = CARTESIAN_POINT('',(-22.9,38.898529835565,-0.15));
#5125 = VECTOR('',#5126,1.);
#5126 = DIRECTION('',(-0.,-0.,-1.));
#5127 = PCURVE('',#3606,#5128);
#5128 = DEFINITIONAL_REPRESENTATION('',(#5129),#5132);
#5129 = B_SPLINE_CURVE_WITH_KNOTS('',1,(#5130,#5131),.UNSPECIFIED.,.F.,
  .F.,(2,2),(-0.15,0.),.PIECEWISE_BEZIER_KNOTS.);
#5130 = CARTESIAN_POINT('',(-4.518875787874,-0.15));
#5131 = CARTESIAN_POINT('',(-4.518875787874,0.));
#5132 = ( GEOMETRIC_REPRESENTATION_CONTEXT(2) 
PARAMETRIC_REPRESENTATION_CONTEXT() REPRESENTATION_CONTEXT('2D SPACE',''
  ) );
#5133 = PCURVE('',#3723,#5134);
#5134 = DEFINITIONAL_REPRESENTATION('',(#5135),#5138);
#5135 = B_SPLINE_CURVE_WITH_KNOTS('',1,(#5136,#5137),.UNSPECIFIED.,.F.,
  .F.,(2,2),(-0.1500006,5.999999999895E-07),.PIECEWISE_BEZIER_KNOTS.);
#5136 = CARTESIAN_POINT('',(3.551470164435,-0.1600006));
#5137 = CARTESIAN_POINT('',(3.551470164435,-9.9994E-03));
#5138 = ( GEOMETRIC_REPRESENTATION_CONTEXT(2) 
PARAMETRIC_REPRESENTATION_CONTEXT() REPRESENTATION_CONTEXT('2D SPACE',''
  ) );
#5139 = ORIENTED_EDGE('',*,*,#5140,.F.);
#5140 = EDGE_CURVE('',#5049,#5120,#5141,.T.);
#5141 = SURFACE_CURVE('',#5142,(#5147,#5154),.PCURVE_S1.);
#5142 = CIRCLE('',#5143,2.6);
#5143 = AXIS2_PLACEMENT_3D('',#5144,#5145,#5146);
#5144 = CARTESIAN_POINT('',(-22.4,41.45,0.));
#5145 = DIRECTION('',(0.,0.,-1.));
#5146 = DIRECTION('',(0.923076923077,0.384615384615,0.));
#5147 = PCURVE('',#3606,#5148);
#5148 = DEFINITIONAL_REPRESENTATION('',(#5149),#5153);
#5149 = LINE('',#5150,#5151);
#5150 = CARTESIAN_POINT('',(-6.677976426879,-0.15));
#5151 = VECTOR('',#5152,1.);
#5152 = DIRECTION('',(1.,-0.));
#5153 = ( GEOMETRIC_REPRESENTATION_CONTEXT(2) 
PARAMETRIC_REPRESENTATION_CONTEXT() REPRESENTATION_CONTEXT('2D SPACE',''
  ) );
#5154 = PCURVE('',#5104,#5155);
#5155 = DEFINITIONAL_REPRESENTATION('',(#5156),#5164);
#5156 = ( BOUNDED_CURVE() B_SPLINE_CURVE(2,(#5157,#5158,#5159,#5160,
#5161,#5162,#5163),.UNSPECIFIED.,.T.,.F.) B_SPLINE_CURVE_WITH_KNOTS((1,2
    ,2,2,2,1),(-2.094395102393,0.,2.094395102393,4.188790204786,
6.28318530718,8.377580409573),.UNSPECIFIED.) CURVE() 
GEOMETRIC_REPRESENTATION_ITEM() RATIONAL_B_SPLINE_CURVE((1.,0.5,1.,0.5,
1.,0.5,1.)) REPRESENTATION_ITEM('') );
#5157 = CARTESIAN_POINT('',(-20.,42.45));
#5158 = CARTESIAN_POINT('',(-18.26794919243,38.293078061835));
#5159 = CARTESIAN_POINT('',(-22.73397459621,38.871539030917));
#5160 = CARTESIAN_POINT('',(-27.2,39.45));
#5161 = CARTESIAN_POINT('',(-24.46602540378,43.028460969083));
#5162 = CARTESIAN_POINT('',(-21.73205080756,46.606921938165));
#5163 = CARTESIAN_POINT('',(-20.,42.45));
#5164 = ( GEOMETRIC_REPRESENTATION_CONTEXT(2) 
PARAMETRIC_REPRESENTATION_CONTEXT() REPRESENTATION_CONTEXT('2D SPACE',''
  ) );
#5165 = ORIENTED_EDGE('',*,*,#5048,.T.);
#5166 = ORIENTED_EDGE('',*,*,#3591,.T.);
#5167 = ADVANCED_FACE('',(#5168),#3665,.T.);
#5168 = FACE_BOUND('',#5169,.F.);
#5169 = EDGE_LOOP('',(#5170,#5191,#5192,#5193));
#5170 = ORIENTED_EDGE('',*,*,#5171,.T.);
#5171 = EDGE_CURVE('',#5172,#3624,#5174,.T.);
#5172 = VERTEX_POINT('',#5173);
#5173 = CARTESIAN_POINT('',(22.9,38.898529835565,0.));
#5174 = SURFACE_CURVE('',#5175,(#5179,#5185),.PCURVE_S1.);
#5175 = LINE('',#5176,#5177);
#5176 = CARTESIAN_POINT('',(22.9,38.898529835565,-0.15));
#5177 = VECTOR('',#5178,1.);
#5178 = DIRECTION('',(-0.,-0.,-1.));
#5179 = PCURVE('',#3665,#5180);
#5180 = DEFINITIONAL_REPRESENTATION('',(#5181),#5184);
#5181 = B_SPLINE_CURVE_WITH_KNOTS('',1,(#5182,#5183),.UNSPECIFIED.,.F.,
  .F.,(2,2),(-0.1500006,5.999999999895E-07),.PIECEWISE_BEZIER_KNOTS.);
#5182 = CARTESIAN_POINT('',(-4.905902172895,-0.1500006));
#5183 = CARTESIAN_POINT('',(-4.905902172895,5.999999999895E-07));
#5184 = ( GEOMETRIC_REPRESENTATION_CONTEXT(2) 
PARAMETRIC_REPRESENTATION_CONTEXT() REPRESENTATION_CONTEXT('2D SPACE',''
  ) );
#5185 = PCURVE('',#3777,#5186);
#5186 = DEFINITIONAL_REPRESENTATION('',(#5187),#5190);
#5187 = B_SPLINE_CURVE_WITH_KNOTS('',1,(#5188,#5189),.UNSPECIFIED.,.F.,
  .F.,(2,2),(-0.1500006,5.999999999895E-07),.PIECEWISE_BEZIER_KNOTS.);
#5188 = CARTESIAN_POINT('',(5.551470164435,-0.1500006));
#5189 = CARTESIAN_POINT('',(5.551470164435,5.999999999895E-07));
#5190 = ( GEOMETRIC_REPRESENTATION_CONTEXT(2) 
PARAMETRIC_REPRESENTATION_CONTEXT() REPRESENTATION_CONTEXT('2D SPACE',''
  ) );
#5191 = ORIENTED_EDGE('',*,*,#3650,.F.);
#5192 = ORIENTED_EDGE('',*,*,#5070,.F.);
#5193 = ORIENTED_EDGE('',*,*,#5194,.T.);
#5194 = EDGE_CURVE('',#5071,#5172,#5195,.T.);
#5195 = SURFACE_CURVE('',#5196,(#5201,#5208),.PCURVE_S1.);
#5196 = CIRCLE('',#5197,2.6);
#5197 = AXIS2_PLACEMENT_3D('',#5198,#5199,#5200);
#5198 = CARTESIAN_POINT('',(22.4,41.45,0.));
#5199 = DIRECTION('',(0.,0.,1.));
#5200 = DIRECTION('',(1.,0.,0.));
#5201 = PCURVE('',#3665,#5202);
#5202 = DEFINITIONAL_REPRESENTATION('',(#5203),#5207);
#5203 = LINE('',#5204,#5205);
#5204 = CARTESIAN_POINT('',(-0.,-0.15));
#5205 = VECTOR('',#5206,1.);
#5206 = DIRECTION('',(-1.,0.));
#5207 = ( GEOMETRIC_REPRESENTATION_CONTEXT(2) 
PARAMETRIC_REPRESENTATION_CONTEXT() REPRESENTATION_CONTEXT('2D SPACE',''
  ) );
#5208 = PCURVE('',#5104,#5209);
#5209 = DEFINITIONAL_REPRESENTATION('',(#5210),#5214);
#5210 = CIRCLE('',#5211,2.6);
#5211 = AXIS2_PLACEMENT_2D('',#5212,#5213);
#5212 = CARTESIAN_POINT('',(22.4,41.45));
#5213 = DIRECTION('',(1.,0.));
#5214 = ( GEOMETRIC_REPRESENTATION_CONTEXT(2) 
PARAMETRIC_REPRESENTATION_CONTEXT() REPRESENTATION_CONTEXT('2D SPACE',''
  ) );
#5215 = ADVANCED_FACE('',(#5216),#3723,.T.);
#5216 = FACE_BOUND('',#5217,.T.);
#5217 = EDGE_LOOP('',(#5218,#5239,#5240,#5241));
#5218 = ORIENTED_EDGE('',*,*,#5219,.T.);
#5219 = EDGE_CURVE('',#5220,#3681,#5222,.T.);
#5220 = VERTEX_POINT('',#5221);
#5221 = CARTESIAN_POINT('',(-22.9,-38.89852983556,0.));
#5222 = SURFACE_CURVE('',#5223,(#5227,#5233),.PCURVE_S1.);
#5223 = LINE('',#5224,#5225);
#5224 = CARTESIAN_POINT('',(-22.9,-38.89852983556,-0.15));
#5225 = VECTOR('',#5226,1.);
#5226 = DIRECTION('',(-0.,-0.,-1.));
#5227 = PCURVE('',#3723,#5228);
#5228 = DEFINITIONAL_REPRESENTATION('',(#5229),#5232);
#5229 = B_SPLINE_CURVE_WITH_KNOTS('',1,(#5230,#5231),.UNSPECIFIED.,.F.,
  .F.,(2,2),(-0.1500006,5.999999999895E-07),.PIECEWISE_BEZIER_KNOTS.);
#5230 = CARTESIAN_POINT('',(81.348529835565,-0.1600006));
#5231 = CARTESIAN_POINT('',(81.348529835565,-9.9994E-03));
#5232 = ( GEOMETRIC_REPRESENTATION_CONTEXT(2) 
PARAMETRIC_REPRESENTATION_CONTEXT() REPRESENTATION_CONTEXT('2D SPACE',''
  ) );
#5233 = PCURVE('',#3836,#5234);
#5234 = DEFINITIONAL_REPRESENTATION('',(#5235),#5238);
#5235 = B_SPLINE_CURVE_WITH_KNOTS('',1,(#5236,#5237),.UNSPECIFIED.,.F.,
  .F.,(2,2),(-0.15,-0.),.PIECEWISE_BEZIER_KNOTS.);
#5236 = CARTESIAN_POINT('',(-8.047494826485,-0.15));
#5237 = CARTESIAN_POINT('',(-8.047494826485,0.));
#5238 = ( GEOMETRIC_REPRESENTATION_CONTEXT(2) 
PARAMETRIC_REPRESENTATION_CONTEXT() REPRESENTATION_CONTEXT('2D SPACE',''
  ) );
#5239 = ORIENTED_EDGE('',*,*,#3709,.T.);
#5240 = ORIENTED_EDGE('',*,*,#5119,.F.);
#5241 = ORIENTED_EDGE('',*,*,#5242,.F.);
#5242 = EDGE_CURVE('',#5220,#5120,#5243,.T.);
#5243 = SURFACE_CURVE('',#5244,(#5248,#5254),.PCURVE_S1.);
#5244 = LINE('',#5245,#5246);
#5245 = CARTESIAN_POINT('',(-22.9,21.225,0.));
#5246 = VECTOR('',#5247,1.);
#5247 = DIRECTION('',(-0.,1.,0.));
#5248 = PCURVE('',#3723,#5249);
#5249 = DEFINITIONAL_REPRESENTATION('',(#5250),#5253);
#5250 = B_SPLINE_CURVE_WITH_KNOTS('',1,(#5251,#5252),.UNSPECIFIED.,.F.,
  .F.,(2,2),(-61.725,19.275),.PIECEWISE_BEZIER_KNOTS.);
#5251 = CARTESIAN_POINT('',(82.95,-0.16));
#5252 = CARTESIAN_POINT('',(1.95,-0.16));
#5253 = ( GEOMETRIC_REPRESENTATION_CONTEXT(2) 
PARAMETRIC_REPRESENTATION_CONTEXT() REPRESENTATION_CONTEXT('2D SPACE',''
  ) );
#5254 = PCURVE('',#5104,#5255);
#5255 = DEFINITIONAL_REPRESENTATION('',(#5256),#5260);
#5256 = LINE('',#5257,#5258);
#5257 = CARTESIAN_POINT('',(-22.9,21.225));
#5258 = VECTOR('',#5259,1.);
#5259 = DIRECTION('',(0.,1.));
#5260 = ( GEOMETRIC_REPRESENTATION_CONTEXT(2) 
PARAMETRIC_REPRESENTATION_CONTEXT() REPRESENTATION_CONTEXT('2D SPACE',''
  ) );
#5261 = ADVANCED_FACE('',(#5262),#3777,.F.);
#5262 = FACE_BOUND('',#5263,.F.);
#5263 = EDGE_LOOP('',(#5264,#5287,#5288,#5289));
#5264 = ORIENTED_EDGE('',*,*,#5265,.F.);
#5265 = EDGE_CURVE('',#3741,#5266,#5268,.T.);
#5266 = VERTEX_POINT('',#5267);
#5267 = CARTESIAN_POINT('',(22.9,13.55,0.));
#5268 = SURFACE_CURVE('',#5269,(#5273,#5280),.PCURVE_S1.);
#5269 = LINE('',#5270,#5271);
#5270 = CARTESIAN_POINT('',(22.9,13.55,-0.15));
#5271 = VECTOR('',#5272,1.);
#5272 = DIRECTION('',(0.,0.,1.));
#5273 = PCURVE('',#3777,#5274);
#5274 = DEFINITIONAL_REPRESENTATION('',(#5275),#5279);
#5275 = LINE('',#5276,#5277);
#5276 = CARTESIAN_POINT('',(30.9,0.));
#5277 = VECTOR('',#5278,1.);
#5278 = DIRECTION('',(0.,-1.));
#5279 = ( GEOMETRIC_REPRESENTATION_CONTEXT(2) 
PARAMETRIC_REPRESENTATION_CONTEXT() REPRESENTATION_CONTEXT('2D SPACE',''
  ) );
#5280 = PCURVE('',#3890,#5281);
#5281 = DEFINITIONAL_REPRESENTATION('',(#5282),#5286);
#5282 = LINE('',#5283,#5284);
#5283 = CARTESIAN_POINT('',(0.,0.));
#5284 = VECTOR('',#5285,1.);
#5285 = DIRECTION('',(0.,-1.));
#5286 = ( GEOMETRIC_REPRESENTATION_CONTEXT(2) 
PARAMETRIC_REPRESENTATION_CONTEXT() REPRESENTATION_CONTEXT('2D SPACE',''
  ) );
#5287 = ORIENTED_EDGE('',*,*,#3763,.F.);
#5288 = ORIENTED_EDGE('',*,*,#5171,.F.);
#5289 = ORIENTED_EDGE('',*,*,#5290,.T.);
#5290 = EDGE_CURVE('',#5172,#5266,#5291,.T.);
#5291 = SURFACE_CURVE('',#5292,(#5296,#5303),.PCURVE_S1.);
#5292 = LINE('',#5293,#5294);
#5293 = CARTESIAN_POINT('',(22.9,44.45,0.));
#5294 = VECTOR('',#5295,1.);
#5295 = DIRECTION('',(0.,-1.,0.));
#5296 = PCURVE('',#3777,#5297);
#5297 = DEFINITIONAL_REPRESENTATION('',(#5298),#5302);
#5298 = LINE('',#5299,#5300);
#5299 = CARTESIAN_POINT('',(0.,-0.15));
#5300 = VECTOR('',#5301,1.);
#5301 = DIRECTION('',(1.,0.));
#5302 = ( GEOMETRIC_REPRESENTATION_CONTEXT(2) 
PARAMETRIC_REPRESENTATION_CONTEXT() REPRESENTATION_CONTEXT('2D SPACE',''
  ) );
#5303 = PCURVE('',#5104,#5304);
#5304 = DEFINITIONAL_REPRESENTATION('',(#5305),#5309);
#5305 = LINE('',#5306,#5307);
#5306 = CARTESIAN_POINT('',(22.9,44.45));
#5307 = VECTOR('',#5308,1.);
#5308 = DIRECTION('',(0.,-1.));
#5309 = ( GEOMETRIC_REPRESENTATION_CONTEXT(2) 
PARAMETRIC_REPRESENTATION_CONTEXT() REPRESENTATION_CONTEXT('2D SPACE',''
  ) );
#5310 = ADVANCED_FACE('',(#5311),#3836,.T.);
#5311 = FACE_BOUND('',#5312,.F.);
#5312 = EDGE_LOOP('',(#5313,#5334,#5356,#5357));
#5313 = ORIENTED_EDGE('',*,*,#5314,.F.);
#5314 = EDGE_CURVE('',#5315,#3795,#5317,.T.);
#5315 = VERTEX_POINT('',#5316);
#5316 = CARTESIAN_POINT('',(-20.,-42.45,0.));
#5317 = SURFACE_CURVE('',#5318,(#5322,#5328),.PCURVE_S1.);
#5318 = LINE('',#5319,#5320);
#5319 = CARTESIAN_POINT('',(-20.,-42.45,-0.15));
#5320 = VECTOR('',#5321,1.);
#5321 = DIRECTION('',(-0.,-0.,-1.));
#5322 = PCURVE('',#3836,#5323);
#5323 = DEFINITIONAL_REPRESENTATION('',(#5324),#5327);
#5324 = B_SPLINE_CURVE_WITH_KNOTS('',1,(#5325,#5326),.UNSPECIFIED.,.F.,
  .F.,(2,2),(-0.15,-0.),.PIECEWISE_BEZIER_KNOTS.);
#5325 = CARTESIAN_POINT('',(-5.88839418748,-0.15));
#5326 = CARTESIAN_POINT('',(-5.88839418748,0.));
#5327 = ( GEOMETRIC_REPRESENTATION_CONTEXT(2) 
PARAMETRIC_REPRESENTATION_CONTEXT() REPRESENTATION_CONTEXT('2D SPACE',''
  ) );
#5328 = PCURVE('',#3948,#5329);
#5329 = DEFINITIONAL_REPRESENTATION('',(#5330),#5333);
#5330 = B_SPLINE_CURVE_WITH_KNOTS('',1,(#5331,#5332),.UNSPECIFIED.,.F.,
  .F.,(2,2),(-0.1500006,5.999999999895E-07),.PIECEWISE_BEZIER_KNOTS.);
#5331 = CARTESIAN_POINT('',(2.9,-0.1600006));
#5332 = CARTESIAN_POINT('',(2.9,-9.9994E-03));
#5333 = ( GEOMETRIC_REPRESENTATION_CONTEXT(2) 
PARAMETRIC_REPRESENTATION_CONTEXT() REPRESENTATION_CONTEXT('2D SPACE',''
  ) );
#5334 = ORIENTED_EDGE('',*,*,#5335,.T.);
#5335 = EDGE_CURVE('',#5315,#5220,#5336,.T.);
#5336 = SURFACE_CURVE('',#5337,(#5342,#5349),.PCURVE_S1.);
#5337 = CIRCLE('',#5338,2.6);
#5338 = AXIS2_PLACEMENT_3D('',#5339,#5340,#5341);
#5339 = CARTESIAN_POINT('',(-22.4,-41.45,0.));
#5340 = DIRECTION('',(-0.,0.,1.));
#5341 = DIRECTION('',(0.923076923077,-0.384615384615,0.));
#5342 = PCURVE('',#3836,#5343);
#5343 = DEFINITIONAL_REPRESENTATION('',(#5344),#5348);
#5344 = LINE('',#5345,#5346);
#5345 = CARTESIAN_POINT('',(-5.88839418748,-0.15));
#5346 = VECTOR('',#5347,1.);
#5347 = DIRECTION('',(-1.,0.));
#5348 = ( GEOMETRIC_REPRESENTATION_CONTEXT(2) 
PARAMETRIC_REPRESENTATION_CONTEXT() REPRESENTATION_CONTEXT('2D SPACE',''
  ) );
#5349 = PCURVE('',#5104,#5350);
#5350 = DEFINITIONAL_REPRESENTATION('',(#5351),#5355);
#5351 = CIRCLE('',#5352,2.6);
#5352 = AXIS2_PLACEMENT_2D('',#5353,#5354);
#5353 = CARTESIAN_POINT('',(-22.4,-41.45));
#5354 = DIRECTION('',(0.923076923077,-0.384615384615));
#5355 = ( GEOMETRIC_REPRESENTATION_CONTEXT(2) 
PARAMETRIC_REPRESENTATION_CONTEXT() REPRESENTATION_CONTEXT('2D SPACE',''
  ) );
#5356 = ORIENTED_EDGE('',*,*,#5219,.T.);
#5357 = ORIENTED_EDGE('',*,*,#3821,.T.);
#5358 = ADVANCED_FACE('',(#5359),#3890,.F.);
#5359 = FACE_BOUND('',#5360,.F.);
#5360 = EDGE_LOOP('',(#5361,#5362,#5385,#5406));
#5361 = ORIENTED_EDGE('',*,*,#5265,.T.);
#5362 = ORIENTED_EDGE('',*,*,#5363,.T.);
#5363 = EDGE_CURVE('',#5266,#5364,#5366,.T.);
#5364 = VERTEX_POINT('',#5365);
#5365 = CARTESIAN_POINT('',(24.4,13.55,0.));
#5366 = SURFACE_CURVE('',#5367,(#5371,#5378),.PCURVE_S1.);
#5367 = LINE('',#5368,#5369);
#5368 = CARTESIAN_POINT('',(22.9,13.55,0.));
#5369 = VECTOR('',#5370,1.);
#5370 = DIRECTION('',(1.,0.,0.));
#5371 = PCURVE('',#3890,#5372);
#5372 = DEFINITIONAL_REPRESENTATION('',(#5373),#5377);
#5373 = LINE('',#5374,#5375);
#5374 = CARTESIAN_POINT('',(0.,-0.15));
#5375 = VECTOR('',#5376,1.);
#5376 = DIRECTION('',(1.,0.));
#5377 = ( GEOMETRIC_REPRESENTATION_CONTEXT(2) 
PARAMETRIC_REPRESENTATION_CONTEXT() REPRESENTATION_CONTEXT('2D SPACE',''
  ) );
#5378 = PCURVE('',#5104,#5379);
#5379 = DEFINITIONAL_REPRESENTATION('',(#5380),#5384);
#5380 = LINE('',#5381,#5382);
#5381 = CARTESIAN_POINT('',(22.9,13.55));
#5382 = VECTOR('',#5383,1.);
#5383 = DIRECTION('',(1.,0.));
#5384 = ( GEOMETRIC_REPRESENTATION_CONTEXT(2) 
PARAMETRIC_REPRESENTATION_CONTEXT() REPRESENTATION_CONTEXT('2D SPACE',''
  ) );
#5385 = ORIENTED_EDGE('',*,*,#5386,.F.);
#5386 = EDGE_CURVE('',#3854,#5364,#5387,.T.);
#5387 = SURFACE_CURVE('',#5388,(#5392,#5399),.PCURVE_S1.);
#5388 = LINE('',#5389,#5390);
#5389 = CARTESIAN_POINT('',(24.4,13.55,-0.15));
#5390 = VECTOR('',#5391,1.);
#5391 = DIRECTION('',(0.,0.,1.));
#5392 = PCURVE('',#3890,#5393);
#5393 = DEFINITIONAL_REPRESENTATION('',(#5394),#5398);
#5394 = LINE('',#5395,#5396);
#5395 = CARTESIAN_POINT('',(1.5,0.));
#5396 = VECTOR('',#5397,1.);
#5397 = DIRECTION('',(0.,-1.));
#5398 = ( GEOMETRIC_REPRESENTATION_CONTEXT(2) 
PARAMETRIC_REPRESENTATION_CONTEXT() REPRESENTATION_CONTEXT('2D SPACE',''
  ) );
#5399 = PCURVE('',#4002,#5400);
#5400 = DEFINITIONAL_REPRESENTATION('',(#5401),#5405);
#5401 = LINE('',#5402,#5403);
#5402 = CARTESIAN_POINT('',(56.,-1.E-02));
#5403 = VECTOR('',#5404,1.);
#5404 = DIRECTION('',(0.,-1.));
#5405 = ( GEOMETRIC_REPRESENTATION_CONTEXT(2) 
PARAMETRIC_REPRESENTATION_CONTEXT() REPRESENTATION_CONTEXT('2D SPACE',''
  ) );
#5406 = ORIENTED_EDGE('',*,*,#3876,.F.);
#5407 = ADVANCED_FACE('',(#5408),#3948,.T.);
#5408 = FACE_BOUND('',#5409,.T.);
#5409 = EDGE_LOOP('',(#5410,#5431,#5432,#5433));
#5410 = ORIENTED_EDGE('',*,*,#5411,.T.);
#5411 = EDGE_CURVE('',#5412,#3906,#5414,.T.);
#5412 = VERTEX_POINT('',#5413);
#5413 = CARTESIAN_POINT('',(20.,-42.45,0.));
#5414 = SURFACE_CURVE('',#5415,(#5419,#5425),.PCURVE_S1.);
#5415 = LINE('',#5416,#5417);
#5416 = CARTESIAN_POINT('',(20.,-42.45,-0.15));
#5417 = VECTOR('',#5418,1.);
#5418 = DIRECTION('',(-0.,-0.,-1.));
#5419 = PCURVE('',#3948,#5420);
#5420 = DEFINITIONAL_REPRESENTATION('',(#5421),#5424);
#5421 = B_SPLINE_CURVE_WITH_KNOTS('',1,(#5422,#5423),.UNSPECIFIED.,.F.,
  .F.,(2,2),(-0.1500006,5.999999999895E-07),.PIECEWISE_BEZIER_KNOTS.);
#5422 = CARTESIAN_POINT('',(42.9,-0.1600006));
#5423 = CARTESIAN_POINT('',(42.9,-9.9994E-03));
#5424 = ( GEOMETRIC_REPRESENTATION_CONTEXT(2) 
PARAMETRIC_REPRESENTATION_CONTEXT() REPRESENTATION_CONTEXT('2D SPACE',''
  ) );
#5425 = PCURVE('',#4061,#5426);
#5426 = DEFINITIONAL_REPRESENTATION('',(#5427),#5430);
#5427 = B_SPLINE_CURVE_WITH_KNOTS('',1,(#5428,#5429),.UNSPECIFIED.,.F.,
  .F.,(2,2),(-0.1500006,5.999999999895E-07),.PIECEWISE_BEZIER_KNOTS.);
#5428 = CARTESIAN_POINT('',(-3.53638377329,-0.1500006));
#5429 = CARTESIAN_POINT('',(-3.53638377329,5.999999999895E-07));
#5430 = ( GEOMETRIC_REPRESENTATION_CONTEXT(2) 
PARAMETRIC_REPRESENTATION_CONTEXT() REPRESENTATION_CONTEXT('2D SPACE',''
  ) );
#5431 = ORIENTED_EDGE('',*,*,#3934,.T.);
#5432 = ORIENTED_EDGE('',*,*,#5314,.F.);
#5433 = ORIENTED_EDGE('',*,*,#5434,.F.);
#5434 = EDGE_CURVE('',#5412,#5315,#5435,.T.);
#5435 = SURFACE_CURVE('',#5436,(#5440,#5446),.PCURVE_S1.);
#5436 = LINE('',#5437,#5438);
#5437 = CARTESIAN_POINT('',(-11.45,-42.45,0.));
#5438 = VECTOR('',#5439,1.);
#5439 = DIRECTION('',(-1.,0.,0.));
#5440 = PCURVE('',#3948,#5441);
#5441 = DEFINITIONAL_REPRESENTATION('',(#5442),#5445);
#5442 = B_SPLINE_CURVE_WITH_KNOTS('',1,(#5443,#5444),.UNSPECIFIED.,.F.,
  .F.,(2,2),(-33.9,9.5),.PIECEWISE_BEZIER_KNOTS.);
#5443 = CARTESIAN_POINT('',(45.35,-0.16));
#5444 = CARTESIAN_POINT('',(1.95,-0.16));
#5445 = ( GEOMETRIC_REPRESENTATION_CONTEXT(2) 
PARAMETRIC_REPRESENTATION_CONTEXT() REPRESENTATION_CONTEXT('2D SPACE',''
  ) );
#5446 = PCURVE('',#5104,#5447);
#5447 = DEFINITIONAL_REPRESENTATION('',(#5448),#5452);
#5448 = LINE('',#5449,#5450);
#5449 = CARTESIAN_POINT('',(-11.45,-42.45));
#5450 = VECTOR('',#5451,1.);
#5451 = DIRECTION('',(-1.,0.));
#5452 = ( GEOMETRIC_REPRESENTATION_CONTEXT(2) 
PARAMETRIC_REPRESENTATION_CONTEXT() REPRESENTATION_CONTEXT('2D SPACE',''
  ) );
#5453 = ADVANCED_FACE('',(#5454),#4002,.T.);
#5454 = FACE_BOUND('',#5455,.T.);
#5455 = EDGE_LOOP('',(#5456,#5457,#5458,#5481));
#5456 = ORIENTED_EDGE('',*,*,#5386,.F.);
#5457 = ORIENTED_EDGE('',*,*,#3988,.T.);
#5458 = ORIENTED_EDGE('',*,*,#5459,.T.);
#5459 = EDGE_CURVE('',#3966,#5460,#5462,.T.);
#5460 = VERTEX_POINT('',#5461);
#5461 = CARTESIAN_POINT('',(24.4,-34.45,0.));
#5462 = SURFACE_CURVE('',#5463,(#5467,#5474),.PCURVE_S1.);
#5463 = LINE('',#5464,#5465);
#5464 = CARTESIAN_POINT('',(24.4,-34.45,-0.15));
#5465 = VECTOR('',#5466,1.);
#5466 = DIRECTION('',(0.,0.,1.));
#5467 = PCURVE('',#4002,#5468);
#5468 = DEFINITIONAL_REPRESENTATION('',(#5469),#5473);
#5469 = LINE('',#5470,#5471);
#5470 = CARTESIAN_POINT('',(8.,-1.E-02));
#5471 = VECTOR('',#5472,1.);
#5472 = DIRECTION('',(0.,-1.));
#5473 = ( GEOMETRIC_REPRESENTATION_CONTEXT(2) 
PARAMETRIC_REPRESENTATION_CONTEXT() REPRESENTATION_CONTEXT('2D SPACE',''
  ) );
#5474 = PCURVE('',#4115,#5475);
#5475 = DEFINITIONAL_REPRESENTATION('',(#5476),#5480);
#5476 = LINE('',#5477,#5478);
#5477 = CARTESIAN_POINT('',(0.,-0.));
#5478 = VECTOR('',#5479,1.);
#5479 = DIRECTION('',(0.,-1.));
#5480 = ( GEOMETRIC_REPRESENTATION_CONTEXT(2) 
PARAMETRIC_REPRESENTATION_CONTEXT() REPRESENTATION_CONTEXT('2D SPACE',''
  ) );
#5481 = ORIENTED_EDGE('',*,*,#5482,.F.);
#5482 = EDGE_CURVE('',#5364,#5460,#5483,.T.);
#5483 = SURFACE_CURVE('',#5484,(#5488,#5494),.PCURVE_S1.);
#5484 = LINE('',#5485,#5486);
#5485 = CARTESIAN_POINT('',(24.4,-21.225,0.));
#5486 = VECTOR('',#5487,1.);
#5487 = DIRECTION('',(0.,-1.,0.));
#5488 = PCURVE('',#4002,#5489);
#5489 = DEFINITIONAL_REPRESENTATION('',(#5490),#5493);
#5490 = B_SPLINE_CURVE_WITH_KNOTS('',1,(#5491,#5492),.UNSPECIFIED.,.F.,
  .F.,(2,2),(-61.725,19.275),.PIECEWISE_BEZIER_KNOTS.);
#5491 = CARTESIAN_POINT('',(82.95,-0.16));
#5492 = CARTESIAN_POINT('',(1.95,-0.16));
#5493 = ( GEOMETRIC_REPRESENTATION_CONTEXT(2) 
PARAMETRIC_REPRESENTATION_CONTEXT() REPRESENTATION_CONTEXT('2D SPACE',''
  ) );
#5494 = PCURVE('',#5104,#5495);
#5495 = DEFINITIONAL_REPRESENTATION('',(#5496),#5500);
#5496 = LINE('',#5497,#5498);
#5497 = CARTESIAN_POINT('',(24.4,-21.225));
#5498 = VECTOR('',#5499,1.);
#5499 = DIRECTION('',(0.,-1.));
#5500 = ( GEOMETRIC_REPRESENTATION_CONTEXT(2) 
PARAMETRIC_REPRESENTATION_CONTEXT() REPRESENTATION_CONTEXT('2D SPACE',''
  ) );
#5501 = ADVANCED_FACE('',(#5502),#4061,.T.);
#5502 = FACE_BOUND('',#5503,.F.);
#5503 = EDGE_LOOP('',(#5504,#5505,#5506,#5527));
#5504 = ORIENTED_EDGE('',*,*,#5411,.T.);
#5505 = ORIENTED_EDGE('',*,*,#4046,.F.);
#5506 = ORIENTED_EDGE('',*,*,#5507,.F.);
#5507 = EDGE_CURVE('',#5508,#4018,#5510,.T.);
#5508 = VERTEX_POINT('',#5509);
#5509 = CARTESIAN_POINT('',(22.9,-38.89852983556,0.));
#5510 = SURFACE_CURVE('',#5511,(#5515,#5521),.PCURVE_S1.);
#5511 = LINE('',#5512,#5513);
#5512 = CARTESIAN_POINT('',(22.9,-38.89852983556,-0.15));
#5513 = VECTOR('',#5514,1.);
#5514 = DIRECTION('',(-0.,-0.,-1.));
#5515 = PCURVE('',#4061,#5516);
#5516 = DEFINITIONAL_REPRESENTATION('',(#5517),#5520);
#5517 = B_SPLINE_CURVE_WITH_KNOTS('',1,(#5518,#5519),.UNSPECIFIED.,.F.,
  .F.,(2,2),(-0.1500006,5.999999999895E-07),.PIECEWISE_BEZIER_KNOTS.);
#5518 = CARTESIAN_POINT('',(-1.377283134284,-0.1500006));
#5519 = CARTESIAN_POINT('',(-1.377283134284,5.999999999895E-07));
#5520 = ( GEOMETRIC_REPRESENTATION_CONTEXT(2) 
PARAMETRIC_REPRESENTATION_CONTEXT() REPRESENTATION_CONTEXT('2D SPACE',''
  ) );
#5521 = PCURVE('',#4147,#5522);
#5522 = DEFINITIONAL_REPRESENTATION('',(#5523),#5526);
#5523 = B_SPLINE_CURVE_WITH_KNOTS('',1,(#5524,#5525),.UNSPECIFIED.,.F.,
  .F.,(2,2),(-0.1500006,5.999999999895E-07),.PIECEWISE_BEZIER_KNOTS.);
#5524 = CARTESIAN_POINT('',(4.448529835565,-0.1500006));
#5525 = CARTESIAN_POINT('',(4.448529835565,5.999999999895E-07));
#5526 = ( GEOMETRIC_REPRESENTATION_CONTEXT(2) 
PARAMETRIC_REPRESENTATION_CONTEXT() REPRESENTATION_CONTEXT('2D SPACE',''
  ) );
#5527 = ORIENTED_EDGE('',*,*,#5528,.T.);
#5528 = EDGE_CURVE('',#5508,#5412,#5529,.T.);
#5529 = SURFACE_CURVE('',#5530,(#5535,#5542),.PCURVE_S1.);
#5530 = CIRCLE('',#5531,2.6);
#5531 = AXIS2_PLACEMENT_3D('',#5532,#5533,#5534);
#5532 = CARTESIAN_POINT('',(22.4,-41.45,0.));
#5533 = DIRECTION('',(0.,0.,1.));
#5534 = DIRECTION('',(1.,0.,0.));
#5535 = PCURVE('',#4061,#5536);
#5536 = DEFINITIONAL_REPRESENTATION('',(#5537),#5541);
#5537 = LINE('',#5538,#5539);
#5538 = CARTESIAN_POINT('',(-0.,-0.15));
#5539 = VECTOR('',#5540,1.);
#5540 = DIRECTION('',(-1.,0.));
#5541 = ( GEOMETRIC_REPRESENTATION_CONTEXT(2) 
PARAMETRIC_REPRESENTATION_CONTEXT() REPRESENTATION_CONTEXT('2D SPACE',''
  ) );
#5542 = PCURVE('',#5104,#5543);
#5543 = DEFINITIONAL_REPRESENTATION('',(#5544),#5548);
#5544 = CIRCLE('',#5545,2.6);
#5545 = AXIS2_PLACEMENT_2D('',#5546,#5547);
#5546 = CARTESIAN_POINT('',(22.4,-41.45));
#5547 = DIRECTION('',(1.,0.));
#5548 = ( GEOMETRIC_REPRESENTATION_CONTEXT(2) 
PARAMETRIC_REPRESENTATION_CONTEXT() REPRESENTATION_CONTEXT('2D SPACE',''
  ) );
#5549 = ADVANCED_FACE('',(#5550),#4115,.F.);
#5550 = FACE_BOUND('',#5551,.F.);
#5551 = EDGE_LOOP('',(#5552,#5553,#5576,#5597));
#5552 = ORIENTED_EDGE('',*,*,#5459,.T.);
#5553 = ORIENTED_EDGE('',*,*,#5554,.T.);
#5554 = EDGE_CURVE('',#5460,#5555,#5557,.T.);
#5555 = VERTEX_POINT('',#5556);
#5556 = CARTESIAN_POINT('',(22.9,-34.45,0.));
#5557 = SURFACE_CURVE('',#5558,(#5562,#5569),.PCURVE_S1.);
#5558 = LINE('',#5559,#5560);
#5559 = CARTESIAN_POINT('',(24.4,-34.45,0.));
#5560 = VECTOR('',#5561,1.);
#5561 = DIRECTION('',(-1.,0.,0.));
#5562 = PCURVE('',#4115,#5563);
#5563 = DEFINITIONAL_REPRESENTATION('',(#5564),#5568);
#5564 = LINE('',#5565,#5566);
#5565 = CARTESIAN_POINT('',(0.,-0.15));
#5566 = VECTOR('',#5567,1.);
#5567 = DIRECTION('',(1.,0.));
#5568 = ( GEOMETRIC_REPRESENTATION_CONTEXT(2) 
PARAMETRIC_REPRESENTATION_CONTEXT() REPRESENTATION_CONTEXT('2D SPACE',''
  ) );
#5569 = PCURVE('',#5104,#5570);
#5570 = DEFINITIONAL_REPRESENTATION('',(#5571),#5575);
#5571 = LINE('',#5572,#5573);
#5572 = CARTESIAN_POINT('',(24.4,-34.45));
#5573 = VECTOR('',#5574,1.);
#5574 = DIRECTION('',(-1.,0.));
#5575 = ( GEOMETRIC_REPRESENTATION_CONTEXT(2) 
PARAMETRIC_REPRESENTATION_CONTEXT() REPRESENTATION_CONTEXT('2D SPACE',''
  ) );
#5576 = ORIENTED_EDGE('',*,*,#5577,.F.);
#5577 = EDGE_CURVE('',#4079,#5555,#5578,.T.);
#5578 = SURFACE_CURVE('',#5579,(#5583,#5590),.PCURVE_S1.);
#5579 = LINE('',#5580,#5581);
#5580 = CARTESIAN_POINT('',(22.9,-34.45,-0.15));
#5581 = VECTOR('',#5582,1.);
#5582 = DIRECTION('',(0.,0.,1.));
#5583 = PCURVE('',#4115,#5584);
#5584 = DEFINITIONAL_REPRESENTATION('',(#5585),#5589);
#5585 = LINE('',#5586,#5587);
#5586 = CARTESIAN_POINT('',(1.5,0.));
#5587 = VECTOR('',#5588,1.);
#5588 = DIRECTION('',(0.,-1.));
#5589 = ( GEOMETRIC_REPRESENTATION_CONTEXT(2) 
PARAMETRIC_REPRESENTATION_CONTEXT() REPRESENTATION_CONTEXT('2D SPACE',''
  ) );
#5590 = PCURVE('',#4147,#5591);
#5591 = DEFINITIONAL_REPRESENTATION('',(#5592),#5596);
#5592 = LINE('',#5593,#5594);
#5593 = CARTESIAN_POINT('',(0.,0.));
#5594 = VECTOR('',#5595,1.);
#5595 = DIRECTION('',(0.,-1.));
#5596 = ( GEOMETRIC_REPRESENTATION_CONTEXT(2) 
PARAMETRIC_REPRESENTATION_CONTEXT() REPRESENTATION_CONTEXT('2D SPACE',''
  ) );
#5597 = ORIENTED_EDGE('',*,*,#4101,.F.);
#5598 = ADVANCED_FACE('',(#5599),#4147,.F.);
#5599 = FACE_BOUND('',#5600,.F.);
#5600 = EDGE_LOOP('',(#5601,#5602,#5603,#5604));
#5601 = ORIENTED_EDGE('',*,*,#5507,.T.);
#5602 = ORIENTED_EDGE('',*,*,#4133,.F.);
#5603 = ORIENTED_EDGE('',*,*,#5577,.T.);
#5604 = ORIENTED_EDGE('',*,*,#5605,.T.);
#5605 = EDGE_CURVE('',#5555,#5508,#5606,.T.);
#5606 = SURFACE_CURVE('',#5607,(#5611,#5618),.PCURVE_S1.);
#5607 = LINE('',#5608,#5609);
#5608 = CARTESIAN_POINT('',(22.9,-34.45,0.));
#5609 = VECTOR('',#5610,1.);
#5610 = DIRECTION('',(0.,-1.,0.));
#5611 = PCURVE('',#4147,#5612);
#5612 = DEFINITIONAL_REPRESENTATION('',(#5613),#5617);
#5613 = LINE('',#5614,#5615);
#5614 = CARTESIAN_POINT('',(0.,-0.15));
#5615 = VECTOR('',#5616,1.);
#5616 = DIRECTION('',(1.,0.));
#5617 = ( GEOMETRIC_REPRESENTATION_CONTEXT(2) 
PARAMETRIC_REPRESENTATION_CONTEXT() REPRESENTATION_CONTEXT('2D SPACE',''
  ) );
#5618 = PCURVE('',#5104,#5619);
#5619 = DEFINITIONAL_REPRESENTATION('',(#5620),#5624);
#5620 = LINE('',#5621,#5622);
#5621 = CARTESIAN_POINT('',(22.9,-34.45));
#5622 = VECTOR('',#5623,1.);
#5623 = DIRECTION('',(0.,-1.));
#5624 = ( GEOMETRIC_REPRESENTATION_CONTEXT(2) 
PARAMETRIC_REPRESENTATION_CONTEXT() REPRESENTATION_CONTEXT('2D SPACE',''
  ) );
#5625 = ADVANCED_FACE('',(#5626),#4200,.F.);
#5626 = FACE_BOUND('',#5627,.T.);
#5627 = EDGE_LOOP('',(#5628,#5651,#5652,#5653));
#5628 = ORIENTED_EDGE('',*,*,#5629,.F.);
#5629 = EDGE_CURVE('',#4163,#5630,#5632,.T.);
#5630 = VERTEX_POINT('',#5631);
#5631 = CARTESIAN_POINT('',(23.9,41.45,0.4));
#5632 = SEAM_CURVE('',#5633,(#5637,#5644),.PCURVE_S1.);
#5633 = LINE('',#5634,#5635);
#5634 = CARTESIAN_POINT('',(23.9,41.45,-0.55));
#5635 = VECTOR('',#5636,1.);
#5636 = DIRECTION('',(0.,0.,1.));
#5637 = PCURVE('',#4200,#5638);
#5638 = DEFINITIONAL_REPRESENTATION('',(#5639),#5643);
#5639 = LINE('',#5640,#5641);
#5640 = CARTESIAN_POINT('',(-6.28318530718,0.));
#5641 = VECTOR('',#5642,1.);
#5642 = DIRECTION('',(-0.,-1.));
#5643 = ( GEOMETRIC_REPRESENTATION_CONTEXT(2) 
PARAMETRIC_REPRESENTATION_CONTEXT() REPRESENTATION_CONTEXT('2D SPACE',''
  ) );
#5644 = PCURVE('',#4200,#5645);
#5645 = DEFINITIONAL_REPRESENTATION('',(#5646),#5650);
#5646 = LINE('',#5647,#5648);
#5647 = CARTESIAN_POINT('',(-0.,0.));
#5648 = VECTOR('',#5649,1.);
#5649 = DIRECTION('',(-0.,-1.));
#5650 = ( GEOMETRIC_REPRESENTATION_CONTEXT(2) 
PARAMETRIC_REPRESENTATION_CONTEXT() REPRESENTATION_CONTEXT('2D SPACE',''
  ) );
#5651 = ORIENTED_EDGE('',*,*,#4185,.T.);
#5652 = ORIENTED_EDGE('',*,*,#5629,.T.);
#5653 = ORIENTED_EDGE('',*,*,#5654,.T.);
#5654 = EDGE_CURVE('',#5630,#5630,#5655,.T.);
#5655 = SURFACE_CURVE('',#5656,(#5661,#5668),.PCURVE_S1.);
#5656 = CIRCLE('',#5657,1.5);
#5657 = AXIS2_PLACEMENT_3D('',#5658,#5659,#5660);
#5658 = CARTESIAN_POINT('',(22.4,41.45,0.4));
#5659 = DIRECTION('',(0.,0.,1.));
#5660 = DIRECTION('',(1.,0.,0.));
#5661 = PCURVE('',#4200,#5662);
#5662 = DEFINITIONAL_REPRESENTATION('',(#5663),#5667);
#5663 = LINE('',#5664,#5665);
#5664 = CARTESIAN_POINT('',(-0.,-0.95));
#5665 = VECTOR('',#5666,1.);
#5666 = DIRECTION('',(-1.,0.));
#5667 = ( GEOMETRIC_REPRESENTATION_CONTEXT(2) 
PARAMETRIC_REPRESENTATION_CONTEXT() REPRESENTATION_CONTEXT('2D SPACE',''
  ) );
#5668 = PCURVE('',#5669,#5674);
#5669 = PLANE('',#5670);
#5670 = AXIS2_PLACEMENT_3D('',#5671,#5672,#5673);
#5671 = CARTESIAN_POINT('',(-22.4,-41.45,0.4));
#5672 = DIRECTION('',(0.,0.,1.));
#5673 = DIRECTION('',(1.,0.,-0.));
#5674 = DEFINITIONAL_REPRESENTATION('',(#5675),#5679);
#5675 = CIRCLE('',#5676,1.5);
#5676 = AXIS2_PLACEMENT_2D('',#5677,#5678);
#5677 = CARTESIAN_POINT('',(44.8,82.9));
#5678 = DIRECTION('',(1.,0.));
#5679 = ( GEOMETRIC_REPRESENTATION_CONTEXT(2) 
PARAMETRIC_REPRESENTATION_CONTEXT() REPRESENTATION_CONTEXT('2D SPACE',''
  ) );
#5680 = ADVANCED_FACE('',(#5681),#4254,.F.);
#5681 = FACE_BOUND('',#5682,.F.);
#5682 = EDGE_LOOP('',(#5683,#5704,#5732,#5751));
#5683 = ORIENTED_EDGE('',*,*,#5684,.F.);
#5684 = EDGE_CURVE('',#5685,#4216,#5687,.T.);
#5685 = VERTEX_POINT('',#5686);
#5686 = CARTESIAN_POINT('',(-22.4,-45.3,3.4));
#5687 = SURFACE_CURVE('',#5688,(#5692,#5698),.PCURVE_S1.);
#5688 = LINE('',#5689,#5690);
#5689 = CARTESIAN_POINT('',(-22.4,-45.4,3.3));
#5690 = VECTOR('',#5691,1.);
#5691 = DIRECTION('',(-4.329780281177E-17,-0.707106781187,
    -0.707106781187));
#5692 = PCURVE('',#4254,#5693);
#5693 = DEFINITIONAL_REPRESENTATION('',(#5694),#5697);
#5694 = B_SPLINE_CURVE_WITH_KNOTS('',1,(#5695,#5696),.UNSPECIFIED.,.F.,
  .F.,(2,2),(-0.141421356237,0.),.PIECEWISE_BEZIER_KNOTS.);
#5695 = CARTESIAN_POINT('',(0.,-7.071067811866E-02));
#5696 = CARTESIAN_POINT('',(0.,7.071067811865E-02));
#5697 = ( GEOMETRIC_REPRESENTATION_CONTEXT(2) 
PARAMETRIC_REPRESENTATION_CONTEXT() REPRESENTATION_CONTEXT('2D SPACE',''
  ) );
#5698 = PCURVE('',#4389,#5699);
#5699 = DEFINITIONAL_REPRESENTATION('',(#5700),#5703);
#5700 = B_SPLINE_CURVE_WITH_KNOTS('',1,(#5701,#5702),.UNSPECIFIED.,.F.,
  .F.,(2,2),(-0.141421356237,0.),.PIECEWISE_BEZIER_KNOTS.);
#5701 = CARTESIAN_POINT('',(-1.570796326795,-1.E-01));
#5702 = CARTESIAN_POINT('',(-1.570796326795,0.));
#5703 = ( GEOMETRIC_REPRESENTATION_CONTEXT(2) 
PARAMETRIC_REPRESENTATION_CONTEXT() REPRESENTATION_CONTEXT('2D SPACE',''
  ) );
#5704 = ORIENTED_EDGE('',*,*,#5705,.T.);
#5705 = EDGE_CURVE('',#5685,#5706,#5708,.T.);
#5706 = VERTEX_POINT('',#5707);
#5707 = CARTESIAN_POINT('',(22.4,-45.3,3.4));
#5708 = SURFACE_CURVE('',#5709,(#5713,#5720),.PCURVE_S1.);
#5709 = LINE('',#5710,#5711);
#5710 = CARTESIAN_POINT('',(-22.4,-45.3,3.4));
#5711 = VECTOR('',#5712,1.);
#5712 = DIRECTION('',(1.,0.,0.));
#5713 = PCURVE('',#4254,#5714);
#5714 = DEFINITIONAL_REPRESENTATION('',(#5715),#5719);
#5715 = LINE('',#5716,#5717);
#5716 = CARTESIAN_POINT('',(0.,-7.071067811866E-02));
#5717 = VECTOR('',#5718,1.);
#5718 = DIRECTION('',(1.,0.));
#5719 = ( GEOMETRIC_REPRESENTATION_CONTEXT(2) 
PARAMETRIC_REPRESENTATION_CONTEXT() REPRESENTATION_CONTEXT('2D SPACE',''
  ) );
#5720 = PCURVE('',#5721,#5726);
#5721 = PLANE('',#5722);
#5722 = AXIS2_PLACEMENT_3D('',#5723,#5724,#5725);
#5723 = CARTESIAN_POINT('',(0.,1.584485543158E-15,3.4));
#5724 = DIRECTION('',(0.,0.,1.));
#5725 = DIRECTION('',(1.,0.,-0.));
#5726 = DEFINITIONAL_REPRESENTATION('',(#5727),#5731);
#5727 = LINE('',#5728,#5729);
#5728 = CARTESIAN_POINT('',(-22.4,-45.3));
#5729 = VECTOR('',#5730,1.);
#5730 = DIRECTION('',(1.,0.));
#5731 = ( GEOMETRIC_REPRESENTATION_CONTEXT(2) 
PARAMETRIC_REPRESENTATION_CONTEXT() REPRESENTATION_CONTEXT('2D SPACE',''
  ) );
#5732 = ORIENTED_EDGE('',*,*,#5733,.T.);
#5733 = EDGE_CURVE('',#5706,#4239,#5734,.T.);
#5734 = SURFACE_CURVE('',#5735,(#5739,#5745),.PCURVE_S1.);
#5735 = LINE('',#5736,#5737);
#5736 = CARTESIAN_POINT('',(22.4,-45.35,3.35));
#5737 = VECTOR('',#5738,1.);
#5738 = DIRECTION('',(0.,-0.707106781187,-0.707106781187));
#5739 = PCURVE('',#4254,#5740);
#5740 = DEFINITIONAL_REPRESENTATION('',(#5741),#5744);
#5741 = B_SPLINE_CURVE_WITH_KNOTS('',1,(#5742,#5743),.UNSPECIFIED.,.F.,
  .F.,(2,2),(-7.071067811866E-02,7.071067811865E-02),
  .PIECEWISE_BEZIER_KNOTS.);
#5742 = CARTESIAN_POINT('',(44.8,-7.071067811866E-02));
#5743 = CARTESIAN_POINT('',(44.8,7.071067811865E-02));
#5744 = ( GEOMETRIC_REPRESENTATION_CONTEXT(2) 
PARAMETRIC_REPRESENTATION_CONTEXT() REPRESENTATION_CONTEXT('2D SPACE',''
  ) );
#5745 = PCURVE('',#4502,#5746);
#5746 = DEFINITIONAL_REPRESENTATION('',(#5747),#5750);
#5747 = B_SPLINE_CURVE_WITH_KNOTS('',1,(#5748,#5749),.UNSPECIFIED.,.F.,
  .F.,(2,2),(-7.071067811866E-02,7.071067811865E-02),
  .PIECEWISE_BEZIER_KNOTS.);
#5748 = CARTESIAN_POINT('',(0.,-1.E-01));
#5749 = CARTESIAN_POINT('',(0.,2.296260220825E-15));
#5750 = ( GEOMETRIC_REPRESENTATION_CONTEXT(2) 
PARAMETRIC_REPRESENTATION_CONTEXT() REPRESENTATION_CONTEXT('2D SPACE',''
  ) );
#5751 = ORIENTED_EDGE('',*,*,#4238,.F.);
#5752 = ADVANCED_FACE('',(#5753),#4333,.T.);
#5753 = FACE_BOUND('',#5754,.F.);
#5754 = EDGE_LOOP('',(#5755,#5776,#5805,#5835));
#5755 = ORIENTED_EDGE('',*,*,#5756,.F.);
#5756 = EDGE_CURVE('',#5757,#4294,#5759,.T.);
#5757 = VERTEX_POINT('',#5758);
#5758 = CARTESIAN_POINT('',(-26.25,-41.45,3.4));
#5759 = SURFACE_CURVE('',#5760,(#5764,#5770),.PCURVE_S1.);
#5760 = LINE('',#5761,#5762);
#5761 = CARTESIAN_POINT('',(-26.3,-41.45,3.35));
#5762 = VECTOR('',#5763,1.);
#5763 = DIRECTION('',(-0.707106781187,0.,-0.707106781187));
#5764 = PCURVE('',#4333,#5765);
#5765 = DEFINITIONAL_REPRESENTATION('',(#5766),#5769);
#5766 = B_SPLINE_CURVE_WITH_KNOTS('',1,(#5767,#5768),.UNSPECIFIED.,.F.,
  .F.,(2,2),(-7.071067811866E-02,7.071067811865E-02),
  .PIECEWISE_BEZIER_KNOTS.);
#5767 = CARTESIAN_POINT('',(0.,-1.E-01));
#5768 = CARTESIAN_POINT('',(0.,-2.15887713069E-16));
#5769 = ( GEOMETRIC_REPRESENTATION_CONTEXT(2) 
PARAMETRIC_REPRESENTATION_CONTEXT() REPRESENTATION_CONTEXT('2D SPACE',''
  ) );
#5770 = PCURVE('',#4554,#5771);
#5771 = DEFINITIONAL_REPRESENTATION('',(#5772),#5775);
#5772 = B_SPLINE_CURVE_WITH_KNOTS('',1,(#5773,#5774),.UNSPECIFIED.,.F.,
  .F.,(2,2),(-7.071067811866E-02,7.071067811865E-02),
  .PIECEWISE_BEZIER_KNOTS.);
#5773 = CARTESIAN_POINT('',(82.9,-7.071067811866E-02));
#5774 = CARTESIAN_POINT('',(82.9,7.071067811865E-02));
#5775 = ( GEOMETRIC_REPRESENTATION_CONTEXT(2) 
PARAMETRIC_REPRESENTATION_CONTEXT() REPRESENTATION_CONTEXT('2D SPACE',''
  ) );
#5776 = ORIENTED_EDGE('',*,*,#5777,.T.);
#5777 = EDGE_CURVE('',#5757,#5778,#5780,.T.);
#5778 = VERTEX_POINT('',#5779);
#5779 = CARTESIAN_POINT('',(-25.45,-43.79946802489,3.4));
#5780 = SURFACE_CURVE('',#5781,(#5786,#5793),.PCURVE_S1.);
#5781 = CIRCLE('',#5782,3.85);
#5782 = AXIS2_PLACEMENT_3D('',#5783,#5784,#5785);
#5783 = CARTESIAN_POINT('',(-22.4,-41.45,3.4));
#5784 = DIRECTION('',(0.,0.,1.));
#5785 = DIRECTION('',(-1.,0.,0.));
#5786 = PCURVE('',#4333,#5787);
#5787 = DEFINITIONAL_REPRESENTATION('',(#5788),#5792);
#5788 = LINE('',#5789,#5790);
#5789 = CARTESIAN_POINT('',(-0.,-1.E-01));
#5790 = VECTOR('',#5791,1.);
#5791 = DIRECTION('',(-1.,0.));
#5792 = ( GEOMETRIC_REPRESENTATION_CONTEXT(2) 
PARAMETRIC_REPRESENTATION_CONTEXT() REPRESENTATION_CONTEXT('2D SPACE',''
  ) );
#5793 = PCURVE('',#5794,#5799);
#5794 = PLANE('',#5795);
#5795 = AXIS2_PLACEMENT_3D('',#5796,#5797,#5798);
#5796 = CARTESIAN_POINT('',(0.,1.584485543158E-15,3.4));
#5797 = DIRECTION('',(0.,0.,1.));
#5798 = DIRECTION('',(1.,0.,-0.));
#5799 = DEFINITIONAL_REPRESENTATION('',(#5800),#5804);
#5800 = CIRCLE('',#5801,3.85);
#5801 = AXIS2_PLACEMENT_2D('',#5802,#5803);
#5802 = CARTESIAN_POINT('',(-22.4,-41.45));
#5803 = DIRECTION('',(-1.,0.));
#5804 = ( GEOMETRIC_REPRESENTATION_CONTEXT(2) 
PARAMETRIC_REPRESENTATION_CONTEXT() REPRESENTATION_CONTEXT('2D SPACE',''
  ) );
#5805 = ORIENTED_EDGE('',*,*,#5806,.T.);
#5806 = EDGE_CURVE('',#5778,#4317,#5807,.T.);
#5807 = SURFACE_CURVE('',#5808,(#5813,#5823),.PCURVE_S1.);
#5808 = PARABOLA('',#5809,2.439518395094);
#5809 = AXIS2_PLACEMENT_3D('',#5810,#5811,#5812);
#5810 = CARTESIAN_POINT('',(-25.85,-41.45,3.8));
#5811 = DIRECTION('',(-0.707106781187,0.,-0.707106781187));
#5812 = DIRECTION('',(0.707106781187,0.,-0.707106781187));
#5813 = PCURVE('',#4333,#5814);
#5814 = DEFINITIONAL_REPRESENTATION('',(#5815),#5822);
#5815 = B_SPLINE_CURVE_WITH_KNOTS('',5,(#5816,#5817,#5818,#5819,#5820,
    #5821),.UNSPECIFIED.,.F.,.F.,(6,6),(2.349468024894,2.626785107313),
  .PIECEWISE_BEZIER_KNOTS.);
#5816 = CARTESIAN_POINT('',(-0.656377937353,-1.E-01));
#5817 = CARTESIAN_POINT('',(-0.670784019556,-8.111456180002E-02));
#5818 = CARTESIAN_POINT('',(-0.685101768929,-6.167184270003E-02));
#5819 = CARTESIAN_POINT('',(-0.699329154255,-4.167184270002E-02));
#5820 = CARTESIAN_POINT('',(-0.713464347461,-2.111456180002E-02));
#5821 = CARTESIAN_POINT('',(-0.727505718722,-1.7763568394E-15));
#5822 = ( GEOMETRIC_REPRESENTATION_CONTEXT(2) 
PARAMETRIC_REPRESENTATION_CONTEXT() REPRESENTATION_CONTEXT('2D SPACE',''
  ) );
#5823 = PCURVE('',#5824,#5829);
#5824 = PLANE('',#5825);
#5825 = AXIS2_PLACEMENT_3D('',#5826,#5827,#5828);
#5826 = CARTESIAN_POINT('',(-25.35,44.4,3.3));
#5827 = DIRECTION('',(-0.707106781187,0.,-0.707106781187));
#5828 = DIRECTION('',(-0.707106781187,8.659560562355E-17,0.707106781187)
  );
#5829 = DEFINITIONAL_REPRESENTATION('',(#5830),#5834);
#5830 = B_SPLINE_CURVE_WITH_KNOTS('',2,(#5831,#5832,#5833),
  .UNSPECIFIED.,.F.,.F.,(3,3),(2.349468024894,2.626785107313),
  .PIECEWISE_BEZIER_KNOTS.);
#5831 = CARTESIAN_POINT('',(0.141421356237,-88.19946802489));
#5832 = CARTESIAN_POINT('',(7.465124915287E-02,-88.3381265661));
#5833 = CARTESIAN_POINT('',(-3.219646771413E-15,-88.47678510731));
#5834 = ( GEOMETRIC_REPRESENTATION_CONTEXT(2) 
PARAMETRIC_REPRESENTATION_CONTEXT() REPRESENTATION_CONTEXT('2D SPACE',''
  ) );
#5835 = ORIENTED_EDGE('',*,*,#4316,.F.);
#5836 = ADVANCED_FACE('',(#5837),#4362,.T.);
#5837 = FACE_BOUND('',#5838,.T.);
#5838 = EDGE_LOOP('',(#5839,#5862,#5863,#5891));
#5839 = ORIENTED_EDGE('',*,*,#5840,.T.);
#5840 = EDGE_CURVE('',#5841,#4317,#5843,.T.);
#5841 = VERTEX_POINT('',#5842);
#5842 = CARTESIAN_POINT('',(-25.35,-42.55453610171,3.3));
#5843 = SURFACE_CURVE('',#5844,(#5848,#5855),.PCURVE_S1.);
#5844 = LINE('',#5845,#5846);
#5845 = CARTESIAN_POINT('',(-25.35,44.4,3.3));
#5846 = VECTOR('',#5847,1.);
#5847 = DIRECTION('',(0.,-1.,0.));
#5848 = PCURVE('',#4362,#5849);
#5849 = DEFINITIONAL_REPRESENTATION('',(#5850),#5854);
#5850 = LINE('',#5851,#5852);
#5851 = CARTESIAN_POINT('',(-25.35,44.4));
#5852 = VECTOR('',#5853,1.);
#5853 = DIRECTION('',(0.,-1.));
#5854 = ( GEOMETRIC_REPRESENTATION_CONTEXT(2) 
PARAMETRIC_REPRESENTATION_CONTEXT() REPRESENTATION_CONTEXT('2D SPACE',''
  ) );
#5855 = PCURVE('',#5824,#5856);
#5856 = DEFINITIONAL_REPRESENTATION('',(#5857),#5861);
#5857 = LINE('',#5858,#5859);
#5858 = CARTESIAN_POINT('',(0.,0.));
#5859 = VECTOR('',#5860,1.);
#5860 = DIRECTION('',(-6.162975822039E-33,-1.));
#5861 = ( GEOMETRIC_REPRESENTATION_CONTEXT(2) 
PARAMETRIC_REPRESENTATION_CONTEXT() REPRESENTATION_CONTEXT('2D SPACE',''
  ) );
#5862 = ORIENTED_EDGE('',*,*,#4345,.T.);
#5863 = ORIENTED_EDGE('',*,*,#5864,.T.);
#5864 = EDGE_CURVE('',#4346,#5865,#5867,.T.);
#5865 = VERTEX_POINT('',#5866);
#5866 = CARTESIAN_POINT('',(-23.50453610171,-44.4,3.3));
#5867 = SURFACE_CURVE('',#5868,(#5872,#5879),.PCURVE_S1.);
#5868 = LINE('',#5869,#5870);
#5869 = CARTESIAN_POINT('',(-25.35,-44.4,3.3));
#5870 = VECTOR('',#5871,1.);
#5871 = DIRECTION('',(1.,0.,0.));
#5872 = PCURVE('',#4362,#5873);
#5873 = DEFINITIONAL_REPRESENTATION('',(#5874),#5878);
#5874 = LINE('',#5875,#5876);
#5875 = CARTESIAN_POINT('',(-25.35,-44.4));
#5876 = VECTOR('',#5877,1.);
#5877 = DIRECTION('',(1.,0.));
#5878 = ( GEOMETRIC_REPRESENTATION_CONTEXT(2) 
PARAMETRIC_REPRESENTATION_CONTEXT() REPRESENTATION_CONTEXT('2D SPACE',''
  ) );
#5879 = PCURVE('',#5880,#5885);
#5880 = PLANE('',#5881);
#5881 = AXIS2_PLACEMENT_3D('',#5882,#5883,#5884);
#5882 = CARTESIAN_POINT('',(-25.35,-44.4,3.3));
#5883 = DIRECTION('',(-0.,-0.707106781187,-0.707106781187));
#5884 = DIRECTION('',(-8.659560562355E-17,-0.707106781187,0.707106781187
    ));
#5885 = DEFINITIONAL_REPRESENTATION('',(#5886),#5890);
#5886 = LINE('',#5887,#5888);
#5887 = CARTESIAN_POINT('',(0.,0.));
#5888 = VECTOR('',#5889,1.);
#5889 = DIRECTION('',(-6.162975822039E-33,-1.));
#5890 = ( GEOMETRIC_REPRESENTATION_CONTEXT(2) 
PARAMETRIC_REPRESENTATION_CONTEXT() REPRESENTATION_CONTEXT('2D SPACE',''
  ) );
#5891 = ORIENTED_EDGE('',*,*,#5892,.T.);
#5892 = EDGE_CURVE('',#5865,#5841,#5893,.T.);
#5893 = SURFACE_CURVE('',#5894,(#5899,#5910),.PCURVE_S1.);
#5894 = CIRCLE('',#5895,3.15);
#5895 = AXIS2_PLACEMENT_3D('',#5896,#5897,#5898);
#5896 = CARTESIAN_POINT('',(-22.4,-41.45,3.3));
#5897 = DIRECTION('',(0.,0.,-1.));
#5898 = DIRECTION('',(1.,0.,0.));
#5899 = PCURVE('',#4362,#5900);
#5900 = DEFINITIONAL_REPRESENTATION('',(#5901),#5909);
#5901 = ( BOUNDED_CURVE() B_SPLINE_CURVE(2,(#5902,#5903,#5904,#5905,
#5906,#5907,#5908),.UNSPECIFIED.,.T.,.F.) B_SPLINE_CURVE_WITH_KNOTS((1,2
    ,2,2,2,1),(-2.094395102393,0.,2.094395102393,4.188790204786,
6.28318530718,8.377580409573),.UNSPECIFIED.) CURVE() 
GEOMETRIC_REPRESENTATION_ITEM() RATIONAL_B_SPLINE_CURVE((1.,0.5,1.,0.5,
1.,0.5,1.)) REPRESENTATION_ITEM('') );
#5902 = CARTESIAN_POINT('',(-19.25,-41.45));
#5903 = CARTESIAN_POINT('',(-19.25,-46.90596004384));
#5904 = CARTESIAN_POINT('',(-23.975,-44.17798002192));
#5905 = CARTESIAN_POINT('',(-28.7,-41.45));
#5906 = CARTESIAN_POINT('',(-23.975,-38.72201997807));
#5907 = CARTESIAN_POINT('',(-19.25,-35.99403995615));
#5908 = CARTESIAN_POINT('',(-19.25,-41.45));
#5909 = ( GEOMETRIC_REPRESENTATION_CONTEXT(2) 
PARAMETRIC_REPRESENTATION_CONTEXT() REPRESENTATION_CONTEXT('2D SPACE',''
  ) );
#5910 = PCURVE('',#5911,#5916);
#5911 = CYLINDRICAL_SURFACE('',#5912,3.15);
#5912 = AXIS2_PLACEMENT_3D('',#5913,#5914,#5915);
#5913 = CARTESIAN_POINT('',(-22.4,-41.45,2.79));
#5914 = DIRECTION('',(-0.,-0.,-1.));
#5915 = DIRECTION('',(1.,0.,0.));
#5916 = DEFINITIONAL_REPRESENTATION('',(#5917),#5921);
#5917 = LINE('',#5918,#5919);
#5918 = CARTESIAN_POINT('',(-6.28318530718,-0.51));
#5919 = VECTOR('',#5920,1.);
#5920 = DIRECTION('',(1.,-0.));
#5921 = ( GEOMETRIC_REPRESENTATION_CONTEXT(2) 
PARAMETRIC_REPRESENTATION_CONTEXT() REPRESENTATION_CONTEXT('2D SPACE',''
  ) );
#5922 = ADVANCED_FACE('',(#5923),#4389,.T.);
#5923 = FACE_BOUND('',#5924,.F.);
#5924 = EDGE_LOOP('',(#5925,#5952,#5974,#5975));
#5925 = ORIENTED_EDGE('',*,*,#5926,.T.);
#5926 = EDGE_CURVE('',#4346,#5927,#5929,.T.);
#5927 = VERTEX_POINT('',#5928);
#5928 = CARTESIAN_POINT('',(-24.74946802489,-44.5,3.4));
#5929 = SURFACE_CURVE('',#5930,(#5935,#5945),.PCURVE_S1.);
#5930 = PARABOLA('',#5931,2.439518395094);
#5931 = AXIS2_PLACEMENT_3D('',#5932,#5933,#5934);
#5932 = CARTESIAN_POINT('',(-22.4,-44.9,3.8));
#5933 = DIRECTION('',(0.,-0.707106781187,-0.707106781187));
#5934 = DIRECTION('',(0.,0.707106781187,-0.707106781187));
#5935 = PCURVE('',#4389,#5936);
#5936 = DEFINITIONAL_REPRESENTATION('',(#5937),#5944);
#5937 = B_SPLINE_CURVE_WITH_KNOTS('',5,(#5938,#5939,#5940,#5941,#5942,
    #5943),.UNSPECIFIED.,.F.,.F.,(6,6),(-2.626785107313,-2.349468024894)
  ,.PIECEWISE_BEZIER_KNOTS.);
#5938 = CARTESIAN_POINT('',(-0.843290608073,-2.886579864025E-15));
#5939 = CARTESIAN_POINT('',(-0.857331979334,-2.111456180002E-02));
#5940 = CARTESIAN_POINT('',(-0.87146717254,-4.167184270002E-02));
#5941 = CARTESIAN_POINT('',(-0.885694557865,-6.167184270003E-02));
#5942 = CARTESIAN_POINT('',(-0.900012307239,-8.111456180002E-02));
#5943 = CARTESIAN_POINT('',(-0.914418389442,-0.1));
#5944 = ( GEOMETRIC_REPRESENTATION_CONTEXT(2) 
PARAMETRIC_REPRESENTATION_CONTEXT() REPRESENTATION_CONTEXT('2D SPACE',''
  ) );
#5945 = PCURVE('',#5880,#5946);
#5946 = DEFINITIONAL_REPRESENTATION('',(#5947),#5951);
#5947 = B_SPLINE_CURVE_WITH_KNOTS('',2,(#5948,#5949,#5950),
  .UNSPECIFIED.,.F.,.F.,(3,3),(-2.626785107313,-2.349468024894),
  .PIECEWISE_BEZIER_KNOTS.);
#5948 = CARTESIAN_POINT('',(4.218847493576E-15,-0.323214892687));
#5949 = CARTESIAN_POINT('',(7.465124915288E-02,-0.461873433897));
#5950 = CARTESIAN_POINT('',(0.141421356237,-0.600531975106));
#5951 = ( GEOMETRIC_REPRESENTATION_CONTEXT(2) 
PARAMETRIC_REPRESENTATION_CONTEXT() REPRESENTATION_CONTEXT('2D SPACE',''
  ) );
#5952 = ORIENTED_EDGE('',*,*,#5953,.T.);
#5953 = EDGE_CURVE('',#5927,#5685,#5954,.T.);
#5954 = SURFACE_CURVE('',#5955,(#5960,#5967),.PCURVE_S1.);
#5955 = CIRCLE('',#5956,3.85);
#5956 = AXIS2_PLACEMENT_3D('',#5957,#5958,#5959);
#5957 = CARTESIAN_POINT('',(-22.4,-41.45,3.4));
#5958 = DIRECTION('',(0.,0.,1.));
#5959 = DIRECTION('',(-1.,0.,0.));
#5960 = PCURVE('',#4389,#5961);
#5961 = DEFINITIONAL_REPRESENTATION('',(#5962),#5966);
#5962 = LINE('',#5963,#5964);
#5963 = CARTESIAN_POINT('',(-0.,-1.E-01));
#5964 = VECTOR('',#5965,1.);
#5965 = DIRECTION('',(-1.,0.));
#5966 = ( GEOMETRIC_REPRESENTATION_CONTEXT(2) 
PARAMETRIC_REPRESENTATION_CONTEXT() REPRESENTATION_CONTEXT('2D SPACE',''
  ) );
#5967 = PCURVE('',#5721,#5968);
#5968 = DEFINITIONAL_REPRESENTATION('',(#5969),#5973);
#5969 = CIRCLE('',#5970,3.85);
#5970 = AXIS2_PLACEMENT_2D('',#5971,#5972);
#5971 = CARTESIAN_POINT('',(-22.4,-41.45));
#5972 = DIRECTION('',(-1.,0.));
#5973 = ( GEOMETRIC_REPRESENTATION_CONTEXT(2) 
PARAMETRIC_REPRESENTATION_CONTEXT() REPRESENTATION_CONTEXT('2D SPACE',''
  ) );
#5974 = ORIENTED_EDGE('',*,*,#5684,.T.);
#5975 = ORIENTED_EDGE('',*,*,#4374,.F.);
#5976 = ADVANCED_FACE('',(#5977),#4502,.T.);
#5977 = FACE_BOUND('',#5978,.F.);
#5978 = EDGE_LOOP('',(#5979,#5980,#6004,#6034));
#5979 = ORIENTED_EDGE('',*,*,#5733,.F.);
#5980 = ORIENTED_EDGE('',*,*,#5981,.T.);
#5981 = EDGE_CURVE('',#5706,#5982,#5984,.T.);
#5982 = VERTEX_POINT('',#5983);
#5983 = CARTESIAN_POINT('',(24.749468024894,-44.5,3.4));
#5984 = SURFACE_CURVE('',#5985,(#5990,#5997),.PCURVE_S1.);
#5985 = CIRCLE('',#5986,3.85);
#5986 = AXIS2_PLACEMENT_3D('',#5987,#5988,#5989);
#5987 = CARTESIAN_POINT('',(22.4,-41.45,3.4));
#5988 = DIRECTION('',(0.,0.,1.));
#5989 = DIRECTION('',(0.,-1.,0.));
#5990 = PCURVE('',#4502,#5991);
#5991 = DEFINITIONAL_REPRESENTATION('',(#5992),#5996);
#5992 = LINE('',#5993,#5994);
#5993 = CARTESIAN_POINT('',(-0.,-1.E-01));
#5994 = VECTOR('',#5995,1.);
#5995 = DIRECTION('',(-1.,0.));
#5996 = ( GEOMETRIC_REPRESENTATION_CONTEXT(2) 
PARAMETRIC_REPRESENTATION_CONTEXT() REPRESENTATION_CONTEXT('2D SPACE',''
  ) );
#5997 = PCURVE('',#5721,#5998);
#5998 = DEFINITIONAL_REPRESENTATION('',(#5999),#6003);
#5999 = CIRCLE('',#6000,3.85);
#6000 = AXIS2_PLACEMENT_2D('',#6001,#6002);
#6001 = CARTESIAN_POINT('',(22.4,-41.45));
#6002 = DIRECTION('',(0.,-1.));
#6003 = ( GEOMETRIC_REPRESENTATION_CONTEXT(2) 
PARAMETRIC_REPRESENTATION_CONTEXT() REPRESENTATION_CONTEXT('2D SPACE',''
  ) );
#6004 = ORIENTED_EDGE('',*,*,#6005,.T.);
#6005 = EDGE_CURVE('',#5982,#4459,#6006,.T.);
#6006 = SURFACE_CURVE('',#6007,(#6012,#6022),.PCURVE_S1.);
#6007 = PARABOLA('',#6008,2.439518395094);
#6008 = AXIS2_PLACEMENT_3D('',#6009,#6010,#6011);
#6009 = CARTESIAN_POINT('',(22.4,-44.9,3.8));
#6010 = DIRECTION('',(0.,-0.707106781187,-0.707106781187));
#6011 = DIRECTION('',(0.,0.707106781187,-0.707106781187));
#6012 = PCURVE('',#4502,#6013);
#6013 = DEFINITIONAL_REPRESENTATION('',(#6014),#6021);
#6014 = B_SPLINE_CURVE_WITH_KNOTS('',5,(#6015,#6016,#6017,#6018,#6019,
    #6020),.UNSPECIFIED.,.F.,.F.,(6,6),(2.349468024894,2.626785107313),
  .PIECEWISE_BEZIER_KNOTS.);
#6015 = CARTESIAN_POINT('',(-0.656377937353,-0.1));
#6016 = CARTESIAN_POINT('',(-0.670784019556,-8.111456180002E-02));
#6017 = CARTESIAN_POINT('',(-0.685101768929,-6.167184270003E-02));
#6018 = CARTESIAN_POINT('',(-0.699329154255,-4.167184270003E-02));
#6019 = CARTESIAN_POINT('',(-0.713464347461,-2.111456180002E-02));
#6020 = CARTESIAN_POINT('',(-0.727505718722,-1.33226762955E-15));
#6021 = ( GEOMETRIC_REPRESENTATION_CONTEXT(2) 
PARAMETRIC_REPRESENTATION_CONTEXT() REPRESENTATION_CONTEXT('2D SPACE',''
  ) );
#6022 = PCURVE('',#6023,#6028);
#6023 = PLANE('',#6024);
#6024 = AXIS2_PLACEMENT_3D('',#6025,#6026,#6027);
#6025 = CARTESIAN_POINT('',(-25.35,-44.4,3.3));
#6026 = DIRECTION('',(-0.,-0.707106781187,-0.707106781187));
#6027 = DIRECTION('',(-8.659560562355E-17,-0.707106781187,0.707106781187
    ));
#6028 = DEFINITIONAL_REPRESENTATION('',(#6029),#6033);
#6029 = B_SPLINE_CURVE_WITH_KNOTS('',2,(#6030,#6031,#6032),
  .UNSPECIFIED.,.F.,.F.,(3,3),(2.349468024894,2.626785107313),
  .PIECEWISE_BEZIER_KNOTS.);
#6030 = CARTESIAN_POINT('',(0.141421356237,-50.09946802489));
#6031 = CARTESIAN_POINT('',(7.465124915287E-02,-50.2381265661));
#6032 = CARTESIAN_POINT('',(-1.887379141863E-15,-50.37678510731));
#6033 = ( GEOMETRIC_REPRESENTATION_CONTEXT(2) 
PARAMETRIC_REPRESENTATION_CONTEXT() REPRESENTATION_CONTEXT('2D SPACE',''
  ) );
#6034 = ORIENTED_EDGE('',*,*,#4487,.F.);
#6035 = ADVANCED_FACE('',(#6036),#4475,.T.);
#6036 = FACE_BOUND('',#6037,.T.);
#6037 = EDGE_LOOP('',(#6038,#6072,#6093,#6094));
#6038 = ORIENTED_EDGE('',*,*,#6039,.T.);
#6039 = EDGE_CURVE('',#6040,#6042,#6044,.T.);
#6040 = VERTEX_POINT('',#6041);
#6041 = CARTESIAN_POINT('',(25.35,-42.55453610171,3.3));
#6042 = VERTEX_POINT('',#6043);
#6043 = CARTESIAN_POINT('',(23.504536101719,-44.4,3.3));
#6044 = SURFACE_CURVE('',#6045,(#6050,#6061),.PCURVE_S1.);
#6045 = CIRCLE('',#6046,3.15);
#6046 = AXIS2_PLACEMENT_3D('',#6047,#6048,#6049);
#6047 = CARTESIAN_POINT('',(22.4,-41.45,3.3));
#6048 = DIRECTION('',(0.,0.,-1.));
#6049 = DIRECTION('',(1.,0.,0.));
#6050 = PCURVE('',#4475,#6051);
#6051 = DEFINITIONAL_REPRESENTATION('',(#6052),#6060);
#6052 = ( BOUNDED_CURVE() B_SPLINE_CURVE(2,(#6053,#6054,#6055,#6056,
#6057,#6058,#6059),.UNSPECIFIED.,.T.,.F.) B_SPLINE_CURVE_WITH_KNOTS((1,2
    ,2,2,2,1),(-2.094395102393,0.,2.094395102393,4.188790204786,
6.28318530718,8.377580409573),.UNSPECIFIED.) CURVE() 
GEOMETRIC_REPRESENTATION_ITEM() RATIONAL_B_SPLINE_CURVE((1.,0.5,1.,0.5,
1.,0.5,1.)) REPRESENTATION_ITEM('') );
#6053 = CARTESIAN_POINT('',(25.55,-41.45));
#6054 = CARTESIAN_POINT('',(25.55,-46.90596004384));
#6055 = CARTESIAN_POINT('',(20.825,-44.17798002192));
#6056 = CARTESIAN_POINT('',(16.1,-41.45));
#6057 = CARTESIAN_POINT('',(20.825,-38.72201997807));
#6058 = CARTESIAN_POINT('',(25.55,-35.99403995615));
#6059 = CARTESIAN_POINT('',(25.55,-41.45));
#6060 = ( GEOMETRIC_REPRESENTATION_CONTEXT(2) 
PARAMETRIC_REPRESENTATION_CONTEXT() REPRESENTATION_CONTEXT('2D SPACE',''
  ) );
#6061 = PCURVE('',#6062,#6067);
#6062 = CYLINDRICAL_SURFACE('',#6063,3.15);
#6063 = AXIS2_PLACEMENT_3D('',#6064,#6065,#6066);
#6064 = CARTESIAN_POINT('',(22.4,-41.45,2.79));
#6065 = DIRECTION('',(-0.,-0.,-1.));
#6066 = DIRECTION('',(1.,0.,0.));
#6067 = DEFINITIONAL_REPRESENTATION('',(#6068),#6071);
#6068 = B_SPLINE_CURVE_WITH_KNOTS('',1,(#6069,#6070),.UNSPECIFIED.,.F.,
  .F.,(2,2),(0.358261218513,1.212535108282),.PIECEWISE_BEZIER_KNOTS.);
#6069 = CARTESIAN_POINT('',(-5.924924088667,-0.51));
#6070 = CARTESIAN_POINT('',(-5.070650198897,-0.51));
#6071 = ( GEOMETRIC_REPRESENTATION_CONTEXT(2) 
PARAMETRIC_REPRESENTATION_CONTEXT() REPRESENTATION_CONTEXT('2D SPACE',''
  ) );
#6072 = ORIENTED_EDGE('',*,*,#6073,.T.);
#6073 = EDGE_CURVE('',#6042,#4459,#6074,.T.);
#6074 = SURFACE_CURVE('',#6075,(#6079,#6086),.PCURVE_S1.);
#6075 = LINE('',#6076,#6077);
#6076 = CARTESIAN_POINT('',(-25.35,-44.4,3.3));
#6077 = VECTOR('',#6078,1.);
#6078 = DIRECTION('',(1.,0.,0.));
#6079 = PCURVE('',#4475,#6080);
#6080 = DEFINITIONAL_REPRESENTATION('',(#6081),#6085);
#6081 = LINE('',#6082,#6083);
#6082 = CARTESIAN_POINT('',(-25.35,-44.4));
#6083 = VECTOR('',#6084,1.);
#6084 = DIRECTION('',(1.,0.));
#6085 = ( GEOMETRIC_REPRESENTATION_CONTEXT(2) 
PARAMETRIC_REPRESENTATION_CONTEXT() REPRESENTATION_CONTEXT('2D SPACE',''
  ) );
#6086 = PCURVE('',#6023,#6087);
#6087 = DEFINITIONAL_REPRESENTATION('',(#6088),#6092);
#6088 = LINE('',#6089,#6090);
#6089 = CARTESIAN_POINT('',(0.,0.));
#6090 = VECTOR('',#6091,1.);
#6091 = DIRECTION('',(-6.162975822039E-33,-1.));
#6092 = ( GEOMETRIC_REPRESENTATION_CONTEXT(2) 
PARAMETRIC_REPRESENTATION_CONTEXT() REPRESENTATION_CONTEXT('2D SPACE',''
  ) );
#6093 = ORIENTED_EDGE('',*,*,#4458,.T.);
#6094 = ORIENTED_EDGE('',*,*,#6095,.T.);
#6095 = EDGE_CURVE('',#4430,#6040,#6096,.T.);
#6096 = SURFACE_CURVE('',#6097,(#6101,#6108),.PCURVE_S1.);
#6097 = LINE('',#6098,#6099);
#6098 = CARTESIAN_POINT('',(25.35,-44.4,3.3));
#6099 = VECTOR('',#6100,1.);
#6100 = DIRECTION('',(0.,1.,0.));
#6101 = PCURVE('',#4475,#6102);
#6102 = DEFINITIONAL_REPRESENTATION('',(#6103),#6107);
#6103 = LINE('',#6104,#6105);
#6104 = CARTESIAN_POINT('',(25.35,-44.4));
#6105 = VECTOR('',#6106,1.);
#6106 = DIRECTION('',(0.,1.));
#6107 = ( GEOMETRIC_REPRESENTATION_CONTEXT(2) 
PARAMETRIC_REPRESENTATION_CONTEXT() REPRESENTATION_CONTEXT('2D SPACE',''
  ) );
#6108 = PCURVE('',#6109,#6114);
#6109 = PLANE('',#6110);
#6110 = AXIS2_PLACEMENT_3D('',#6111,#6112,#6113);
#6111 = CARTESIAN_POINT('',(25.35,-44.4,3.3));
#6112 = DIRECTION('',(0.707106781187,0.,-0.707106781187));
#6113 = DIRECTION('',(0.707106781187,-8.659560562355E-17,0.707106781187)
  );
#6114 = DEFINITIONAL_REPRESENTATION('',(#6115),#6119);
#6115 = LINE('',#6116,#6117);
#6116 = CARTESIAN_POINT('',(0.,-0.));
#6117 = VECTOR('',#6118,1.);
#6118 = DIRECTION('',(-6.162975822039E-33,-1.));
#6119 = ( GEOMETRIC_REPRESENTATION_CONTEXT(2) 
PARAMETRIC_REPRESENTATION_CONTEXT() REPRESENTATION_CONTEXT('2D SPACE',''
  ) );
#6120 = ADVANCED_FACE('',(#6121),#4446,.T.);
#6121 = FACE_BOUND('',#6122,.F.);
#6122 = EDGE_LOOP('',(#6123,#6150,#6179,#6198));
#6123 = ORIENTED_EDGE('',*,*,#6124,.T.);
#6124 = EDGE_CURVE('',#4430,#6125,#6127,.T.);
#6125 = VERTEX_POINT('',#6126);
#6126 = CARTESIAN_POINT('',(25.45,-43.79946802489,3.4));
#6127 = SURFACE_CURVE('',#6128,(#6133,#6143),.PCURVE_S1.);
#6128 = PARABOLA('',#6129,2.439518395094);
#6129 = AXIS2_PLACEMENT_3D('',#6130,#6131,#6132);
#6130 = CARTESIAN_POINT('',(25.85,-41.45,3.8));
#6131 = DIRECTION('',(0.707106781187,0.,-0.707106781187));
#6132 = DIRECTION('',(-0.707106781187,0.,-0.707106781187));
#6133 = PCURVE('',#4446,#6134);
#6134 = DEFINITIONAL_REPRESENTATION('',(#6135),#6142);
#6135 = B_SPLINE_CURVE_WITH_KNOTS('',5,(#6136,#6137,#6138,#6139,#6140,
    #6141),.UNSPECIFIED.,.F.,.F.,(6,6),(-2.626785107313,-2.349468024894)
  ,.PIECEWISE_BEZIER_KNOTS.);
#6136 = CARTESIAN_POINT('',(-0.843290608073,1.7763568394E-15));
#6137 = CARTESIAN_POINT('',(-0.857331979334,-2.111456180002E-02));
#6138 = CARTESIAN_POINT('',(-0.87146717254,-4.167184270002E-02));
#6139 = CARTESIAN_POINT('',(-0.885694557865,-6.167184270003E-02));
#6140 = CARTESIAN_POINT('',(-0.900012307239,-8.111456180002E-02));
#6141 = CARTESIAN_POINT('',(-0.914418389442,-1.E-01));
#6142 = ( GEOMETRIC_REPRESENTATION_CONTEXT(2) 
PARAMETRIC_REPRESENTATION_CONTEXT() REPRESENTATION_CONTEXT('2D SPACE',''
  ) );
#6143 = PCURVE('',#6109,#6144);
#6144 = DEFINITIONAL_REPRESENTATION('',(#6145),#6149);
#6145 = B_SPLINE_CURVE_WITH_KNOTS('',2,(#6146,#6147,#6148),
  .UNSPECIFIED.,.F.,.F.,(3,3),(-2.626785107313,-2.349468024894),
  .PIECEWISE_BEZIER_KNOTS.);
#6146 = CARTESIAN_POINT('',(5.551115123126E-16,-0.323214892687));
#6147 = CARTESIAN_POINT('',(7.465124915287E-02,-0.461873433897));
#6148 = CARTESIAN_POINT('',(0.141421356237,-0.600531975106));
#6149 = ( GEOMETRIC_REPRESENTATION_CONTEXT(2) 
PARAMETRIC_REPRESENTATION_CONTEXT() REPRESENTATION_CONTEXT('2D SPACE',''
  ) );
#6150 = ORIENTED_EDGE('',*,*,#6151,.T.);
#6151 = EDGE_CURVE('',#6125,#6152,#6154,.T.);
#6152 = VERTEX_POINT('',#6153);
#6153 = CARTESIAN_POINT('',(26.25,-41.45,3.4));
#6154 = SURFACE_CURVE('',#6155,(#6160,#6167),.PCURVE_S1.);
#6155 = CIRCLE('',#6156,3.85);
#6156 = AXIS2_PLACEMENT_3D('',#6157,#6158,#6159);
#6157 = CARTESIAN_POINT('',(22.4,-41.45,3.4));
#6158 = DIRECTION('',(0.,0.,1.));
#6159 = DIRECTION('',(0.,-1.,0.));
#6160 = PCURVE('',#4446,#6161);
#6161 = DEFINITIONAL_REPRESENTATION('',(#6162),#6166);
#6162 = LINE('',#6163,#6164);
#6163 = CARTESIAN_POINT('',(-0.,-1.E-01));
#6164 = VECTOR('',#6165,1.);
#6165 = DIRECTION('',(-1.,0.));
#6166 = ( GEOMETRIC_REPRESENTATION_CONTEXT(2) 
PARAMETRIC_REPRESENTATION_CONTEXT() REPRESENTATION_CONTEXT('2D SPACE',''
  ) );
#6167 = PCURVE('',#6168,#6173);
#6168 = PLANE('',#6169);
#6169 = AXIS2_PLACEMENT_3D('',#6170,#6171,#6172);
#6170 = CARTESIAN_POINT('',(0.,1.584485543158E-15,3.4));
#6171 = DIRECTION('',(0.,0.,1.));
#6172 = DIRECTION('',(1.,0.,-0.));
#6173 = DEFINITIONAL_REPRESENTATION('',(#6174),#6178);
#6174 = CIRCLE('',#6175,3.85);
#6175 = AXIS2_PLACEMENT_2D('',#6176,#6177);
#6176 = CARTESIAN_POINT('',(22.4,-41.45));
#6177 = DIRECTION('',(0.,-1.));
#6178 = ( GEOMETRIC_REPRESENTATION_CONTEXT(2) 
PARAMETRIC_REPRESENTATION_CONTEXT() REPRESENTATION_CONTEXT('2D SPACE',''
  ) );
#6179 = ORIENTED_EDGE('',*,*,#6180,.T.);
#6180 = EDGE_CURVE('',#6152,#4407,#6181,.T.);
#6181 = SURFACE_CURVE('',#6182,(#6186,#6192),.PCURVE_S1.);
#6182 = LINE('',#6183,#6184);
#6183 = CARTESIAN_POINT('',(26.35,-41.45,3.3));
#6184 = VECTOR('',#6185,1.);
#6185 = DIRECTION('',(0.707106781187,-4.329780281177E-17,-0.707106781187
    ));
#6186 = PCURVE('',#4446,#6187);
#6187 = DEFINITIONAL_REPRESENTATION('',(#6188),#6191);
#6188 = B_SPLINE_CURVE_WITH_KNOTS('',1,(#6189,#6190),.UNSPECIFIED.,.F.,
  .F.,(2,2),(-0.141421356237,0.),.PIECEWISE_BEZIER_KNOTS.);
#6189 = CARTESIAN_POINT('',(-1.570796326795,-1.E-01));
#6190 = CARTESIAN_POINT('',(-1.570796326795,0.));
#6191 = ( GEOMETRIC_REPRESENTATION_CONTEXT(2) 
PARAMETRIC_REPRESENTATION_CONTEXT() REPRESENTATION_CONTEXT('2D SPACE',''
  ) );
#6192 = PCURVE('',#4588,#6193);
#6193 = DEFINITIONAL_REPRESENTATION('',(#6194),#6197);
#6194 = B_SPLINE_CURVE_WITH_KNOTS('',1,(#6195,#6196),.UNSPECIFIED.,.F.,
  .F.,(2,2),(-0.141421356237,0.),.PIECEWISE_BEZIER_KNOTS.);
#6195 = CARTESIAN_POINT('',(0.,-7.071067811866E-02));
#6196 = CARTESIAN_POINT('',(0.,7.071067811865E-02));
#6197 = ( GEOMETRIC_REPRESENTATION_CONTEXT(2) 
PARAMETRIC_REPRESENTATION_CONTEXT() REPRESENTATION_CONTEXT('2D SPACE',''
  ) );
#6198 = ORIENTED_EDGE('',*,*,#4429,.F.);
#6199 = ADVANCED_FACE('',(#6200),#4554,.F.);
#6200 = FACE_BOUND('',#6201,.F.);
#6201 = EDGE_LOOP('',(#6202,#6223,#6244,#6245));
#6202 = ORIENTED_EDGE('',*,*,#6203,.F.);
#6203 = EDGE_CURVE('',#6204,#4518,#6206,.T.);
#6204 = VERTEX_POINT('',#6205);
#6205 = CARTESIAN_POINT('',(-26.25,41.45,3.4));
#6206 = SURFACE_CURVE('',#6207,(#6211,#6217),.PCURVE_S1.);
#6207 = LINE('',#6208,#6209);
#6208 = CARTESIAN_POINT('',(-26.35,41.45,3.3));
#6209 = VECTOR('',#6210,1.);
#6210 = DIRECTION('',(-0.707106781187,4.329780281177E-17,-0.707106781187
    ));
#6211 = PCURVE('',#4554,#6212);
#6212 = DEFINITIONAL_REPRESENTATION('',(#6213),#6216);
#6213 = B_SPLINE_CURVE_WITH_KNOTS('',1,(#6214,#6215),.UNSPECIFIED.,.F.,
  .F.,(2,2),(-0.141421356237,0.),.PIECEWISE_BEZIER_KNOTS.);
#6214 = CARTESIAN_POINT('',(0.,-7.071067811866E-02));
#6215 = CARTESIAN_POINT('',(0.,7.071067811865E-02));
#6216 = ( GEOMETRIC_REPRESENTATION_CONTEXT(2) 
PARAMETRIC_REPRESENTATION_CONTEXT() REPRESENTATION_CONTEXT('2D SPACE',''
  ) );
#6217 = PCURVE('',#4667,#6218);
#6218 = DEFINITIONAL_REPRESENTATION('',(#6219),#6222);
#6219 = B_SPLINE_CURVE_WITH_KNOTS('',1,(#6220,#6221),.UNSPECIFIED.,.F.,
  .F.,(2,2),(-0.141421356237,0.),.PIECEWISE_BEZIER_KNOTS.);
#6220 = CARTESIAN_POINT('',(-1.570796326795,-1.E-01));
#6221 = CARTESIAN_POINT('',(-1.570796326795,0.));
#6222 = ( GEOMETRIC_REPRESENTATION_CONTEXT(2) 
PARAMETRIC_REPRESENTATION_CONTEXT() REPRESENTATION_CONTEXT('2D SPACE',''
  ) );
#6223 = ORIENTED_EDGE('',*,*,#6224,.T.);
#6224 = EDGE_CURVE('',#6204,#5757,#6225,.T.);
#6225 = SURFACE_CURVE('',#6226,(#6230,#6237),.PCURVE_S1.);
#6226 = LINE('',#6227,#6228);
#6227 = CARTESIAN_POINT('',(-26.25,41.45,3.4));
#6228 = VECTOR('',#6229,1.);
#6229 = DIRECTION('',(0.,-1.,0.));
#6230 = PCURVE('',#4554,#6231);
#6231 = DEFINITIONAL_REPRESENTATION('',(#6232),#6236);
#6232 = LINE('',#6233,#6234);
#6233 = CARTESIAN_POINT('',(0.,-7.071067811866E-02));
#6234 = VECTOR('',#6235,1.);
#6235 = DIRECTION('',(1.,0.));
#6236 = ( GEOMETRIC_REPRESENTATION_CONTEXT(2) 
PARAMETRIC_REPRESENTATION_CONTEXT() REPRESENTATION_CONTEXT('2D SPACE',''
  ) );
#6237 = PCURVE('',#5794,#6238);
#6238 = DEFINITIONAL_REPRESENTATION('',(#6239),#6243);
#6239 = LINE('',#6240,#6241);
#6240 = CARTESIAN_POINT('',(-26.25,41.45));
#6241 = VECTOR('',#6242,1.);
#6242 = DIRECTION('',(0.,-1.));
#6243 = ( GEOMETRIC_REPRESENTATION_CONTEXT(2) 
PARAMETRIC_REPRESENTATION_CONTEXT() REPRESENTATION_CONTEXT('2D SPACE',''
  ) );
#6244 = ORIENTED_EDGE('',*,*,#5756,.T.);
#6245 = ORIENTED_EDGE('',*,*,#4540,.F.);
#6246 = ADVANCED_FACE('',(#6247),#4588,.F.);
#6247 = FACE_BOUND('',#6248,.F.);
#6248 = EDGE_LOOP('',(#6249,#6250,#6273,#6292));
#6249 = ORIENTED_EDGE('',*,*,#6180,.F.);
#6250 = ORIENTED_EDGE('',*,*,#6251,.T.);
#6251 = EDGE_CURVE('',#6152,#6252,#6254,.T.);
#6252 = VERTEX_POINT('',#6253);
#6253 = CARTESIAN_POINT('',(26.25,41.45,3.4));
#6254 = SURFACE_CURVE('',#6255,(#6259,#6266),.PCURVE_S1.);
#6255 = LINE('',#6256,#6257);
#6256 = CARTESIAN_POINT('',(26.25,-41.45,3.4));
#6257 = VECTOR('',#6258,1.);
#6258 = DIRECTION('',(0.,1.,0.));
#6259 = PCURVE('',#4588,#6260);
#6260 = DEFINITIONAL_REPRESENTATION('',(#6261),#6265);
#6261 = LINE('',#6262,#6263);
#6262 = CARTESIAN_POINT('',(0.,-7.071067811866E-02));
#6263 = VECTOR('',#6264,1.);
#6264 = DIRECTION('',(1.,0.));
#6265 = ( GEOMETRIC_REPRESENTATION_CONTEXT(2) 
PARAMETRIC_REPRESENTATION_CONTEXT() REPRESENTATION_CONTEXT('2D SPACE',''
  ) );
#6266 = PCURVE('',#6168,#6267);
#6267 = DEFINITIONAL_REPRESENTATION('',(#6268),#6272);
#6268 = LINE('',#6269,#6270);
#6269 = CARTESIAN_POINT('',(26.25,-41.45));
#6270 = VECTOR('',#6271,1.);
#6271 = DIRECTION('',(0.,1.));
#6272 = ( GEOMETRIC_REPRESENTATION_CONTEXT(2) 
PARAMETRIC_REPRESENTATION_CONTEXT() REPRESENTATION_CONTEXT('2D SPACE',''
  ) );
#6273 = ORIENTED_EDGE('',*,*,#6274,.T.);
#6274 = EDGE_CURVE('',#6252,#4573,#6275,.T.);
#6275 = SURFACE_CURVE('',#6276,(#6280,#6286),.PCURVE_S1.);
#6276 = LINE('',#6277,#6278);
#6277 = CARTESIAN_POINT('',(26.35,41.45,3.3));
#6278 = VECTOR('',#6279,1.);
#6279 = DIRECTION('',(0.707106781187,0.,-0.707106781187));
#6280 = PCURVE('',#4588,#6281);
#6281 = DEFINITIONAL_REPRESENTATION('',(#6282),#6285);
#6282 = B_SPLINE_CURVE_WITH_KNOTS('',1,(#6283,#6284),.UNSPECIFIED.,.F.,
  .F.,(2,2),(-0.141421356237,0.),.PIECEWISE_BEZIER_KNOTS.);
#6283 = CARTESIAN_POINT('',(82.9,-7.071067811866E-02));
#6284 = CARTESIAN_POINT('',(82.9,7.071067811865E-02));
#6285 = ( GEOMETRIC_REPRESENTATION_CONTEXT(2) 
PARAMETRIC_REPRESENTATION_CONTEXT() REPRESENTATION_CONTEXT('2D SPACE',''
  ) );
#6286 = PCURVE('',#4836,#6287);
#6287 = DEFINITIONAL_REPRESENTATION('',(#6288),#6291);
#6288 = B_SPLINE_CURVE_WITH_KNOTS('',1,(#6289,#6290),.UNSPECIFIED.,.F.,
  .F.,(2,2),(-0.141421356237,0.),.PIECEWISE_BEZIER_KNOTS.);
#6289 = CARTESIAN_POINT('',(0.,-1.E-01));
#6290 = CARTESIAN_POINT('',(0.,0.));
#6291 = ( GEOMETRIC_REPRESENTATION_CONTEXT(2) 
PARAMETRIC_REPRESENTATION_CONTEXT() REPRESENTATION_CONTEXT('2D SPACE',''
  ) );
#6292 = ORIENTED_EDGE('',*,*,#4572,.F.);
#6293 = ADVANCED_FACE('',(#6294),#4723,.T.);
#6294 = FACE_BOUND('',#6295,.F.);
#6295 = EDGE_LOOP('',(#6296,#6317,#6346,#6376));
#6296 = ORIENTED_EDGE('',*,*,#6297,.F.);
#6297 = EDGE_CURVE('',#6298,#4626,#6300,.T.);
#6298 = VERTEX_POINT('',#6299);
#6299 = CARTESIAN_POINT('',(-22.4,45.3,3.4));
#6300 = SURFACE_CURVE('',#6301,(#6305,#6311),.PCURVE_S1.);
#6301 = LINE('',#6302,#6303);
#6302 = CARTESIAN_POINT('',(-22.4,45.35,3.35));
#6303 = VECTOR('',#6304,1.);
#6304 = DIRECTION('',(0.,0.707106781187,-0.707106781187));
#6305 = PCURVE('',#4723,#6306);
#6306 = DEFINITIONAL_REPRESENTATION('',(#6307),#6310);
#6307 = B_SPLINE_CURVE_WITH_KNOTS('',1,(#6308,#6309),.UNSPECIFIED.,.F.,
  .F.,(2,2),(-7.071067811866E-02,7.071067811865E-02),
  .PIECEWISE_BEZIER_KNOTS.);
#6308 = CARTESIAN_POINT('',(0.,-1.E-01));
#6309 = CARTESIAN_POINT('',(0.,2.296260220825E-15));
#6310 = ( GEOMETRIC_REPRESENTATION_CONTEXT(2) 
PARAMETRIC_REPRESENTATION_CONTEXT() REPRESENTATION_CONTEXT('2D SPACE',''
  ) );
#6311 = PCURVE('',#4866,#6312);
#6312 = DEFINITIONAL_REPRESENTATION('',(#6313),#6316);
#6313 = B_SPLINE_CURVE_WITH_KNOTS('',1,(#6314,#6315),.UNSPECIFIED.,.F.,
  .F.,(2,2),(-7.071067811866E-02,7.071067811865E-02),
  .PIECEWISE_BEZIER_KNOTS.);
#6314 = CARTESIAN_POINT('',(44.8,-7.071067811866E-02));
#6315 = CARTESIAN_POINT('',(44.8,7.071067811865E-02));
#6316 = ( GEOMETRIC_REPRESENTATION_CONTEXT(2) 
PARAMETRIC_REPRESENTATION_CONTEXT() REPRESENTATION_CONTEXT('2D SPACE',''
  ) );
#6317 = ORIENTED_EDGE('',*,*,#6318,.T.);
#6318 = EDGE_CURVE('',#6298,#6319,#6321,.T.);
#6319 = VERTEX_POINT('',#6320);
#6320 = CARTESIAN_POINT('',(-24.74946802489,44.5,3.4));
#6321 = SURFACE_CURVE('',#6322,(#6327,#6334),.PCURVE_S1.);
#6322 = CIRCLE('',#6323,3.85);
#6323 = AXIS2_PLACEMENT_3D('',#6324,#6325,#6326);
#6324 = CARTESIAN_POINT('',(-22.4,41.45,3.4));
#6325 = DIRECTION('',(0.,0.,1.));
#6326 = DIRECTION('',(0.,1.,-0.));
#6327 = PCURVE('',#4723,#6328);
#6328 = DEFINITIONAL_REPRESENTATION('',(#6329),#6333);
#6329 = LINE('',#6330,#6331);
#6330 = CARTESIAN_POINT('',(-0.,-1.E-01));
#6331 = VECTOR('',#6332,1.);
#6332 = DIRECTION('',(-1.,0.));
#6333 = ( GEOMETRIC_REPRESENTATION_CONTEXT(2) 
PARAMETRIC_REPRESENTATION_CONTEXT() REPRESENTATION_CONTEXT('2D SPACE',''
  ) );
#6334 = PCURVE('',#6335,#6340);
#6335 = PLANE('',#6336);
#6336 = AXIS2_PLACEMENT_3D('',#6337,#6338,#6339);
#6337 = CARTESIAN_POINT('',(0.,1.584485543158E-15,3.4));
#6338 = DIRECTION('',(0.,0.,1.));
#6339 = DIRECTION('',(1.,0.,-0.));
#6340 = DEFINITIONAL_REPRESENTATION('',(#6341),#6345);
#6341 = CIRCLE('',#6342,3.85);
#6342 = AXIS2_PLACEMENT_2D('',#6343,#6344);
#6343 = CARTESIAN_POINT('',(-22.4,41.45));
#6344 = DIRECTION('',(0.,1.));
#6345 = ( GEOMETRIC_REPRESENTATION_CONTEXT(2) 
PARAMETRIC_REPRESENTATION_CONTEXT() REPRESENTATION_CONTEXT('2D SPACE',''
  ) );
#6346 = ORIENTED_EDGE('',*,*,#6347,.T.);
#6347 = EDGE_CURVE('',#6319,#4680,#6348,.T.);
#6348 = SURFACE_CURVE('',#6349,(#6354,#6364),.PCURVE_S1.);
#6349 = PARABOLA('',#6350,2.439518395094);
#6350 = AXIS2_PLACEMENT_3D('',#6351,#6352,#6353);
#6351 = CARTESIAN_POINT('',(-22.4,44.9,3.8));
#6352 = DIRECTION('',(0.,0.707106781187,-0.707106781187));
#6353 = DIRECTION('',(0.,-0.707106781187,-0.707106781187));
#6354 = PCURVE('',#4723,#6355);
#6355 = DEFINITIONAL_REPRESENTATION('',(#6356),#6363);
#6356 = B_SPLINE_CURVE_WITH_KNOTS('',5,(#6357,#6358,#6359,#6360,#6361,
    #6362),.UNSPECIFIED.,.F.,.F.,(6,6),(2.349468024894,2.626785107313),
  .PIECEWISE_BEZIER_KNOTS.);
#6357 = CARTESIAN_POINT('',(-0.656377937353,-0.1));
#6358 = CARTESIAN_POINT('',(-0.670784019556,-8.111456180002E-02));
#6359 = CARTESIAN_POINT('',(-0.685101768929,-6.167184270003E-02));
#6360 = CARTESIAN_POINT('',(-0.699329154255,-4.167184270003E-02));
#6361 = CARTESIAN_POINT('',(-0.713464347461,-2.111456180002E-02));
#6362 = CARTESIAN_POINT('',(-0.727505718722,-1.33226762955E-15));
#6363 = ( GEOMETRIC_REPRESENTATION_CONTEXT(2) 
PARAMETRIC_REPRESENTATION_CONTEXT() REPRESENTATION_CONTEXT('2D SPACE',''
  ) );
#6364 = PCURVE('',#6365,#6370);
#6365 = PLANE('',#6366);
#6366 = AXIS2_PLACEMENT_3D('',#6367,#6368,#6369);
#6367 = CARTESIAN_POINT('',(25.35,44.4,3.3));
#6368 = DIRECTION('',(0.,0.707106781187,-0.707106781187));
#6369 = DIRECTION('',(8.659560562355E-17,0.707106781187,0.707106781187)
  );
#6370 = DEFINITIONAL_REPRESENTATION('',(#6371),#6375);
#6371 = B_SPLINE_CURVE_WITH_KNOTS('',2,(#6372,#6373,#6374),
  .UNSPECIFIED.,.F.,.F.,(3,3),(2.349468024894,2.626785107313),
  .PIECEWISE_BEZIER_KNOTS.);
#6372 = CARTESIAN_POINT('',(0.141421356237,-50.09946802489));
#6373 = CARTESIAN_POINT('',(7.465124915287E-02,-50.2381265661));
#6374 = CARTESIAN_POINT('',(-1.887379141863E-15,-50.37678510731));
#6375 = ( GEOMETRIC_REPRESENTATION_CONTEXT(2) 
PARAMETRIC_REPRESENTATION_CONTEXT() REPRESENTATION_CONTEXT('2D SPACE',''
  ) );
#6376 = ORIENTED_EDGE('',*,*,#4708,.F.);
#6377 = ADVANCED_FACE('',(#6378),#4696,.T.);
#6378 = FACE_BOUND('',#6379,.T.);
#6379 = EDGE_LOOP('',(#6380,#6381,#6409,#6442));
#6380 = ORIENTED_EDGE('',*,*,#4679,.T.);
#6381 = ORIENTED_EDGE('',*,*,#6382,.T.);
#6382 = EDGE_CURVE('',#4651,#6383,#6385,.T.);
#6383 = VERTEX_POINT('',#6384);
#6384 = CARTESIAN_POINT('',(-25.35,42.554536101719,3.3));
#6385 = SURFACE_CURVE('',#6386,(#6390,#6397),.PCURVE_S1.);
#6386 = LINE('',#6387,#6388);
#6387 = CARTESIAN_POINT('',(-25.35,44.4,3.3));
#6388 = VECTOR('',#6389,1.);
#6389 = DIRECTION('',(0.,-1.,0.));
#6390 = PCURVE('',#4696,#6391);
#6391 = DEFINITIONAL_REPRESENTATION('',(#6392),#6396);
#6392 = LINE('',#6393,#6394);
#6393 = CARTESIAN_POINT('',(-25.35,44.4));
#6394 = VECTOR('',#6395,1.);
#6395 = DIRECTION('',(0.,-1.));
#6396 = ( GEOMETRIC_REPRESENTATION_CONTEXT(2) 
PARAMETRIC_REPRESENTATION_CONTEXT() REPRESENTATION_CONTEXT('2D SPACE',''
  ) );
#6397 = PCURVE('',#6398,#6403);
#6398 = PLANE('',#6399);
#6399 = AXIS2_PLACEMENT_3D('',#6400,#6401,#6402);
#6400 = CARTESIAN_POINT('',(-25.35,44.4,3.3));
#6401 = DIRECTION('',(-0.707106781187,0.,-0.707106781187));
#6402 = DIRECTION('',(-0.707106781187,8.659560562355E-17,0.707106781187)
  );
#6403 = DEFINITIONAL_REPRESENTATION('',(#6404),#6408);
#6404 = LINE('',#6405,#6406);
#6405 = CARTESIAN_POINT('',(0.,0.));
#6406 = VECTOR('',#6407,1.);
#6407 = DIRECTION('',(-6.162975822039E-33,-1.));
#6408 = ( GEOMETRIC_REPRESENTATION_CONTEXT(2) 
PARAMETRIC_REPRESENTATION_CONTEXT() REPRESENTATION_CONTEXT('2D SPACE',''
  ) );
#6409 = ORIENTED_EDGE('',*,*,#6410,.T.);
#6410 = EDGE_CURVE('',#6383,#6411,#6413,.T.);
#6411 = VERTEX_POINT('',#6412);
#6412 = CARTESIAN_POINT('',(-23.50453610171,44.4,3.3));
#6413 = SURFACE_CURVE('',#6414,(#6419,#6430),.PCURVE_S1.);
#6414 = CIRCLE('',#6415,3.15);
#6415 = AXIS2_PLACEMENT_3D('',#6416,#6417,#6418);
#6416 = CARTESIAN_POINT('',(-22.4,41.45,3.3));
#6417 = DIRECTION('',(0.,0.,-1.));
#6418 = DIRECTION('',(1.,0.,0.));
#6419 = PCURVE('',#4696,#6420);
#6420 = DEFINITIONAL_REPRESENTATION('',(#6421),#6429);
#6421 = ( BOUNDED_CURVE() B_SPLINE_CURVE(2,(#6422,#6423,#6424,#6425,
#6426,#6427,#6428),.UNSPECIFIED.,.T.,.F.) B_SPLINE_CURVE_WITH_KNOTS((1,2
    ,2,2,2,1),(-2.094395102393,0.,2.094395102393,4.188790204786,
6.28318530718,8.377580409573),.UNSPECIFIED.) CURVE() 
GEOMETRIC_REPRESENTATION_ITEM() RATIONAL_B_SPLINE_CURVE((1.,0.5,1.,0.5,
1.,0.5,1.)) REPRESENTATION_ITEM('') );
#6422 = CARTESIAN_POINT('',(-19.25,41.45));
#6423 = CARTESIAN_POINT('',(-19.25,35.994039956158));
#6424 = CARTESIAN_POINT('',(-23.975,38.722019978079));
#6425 = CARTESIAN_POINT('',(-28.7,41.45));
#6426 = CARTESIAN_POINT('',(-23.975,44.177980021921));
#6427 = CARTESIAN_POINT('',(-19.25,46.905960043842));
#6428 = CARTESIAN_POINT('',(-19.25,41.45));
#6429 = ( GEOMETRIC_REPRESENTATION_CONTEXT(2) 
PARAMETRIC_REPRESENTATION_CONTEXT() REPRESENTATION_CONTEXT('2D SPACE',''
  ) );
#6430 = PCURVE('',#6431,#6436);
#6431 = CYLINDRICAL_SURFACE('',#6432,3.15);
#6432 = AXIS2_PLACEMENT_3D('',#6433,#6434,#6435);
#6433 = CARTESIAN_POINT('',(-22.4,41.45,2.79));
#6434 = DIRECTION('',(-0.,-0.,-1.));
#6435 = DIRECTION('',(1.,0.,0.));
#6436 = DEFINITIONAL_REPRESENTATION('',(#6437),#6441);
#6437 = LINE('',#6438,#6439);
#6438 = CARTESIAN_POINT('',(-6.28318530718,-0.51));
#6439 = VECTOR('',#6440,1.);
#6440 = DIRECTION('',(1.,-0.));
#6441 = ( GEOMETRIC_REPRESENTATION_CONTEXT(2) 
PARAMETRIC_REPRESENTATION_CONTEXT() REPRESENTATION_CONTEXT('2D SPACE',''
  ) );
#6442 = ORIENTED_EDGE('',*,*,#6443,.T.);
#6443 = EDGE_CURVE('',#6411,#4680,#6444,.T.);
#6444 = SURFACE_CURVE('',#6445,(#6449,#6456),.PCURVE_S1.);
#6445 = LINE('',#6446,#6447);
#6446 = CARTESIAN_POINT('',(25.35,44.4,3.3));
#6447 = VECTOR('',#6448,1.);
#6448 = DIRECTION('',(-1.,0.,0.));
#6449 = PCURVE('',#4696,#6450);
#6450 = DEFINITIONAL_REPRESENTATION('',(#6451),#6455);
#6451 = LINE('',#6452,#6453);
#6452 = CARTESIAN_POINT('',(25.35,44.4));
#6453 = VECTOR('',#6454,1.);
#6454 = DIRECTION('',(-1.,0.));
#6455 = ( GEOMETRIC_REPRESENTATION_CONTEXT(2) 
PARAMETRIC_REPRESENTATION_CONTEXT() REPRESENTATION_CONTEXT('2D SPACE',''
  ) );
#6456 = PCURVE('',#6365,#6457);
#6457 = DEFINITIONAL_REPRESENTATION('',(#6458),#6462);
#6458 = LINE('',#6459,#6460);
#6459 = CARTESIAN_POINT('',(0.,0.));
#6460 = VECTOR('',#6461,1.);
#6461 = DIRECTION('',(-6.162975822039E-33,-1.));
#6462 = ( GEOMETRIC_REPRESENTATION_CONTEXT(2) 
PARAMETRIC_REPRESENTATION_CONTEXT() REPRESENTATION_CONTEXT('2D SPACE',''
  ) );
#6463 = ADVANCED_FACE('',(#6464),#4667,.T.);
#6464 = FACE_BOUND('',#6465,.F.);
#6465 = EDGE_LOOP('',(#6466,#6493,#6515,#6516));
#6466 = ORIENTED_EDGE('',*,*,#6467,.T.);
#6467 = EDGE_CURVE('',#4651,#6468,#6470,.T.);
#6468 = VERTEX_POINT('',#6469);
#6469 = CARTESIAN_POINT('',(-25.45,43.799468024894,3.4));
#6470 = SURFACE_CURVE('',#6471,(#6476,#6486),.PCURVE_S1.);
#6471 = PARABOLA('',#6472,2.439518395094);
#6472 = AXIS2_PLACEMENT_3D('',#6473,#6474,#6475);
#6473 = CARTESIAN_POINT('',(-25.85,41.45,3.8));
#6474 = DIRECTION('',(-0.707106781187,0.,-0.707106781187));
#6475 = DIRECTION('',(0.707106781187,0.,-0.707106781187));
#6476 = PCURVE('',#4667,#6477);
#6477 = DEFINITIONAL_REPRESENTATION('',(#6478),#6485);
#6478 = B_SPLINE_CURVE_WITH_KNOTS('',5,(#6479,#6480,#6481,#6482,#6483,
    #6484),.UNSPECIFIED.,.F.,.F.,(6,6),(-2.626785107313,-2.349468024894)
  ,.PIECEWISE_BEZIER_KNOTS.);
#6479 = CARTESIAN_POINT('',(-0.843290608073,1.7763568394E-15));
#6480 = CARTESIAN_POINT('',(-0.857331979334,-2.111456180002E-02));
#6481 = CARTESIAN_POINT('',(-0.87146717254,-4.167184270002E-02));
#6482 = CARTESIAN_POINT('',(-0.885694557865,-6.167184270003E-02));
#6483 = CARTESIAN_POINT('',(-0.900012307239,-8.111456180002E-02));
#6484 = CARTESIAN_POINT('',(-0.914418389442,-1.E-01));
#6485 = ( GEOMETRIC_REPRESENTATION_CONTEXT(2) 
PARAMETRIC_REPRESENTATION_CONTEXT() REPRESENTATION_CONTEXT('2D SPACE',''
  ) );
#6486 = PCURVE('',#6398,#6487);
#6487 = DEFINITIONAL_REPRESENTATION('',(#6488),#6492);
#6488 = B_SPLINE_CURVE_WITH_KNOTS('',2,(#6489,#6490,#6491),
  .UNSPECIFIED.,.F.,.F.,(3,3),(-2.626785107313,-2.349468024894),
  .PIECEWISE_BEZIER_KNOTS.);
#6489 = CARTESIAN_POINT('',(5.551115123126E-16,-0.323214892687));
#6490 = CARTESIAN_POINT('',(7.465124915287E-02,-0.461873433897));
#6491 = CARTESIAN_POINT('',(0.141421356237,-0.600531975106));
#6492 = ( GEOMETRIC_REPRESENTATION_CONTEXT(2) 
PARAMETRIC_REPRESENTATION_CONTEXT() REPRESENTATION_CONTEXT('2D SPACE',''
  ) );
#6493 = ORIENTED_EDGE('',*,*,#6494,.T.);
#6494 = EDGE_CURVE('',#6468,#6204,#6495,.T.);
#6495 = SURFACE_CURVE('',#6496,(#6501,#6508),.PCURVE_S1.);
#6496 = CIRCLE('',#6497,3.85);
#6497 = AXIS2_PLACEMENT_3D('',#6498,#6499,#6500);
#6498 = CARTESIAN_POINT('',(-22.4,41.45,3.4));
#6499 = DIRECTION('',(0.,0.,1.));
#6500 = DIRECTION('',(0.,1.,-0.));
#6501 = PCURVE('',#4667,#6502);
#6502 = DEFINITIONAL_REPRESENTATION('',(#6503),#6507);
#6503 = LINE('',#6504,#6505);
#6504 = CARTESIAN_POINT('',(-0.,-1.E-01));
#6505 = VECTOR('',#6506,1.);
#6506 = DIRECTION('',(-1.,0.));
#6507 = ( GEOMETRIC_REPRESENTATION_CONTEXT(2) 
PARAMETRIC_REPRESENTATION_CONTEXT() REPRESENTATION_CONTEXT('2D SPACE',''
  ) );
#6508 = PCURVE('',#5794,#6509);
#6509 = DEFINITIONAL_REPRESENTATION('',(#6510),#6514);
#6510 = CIRCLE('',#6511,3.85);
#6511 = AXIS2_PLACEMENT_2D('',#6512,#6513);
#6512 = CARTESIAN_POINT('',(-22.4,41.45));
#6513 = DIRECTION('',(0.,1.));
#6514 = ( GEOMETRIC_REPRESENTATION_CONTEXT(2) 
PARAMETRIC_REPRESENTATION_CONTEXT() REPRESENTATION_CONTEXT('2D SPACE',''
  ) );
#6515 = ORIENTED_EDGE('',*,*,#6203,.T.);
#6516 = ORIENTED_EDGE('',*,*,#4650,.F.);
#6517 = ADVANCED_FACE('',(#6518),#4836,.T.);
#6518 = FACE_BOUND('',#6519,.F.);
#6519 = EDGE_LOOP('',(#6520,#6521,#6545,#6575));
#6520 = ORIENTED_EDGE('',*,*,#6274,.F.);
#6521 = ORIENTED_EDGE('',*,*,#6522,.T.);
#6522 = EDGE_CURVE('',#6252,#6523,#6525,.T.);
#6523 = VERTEX_POINT('',#6524);
#6524 = CARTESIAN_POINT('',(25.45,43.799468024894,3.4));
#6525 = SURFACE_CURVE('',#6526,(#6531,#6538),.PCURVE_S1.);
#6526 = CIRCLE('',#6527,3.85);
#6527 = AXIS2_PLACEMENT_3D('',#6528,#6529,#6530);
#6528 = CARTESIAN_POINT('',(22.4,41.45,3.4));
#6529 = DIRECTION('',(0.,0.,1.));
#6530 = DIRECTION('',(1.,0.,-0.));
#6531 = PCURVE('',#4836,#6532);
#6532 = DEFINITIONAL_REPRESENTATION('',(#6533),#6537);
#6533 = LINE('',#6534,#6535);
#6534 = CARTESIAN_POINT('',(-0.,-1.E-01));
#6535 = VECTOR('',#6536,1.);
#6536 = DIRECTION('',(-1.,0.));
#6537 = ( GEOMETRIC_REPRESENTATION_CONTEXT(2) 
PARAMETRIC_REPRESENTATION_CONTEXT() REPRESENTATION_CONTEXT('2D SPACE',''
  ) );
#6538 = PCURVE('',#6168,#6539);
#6539 = DEFINITIONAL_REPRESENTATION('',(#6540),#6544);
#6540 = CIRCLE('',#6541,3.85);
#6541 = AXIS2_PLACEMENT_2D('',#6542,#6543);
#6542 = CARTESIAN_POINT('',(22.4,41.45));
#6543 = DIRECTION('',(1.,0.));
#6544 = ( GEOMETRIC_REPRESENTATION_CONTEXT(2) 
PARAMETRIC_REPRESENTATION_CONTEXT() REPRESENTATION_CONTEXT('2D SPACE',''
  ) );
#6545 = ORIENTED_EDGE('',*,*,#6546,.T.);
#6546 = EDGE_CURVE('',#6523,#4793,#6547,.T.);
#6547 = SURFACE_CURVE('',#6548,(#6553,#6563),.PCURVE_S1.);
#6548 = PARABOLA('',#6549,2.439518395094);
#6549 = AXIS2_PLACEMENT_3D('',#6550,#6551,#6552);
#6550 = CARTESIAN_POINT('',(25.85,41.45,3.8));
#6551 = DIRECTION('',(0.707106781187,0.,-0.707106781187));
#6552 = DIRECTION('',(-0.707106781187,0.,-0.707106781187));
#6553 = PCURVE('',#4836,#6554);
#6554 = DEFINITIONAL_REPRESENTATION('',(#6555),#6562);
#6555 = B_SPLINE_CURVE_WITH_KNOTS('',5,(#6556,#6557,#6558,#6559,#6560,
    #6561),.UNSPECIFIED.,.F.,.F.,(6,6),(2.349468024894,2.626785107313),
  .PIECEWISE_BEZIER_KNOTS.);
#6556 = CARTESIAN_POINT('',(-0.656377937353,-1.E-01));
#6557 = CARTESIAN_POINT('',(-0.670784019556,-8.111456180002E-02));
#6558 = CARTESIAN_POINT('',(-0.685101768929,-6.167184270003E-02));
#6559 = CARTESIAN_POINT('',(-0.699329154255,-4.167184270002E-02));
#6560 = CARTESIAN_POINT('',(-0.713464347461,-2.111456180002E-02));
#6561 = CARTESIAN_POINT('',(-0.727505718722,-1.7763568394E-15));
#6562 = ( GEOMETRIC_REPRESENTATION_CONTEXT(2) 
PARAMETRIC_REPRESENTATION_CONTEXT() REPRESENTATION_CONTEXT('2D SPACE',''
  ) );
#6563 = PCURVE('',#6564,#6569);
#6564 = PLANE('',#6565);
#6565 = AXIS2_PLACEMENT_3D('',#6566,#6567,#6568);
#6566 = CARTESIAN_POINT('',(25.35,-44.4,3.3));
#6567 = DIRECTION('',(0.707106781187,0.,-0.707106781187));
#6568 = DIRECTION('',(0.707106781187,-8.659560562355E-17,0.707106781187)
  );
#6569 = DEFINITIONAL_REPRESENTATION('',(#6570),#6574);
#6570 = B_SPLINE_CURVE_WITH_KNOTS('',2,(#6571,#6572,#6573),
  .UNSPECIFIED.,.F.,.F.,(3,3),(2.349468024894,2.626785107313),
  .PIECEWISE_BEZIER_KNOTS.);
#6571 = CARTESIAN_POINT('',(0.141421356237,-88.19946802489));
#6572 = CARTESIAN_POINT('',(7.465124915287E-02,-88.3381265661));
#6573 = CARTESIAN_POINT('',(-3.219646771413E-15,-88.47678510731));
#6574 = ( GEOMETRIC_REPRESENTATION_CONTEXT(2) 
PARAMETRIC_REPRESENTATION_CONTEXT() REPRESENTATION_CONTEXT('2D SPACE',''
  ) );
#6575 = ORIENTED_EDGE('',*,*,#4821,.F.);
#6576 = ADVANCED_FACE('',(#6577),#4809,.T.);
#6577 = FACE_BOUND('',#6578,.T.);
#6578 = EDGE_LOOP('',(#6579,#6613,#6634,#6635));
#6579 = ORIENTED_EDGE('',*,*,#6580,.T.);
#6580 = EDGE_CURVE('',#6581,#6583,#6585,.T.);
#6581 = VERTEX_POINT('',#6582);
#6582 = CARTESIAN_POINT('',(23.504536101719,44.4,3.3));
#6583 = VERTEX_POINT('',#6584);
#6584 = CARTESIAN_POINT('',(25.35,42.554536101719,3.3));
#6585 = SURFACE_CURVE('',#6586,(#6591,#6602),.PCURVE_S1.);
#6586 = CIRCLE('',#6587,3.15);
#6587 = AXIS2_PLACEMENT_3D('',#6588,#6589,#6590);
#6588 = CARTESIAN_POINT('',(22.4,41.45,3.3));
#6589 = DIRECTION('',(0.,0.,-1.));
#6590 = DIRECTION('',(1.,0.,0.));
#6591 = PCURVE('',#4809,#6592);
#6592 = DEFINITIONAL_REPRESENTATION('',(#6593),#6601);
#6593 = ( BOUNDED_CURVE() B_SPLINE_CURVE(2,(#6594,#6595,#6596,#6597,
#6598,#6599,#6600),.UNSPECIFIED.,.T.,.F.) B_SPLINE_CURVE_WITH_KNOTS((1,2
    ,2,2,2,1),(-2.094395102393,0.,2.094395102393,4.188790204786,
6.28318530718,8.377580409573),.UNSPECIFIED.) CURVE() 
GEOMETRIC_REPRESENTATION_ITEM() RATIONAL_B_SPLINE_CURVE((1.,0.5,1.,0.5,
1.,0.5,1.)) REPRESENTATION_ITEM('') );
#6594 = CARTESIAN_POINT('',(25.55,41.45));
#6595 = CARTESIAN_POINT('',(25.55,35.994039956158));
#6596 = CARTESIAN_POINT('',(20.825,38.722019978079));
#6597 = CARTESIAN_POINT('',(16.1,41.45));
#6598 = CARTESIAN_POINT('',(20.825,44.177980021921));
#6599 = CARTESIAN_POINT('',(25.55,46.905960043842));
#6600 = CARTESIAN_POINT('',(25.55,41.45));
#6601 = ( GEOMETRIC_REPRESENTATION_CONTEXT(2) 
PARAMETRIC_REPRESENTATION_CONTEXT() REPRESENTATION_CONTEXT('2D SPACE',''
  ) );
#6602 = PCURVE('',#6603,#6608);
#6603 = CYLINDRICAL_SURFACE('',#6604,3.15);
#6604 = AXIS2_PLACEMENT_3D('',#6605,#6606,#6607);
#6605 = CARTESIAN_POINT('',(22.4,41.45,2.79));
#6606 = DIRECTION('',(-0.,-0.,-1.));
#6607 = DIRECTION('',(1.,0.,0.));
#6608 = DEFINITIONAL_REPRESENTATION('',(#6609),#6612);
#6609 = B_SPLINE_CURVE_WITH_KNOTS('',1,(#6610,#6611),.UNSPECIFIED.,.F.,
  .F.,(2,2),(5.070650198897,5.924924088667),.PIECEWISE_BEZIER_KNOTS.);
#6610 = CARTESIAN_POINT('',(-7.495720415462,-0.51));
#6611 = CARTESIAN_POINT('',(-6.641446525692,-0.51));
#6612 = ( GEOMETRIC_REPRESENTATION_CONTEXT(2) 
PARAMETRIC_REPRESENTATION_CONTEXT() REPRESENTATION_CONTEXT('2D SPACE',''
  ) );
#6613 = ORIENTED_EDGE('',*,*,#6614,.T.);
#6614 = EDGE_CURVE('',#6583,#4793,#6615,.T.);
#6615 = SURFACE_CURVE('',#6616,(#6620,#6627),.PCURVE_S1.);
#6616 = LINE('',#6617,#6618);
#6617 = CARTESIAN_POINT('',(25.35,-44.4,3.3));
#6618 = VECTOR('',#6619,1.);
#6619 = DIRECTION('',(0.,1.,0.));
#6620 = PCURVE('',#4809,#6621);
#6621 = DEFINITIONAL_REPRESENTATION('',(#6622),#6626);
#6622 = LINE('',#6623,#6624);
#6623 = CARTESIAN_POINT('',(25.35,-44.4));
#6624 = VECTOR('',#6625,1.);
#6625 = DIRECTION('',(0.,1.));
#6626 = ( GEOMETRIC_REPRESENTATION_CONTEXT(2) 
PARAMETRIC_REPRESENTATION_CONTEXT() REPRESENTATION_CONTEXT('2D SPACE',''
  ) );
#6627 = PCURVE('',#6564,#6628);
#6628 = DEFINITIONAL_REPRESENTATION('',(#6629),#6633);
#6629 = LINE('',#6630,#6631);
#6630 = CARTESIAN_POINT('',(0.,-0.));
#6631 = VECTOR('',#6632,1.);
#6632 = DIRECTION('',(-6.162975822039E-33,-1.));
#6633 = ( GEOMETRIC_REPRESENTATION_CONTEXT(2) 
PARAMETRIC_REPRESENTATION_CONTEXT() REPRESENTATION_CONTEXT('2D SPACE',''
  ) );
#6634 = ORIENTED_EDGE('',*,*,#4792,.T.);
#6635 = ORIENTED_EDGE('',*,*,#6636,.T.);
#6636 = EDGE_CURVE('',#4764,#6581,#6637,.T.);
#6637 = SURFACE_CURVE('',#6638,(#6642,#6649),.PCURVE_S1.);
#6638 = LINE('',#6639,#6640);
#6639 = CARTESIAN_POINT('',(25.35,44.4,3.3));
#6640 = VECTOR('',#6641,1.);
#6641 = DIRECTION('',(-1.,0.,0.));
#6642 = PCURVE('',#4809,#6643);
#6643 = DEFINITIONAL_REPRESENTATION('',(#6644),#6648);
#6644 = LINE('',#6645,#6646);
#6645 = CARTESIAN_POINT('',(25.35,44.4));
#6646 = VECTOR('',#6647,1.);
#6647 = DIRECTION('',(-1.,0.));
#6648 = ( GEOMETRIC_REPRESENTATION_CONTEXT(2) 
PARAMETRIC_REPRESENTATION_CONTEXT() REPRESENTATION_CONTEXT('2D SPACE',''
  ) );
#6649 = PCURVE('',#6650,#6655);
#6650 = PLANE('',#6651);
#6651 = AXIS2_PLACEMENT_3D('',#6652,#6653,#6654);
#6652 = CARTESIAN_POINT('',(25.35,44.4,3.3));
#6653 = DIRECTION('',(0.,0.707106781187,-0.707106781187));
#6654 = DIRECTION('',(8.659560562355E-17,0.707106781187,0.707106781187)
  );
#6655 = DEFINITIONAL_REPRESENTATION('',(#6656),#6660);
#6656 = LINE('',#6657,#6658);
#6657 = CARTESIAN_POINT('',(0.,0.));
#6658 = VECTOR('',#6659,1.);
#6659 = DIRECTION('',(-6.162975822039E-33,-1.));
#6660 = ( GEOMETRIC_REPRESENTATION_CONTEXT(2) 
PARAMETRIC_REPRESENTATION_CONTEXT() REPRESENTATION_CONTEXT('2D SPACE',''
  ) );
#6661 = ADVANCED_FACE('',(#6662),#4780,.T.);
#6662 = FACE_BOUND('',#6663,.F.);
#6663 = EDGE_LOOP('',(#6664,#6691,#6715,#6734));
#6664 = ORIENTED_EDGE('',*,*,#6665,.T.);
#6665 = EDGE_CURVE('',#4764,#6666,#6668,.T.);
#6666 = VERTEX_POINT('',#6667);
#6667 = CARTESIAN_POINT('',(24.749468024894,44.5,3.4));
#6668 = SURFACE_CURVE('',#6669,(#6674,#6684),.PCURVE_S1.);
#6669 = PARABOLA('',#6670,2.439518395094);
#6670 = AXIS2_PLACEMENT_3D('',#6671,#6672,#6673);
#6671 = CARTESIAN_POINT('',(22.4,44.9,3.8));
#6672 = DIRECTION('',(0.,0.707106781187,-0.707106781187));
#6673 = DIRECTION('',(0.,-0.707106781187,-0.707106781187));
#6674 = PCURVE('',#4780,#6675);
#6675 = DEFINITIONAL_REPRESENTATION('',(#6676),#6683);
#6676 = B_SPLINE_CURVE_WITH_KNOTS('',5,(#6677,#6678,#6679,#6680,#6681,
    #6682),.UNSPECIFIED.,.F.,.F.,(6,6),(-2.626785107313,-2.349468024894)
  ,.PIECEWISE_BEZIER_KNOTS.);
#6677 = CARTESIAN_POINT('',(-0.843290608073,-2.886579864025E-15));
#6678 = CARTESIAN_POINT('',(-0.857331979334,-2.111456180002E-02));
#6679 = CARTESIAN_POINT('',(-0.87146717254,-4.167184270002E-02));
#6680 = CARTESIAN_POINT('',(-0.885694557865,-6.167184270003E-02));
#6681 = CARTESIAN_POINT('',(-0.900012307239,-8.111456180002E-02));
#6682 = CARTESIAN_POINT('',(-0.914418389442,-0.1));
#6683 = ( GEOMETRIC_REPRESENTATION_CONTEXT(2) 
PARAMETRIC_REPRESENTATION_CONTEXT() REPRESENTATION_CONTEXT('2D SPACE',''
  ) );
#6684 = PCURVE('',#6650,#6685);
#6685 = DEFINITIONAL_REPRESENTATION('',(#6686),#6690);
#6686 = B_SPLINE_CURVE_WITH_KNOTS('',2,(#6687,#6688,#6689),
  .UNSPECIFIED.,.F.,.F.,(3,3),(-2.626785107313,-2.349468024894),
  .PIECEWISE_BEZIER_KNOTS.);
#6687 = CARTESIAN_POINT('',(4.218847493576E-15,-0.323214892687));
#6688 = CARTESIAN_POINT('',(7.465124915288E-02,-0.461873433897));
#6689 = CARTESIAN_POINT('',(0.141421356237,-0.600531975106));
#6690 = ( GEOMETRIC_REPRESENTATION_CONTEXT(2) 
PARAMETRIC_REPRESENTATION_CONTEXT() REPRESENTATION_CONTEXT('2D SPACE',''
  ) );
#6691 = ORIENTED_EDGE('',*,*,#6692,.T.);
#6692 = EDGE_CURVE('',#6666,#6693,#6695,.T.);
#6693 = VERTEX_POINT('',#6694);
#6694 = CARTESIAN_POINT('',(22.4,45.3,3.4));
#6695 = SURFACE_CURVE('',#6696,(#6701,#6708),.PCURVE_S1.);
#6696 = CIRCLE('',#6697,3.85);
#6697 = AXIS2_PLACEMENT_3D('',#6698,#6699,#6700);
#6698 = CARTESIAN_POINT('',(22.4,41.45,3.4));
#6699 = DIRECTION('',(0.,0.,1.));
#6700 = DIRECTION('',(1.,0.,-0.));
#6701 = PCURVE('',#4780,#6702);
#6702 = DEFINITIONAL_REPRESENTATION('',(#6703),#6707);
#6703 = LINE('',#6704,#6705);
#6704 = CARTESIAN_POINT('',(-0.,-1.E-01));
#6705 = VECTOR('',#6706,1.);
#6706 = DIRECTION('',(-1.,0.));
#6707 = ( GEOMETRIC_REPRESENTATION_CONTEXT(2) 
PARAMETRIC_REPRESENTATION_CONTEXT() REPRESENTATION_CONTEXT('2D SPACE',''
  ) );
#6708 = PCURVE('',#6335,#6709);
#6709 = DEFINITIONAL_REPRESENTATION('',(#6710),#6714);
#6710 = CIRCLE('',#6711,3.85);
#6711 = AXIS2_PLACEMENT_2D('',#6712,#6713);
#6712 = CARTESIAN_POINT('',(22.4,41.45));
#6713 = DIRECTION('',(1.,0.));
#6714 = ( GEOMETRIC_REPRESENTATION_CONTEXT(2) 
PARAMETRIC_REPRESENTATION_CONTEXT() REPRESENTATION_CONTEXT('2D SPACE',''
  ) );
#6715 = ORIENTED_EDGE('',*,*,#6716,.T.);
#6716 = EDGE_CURVE('',#6693,#4741,#6717,.T.);
#6717 = SURFACE_CURVE('',#6718,(#6722,#6728),.PCURVE_S1.);
#6718 = LINE('',#6719,#6720);
#6719 = CARTESIAN_POINT('',(22.4,45.4,3.3));
#6720 = VECTOR('',#6721,1.);
#6721 = DIRECTION('',(4.329780281177E-17,0.707106781187,-0.707106781187)
  );
#6722 = PCURVE('',#4780,#6723);
#6723 = DEFINITIONAL_REPRESENTATION('',(#6724),#6727);
#6724 = B_SPLINE_CURVE_WITH_KNOTS('',1,(#6725,#6726),.UNSPECIFIED.,.F.,
  .F.,(2,2),(-0.141421356237,0.),.PIECEWISE_BEZIER_KNOTS.);
#6725 = CARTESIAN_POINT('',(-1.570796326795,-1.E-01));
#6726 = CARTESIAN_POINT('',(-1.570796326795,0.));
#6727 = ( GEOMETRIC_REPRESENTATION_CONTEXT(2) 
PARAMETRIC_REPRESENTATION_CONTEXT() REPRESENTATION_CONTEXT('2D SPACE',''
  ) );
#6728 = PCURVE('',#4866,#6729);
#6729 = DEFINITIONAL_REPRESENTATION('',(#6730),#6733);
#6730 = B_SPLINE_CURVE_WITH_KNOTS('',1,(#6731,#6732),.UNSPECIFIED.,.F.,
  .F.,(2,2),(-0.141421356237,0.),.PIECEWISE_BEZIER_KNOTS.);
#6731 = CARTESIAN_POINT('',(0.,-7.071067811866E-02));
#6732 = CARTESIAN_POINT('',(0.,7.071067811865E-02));
#6733 = ( GEOMETRIC_REPRESENTATION_CONTEXT(2) 
PARAMETRIC_REPRESENTATION_CONTEXT() REPRESENTATION_CONTEXT('2D SPACE',''
  ) );
#6734 = ORIENTED_EDGE('',*,*,#4763,.F.);
#6735 = ADVANCED_FACE('',(#6736),#4866,.F.);
#6736 = FACE_BOUND('',#6737,.F.);
#6737 = EDGE_LOOP('',(#6738,#6739,#6760,#6761));
#6738 = ORIENTED_EDGE('',*,*,#6716,.F.);
#6739 = ORIENTED_EDGE('',*,*,#6740,.T.);
#6740 = EDGE_CURVE('',#6693,#6298,#6741,.T.);
#6741 = SURFACE_CURVE('',#6742,(#6746,#6753),.PCURVE_S1.);
#6742 = LINE('',#6743,#6744);
#6743 = CARTESIAN_POINT('',(22.4,45.3,3.4));
#6744 = VECTOR('',#6745,1.);
#6745 = DIRECTION('',(-1.,0.,0.));
#6746 = PCURVE('',#4866,#6747);
#6747 = DEFINITIONAL_REPRESENTATION('',(#6748),#6752);
#6748 = LINE('',#6749,#6750);
#6749 = CARTESIAN_POINT('',(0.,-7.071067811866E-02));
#6750 = VECTOR('',#6751,1.);
#6751 = DIRECTION('',(1.,0.));
#6752 = ( GEOMETRIC_REPRESENTATION_CONTEXT(2) 
PARAMETRIC_REPRESENTATION_CONTEXT() REPRESENTATION_CONTEXT('2D SPACE',''
  ) );
#6753 = PCURVE('',#6335,#6754);
#6754 = DEFINITIONAL_REPRESENTATION('',(#6755),#6759);
#6755 = LINE('',#6756,#6757);
#6756 = CARTESIAN_POINT('',(22.4,45.3));
#6757 = VECTOR('',#6758,1.);
#6758 = DIRECTION('',(-1.,0.));
#6759 = ( GEOMETRIC_REPRESENTATION_CONTEXT(2) 
PARAMETRIC_REPRESENTATION_CONTEXT() REPRESENTATION_CONTEXT('2D SPACE',''
  ) );
#6760 = ORIENTED_EDGE('',*,*,#6297,.T.);
#6761 = ORIENTED_EDGE('',*,*,#4852,.F.);
#6762 = ADVANCED_FACE('',(#6763,#6766),#4923,.F.);
#6763 = FACE_BOUND('',#6764,.F.);
#6764 = EDGE_LOOP('',(#6765));
#6765 = ORIENTED_EDGE('',*,*,#4908,.T.);
#6766 = FACE_BOUND('',#6767,.F.);
#6767 = EDGE_LOOP('',(#6768));
#6768 = ORIENTED_EDGE('',*,*,#6769,.T.);
#6769 = EDGE_CURVE('',#6770,#6770,#6772,.T.);
#6770 = VERTEX_POINT('',#6771);
#6771 = CARTESIAN_POINT('',(-21.6,-41.45,0.4));
#6772 = SURFACE_CURVE('',#6773,(#6778,#6789),.PCURVE_S1.);
#6773 = CIRCLE('',#6774,0.8);
#6774 = AXIS2_PLACEMENT_3D('',#6775,#6776,#6777);
#6775 = CARTESIAN_POINT('',(-22.4,-41.45,0.4));
#6776 = DIRECTION('',(0.,0.,-1.));
#6777 = DIRECTION('',(1.,0.,0.));
#6778 = PCURVE('',#4923,#6779);
#6779 = DEFINITIONAL_REPRESENTATION('',(#6780),#6788);
#6780 = ( BOUNDED_CURVE() B_SPLINE_CURVE(2,(#6781,#6782,#6783,#6784,
#6785,#6786,#6787),.UNSPECIFIED.,.T.,.F.) B_SPLINE_CURVE_WITH_KNOTS((1,2
    ,2,2,2,1),(-2.094395102393,0.,2.094395102393,4.188790204786,
6.28318530718,8.377580409573),.UNSPECIFIED.) CURVE() 
GEOMETRIC_REPRESENTATION_ITEM() RATIONAL_B_SPLINE_CURVE((1.,0.5,1.,0.5,
1.,0.5,1.)) REPRESENTATION_ITEM('') );
#6781 = CARTESIAN_POINT('',(0.8,0.));
#6782 = CARTESIAN_POINT('',(0.8,-1.385640646055));
#6783 = CARTESIAN_POINT('',(-0.4,-0.692820323028));
#6784 = CARTESIAN_POINT('',(-1.6,-1.959434878636E-16));
#6785 = CARTESIAN_POINT('',(-0.4,0.692820323028));
#6786 = CARTESIAN_POINT('',(0.8,1.385640646055));
#6787 = CARTESIAN_POINT('',(0.8,0.));
#6788 = ( GEOMETRIC_REPRESENTATION_CONTEXT(2) 
PARAMETRIC_REPRESENTATION_CONTEXT() REPRESENTATION_CONTEXT('2D SPACE',''
  ) );
#6789 = PCURVE('',#6790,#6795);
#6790 = CYLINDRICAL_SURFACE('',#6791,0.8);
#6791 = AXIS2_PLACEMENT_3D('',#6792,#6793,#6794);
#6792 = CARTESIAN_POINT('',(-22.4,-41.45,-0.25));
#6793 = DIRECTION('',(-0.,-0.,-1.));
#6794 = DIRECTION('',(1.,0.,0.));
#6795 = DEFINITIONAL_REPRESENTATION('',(#6796),#6800);
#6796 = LINE('',#6797,#6798);
#6797 = CARTESIAN_POINT('',(-6.28318530718,-0.65));
#6798 = VECTOR('',#6799,1.);
#6799 = DIRECTION('',(1.,-0.));
#6800 = ( GEOMETRIC_REPRESENTATION_CONTEXT(2) 
PARAMETRIC_REPRESENTATION_CONTEXT() REPRESENTATION_CONTEXT('2D SPACE',''
  ) );
#6801 = ADVANCED_FACE('',(#6802,#6805),#4978,.F.);
#6802 = FACE_BOUND('',#6803,.F.);
#6803 = EDGE_LOOP('',(#6804));
#6804 = ORIENTED_EDGE('',*,*,#4963,.T.);
#6805 = FACE_BOUND('',#6806,.F.);
#6806 = EDGE_LOOP('',(#6807));
#6807 = ORIENTED_EDGE('',*,*,#6808,.T.);
#6808 = EDGE_CURVE('',#6809,#6809,#6811,.T.);
#6809 = VERTEX_POINT('',#6810);
#6810 = CARTESIAN_POINT('',(23.2,-41.45,0.4));
#6811 = SURFACE_CURVE('',#6812,(#6817,#6828),.PCURVE_S1.);
#6812 = CIRCLE('',#6813,0.8);
#6813 = AXIS2_PLACEMENT_3D('',#6814,#6815,#6816);
#6814 = CARTESIAN_POINT('',(22.4,-41.45,0.4));
#6815 = DIRECTION('',(0.,0.,-1.));
#6816 = DIRECTION('',(1.,0.,0.));
#6817 = PCURVE('',#4978,#6818);
#6818 = DEFINITIONAL_REPRESENTATION('',(#6819),#6827);
#6819 = ( BOUNDED_CURVE() B_SPLINE_CURVE(2,(#6820,#6821,#6822,#6823,
#6824,#6825,#6826),.UNSPECIFIED.,.T.,.F.) B_SPLINE_CURVE_WITH_KNOTS((1,2
    ,2,2,2,1),(-2.094395102393,0.,2.094395102393,4.188790204786,
6.28318530718,8.377580409573),.UNSPECIFIED.) CURVE() 
GEOMETRIC_REPRESENTATION_ITEM() RATIONAL_B_SPLINE_CURVE((1.,0.5,1.,0.5,
1.,0.5,1.)) REPRESENTATION_ITEM('') );
#6820 = CARTESIAN_POINT('',(45.6,0.));
#6821 = CARTESIAN_POINT('',(45.6,-1.385640646055));
#6822 = CARTESIAN_POINT('',(44.4,-0.692820323028));
#6823 = CARTESIAN_POINT('',(43.2,-1.959434878636E-16));
#6824 = CARTESIAN_POINT('',(44.4,0.692820323028));
#6825 = CARTESIAN_POINT('',(45.6,1.385640646055));
#6826 = CARTESIAN_POINT('',(45.6,0.));
#6827 = ( GEOMETRIC_REPRESENTATION_CONTEXT(2) 
PARAMETRIC_REPRESENTATION_CONTEXT() REPRESENTATION_CONTEXT('2D SPACE',''
  ) );
#6828 = PCURVE('',#6829,#6834);
#6829 = CYLINDRICAL_SURFACE('',#6830,0.8);
#6830 = AXIS2_PLACEMENT_3D('',#6831,#6832,#6833);
#6831 = CARTESIAN_POINT('',(22.4,-41.45,-0.25));
#6832 = DIRECTION('',(-0.,-0.,-1.));
#6833 = DIRECTION('',(1.,0.,0.));
#6834 = DEFINITIONAL_REPRESENTATION('',(#6835),#6839);
#6835 = LINE('',#6836,#6837);
#6836 = CARTESIAN_POINT('',(-6.28318530718,-0.65));
#6837 = VECTOR('',#6838,1.);
#6838 = DIRECTION('',(1.,-0.));
#6839 = ( GEOMETRIC_REPRESENTATION_CONTEXT(2) 
PARAMETRIC_REPRESENTATION_CONTEXT() REPRESENTATION_CONTEXT('2D SPACE',''
  ) );
#6840 = ADVANCED_FACE('',(#6841,#6844),#5033,.F.);
#6841 = FACE_BOUND('',#6842,.F.);
#6842 = EDGE_LOOP('',(#6843));
#6843 = ORIENTED_EDGE('',*,*,#5018,.T.);
#6844 = FACE_BOUND('',#6845,.F.);
#6845 = EDGE_LOOP('',(#6846));
#6846 = ORIENTED_EDGE('',*,*,#6847,.T.);
#6847 = EDGE_CURVE('',#6848,#6848,#6850,.T.);
#6848 = VERTEX_POINT('',#6849);
#6849 = CARTESIAN_POINT('',(-21.6,41.45,0.4));
#6850 = SURFACE_CURVE('',#6851,(#6856,#6867),.PCURVE_S1.);
#6851 = CIRCLE('',#6852,0.8);
#6852 = AXIS2_PLACEMENT_3D('',#6853,#6854,#6855);
#6853 = CARTESIAN_POINT('',(-22.4,41.45,0.4));
#6854 = DIRECTION('',(0.,0.,-1.));
#6855 = DIRECTION('',(1.,0.,0.));
#6856 = PCURVE('',#5033,#6857);
#6857 = DEFINITIONAL_REPRESENTATION('',(#6858),#6866);
#6858 = ( BOUNDED_CURVE() B_SPLINE_CURVE(2,(#6859,#6860,#6861,#6862,
#6863,#6864,#6865),.UNSPECIFIED.,.T.,.F.) B_SPLINE_CURVE_WITH_KNOTS((1,2
    ,2,2,2,1),(-2.094395102393,0.,2.094395102393,4.188790204786,
6.28318530718,8.377580409573),.UNSPECIFIED.) CURVE() 
GEOMETRIC_REPRESENTATION_ITEM() RATIONAL_B_SPLINE_CURVE((1.,0.5,1.,0.5,
1.,0.5,1.)) REPRESENTATION_ITEM('') );
#6859 = CARTESIAN_POINT('',(0.8,82.9));
#6860 = CARTESIAN_POINT('',(0.8,81.514359353945));
#6861 = CARTESIAN_POINT('',(-0.4,82.207179676972));
#6862 = CARTESIAN_POINT('',(-1.6,82.9));
#6863 = CARTESIAN_POINT('',(-0.4,83.592820323028));
#6864 = CARTESIAN_POINT('',(0.8,84.285640646055));
#6865 = CARTESIAN_POINT('',(0.8,82.9));
#6866 = ( GEOMETRIC_REPRESENTATION_CONTEXT(2) 
PARAMETRIC_REPRESENTATION_CONTEXT() REPRESENTATION_CONTEXT('2D SPACE',''
  ) );
#6867 = PCURVE('',#6868,#6873);
#6868 = CYLINDRICAL_SURFACE('',#6869,0.8);
#6869 = AXIS2_PLACEMENT_3D('',#6870,#6871,#6872);
#6870 = CARTESIAN_POINT('',(-22.4,41.45,-0.25));
#6871 = DIRECTION('',(-0.,-0.,-1.));
#6872 = DIRECTION('',(1.,0.,0.));
#6873 = DEFINITIONAL_REPRESENTATION('',(#6874),#6878);
#6874 = LINE('',#6875,#6876);
#6875 = CARTESIAN_POINT('',(-6.28318530718,-0.65));
#6876 = VECTOR('',#6877,1.);
#6877 = DIRECTION('',(1.,-0.));
#6878 = ( GEOMETRIC_REPRESENTATION_CONTEXT(2) 
PARAMETRIC_REPRESENTATION_CONTEXT() REPRESENTATION_CONTEXT('2D SPACE',''
  ) );
#6879 = ADVANCED_FACE('',(#6880),#5104,.F.);
#6880 = FACE_BOUND('',#6881,.F.);
#6881 = EDGE_LOOP('',(#6882,#6883,#6884,#6885,#6886,#6887,#6888,#6889,
    #6890,#6891,#6892,#6893));
#6882 = ORIENTED_EDGE('',*,*,#5434,.F.);
#6883 = ORIENTED_EDGE('',*,*,#5528,.F.);
#6884 = ORIENTED_EDGE('',*,*,#5605,.F.);
#6885 = ORIENTED_EDGE('',*,*,#5554,.F.);
#6886 = ORIENTED_EDGE('',*,*,#5482,.F.);
#6887 = ORIENTED_EDGE('',*,*,#5363,.F.);
#6888 = ORIENTED_EDGE('',*,*,#5290,.F.);
#6889 = ORIENTED_EDGE('',*,*,#5194,.F.);
#6890 = ORIENTED_EDGE('',*,*,#5091,.F.);
#6891 = ORIENTED_EDGE('',*,*,#5140,.T.);
#6892 = ORIENTED_EDGE('',*,*,#5242,.F.);
#6893 = ORIENTED_EDGE('',*,*,#5335,.F.);
#6894 = ADVANCED_FACE('',(#6895,#6898),#5669,.F.);
#6895 = FACE_BOUND('',#6896,.F.);
#6896 = EDGE_LOOP('',(#6897));
#6897 = ORIENTED_EDGE('',*,*,#5654,.T.);
#6898 = FACE_BOUND('',#6899,.F.);
#6899 = EDGE_LOOP('',(#6900));
#6900 = ORIENTED_EDGE('',*,*,#6901,.T.);
#6901 = EDGE_CURVE('',#6902,#6902,#6904,.T.);
#6902 = VERTEX_POINT('',#6903);
#6903 = CARTESIAN_POINT('',(23.2,41.45,0.4));
#6904 = SURFACE_CURVE('',#6905,(#6910,#6921),.PCURVE_S1.);
#6905 = CIRCLE('',#6906,0.8);
#6906 = AXIS2_PLACEMENT_3D('',#6907,#6908,#6909);
#6907 = CARTESIAN_POINT('',(22.4,41.45,0.4));
#6908 = DIRECTION('',(0.,0.,-1.));
#6909 = DIRECTION('',(1.,0.,0.));
#6910 = PCURVE('',#5669,#6911);
#6911 = DEFINITIONAL_REPRESENTATION('',(#6912),#6920);
#6912 = ( BOUNDED_CURVE() B_SPLINE_CURVE(2,(#6913,#6914,#6915,#6916,
#6917,#6918,#6919),.UNSPECIFIED.,.T.,.F.) B_SPLINE_CURVE_WITH_KNOTS((1,2
    ,2,2,2,1),(-2.094395102393,0.,2.094395102393,4.188790204786,
6.28318530718,8.377580409573),.UNSPECIFIED.) CURVE() 
GEOMETRIC_REPRESENTATION_ITEM() RATIONAL_B_SPLINE_CURVE((1.,0.5,1.,0.5,
1.,0.5,1.)) REPRESENTATION_ITEM('') );
#6913 = CARTESIAN_POINT('',(45.6,82.9));
#6914 = CARTESIAN_POINT('',(45.6,81.514359353945));
#6915 = CARTESIAN_POINT('',(44.4,82.207179676972));
#6916 = CARTESIAN_POINT('',(43.2,82.9));
#6917 = CARTESIAN_POINT('',(44.4,83.592820323028));
#6918 = CARTESIAN_POINT('',(45.6,84.285640646055));
#6919 = CARTESIAN_POINT('',(45.6,82.9));
#6920 = ( GEOMETRIC_REPRESENTATION_CONTEXT(2) 
PARAMETRIC_REPRESENTATION_CONTEXT() REPRESENTATION_CONTEXT('2D SPACE',''
  ) );
#6921 = PCURVE('',#6922,#6927);
#6922 = CYLINDRICAL_SURFACE('',#6923,0.8);
#6923 = AXIS2_PLACEMENT_3D('',#6924,#6925,#6926);
#6924 = CARTESIAN_POINT('',(22.4,41.45,-0.25));
#6925 = DIRECTION('',(-0.,-0.,-1.));
#6926 = DIRECTION('',(1.,0.,0.));
#6927 = DEFINITIONAL_REPRESENTATION('',(#6928),#6932);
#6928 = LINE('',#6929,#6930);
#6929 = CARTESIAN_POINT('',(-6.28318530718,-0.65));
#6930 = VECTOR('',#6931,1.);
#6931 = DIRECTION('',(1.,-0.));
#6932 = ( GEOMETRIC_REPRESENTATION_CONTEXT(2) 
PARAMETRIC_REPRESENTATION_CONTEXT() REPRESENTATION_CONTEXT('2D SPACE',''
  ) );
#6933 = ADVANCED_FACE('',(#6934),#5721,.T.);
#6934 = FACE_BOUND('',#6935,.T.);
#6935 = EDGE_LOOP('',(#6936,#6937,#6938,#6961,#6988,#7016,#7044,#7065));
#6936 = ORIENTED_EDGE('',*,*,#5705,.T.);
#6937 = ORIENTED_EDGE('',*,*,#5981,.T.);
#6938 = ORIENTED_EDGE('',*,*,#6939,.T.);
#6939 = EDGE_CURVE('',#5982,#6940,#6942,.T.);
#6940 = VERTEX_POINT('',#6941);
#6941 = CARTESIAN_POINT('',(23.187400787401,-44.5,3.4));
#6942 = SURFACE_CURVE('',#6943,(#6947,#6954),.PCURVE_S1.);
#6943 = LINE('',#6944,#6945);
#6944 = CARTESIAN_POINT('',(-25.35,-44.5,3.4));
#6945 = VECTOR('',#6946,1.);
#6946 = DIRECTION('',(-1.,6.123233995737E-17,-6.123233995737E-17));
#6947 = PCURVE('',#5721,#6948);
#6948 = DEFINITIONAL_REPRESENTATION('',(#6949),#6953);
#6949 = LINE('',#6950,#6951);
#6950 = CARTESIAN_POINT('',(-25.35,-44.5));
#6951 = VECTOR('',#6952,1.);
#6952 = DIRECTION('',(-1.,6.123233995737E-17));
#6953 = ( GEOMETRIC_REPRESENTATION_CONTEXT(2) 
PARAMETRIC_REPRESENTATION_CONTEXT() REPRESENTATION_CONTEXT('2D SPACE',''
  ) );
#6954 = PCURVE('',#6023,#6955);
#6955 = DEFINITIONAL_REPRESENTATION('',(#6956),#6960);
#6956 = LINE('',#6957,#6958);
#6957 = CARTESIAN_POINT('',(0.141421356237,-1.224646799147E-17));
#6958 = VECTOR('',#6959,1.);
#6959 = DIRECTION('',(6.162975822039E-33,1.));
#6960 = ( GEOMETRIC_REPRESENTATION_CONTEXT(2) 
PARAMETRIC_REPRESENTATION_CONTEXT() REPRESENTATION_CONTEXT('2D SPACE',''
  ) );
#6961 = ORIENTED_EDGE('',*,*,#6962,.T.);
#6962 = EDGE_CURVE('',#6940,#6963,#6965,.T.);
#6963 = VERTEX_POINT('',#6964);
#6964 = CARTESIAN_POINT('',(21.612599212599,-44.5,3.4));
#6965 = SURFACE_CURVE('',#6966,(#6971,#6982),.PCURVE_S1.);
#6966 = CIRCLE('',#6967,3.15);
#6967 = AXIS2_PLACEMENT_3D('',#6968,#6969,#6970);
#6968 = CARTESIAN_POINT('',(22.4,-41.45,3.4));
#6969 = DIRECTION('',(0.,0.,-1.));
#6970 = DIRECTION('',(1.,0.,0.));
#6971 = PCURVE('',#5721,#6972);
#6972 = DEFINITIONAL_REPRESENTATION('',(#6973),#6981);
#6973 = ( BOUNDED_CURVE() B_SPLINE_CURVE(2,(#6974,#6975,#6976,#6977,
#6978,#6979,#6980),.UNSPECIFIED.,.T.,.F.) B_SPLINE_CURVE_WITH_KNOTS((1,2
    ,2,2,2,1),(-2.094395102393,0.,2.094395102393,4.188790204786,
6.28318530718,8.377580409573),.UNSPECIFIED.) CURVE() 
GEOMETRIC_REPRESENTATION_ITEM() RATIONAL_B_SPLINE_CURVE((1.,0.5,1.,0.5,
1.,0.5,1.)) REPRESENTATION_ITEM('') );
#6974 = CARTESIAN_POINT('',(25.55,-41.45));
#6975 = CARTESIAN_POINT('',(25.55,-46.90596004384));
#6976 = CARTESIAN_POINT('',(20.825,-44.17798002192));
#6977 = CARTESIAN_POINT('',(16.1,-41.45));
#6978 = CARTESIAN_POINT('',(20.825,-38.72201997807));
#6979 = CARTESIAN_POINT('',(25.55,-35.99403995615));
#6980 = CARTESIAN_POINT('',(25.55,-41.45));
#6981 = ( GEOMETRIC_REPRESENTATION_CONTEXT(2) 
PARAMETRIC_REPRESENTATION_CONTEXT() REPRESENTATION_CONTEXT('2D SPACE',''
  ) );
#6982 = PCURVE('',#6062,#6983);
#6983 = DEFINITIONAL_REPRESENTATION('',(#6984),#6987);
#6984 = B_SPLINE_CURVE_WITH_KNOTS('',1,(#6985,#6986),.UNSPECIFIED.,.F.,
  .F.,(2,2),(1.31814860051,1.823444053079),.PIECEWISE_BEZIER_KNOTS.);
#6985 = CARTESIAN_POINT('',(-4.965036706669,-0.61));
#6986 = CARTESIAN_POINT('',(-4.4597412541,-0.61));
#6987 = ( GEOMETRIC_REPRESENTATION_CONTEXT(2) 
PARAMETRIC_REPRESENTATION_CONTEXT() REPRESENTATION_CONTEXT('2D SPACE',''
  ) );
#6988 = ORIENTED_EDGE('',*,*,#6989,.T.);
#6989 = EDGE_CURVE('',#6963,#6990,#6992,.T.);
#6990 = VERTEX_POINT('',#6991);
#6991 = CARTESIAN_POINT('',(-21.61259921259,-44.5,3.4));
#6992 = SURFACE_CURVE('',#6993,(#6997,#7004),.PCURVE_S1.);
#6993 = LINE('',#6994,#6995);
#6994 = CARTESIAN_POINT('',(-25.35,-44.5,3.4));
#6995 = VECTOR('',#6996,1.);
#6996 = DIRECTION('',(-1.,6.123233995737E-17,-6.123233995737E-17));
#6997 = PCURVE('',#5721,#6998);
#6998 = DEFINITIONAL_REPRESENTATION('',(#6999),#7003);
#6999 = LINE('',#7000,#7001);
#7000 = CARTESIAN_POINT('',(-25.35,-44.5));
#7001 = VECTOR('',#7002,1.);
#7002 = DIRECTION('',(-1.,6.123233995737E-17));
#7003 = ( GEOMETRIC_REPRESENTATION_CONTEXT(2) 
PARAMETRIC_REPRESENTATION_CONTEXT() REPRESENTATION_CONTEXT('2D SPACE',''
  ) );
#7004 = PCURVE('',#7005,#7010);
#7005 = PLANE('',#7006);
#7006 = AXIS2_PLACEMENT_3D('',#7007,#7008,#7009);
#7007 = CARTESIAN_POINT('',(-25.35,-44.4,3.3));
#7008 = DIRECTION('',(-0.,-0.707106781187,-0.707106781187));
#7009 = DIRECTION('',(-8.659560562355E-17,-0.707106781187,0.707106781187
    ));
#7010 = DEFINITIONAL_REPRESENTATION('',(#7011),#7015);
#7011 = LINE('',#7012,#7013);
#7012 = CARTESIAN_POINT('',(0.141421356237,-1.224646799147E-17));
#7013 = VECTOR('',#7014,1.);
#7014 = DIRECTION('',(6.162975822039E-33,1.));
#7015 = ( GEOMETRIC_REPRESENTATION_CONTEXT(2) 
PARAMETRIC_REPRESENTATION_CONTEXT() REPRESENTATION_CONTEXT('2D SPACE',''
  ) );
#7016 = ORIENTED_EDGE('',*,*,#7017,.T.);
#7017 = EDGE_CURVE('',#6990,#7018,#7020,.T.);
#7018 = VERTEX_POINT('',#7019);
#7019 = CARTESIAN_POINT('',(-23.1874007874,-44.5,3.4));
#7020 = SURFACE_CURVE('',#7021,(#7026,#7037),.PCURVE_S1.);
#7021 = CIRCLE('',#7022,3.15);
#7022 = AXIS2_PLACEMENT_3D('',#7023,#7024,#7025);
#7023 = CARTESIAN_POINT('',(-22.4,-41.45,3.4));
#7024 = DIRECTION('',(0.,0.,-1.));
#7025 = DIRECTION('',(1.,0.,0.));
#7026 = PCURVE('',#5721,#7027);
#7027 = DEFINITIONAL_REPRESENTATION('',(#7028),#7036);
#7028 = ( BOUNDED_CURVE() B_SPLINE_CURVE(2,(#7029,#7030,#7031,#7032,
#7033,#7034,#7035),.UNSPECIFIED.,.T.,.F.) B_SPLINE_CURVE_WITH_KNOTS((1,2
    ,2,2,2,1),(-2.094395102393,0.,2.094395102393,4.188790204786,
6.28318530718,8.377580409573),.UNSPECIFIED.) CURVE() 
GEOMETRIC_REPRESENTATION_ITEM() RATIONAL_B_SPLINE_CURVE((1.,0.5,1.,0.5,
1.,0.5,1.)) REPRESENTATION_ITEM('') );
#7029 = CARTESIAN_POINT('',(-19.25,-41.45));
#7030 = CARTESIAN_POINT('',(-19.25,-46.90596004384));
#7031 = CARTESIAN_POINT('',(-23.975,-44.17798002192));
#7032 = CARTESIAN_POINT('',(-28.7,-41.45));
#7033 = CARTESIAN_POINT('',(-23.975,-38.72201997807));
#7034 = CARTESIAN_POINT('',(-19.25,-35.99403995615));
#7035 = CARTESIAN_POINT('',(-19.25,-41.45));
#7036 = ( GEOMETRIC_REPRESENTATION_CONTEXT(2) 
PARAMETRIC_REPRESENTATION_CONTEXT() REPRESENTATION_CONTEXT('2D SPACE',''
  ) );
#7037 = PCURVE('',#5911,#7038);
#7038 = DEFINITIONAL_REPRESENTATION('',(#7039),#7043);
#7039 = LINE('',#7040,#7041);
#7040 = CARTESIAN_POINT('',(-6.28318530718,-0.61));
#7041 = VECTOR('',#7042,1.);
#7042 = DIRECTION('',(1.,-0.));
#7043 = ( GEOMETRIC_REPRESENTATION_CONTEXT(2) 
PARAMETRIC_REPRESENTATION_CONTEXT() REPRESENTATION_CONTEXT('2D SPACE',''
  ) );
#7044 = ORIENTED_EDGE('',*,*,#7045,.T.);
#7045 = EDGE_CURVE('',#7018,#5927,#7046,.T.);
#7046 = SURFACE_CURVE('',#7047,(#7051,#7058),.PCURVE_S1.);
#7047 = LINE('',#7048,#7049);
#7048 = CARTESIAN_POINT('',(-25.35,-44.5,3.4));
#7049 = VECTOR('',#7050,1.);
#7050 = DIRECTION('',(-1.,6.123233995737E-17,-6.123233995737E-17));
#7051 = PCURVE('',#5721,#7052);
#7052 = DEFINITIONAL_REPRESENTATION('',(#7053),#7057);
#7053 = LINE('',#7054,#7055);
#7054 = CARTESIAN_POINT('',(-25.35,-44.5));
#7055 = VECTOR('',#7056,1.);
#7056 = DIRECTION('',(-1.,6.123233995737E-17));
#7057 = ( GEOMETRIC_REPRESENTATION_CONTEXT(2) 
PARAMETRIC_REPRESENTATION_CONTEXT() REPRESENTATION_CONTEXT('2D SPACE',''
  ) );
#7058 = PCURVE('',#5880,#7059);
#7059 = DEFINITIONAL_REPRESENTATION('',(#7060),#7064);
#7060 = LINE('',#7061,#7062);
#7061 = CARTESIAN_POINT('',(0.141421356237,-1.224646799147E-17));
#7062 = VECTOR('',#7063,1.);
#7063 = DIRECTION('',(6.162975822039E-33,1.));
#7064 = ( GEOMETRIC_REPRESENTATION_CONTEXT(2) 
PARAMETRIC_REPRESENTATION_CONTEXT() REPRESENTATION_CONTEXT('2D SPACE',''
  ) );
#7065 = ORIENTED_EDGE('',*,*,#5953,.T.);
#7066 = ADVANCED_FACE('',(#7067),#5824,.F.);
#7067 = FACE_BOUND('',#7068,.F.);
#7068 = EDGE_LOOP('',(#7069,#7096,#7097,#7098));
#7069 = ORIENTED_EDGE('',*,*,#7070,.F.);
#7070 = EDGE_CURVE('',#5841,#7071,#7073,.T.);
#7071 = VERTEX_POINT('',#7072);
#7072 = CARTESIAN_POINT('',(-25.45,-42.2374007874,3.4));
#7073 = SURFACE_CURVE('',#7074,(#7079,#7086),.PCURVE_S1.);
#7074 = ELLIPSE('',#7075,4.454772721475,3.15);
#7075 = AXIS2_PLACEMENT_3D('',#7076,#7077,#7078);
#7076 = CARTESIAN_POINT('',(-22.4,-41.45,0.35));
#7077 = DIRECTION('',(-0.707106781187,0.,-0.707106781187));
#7078 = DIRECTION('',(0.707106781187,0.,-0.707106781187));
#7079 = PCURVE('',#5824,#7080);
#7080 = DEFINITIONAL_REPRESENTATION('',(#7081),#7085);
#7081 = ELLIPSE('',#7082,4.454772721475,3.15);
#7082 = AXIS2_PLACEMENT_2D('',#7083,#7084);
#7083 = CARTESIAN_POINT('',(-4.171930009001,-85.85));
#7084 = DIRECTION('',(-1.,8.659560562355E-17));
#7085 = ( GEOMETRIC_REPRESENTATION_CONTEXT(2) 
PARAMETRIC_REPRESENTATION_CONTEXT() REPRESENTATION_CONTEXT('2D SPACE',''
  ) );
#7086 = PCURVE('',#5911,#7087);
#7087 = DEFINITIONAL_REPRESENTATION('',(#7088),#7095);
#7088 = B_SPLINE_CURVE_WITH_KNOTS('',5,(#7089,#7090,#7091,#7092,#7093,
    #7094),.UNSPECIFIED.,.F.,.F.,(6,6),(2.774384633032,2.901974084961),
  .PIECEWISE_BEZIER_KNOTS.);
#7089 = CARTESIAN_POINT('',(-3.508800674148,-0.5));
#7090 = CARTESIAN_POINT('',(-3.483282783762,-0.528857789504));
#7091 = CARTESIAN_POINT('',(-3.457764893376,-0.55532255637));
#7092 = CARTESIAN_POINT('',(-3.43224700299,-0.579355149856));
#7093 = CARTESIAN_POINT('',(-3.406729112605,-0.600922923451));
#7094 = CARTESIAN_POINT('',(-3.381211222219,-0.62));
#7095 = ( GEOMETRIC_REPRESENTATION_CONTEXT(2) 
PARAMETRIC_REPRESENTATION_CONTEXT() REPRESENTATION_CONTEXT('2D SPACE',''
  ) );
#7096 = ORIENTED_EDGE('',*,*,#5840,.T.);
#7097 = ORIENTED_EDGE('',*,*,#5806,.F.);
#7098 = ORIENTED_EDGE('',*,*,#7099,.T.);
#7099 = EDGE_CURVE('',#5778,#7071,#7100,.T.);
#7100 = SURFACE_CURVE('',#7101,(#7105,#7112),.PCURVE_S1.);
#7101 = LINE('',#7102,#7103);
#7102 = CARTESIAN_POINT('',(-25.45,44.4,3.4));
#7103 = VECTOR('',#7104,1.);
#7104 = DIRECTION('',(6.123233995737E-17,1.,-6.123233995737E-17));
#7105 = PCURVE('',#5824,#7106);
#7106 = DEFINITIONAL_REPRESENTATION('',(#7107),#7111);
#7107 = LINE('',#7108,#7109);
#7108 = CARTESIAN_POINT('',(0.141421356237,-1.224646799147E-17));
#7109 = VECTOR('',#7110,1.);
#7110 = DIRECTION('',(6.162975822039E-33,1.));
#7111 = ( GEOMETRIC_REPRESENTATION_CONTEXT(2) 
PARAMETRIC_REPRESENTATION_CONTEXT() REPRESENTATION_CONTEXT('2D SPACE',''
  ) );
#7112 = PCURVE('',#5794,#7113);
#7113 = DEFINITIONAL_REPRESENTATION('',(#7114),#7118);
#7114 = LINE('',#7115,#7116);
#7115 = CARTESIAN_POINT('',(-25.45,44.4));
#7116 = VECTOR('',#7117,1.);
#7117 = DIRECTION('',(6.123233995737E-17,1.));
#7118 = ( GEOMETRIC_REPRESENTATION_CONTEXT(2) 
PARAMETRIC_REPRESENTATION_CONTEXT() REPRESENTATION_CONTEXT('2D SPACE',''
  ) );
#7119 = ADVANCED_FACE('',(#7120),#5794,.T.);
#7120 = FACE_BOUND('',#7121,.T.);
#7121 = EDGE_LOOP('',(#7122,#7123,#7124,#7152,#7180,#7208,#7229,#7230));
#7122 = ORIENTED_EDGE('',*,*,#5777,.T.);
#7123 = ORIENTED_EDGE('',*,*,#7099,.T.);
#7124 = ORIENTED_EDGE('',*,*,#7125,.T.);
#7125 = EDGE_CURVE('',#7071,#7126,#7128,.T.);
#7126 = VERTEX_POINT('',#7127);
#7127 = CARTESIAN_POINT('',(-25.45,-40.66259921259,3.4));
#7128 = SURFACE_CURVE('',#7129,(#7134,#7145),.PCURVE_S1.);
#7129 = CIRCLE('',#7130,3.15);
#7130 = AXIS2_PLACEMENT_3D('',#7131,#7132,#7133);
#7131 = CARTESIAN_POINT('',(-22.4,-41.45,3.4));
#7132 = DIRECTION('',(0.,0.,-1.));
#7133 = DIRECTION('',(1.,0.,0.));
#7134 = PCURVE('',#5794,#7135);
#7135 = DEFINITIONAL_REPRESENTATION('',(#7136),#7144);
#7136 = ( BOUNDED_CURVE() B_SPLINE_CURVE(2,(#7137,#7138,#7139,#7140,
#7141,#7142,#7143),.UNSPECIFIED.,.T.,.F.) B_SPLINE_CURVE_WITH_KNOTS((1,2
    ,2,2,2,1),(-2.094395102393,0.,2.094395102393,4.188790204786,
6.28318530718,8.377580409573),.UNSPECIFIED.) CURVE() 
GEOMETRIC_REPRESENTATION_ITEM() RATIONAL_B_SPLINE_CURVE((1.,0.5,1.,0.5,
1.,0.5,1.)) REPRESENTATION_ITEM('') );
#7137 = CARTESIAN_POINT('',(-19.25,-41.45));
#7138 = CARTESIAN_POINT('',(-19.25,-46.90596004384));
#7139 = CARTESIAN_POINT('',(-23.975,-44.17798002192));
#7140 = CARTESIAN_POINT('',(-28.7,-41.45));
#7141 = CARTESIAN_POINT('',(-23.975,-38.72201997807));
#7142 = CARTESIAN_POINT('',(-19.25,-35.99403995615));
#7143 = CARTESIAN_POINT('',(-19.25,-41.45));
#7144 = ( GEOMETRIC_REPRESENTATION_CONTEXT(2) 
PARAMETRIC_REPRESENTATION_CONTEXT() REPRESENTATION_CONTEXT('2D SPACE',''
  ) );
#7145 = PCURVE('',#5911,#7146);
#7146 = DEFINITIONAL_REPRESENTATION('',(#7147),#7151);
#7147 = LINE('',#7148,#7149);
#7148 = CARTESIAN_POINT('',(-6.28318530718,-0.61));
#7149 = VECTOR('',#7150,1.);
#7150 = DIRECTION('',(1.,-0.));
#7151 = ( GEOMETRIC_REPRESENTATION_CONTEXT(2) 
PARAMETRIC_REPRESENTATION_CONTEXT() REPRESENTATION_CONTEXT('2D SPACE',''
  ) );
#7152 = ORIENTED_EDGE('',*,*,#7153,.T.);
#7153 = EDGE_CURVE('',#7126,#7154,#7156,.T.);
#7154 = VERTEX_POINT('',#7155);
#7155 = CARTESIAN_POINT('',(-25.45,40.662599212599,3.4));
#7156 = SURFACE_CURVE('',#7157,(#7161,#7168),.PCURVE_S1.);
#7157 = LINE('',#7158,#7159);
#7158 = CARTESIAN_POINT('',(-25.45,44.4,3.4));
#7159 = VECTOR('',#7160,1.);
#7160 = DIRECTION('',(6.123233995737E-17,1.,-6.123233995737E-17));
#7161 = PCURVE('',#5794,#7162);
#7162 = DEFINITIONAL_REPRESENTATION('',(#7163),#7167);
#7163 = LINE('',#7164,#7165);
#7164 = CARTESIAN_POINT('',(-25.45,44.4));
#7165 = VECTOR('',#7166,1.);
#7166 = DIRECTION('',(6.123233995737E-17,1.));
#7167 = ( GEOMETRIC_REPRESENTATION_CONTEXT(2) 
PARAMETRIC_REPRESENTATION_CONTEXT() REPRESENTATION_CONTEXT('2D SPACE',''
  ) );
#7168 = PCURVE('',#7169,#7174);
#7169 = PLANE('',#7170);
#7170 = AXIS2_PLACEMENT_3D('',#7171,#7172,#7173);
#7171 = CARTESIAN_POINT('',(-25.35,44.4,3.3));
#7172 = DIRECTION('',(-0.707106781187,0.,-0.707106781187));
#7173 = DIRECTION('',(-0.707106781187,8.659560562355E-17,0.707106781187)
  );
#7174 = DEFINITIONAL_REPRESENTATION('',(#7175),#7179);
#7175 = LINE('',#7176,#7177);
#7176 = CARTESIAN_POINT('',(0.141421356237,-1.224646799147E-17));
#7177 = VECTOR('',#7178,1.);
#7178 = DIRECTION('',(6.162975822039E-33,1.));
#7179 = ( GEOMETRIC_REPRESENTATION_CONTEXT(2) 
PARAMETRIC_REPRESENTATION_CONTEXT() REPRESENTATION_CONTEXT('2D SPACE',''
  ) );
#7180 = ORIENTED_EDGE('',*,*,#7181,.T.);
#7181 = EDGE_CURVE('',#7154,#7182,#7184,.T.);
#7182 = VERTEX_POINT('',#7183);
#7183 = CARTESIAN_POINT('',(-25.45,42.237400787401,3.4));
#7184 = SURFACE_CURVE('',#7185,(#7190,#7201),.PCURVE_S1.);
#7185 = CIRCLE('',#7186,3.15);
#7186 = AXIS2_PLACEMENT_3D('',#7187,#7188,#7189);
#7187 = CARTESIAN_POINT('',(-22.4,41.45,3.4));
#7188 = DIRECTION('',(0.,0.,-1.));
#7189 = DIRECTION('',(1.,0.,0.));
#7190 = PCURVE('',#5794,#7191);
#7191 = DEFINITIONAL_REPRESENTATION('',(#7192),#7200);
#7192 = ( BOUNDED_CURVE() B_SPLINE_CURVE(2,(#7193,#7194,#7195,#7196,
#7197,#7198,#7199),.UNSPECIFIED.,.T.,.F.) B_SPLINE_CURVE_WITH_KNOTS((1,2
    ,2,2,2,1),(-2.094395102393,0.,2.094395102393,4.188790204786,
6.28318530718,8.377580409573),.UNSPECIFIED.) CURVE() 
GEOMETRIC_REPRESENTATION_ITEM() RATIONAL_B_SPLINE_CURVE((1.,0.5,1.,0.5,
1.,0.5,1.)) REPRESENTATION_ITEM('') );
#7193 = CARTESIAN_POINT('',(-19.25,41.45));
#7194 = CARTESIAN_POINT('',(-19.25,35.994039956158));
#7195 = CARTESIAN_POINT('',(-23.975,38.722019978079));
#7196 = CARTESIAN_POINT('',(-28.7,41.45));
#7197 = CARTESIAN_POINT('',(-23.975,44.177980021921));
#7198 = CARTESIAN_POINT('',(-19.25,46.905960043842));
#7199 = CARTESIAN_POINT('',(-19.25,41.45));
#7200 = ( GEOMETRIC_REPRESENTATION_CONTEXT(2) 
PARAMETRIC_REPRESENTATION_CONTEXT() REPRESENTATION_CONTEXT('2D SPACE',''
  ) );
#7201 = PCURVE('',#6431,#7202);
#7202 = DEFINITIONAL_REPRESENTATION('',(#7203),#7207);
#7203 = LINE('',#7204,#7205);
#7204 = CARTESIAN_POINT('',(-6.28318530718,-0.61));
#7205 = VECTOR('',#7206,1.);
#7206 = DIRECTION('',(1.,-0.));
#7207 = ( GEOMETRIC_REPRESENTATION_CONTEXT(2) 
PARAMETRIC_REPRESENTATION_CONTEXT() REPRESENTATION_CONTEXT('2D SPACE',''
  ) );
#7208 = ORIENTED_EDGE('',*,*,#7209,.T.);
#7209 = EDGE_CURVE('',#7182,#6468,#7210,.T.);
#7210 = SURFACE_CURVE('',#7211,(#7215,#7222),.PCURVE_S1.);
#7211 = LINE('',#7212,#7213);
#7212 = CARTESIAN_POINT('',(-25.45,44.4,3.4));
#7213 = VECTOR('',#7214,1.);
#7214 = DIRECTION('',(6.123233995737E-17,1.,-6.123233995737E-17));
#7215 = PCURVE('',#5794,#7216);
#7216 = DEFINITIONAL_REPRESENTATION('',(#7217),#7221);
#7217 = LINE('',#7218,#7219);
#7218 = CARTESIAN_POINT('',(-25.45,44.4));
#7219 = VECTOR('',#7220,1.);
#7220 = DIRECTION('',(6.123233995737E-17,1.));
#7221 = ( GEOMETRIC_REPRESENTATION_CONTEXT(2) 
PARAMETRIC_REPRESENTATION_CONTEXT() REPRESENTATION_CONTEXT('2D SPACE',''
  ) );
#7222 = PCURVE('',#6398,#7223);
#7223 = DEFINITIONAL_REPRESENTATION('',(#7224),#7228);
#7224 = LINE('',#7225,#7226);
#7225 = CARTESIAN_POINT('',(0.141421356237,-1.224646799147E-17));
#7226 = VECTOR('',#7227,1.);
#7227 = DIRECTION('',(6.162975822039E-33,1.));
#7228 = ( GEOMETRIC_REPRESENTATION_CONTEXT(2) 
PARAMETRIC_REPRESENTATION_CONTEXT() REPRESENTATION_CONTEXT('2D SPACE',''
  ) );
#7229 = ORIENTED_EDGE('',*,*,#6494,.T.);
#7230 = ORIENTED_EDGE('',*,*,#6224,.T.);
#7231 = ADVANCED_FACE('',(#7232),#5911,.F.);
#7232 = FACE_BOUND('',#7233,.T.);
#7233 = EDGE_LOOP('',(#7234,#7265,#7291,#7317,#7342,#7343,#7344,#7345,
    #7370,#7371,#7398,#7424));
#7234 = ORIENTED_EDGE('',*,*,#7235,.F.);
#7235 = EDGE_CURVE('',#7236,#7238,#7240,.T.);
#7236 = VERTEX_POINT('',#7237);
#7237 = CARTESIAN_POINT('',(-25.35,-40.34546389828,2.79));
#7238 = VERTEX_POINT('',#7239);
#7239 = CARTESIAN_POINT('',(-21.29546389828,-44.4,2.79));
#7240 = SURFACE_CURVE('',#7241,(#7246,#7253),.PCURVE_S1.);
#7241 = CIRCLE('',#7242,3.15);
#7242 = AXIS2_PLACEMENT_3D('',#7243,#7244,#7245);
#7243 = CARTESIAN_POINT('',(-22.4,-41.45,2.79));
#7244 = DIRECTION('',(0.,0.,1.));
#7245 = DIRECTION('',(1.,0.,0.));
#7246 = PCURVE('',#5911,#7247);
#7247 = DEFINITIONAL_REPRESENTATION('',(#7248),#7252);
#7248 = LINE('',#7249,#7250);
#7249 = CARTESIAN_POINT('',(-0.,0.));
#7250 = VECTOR('',#7251,1.);
#7251 = DIRECTION('',(-1.,0.));
#7252 = ( GEOMETRIC_REPRESENTATION_CONTEXT(2) 
PARAMETRIC_REPRESENTATION_CONTEXT() REPRESENTATION_CONTEXT('2D SPACE',''
  ) );
#7253 = PCURVE('',#7254,#7259);
#7254 = PLANE('',#7255);
#7255 = AXIS2_PLACEMENT_3D('',#7256,#7257,#7258);
#7256 = CARTESIAN_POINT('',(-22.4,-41.45,2.79));
#7257 = DIRECTION('',(0.,0.,1.));
#7258 = DIRECTION('',(1.,0.,-0.));
#7259 = DEFINITIONAL_REPRESENTATION('',(#7260),#7264);
#7260 = CIRCLE('',#7261,3.15);
#7261 = AXIS2_PLACEMENT_2D('',#7262,#7263);
#7262 = CARTESIAN_POINT('',(3.552713678801E-15,7.105427357601E-15));
#7263 = DIRECTION('',(1.,0.));
#7264 = ( GEOMETRIC_REPRESENTATION_CONTEXT(2) 
PARAMETRIC_REPRESENTATION_CONTEXT() REPRESENTATION_CONTEXT('2D SPACE',''
  ) );
#7265 = ORIENTED_EDGE('',*,*,#7266,.F.);
#7266 = EDGE_CURVE('',#7267,#7236,#7269,.T.);
#7267 = VERTEX_POINT('',#7268);
#7268 = CARTESIAN_POINT('',(-25.35,-40.34546389828,2.8));
#7269 = SURFACE_CURVE('',#7270,(#7274,#7280),.PCURVE_S1.);
#7270 = LINE('',#7271,#7272);
#7271 = CARTESIAN_POINT('',(-25.35,-40.34546389828,2.79));
#7272 = VECTOR('',#7273,1.);
#7273 = DIRECTION('',(-0.,-0.,-1.));
#7274 = PCURVE('',#5911,#7275);
#7275 = DEFINITIONAL_REPRESENTATION('',(#7276),#7279);
#7276 = B_SPLINE_CURVE_WITH_KNOTS('',1,(#7277,#7278),.UNSPECIFIED.,.F.,
  .F.,(2,2),(-0.19,5.999999999062E-07),.PIECEWISE_BEZIER_KNOTS.);
#7277 = CARTESIAN_POINT('',(-2.783331435077,-0.19));
#7278 = CARTESIAN_POINT('',(-2.783331435077,5.999999999062E-07));
#7279 = ( GEOMETRIC_REPRESENTATION_CONTEXT(2) 
PARAMETRIC_REPRESENTATION_CONTEXT() REPRESENTATION_CONTEXT('2D SPACE',''
  ) );
#7280 = PCURVE('',#7281,#7286);
#7281 = PLANE('',#7282);
#7282 = AXIS2_PLACEMENT_3D('',#7283,#7284,#7285);
#7283 = CARTESIAN_POINT('',(-25.35,44.4,1.));
#7284 = DIRECTION('',(1.,0.,-0.));
#7285 = DIRECTION('',(0.,-1.,0.));
#7286 = DEFINITIONAL_REPRESENTATION('',(#7287),#7290);
#7287 = B_SPLINE_CURVE_WITH_KNOTS('',1,(#7288,#7289),.UNSPECIFIED.,.F.,
  .F.,(2,2),(-0.19,5.999999999062E-07),.PIECEWISE_BEZIER_KNOTS.);
#7288 = CARTESIAN_POINT('',(84.745463898281,-1.98));
#7289 = CARTESIAN_POINT('',(84.745463898281,-1.7899994));
#7290 = ( GEOMETRIC_REPRESENTATION_CONTEXT(2) 
PARAMETRIC_REPRESENTATION_CONTEXT() REPRESENTATION_CONTEXT('2D SPACE',''
  ) );
#7291 = ORIENTED_EDGE('',*,*,#7292,.F.);
#7292 = EDGE_CURVE('',#7293,#7267,#7295,.T.);
#7293 = VERTEX_POINT('',#7294);
#7294 = CARTESIAN_POINT('',(-25.35,-40.34546389828,3.3));
#7295 = SURFACE_CURVE('',#7296,(#7300,#7306),.PCURVE_S1.);
#7296 = LINE('',#7297,#7298);
#7297 = CARTESIAN_POINT('',(-25.35,-40.34546389828,2.79));
#7298 = VECTOR('',#7299,1.);
#7299 = DIRECTION('',(-0.,-0.,-1.));
#7300 = PCURVE('',#5911,#7301);
#7301 = DEFINITIONAL_REPRESENTATION('',(#7302),#7305);
#7302 = B_SPLINE_CURVE_WITH_KNOTS('',1,(#7303,#7304),.UNSPECIFIED.,.F.,
  .F.,(2,2),(-0.56,5.999999999062E-07),.PIECEWISE_BEZIER_KNOTS.);
#7303 = CARTESIAN_POINT('',(-2.783331435077,-0.56));
#7304 = CARTESIAN_POINT('',(-2.783331435077,5.999999999062E-07));
#7305 = ( GEOMETRIC_REPRESENTATION_CONTEXT(2) 
PARAMETRIC_REPRESENTATION_CONTEXT() REPRESENTATION_CONTEXT('2D SPACE',''
  ) );
#7306 = PCURVE('',#7307,#7312);
#7307 = PLANE('',#7308);
#7308 = AXIS2_PLACEMENT_3D('',#7309,#7310,#7311);
#7309 = CARTESIAN_POINT('',(-25.35,44.4,2.8));
#7310 = DIRECTION('',(1.,0.,-0.));
#7311 = DIRECTION('',(0.,-1.,0.));
#7312 = DEFINITIONAL_REPRESENTATION('',(#7313),#7316);
#7313 = B_SPLINE_CURVE_WITH_KNOTS('',1,(#7314,#7315),.UNSPECIFIED.,.F.,
  .F.,(2,2),(-0.56,5.999999999062E-07),.PIECEWISE_BEZIER_KNOTS.);
#7314 = CARTESIAN_POINT('',(84.745463898281,-0.55));
#7315 = CARTESIAN_POINT('',(84.745463898281,1.00006E-02));
#7316 = ( GEOMETRIC_REPRESENTATION_CONTEXT(2) 
PARAMETRIC_REPRESENTATION_CONTEXT() REPRESENTATION_CONTEXT('2D SPACE',''
  ) );
#7317 = ORIENTED_EDGE('',*,*,#7318,.F.);
#7318 = EDGE_CURVE('',#7126,#7293,#7319,.T.);
#7319 = SURFACE_CURVE('',#7320,(#7325,#7335),.PCURVE_S1.);
#7320 = ELLIPSE('',#7321,4.454772721475,3.15);
#7321 = AXIS2_PLACEMENT_3D('',#7322,#7323,#7324);
#7322 = CARTESIAN_POINT('',(-22.4,-41.45,0.35));
#7323 = DIRECTION('',(-0.707106781187,0.,-0.707106781187));
#7324 = DIRECTION('',(0.707106781187,0.,-0.707106781187));
#7325 = PCURVE('',#5911,#7326);
#7326 = DEFINITIONAL_REPRESENTATION('',(#7327),#7334);
#7327 = B_SPLINE_CURVE_WITH_KNOTS('',5,(#7328,#7329,#7330,#7331,#7332,
    #7333),.UNSPECIFIED.,.F.,.F.,(6,6),(3.381211222219,3.508800674148),
  .PIECEWISE_BEZIER_KNOTS.);
#7328 = CARTESIAN_POINT('',(-2.901974084961,-0.62));
#7329 = CARTESIAN_POINT('',(-2.876456194575,-0.600922923451));
#7330 = CARTESIAN_POINT('',(-2.850938304189,-0.579355149856));
#7331 = CARTESIAN_POINT('',(-2.825420413803,-0.55532255637));
#7332 = CARTESIAN_POINT('',(-2.799902523418,-0.528857789504));
#7333 = CARTESIAN_POINT('',(-2.774384633032,-0.5));
#7334 = ( GEOMETRIC_REPRESENTATION_CONTEXT(2) 
PARAMETRIC_REPRESENTATION_CONTEXT() REPRESENTATION_CONTEXT('2D SPACE',''
  ) );
#7335 = PCURVE('',#7169,#7336);
#7336 = DEFINITIONAL_REPRESENTATION('',(#7337),#7341);
#7337 = ELLIPSE('',#7338,4.454772721475,3.15);
#7338 = AXIS2_PLACEMENT_2D('',#7339,#7340);
#7339 = CARTESIAN_POINT('',(-4.171930009001,-85.85));
#7340 = DIRECTION('',(-1.,8.659560562355E-17));
#7341 = ( GEOMETRIC_REPRESENTATION_CONTEXT(2) 
PARAMETRIC_REPRESENTATION_CONTEXT() REPRESENTATION_CONTEXT('2D SPACE',''
  ) );
#7342 = ORIENTED_EDGE('',*,*,#7125,.F.);
#7343 = ORIENTED_EDGE('',*,*,#7070,.F.);
#7344 = ORIENTED_EDGE('',*,*,#5892,.F.);
#7345 = ORIENTED_EDGE('',*,*,#7346,.F.);
#7346 = EDGE_CURVE('',#7018,#5865,#7347,.T.);
#7347 = SURFACE_CURVE('',#7348,(#7353,#7363),.PCURVE_S1.);
#7348 = ELLIPSE('',#7349,4.454772721475,3.15);
#7349 = AXIS2_PLACEMENT_3D('',#7350,#7351,#7352);
#7350 = CARTESIAN_POINT('',(-22.4,-41.45,0.35));
#7351 = DIRECTION('',(0.,-0.707106781187,-0.707106781187));
#7352 = DIRECTION('',(0.,0.707106781187,-0.707106781187));
#7353 = PCURVE('',#5911,#7354);
#7354 = DEFINITIONAL_REPRESENTATION('',(#7355),#7362);
#7355 = B_SPLINE_CURVE_WITH_KNOTS('',5,(#7356,#7357,#7358,#7359,#7360,
    #7361),.UNSPECIFIED.,.F.,.F.,(6,6),(3.381211222219,3.508800674148),
  .PIECEWISE_BEZIER_KNOTS.);
#7356 = CARTESIAN_POINT('',(-4.472770411755,-0.62));
#7357 = CARTESIAN_POINT('',(-4.44725252137,-0.600922923451));
#7358 = CARTESIAN_POINT('',(-4.421734630984,-0.579355149856));
#7359 = CARTESIAN_POINT('',(-4.396216740598,-0.55532255637));
#7360 = CARTESIAN_POINT('',(-4.370698850212,-0.528857789504));
#7361 = CARTESIAN_POINT('',(-4.345180959827,-0.5));
#7362 = ( GEOMETRIC_REPRESENTATION_CONTEXT(2) 
PARAMETRIC_REPRESENTATION_CONTEXT() REPRESENTATION_CONTEXT('2D SPACE',''
  ) );
#7363 = PCURVE('',#5880,#7364);
#7364 = DEFINITIONAL_REPRESENTATION('',(#7365),#7369);
#7365 = ELLIPSE('',#7366,4.454772721475,3.15);
#7366 = AXIS2_PLACEMENT_2D('',#7367,#7368);
#7367 = CARTESIAN_POINT('',(-4.171930009001,-2.95));
#7368 = DIRECTION('',(-1.,8.659560562355E-17));
#7369 = ( GEOMETRIC_REPRESENTATION_CONTEXT(2) 
PARAMETRIC_REPRESENTATION_CONTEXT() REPRESENTATION_CONTEXT('2D SPACE',''
  ) );
#7370 = ORIENTED_EDGE('',*,*,#7017,.F.);
#7371 = ORIENTED_EDGE('',*,*,#7372,.F.);
#7372 = EDGE_CURVE('',#7373,#6990,#7375,.T.);
#7373 = VERTEX_POINT('',#7374);
#7374 = CARTESIAN_POINT('',(-21.29546389828,-44.4,3.3));
#7375 = SURFACE_CURVE('',#7376,(#7381,#7391),.PCURVE_S1.);
#7376 = ELLIPSE('',#7377,4.454772721475,3.15);
#7377 = AXIS2_PLACEMENT_3D('',#7378,#7379,#7380);
#7378 = CARTESIAN_POINT('',(-22.4,-41.45,0.35));
#7379 = DIRECTION('',(0.,-0.707106781187,-0.707106781187));
#7380 = DIRECTION('',(0.,0.707106781187,-0.707106781187));
#7381 = PCURVE('',#5911,#7382);
#7382 = DEFINITIONAL_REPRESENTATION('',(#7383),#7390);
#7383 = B_SPLINE_CURVE_WITH_KNOTS('',5,(#7384,#7385,#7386,#7387,#7388,
    #7389),.UNSPECIFIED.,.F.,.F.,(6,6),(2.774384633032,2.901974084961),
  .PIECEWISE_BEZIER_KNOTS.);
#7384 = CARTESIAN_POINT('',(-5.079597000943,-0.5));
#7385 = CARTESIAN_POINT('',(-5.054079110557,-0.528857789504));
#7386 = CARTESIAN_POINT('',(-5.028561220171,-0.55532255637));
#7387 = CARTESIAN_POINT('',(-5.003043329785,-0.579355149856));
#7388 = CARTESIAN_POINT('',(-4.9775254394,-0.600922923451));
#7389 = CARTESIAN_POINT('',(-4.952007549014,-0.62));
#7390 = ( GEOMETRIC_REPRESENTATION_CONTEXT(2) 
PARAMETRIC_REPRESENTATION_CONTEXT() REPRESENTATION_CONTEXT('2D SPACE',''
  ) );
#7391 = PCURVE('',#7005,#7392);
#7392 = DEFINITIONAL_REPRESENTATION('',(#7393),#7397);
#7393 = ELLIPSE('',#7394,4.454772721475,3.15);
#7394 = AXIS2_PLACEMENT_2D('',#7395,#7396);
#7395 = CARTESIAN_POINT('',(-4.171930009001,-2.95));
#7396 = DIRECTION('',(-1.,8.659560562355E-17));
#7397 = ( GEOMETRIC_REPRESENTATION_CONTEXT(2) 
PARAMETRIC_REPRESENTATION_CONTEXT() REPRESENTATION_CONTEXT('2D SPACE',''
  ) );
#7398 = ORIENTED_EDGE('',*,*,#7399,.T.);
#7399 = EDGE_CURVE('',#7373,#7400,#7402,.T.);
#7400 = VERTEX_POINT('',#7401);
#7401 = CARTESIAN_POINT('',(-21.29546389828,-44.4,2.8));
#7402 = SURFACE_CURVE('',#7403,(#7407,#7413),.PCURVE_S1.);
#7403 = LINE('',#7404,#7405);
#7404 = CARTESIAN_POINT('',(-21.29546389828,-44.4,2.79));
#7405 = VECTOR('',#7406,1.);
#7406 = DIRECTION('',(-0.,-0.,-1.));
#7407 = PCURVE('',#5911,#7408);
#7408 = DEFINITIONAL_REPRESENTATION('',(#7409),#7412);
#7409 = B_SPLINE_CURVE_WITH_KNOTS('',1,(#7410,#7411),.UNSPECIFIED.,.F.,
  .F.,(2,2),(-0.56,5.999999999062E-07),.PIECEWISE_BEZIER_KNOTS.);
#7410 = CARTESIAN_POINT('',(-5.070650198897,-0.56));
#7411 = CARTESIAN_POINT('',(-5.070650198897,5.999999999062E-07));
#7412 = ( GEOMETRIC_REPRESENTATION_CONTEXT(2) 
PARAMETRIC_REPRESENTATION_CONTEXT() REPRESENTATION_CONTEXT('2D SPACE',''
  ) );
#7413 = PCURVE('',#7414,#7419);
#7414 = PLANE('',#7415);
#7415 = AXIS2_PLACEMENT_3D('',#7416,#7417,#7418);
#7416 = CARTESIAN_POINT('',(-25.35,-44.4,2.8));
#7417 = DIRECTION('',(0.,1.,0.));
#7418 = DIRECTION('',(1.,0.,0.));
#7419 = DEFINITIONAL_REPRESENTATION('',(#7420),#7423);
#7420 = B_SPLINE_CURVE_WITH_KNOTS('',1,(#7421,#7422),.UNSPECIFIED.,.F.,
  .F.,(2,2),(-0.56,5.999999999062E-07),.PIECEWISE_BEZIER_KNOTS.);
#7421 = CARTESIAN_POINT('',(4.054536101719,-0.55));
#7422 = CARTESIAN_POINT('',(4.054536101719,1.00006E-02));
#7423 = ( GEOMETRIC_REPRESENTATION_CONTEXT(2) 
PARAMETRIC_REPRESENTATION_CONTEXT() REPRESENTATION_CONTEXT('2D SPACE',''
  ) );
#7424 = ORIENTED_EDGE('',*,*,#7425,.T.);
#7425 = EDGE_CURVE('',#7400,#7238,#7426,.T.);
#7426 = SURFACE_CURVE('',#7427,(#7431,#7437),.PCURVE_S1.);
#7427 = LINE('',#7428,#7429);
#7428 = CARTESIAN_POINT('',(-21.29546389828,-44.4,2.79));
#7429 = VECTOR('',#7430,1.);
#7430 = DIRECTION('',(-0.,-0.,-1.));
#7431 = PCURVE('',#5911,#7432);
#7432 = DEFINITIONAL_REPRESENTATION('',(#7433),#7436);
#7433 = B_SPLINE_CURVE_WITH_KNOTS('',1,(#7434,#7435),.UNSPECIFIED.,.F.,
  .F.,(2,2),(-0.19,5.999999999062E-07),.PIECEWISE_BEZIER_KNOTS.);
#7434 = CARTESIAN_POINT('',(-5.070650198897,-0.19));
#7435 = CARTESIAN_POINT('',(-5.070650198897,5.999999999062E-07));
#7436 = ( GEOMETRIC_REPRESENTATION_CONTEXT(2) 
PARAMETRIC_REPRESENTATION_CONTEXT() REPRESENTATION_CONTEXT('2D SPACE',''
  ) );
#7437 = PCURVE('',#7438,#7443);
#7438 = PLANE('',#7439);
#7439 = AXIS2_PLACEMENT_3D('',#7440,#7441,#7442);
#7440 = CARTESIAN_POINT('',(-25.35,-44.4,1.));
#7441 = DIRECTION('',(0.,1.,0.));
#7442 = DIRECTION('',(1.,0.,0.));
#7443 = DEFINITIONAL_REPRESENTATION('',(#7444),#7447);
#7444 = B_SPLINE_CURVE_WITH_KNOTS('',1,(#7445,#7446),.UNSPECIFIED.,.F.,
  .F.,(2,2),(-0.19,5.999999999062E-07),.PIECEWISE_BEZIER_KNOTS.);
#7445 = CARTESIAN_POINT('',(4.054536101719,-1.98));
#7446 = CARTESIAN_POINT('',(4.054536101719,-1.7899994));
#7447 = ( GEOMETRIC_REPRESENTATION_CONTEXT(2) 
PARAMETRIC_REPRESENTATION_CONTEXT() REPRESENTATION_CONTEXT('2D SPACE',''
  ) );
#7448 = ADVANCED_FACE('',(#7449),#5880,.F.);
#7449 = FACE_BOUND('',#7450,.F.);
#7450 = EDGE_LOOP('',(#7451,#7452,#7453,#7454));
#7451 = ORIENTED_EDGE('',*,*,#5926,.F.);
#7452 = ORIENTED_EDGE('',*,*,#5864,.T.);
#7453 = ORIENTED_EDGE('',*,*,#7346,.F.);
#7454 = ORIENTED_EDGE('',*,*,#7045,.T.);
#7455 = ADVANCED_FACE('',(#7456),#6023,.F.);
#7456 = FACE_BOUND('',#7457,.F.);
#7457 = EDGE_LOOP('',(#7458,#7459,#7484,#7485));
#7458 = ORIENTED_EDGE('',*,*,#6939,.T.);
#7459 = ORIENTED_EDGE('',*,*,#7460,.F.);
#7460 = EDGE_CURVE('',#6042,#6940,#7461,.T.);
#7461 = SURFACE_CURVE('',#7462,(#7467,#7474),.PCURVE_S1.);
#7462 = ELLIPSE('',#7463,4.454772721475,3.15);
#7463 = AXIS2_PLACEMENT_3D('',#7464,#7465,#7466);
#7464 = CARTESIAN_POINT('',(22.4,-41.45,0.35));
#7465 = DIRECTION('',(0.,-0.707106781187,-0.707106781187));
#7466 = DIRECTION('',(0.,0.707106781187,-0.707106781187));
#7467 = PCURVE('',#6023,#7468);
#7468 = DEFINITIONAL_REPRESENTATION('',(#7469),#7473);
#7469 = ELLIPSE('',#7470,4.454772721475,3.15);
#7470 = AXIS2_PLACEMENT_2D('',#7471,#7472);
#7471 = CARTESIAN_POINT('',(-4.171930009001,-47.75));
#7472 = DIRECTION('',(-1.,8.659560562355E-17));
#7473 = ( GEOMETRIC_REPRESENTATION_CONTEXT(2) 
PARAMETRIC_REPRESENTATION_CONTEXT() REPRESENTATION_CONTEXT('2D SPACE',''
  ) );
#7474 = PCURVE('',#6062,#7475);
#7475 = DEFINITIONAL_REPRESENTATION('',(#7476),#7483);
#7476 = B_SPLINE_CURVE_WITH_KNOTS('',5,(#7477,#7478,#7479,#7480,#7481,
    #7482),.UNSPECIFIED.,.F.,.F.,(6,6),(2.783331435077,2.888944927305),
  .PIECEWISE_BEZIER_KNOTS.);
#7477 = CARTESIAN_POINT('',(-5.070650198897,-0.510000000012));
#7478 = CARTESIAN_POINT('',(-5.049527500452,-0.533330783051));
#7479 = CARTESIAN_POINT('',(-5.028404802006,-0.555016320156));
#7480 = CARTESIAN_POINT('',(-5.00728210356,-0.575034924266));
#7481 = CARTESIAN_POINT('',(-4.986159405115,-0.593367970667));
#7482 = CARTESIAN_POINT('',(-4.965036706669,-0.610000000019));
#7483 = ( GEOMETRIC_REPRESENTATION_CONTEXT(2) 
PARAMETRIC_REPRESENTATION_CONTEXT() REPRESENTATION_CONTEXT('2D SPACE',''
  ) );
#7484 = ORIENTED_EDGE('',*,*,#6073,.T.);
#7485 = ORIENTED_EDGE('',*,*,#6005,.F.);
#7486 = ADVANCED_FACE('',(#7487),#6062,.F.);
#7487 = FACE_BOUND('',#7488,.T.);
#7488 = EDGE_LOOP('',(#7489,#7516,#7540,#7572,#7598,#7624,#7657,#7683,
    #7704,#7729,#7730,#7731));
#7489 = ORIENTED_EDGE('',*,*,#7490,.F.);
#7490 = EDGE_CURVE('',#7491,#6040,#7493,.T.);
#7491 = VERTEX_POINT('',#7492);
#7492 = CARTESIAN_POINT('',(25.45,-42.2374007874,3.4));
#7493 = SURFACE_CURVE('',#7494,(#7499,#7509),.PCURVE_S1.);
#7494 = ELLIPSE('',#7495,4.454772721475,3.15);
#7495 = AXIS2_PLACEMENT_3D('',#7496,#7497,#7498);
#7496 = CARTESIAN_POINT('',(22.4,-41.45,0.35));
#7497 = DIRECTION('',(0.707106781187,0.,-0.707106781187));
#7498 = DIRECTION('',(-0.707106781187,0.,-0.707106781187));
#7499 = PCURVE('',#6062,#7500);
#7500 = DEFINITIONAL_REPRESENTATION('',(#7501),#7508);
#7501 = B_SPLINE_CURVE_WITH_KNOTS('',5,(#7502,#7503,#7504,#7505,#7506,
    #7507),.UNSPECIFIED.,.F.,.F.,(6,6),(3.394240379874,3.499853872102),
  .PIECEWISE_BEZIER_KNOTS.);
#7502 = CARTESIAN_POINT('',(-6.030537580895,-0.610000000019));
#7503 = CARTESIAN_POINT('',(-6.009414882449,-0.593367970667));
#7504 = CARTESIAN_POINT('',(-5.988292184004,-0.575034924266));
#7505 = CARTESIAN_POINT('',(-5.967169485558,-0.555016320156));
#7506 = CARTESIAN_POINT('',(-5.946046787113,-0.533330783051));
#7507 = CARTESIAN_POINT('',(-5.924924088667,-0.510000000012));
#7508 = ( GEOMETRIC_REPRESENTATION_CONTEXT(2) 
PARAMETRIC_REPRESENTATION_CONTEXT() REPRESENTATION_CONTEXT('2D SPACE',''
  ) );
#7509 = PCURVE('',#6109,#7510);
#7510 = DEFINITIONAL_REPRESENTATION('',(#7511),#7515);
#7511 = ELLIPSE('',#7512,4.454772721475,3.15);
#7512 = AXIS2_PLACEMENT_2D('',#7513,#7514);
#7513 = CARTESIAN_POINT('',(-4.171930009001,-2.95));
#7514 = DIRECTION('',(-1.,8.659560562355E-17));
#7515 = ( GEOMETRIC_REPRESENTATION_CONTEXT(2) 
PARAMETRIC_REPRESENTATION_CONTEXT() REPRESENTATION_CONTEXT('2D SPACE',''
  ) );
#7516 = ORIENTED_EDGE('',*,*,#7517,.T.);
#7517 = EDGE_CURVE('',#7491,#7518,#7520,.T.);
#7518 = VERTEX_POINT('',#7519);
#7519 = CARTESIAN_POINT('',(25.45,-40.66259921259,3.4));
#7520 = SURFACE_CURVE('',#7521,(#7526,#7533),.PCURVE_S1.);
#7521 = CIRCLE('',#7522,3.15);
#7522 = AXIS2_PLACEMENT_3D('',#7523,#7524,#7525);
#7523 = CARTESIAN_POINT('',(22.4,-41.45,3.4));
#7524 = DIRECTION('',(-0.,0.,1.));
#7525 = DIRECTION('',(0.968253968254,-0.249968503937,0.));
#7526 = PCURVE('',#6062,#7527);
#7527 = DEFINITIONAL_REPRESENTATION('',(#7528),#7532);
#7528 = LINE('',#7529,#7530);
#7529 = CARTESIAN_POINT('',(-6.030537580895,-0.61));
#7530 = VECTOR('',#7531,1.);
#7531 = DIRECTION('',(-1.,-0.));
#7532 = ( GEOMETRIC_REPRESENTATION_CONTEXT(2) 
PARAMETRIC_REPRESENTATION_CONTEXT() REPRESENTATION_CONTEXT('2D SPACE',''
  ) );
#7533 = PCURVE('',#6168,#7534);
#7534 = DEFINITIONAL_REPRESENTATION('',(#7535),#7539);
#7535 = CIRCLE('',#7536,3.15);
#7536 = AXIS2_PLACEMENT_2D('',#7537,#7538);
#7537 = CARTESIAN_POINT('',(22.4,-41.45));
#7538 = DIRECTION('',(0.968253968254,-0.249968503937));
#7539 = ( GEOMETRIC_REPRESENTATION_CONTEXT(2) 
PARAMETRIC_REPRESENTATION_CONTEXT() REPRESENTATION_CONTEXT('2D SPACE',''
  ) );
#7540 = ORIENTED_EDGE('',*,*,#7541,.F.);
#7541 = EDGE_CURVE('',#7542,#7518,#7544,.T.);
#7542 = VERTEX_POINT('',#7543);
#7543 = CARTESIAN_POINT('',(25.35,-40.34546389828,3.3));
#7544 = SURFACE_CURVE('',#7545,(#7550,#7560),.PCURVE_S1.);
#7545 = ELLIPSE('',#7546,4.454772721475,3.15);
#7546 = AXIS2_PLACEMENT_3D('',#7547,#7548,#7549);
#7547 = CARTESIAN_POINT('',(22.4,-41.45,0.35));
#7548 = DIRECTION('',(0.707106781187,0.,-0.707106781187));
#7549 = DIRECTION('',(-0.707106781187,0.,-0.707106781187));
#7550 = PCURVE('',#6062,#7551);
#7551 = DEFINITIONAL_REPRESENTATION('',(#7552),#7559);
#7552 = B_SPLINE_CURVE_WITH_KNOTS('',5,(#7553,#7554,#7555,#7556,#7557,
    #7558),.UNSPECIFIED.,.F.,.F.,(6,6),(2.783331435077,2.888944927305),
  .PIECEWISE_BEZIER_KNOTS.);
#7553 = CARTESIAN_POINT('',(-6.641446525692,-0.510000000012));
#7554 = CARTESIAN_POINT('',(-6.620323827247,-0.533330783051));
#7555 = CARTESIAN_POINT('',(-6.599201128801,-0.555016320156));
#7556 = CARTESIAN_POINT('',(-6.578078430355,-0.575034924266));
#7557 = CARTESIAN_POINT('',(-6.55695573191,-0.593367970667));
#7558 = CARTESIAN_POINT('',(-6.535833033464,-0.610000000019));
#7559 = ( GEOMETRIC_REPRESENTATION_CONTEXT(2) 
PARAMETRIC_REPRESENTATION_CONTEXT() REPRESENTATION_CONTEXT('2D SPACE',''
  ) );
#7560 = PCURVE('',#7561,#7566);
#7561 = PLANE('',#7562);
#7562 = AXIS2_PLACEMENT_3D('',#7563,#7564,#7565);
#7563 = CARTESIAN_POINT('',(25.35,-44.4,3.3));
#7564 = DIRECTION('',(0.707106781187,0.,-0.707106781187));
#7565 = DIRECTION('',(0.707106781187,-8.659560562355E-17,0.707106781187)
  );
#7566 = DEFINITIONAL_REPRESENTATION('',(#7567),#7571);
#7567 = ELLIPSE('',#7568,4.454772721475,3.15);
#7568 = AXIS2_PLACEMENT_2D('',#7569,#7570);
#7569 = CARTESIAN_POINT('',(-4.171930009001,-2.95));
#7570 = DIRECTION('',(-1.,8.659560562355E-17));
#7571 = ( GEOMETRIC_REPRESENTATION_CONTEXT(2) 
PARAMETRIC_REPRESENTATION_CONTEXT() REPRESENTATION_CONTEXT('2D SPACE',''
  ) );
#7572 = ORIENTED_EDGE('',*,*,#7573,.T.);
#7573 = EDGE_CURVE('',#7542,#7574,#7576,.T.);
#7574 = VERTEX_POINT('',#7575);
#7575 = CARTESIAN_POINT('',(25.35,-40.34546389828,2.8));
#7576 = SURFACE_CURVE('',#7577,(#7581,#7587),.PCURVE_S1.);
#7577 = LINE('',#7578,#7579);
#7578 = CARTESIAN_POINT('',(25.35,-40.34546389828,2.79));
#7579 = VECTOR('',#7580,1.);
#7580 = DIRECTION('',(-0.,-0.,-1.));
#7581 = PCURVE('',#6062,#7582);
#7582 = DEFINITIONAL_REPRESENTATION('',(#7583),#7586);
#7583 = B_SPLINE_CURVE_WITH_KNOTS('',1,(#7584,#7585),.UNSPECIFIED.,.F.,
  .F.,(2,2),(-0.51,-1.E-02),.PIECEWISE_BEZIER_KNOTS.);
#7584 = CARTESIAN_POINT('',(-6.641446525692,-0.51));
#7585 = CARTESIAN_POINT('',(-6.641446525692,-1.E-02));
#7586 = ( GEOMETRIC_REPRESENTATION_CONTEXT(2) 
PARAMETRIC_REPRESENTATION_CONTEXT() REPRESENTATION_CONTEXT('2D SPACE',''
  ) );
#7587 = PCURVE('',#7588,#7593);
#7588 = PLANE('',#7589);
#7589 = AXIS2_PLACEMENT_3D('',#7590,#7591,#7592);
#7590 = CARTESIAN_POINT('',(25.35,-44.4,2.8));
#7591 = DIRECTION('',(-1.,0.,0.));
#7592 = DIRECTION('',(0.,1.,0.));
#7593 = DEFINITIONAL_REPRESENTATION('',(#7594),#7597);
#7594 = B_SPLINE_CURVE_WITH_KNOTS('',1,(#7595,#7596),.UNSPECIFIED.,.F.,
  .F.,(2,2),(-0.56,5.999999999062E-07),.PIECEWISE_BEZIER_KNOTS.);
#7595 = CARTESIAN_POINT('',(4.054536101719,-0.55));
#7596 = CARTESIAN_POINT('',(4.054536101719,1.00006E-02));
#7597 = ( GEOMETRIC_REPRESENTATION_CONTEXT(2) 
PARAMETRIC_REPRESENTATION_CONTEXT() REPRESENTATION_CONTEXT('2D SPACE',''
  ) );
#7598 = ORIENTED_EDGE('',*,*,#7599,.T.);
#7599 = EDGE_CURVE('',#7574,#7600,#7602,.T.);
#7600 = VERTEX_POINT('',#7601);
#7601 = CARTESIAN_POINT('',(25.35,-40.34546389828,2.79));
#7602 = SURFACE_CURVE('',#7603,(#7607,#7613),.PCURVE_S1.);
#7603 = LINE('',#7604,#7605);
#7604 = CARTESIAN_POINT('',(25.35,-40.34546389828,2.79));
#7605 = VECTOR('',#7606,1.);
#7606 = DIRECTION('',(-0.,-0.,-1.));
#7607 = PCURVE('',#6062,#7608);
#7608 = DEFINITIONAL_REPRESENTATION('',(#7609),#7612);
#7609 = B_SPLINE_CURVE_WITH_KNOTS('',1,(#7610,#7611),.UNSPECIFIED.,.F.,
  .F.,(2,2),(-0.19,5.999999999062E-07),.PIECEWISE_BEZIER_KNOTS.);
#7610 = CARTESIAN_POINT('',(-6.641446525692,-0.19));
#7611 = CARTESIAN_POINT('',(-6.641446525692,5.999999999062E-07));
#7612 = ( GEOMETRIC_REPRESENTATION_CONTEXT(2) 
PARAMETRIC_REPRESENTATION_CONTEXT() REPRESENTATION_CONTEXT('2D SPACE',''
  ) );
#7613 = PCURVE('',#7614,#7619);
#7614 = PLANE('',#7615);
#7615 = AXIS2_PLACEMENT_3D('',#7616,#7617,#7618);
#7616 = CARTESIAN_POINT('',(25.35,-44.4,1.));
#7617 = DIRECTION('',(-1.,0.,0.));
#7618 = DIRECTION('',(0.,1.,0.));
#7619 = DEFINITIONAL_REPRESENTATION('',(#7620),#7623);
#7620 = B_SPLINE_CURVE_WITH_KNOTS('',1,(#7621,#7622),.UNSPECIFIED.,.F.,
  .F.,(2,2),(-0.19,5.999999999062E-07),.PIECEWISE_BEZIER_KNOTS.);
#7621 = CARTESIAN_POINT('',(4.054536101719,-1.98));
#7622 = CARTESIAN_POINT('',(4.054536101719,-1.7899994));
#7623 = ( GEOMETRIC_REPRESENTATION_CONTEXT(2) 
PARAMETRIC_REPRESENTATION_CONTEXT() REPRESENTATION_CONTEXT('2D SPACE',''
  ) );
#7624 = ORIENTED_EDGE('',*,*,#7625,.T.);
#7625 = EDGE_CURVE('',#7600,#7626,#7628,.T.);
#7626 = VERTEX_POINT('',#7627);
#7627 = CARTESIAN_POINT('',(21.295463898281,-44.4,2.79));
#7628 = SURFACE_CURVE('',#7629,(#7634,#7641),.PCURVE_S1.);
#7629 = CIRCLE('',#7630,3.15);
#7630 = AXIS2_PLACEMENT_3D('',#7631,#7632,#7633);
#7631 = CARTESIAN_POINT('',(22.4,-41.45,2.79));
#7632 = DIRECTION('',(0.,0.,-1.));
#7633 = DIRECTION('',(0.15873015873,0.987322002545,0.));
#7634 = PCURVE('',#6062,#7635);
#7635 = DEFINITIONAL_REPRESENTATION('',(#7636),#7640);
#7636 = LINE('',#7637,#7638);
#7637 = CARTESIAN_POINT('',(-7.694577261413,0.));
#7638 = VECTOR('',#7639,1.);
#7639 = DIRECTION('',(1.,-0.));
#7640 = ( GEOMETRIC_REPRESENTATION_CONTEXT(2) 
PARAMETRIC_REPRESENTATION_CONTEXT() REPRESENTATION_CONTEXT('2D SPACE',''
  ) );
#7641 = PCURVE('',#7642,#7647);
#7642 = PLANE('',#7643);
#7643 = AXIS2_PLACEMENT_3D('',#7644,#7645,#7646);
#7644 = CARTESIAN_POINT('',(-22.4,-41.45,2.79));
#7645 = DIRECTION('',(0.,0.,1.));
#7646 = DIRECTION('',(1.,0.,-0.));
#7647 = DEFINITIONAL_REPRESENTATION('',(#7648),#7656);
#7648 = ( BOUNDED_CURVE() B_SPLINE_CURVE(2,(#7649,#7650,#7651,#7652,
#7653,#7654,#7655),.UNSPECIFIED.,.T.,.F.) B_SPLINE_CURVE_WITH_KNOTS((1,2
    ,2,2,2,1),(-2.094395102393,0.,2.094395102393,4.188790204786,
6.28318530718,8.377580409573),.UNSPECIFIED.) CURVE() 
GEOMETRIC_REPRESENTATION_ITEM() RATIONAL_B_SPLINE_CURVE((1.,0.5,1.,0.5,
1.,0.5,1.)) REPRESENTATION_ITEM('') );
#7649 = CARTESIAN_POINT('',(45.3,3.110064308017));
#7650 = CARTESIAN_POINT('',(50.686789396292,2.244038904232));
#7651 = CARTESIAN_POINT('',(47.243394698146,-1.988044855901));
#7652 = CARTESIAN_POINT('',(43.8,-6.220128616034));
#7653 = CARTESIAN_POINT('',(41.856605301854,-1.122019452116));
#7654 = CARTESIAN_POINT('',(39.913210603708,3.976089711801));
#7655 = CARTESIAN_POINT('',(45.3,3.110064308017));
#7656 = ( GEOMETRIC_REPRESENTATION_CONTEXT(2) 
PARAMETRIC_REPRESENTATION_CONTEXT() REPRESENTATION_CONTEXT('2D SPACE',''
  ) );
#7657 = ORIENTED_EDGE('',*,*,#7658,.F.);
#7658 = EDGE_CURVE('',#7659,#7626,#7661,.T.);
#7659 = VERTEX_POINT('',#7660);
#7660 = CARTESIAN_POINT('',(21.295463898281,-44.4,2.8));
#7661 = SURFACE_CURVE('',#7662,(#7666,#7672),.PCURVE_S1.);
#7662 = LINE('',#7663,#7664);
#7663 = CARTESIAN_POINT('',(21.295463898281,-44.4,2.79));
#7664 = VECTOR('',#7665,1.);
#7665 = DIRECTION('',(-0.,-0.,-1.));
#7666 = PCURVE('',#6062,#7667);
#7667 = DEFINITIONAL_REPRESENTATION('',(#7668),#7671);
#7668 = B_SPLINE_CURVE_WITH_KNOTS('',1,(#7669,#7670),.UNSPECIFIED.,.F.,
  .F.,(2,2),(-0.19,5.999999999062E-07),.PIECEWISE_BEZIER_KNOTS.);
#7669 = CARTESIAN_POINT('',(-4.354127761872,-0.19));
#7670 = CARTESIAN_POINT('',(-4.354127761872,5.999999999062E-07));
#7671 = ( GEOMETRIC_REPRESENTATION_CONTEXT(2) 
PARAMETRIC_REPRESENTATION_CONTEXT() REPRESENTATION_CONTEXT('2D SPACE',''
  ) );
#7672 = PCURVE('',#7673,#7678);
#7673 = PLANE('',#7674);
#7674 = AXIS2_PLACEMENT_3D('',#7675,#7676,#7677);
#7675 = CARTESIAN_POINT('',(-25.35,-44.4,1.));
#7676 = DIRECTION('',(0.,1.,0.));
#7677 = DIRECTION('',(1.,0.,0.));
#7678 = DEFINITIONAL_REPRESENTATION('',(#7679),#7682);
#7679 = B_SPLINE_CURVE_WITH_KNOTS('',1,(#7680,#7681),.UNSPECIFIED.,.F.,
  .F.,(2,2),(-0.19,5.999999999062E-07),.PIECEWISE_BEZIER_KNOTS.);
#7680 = CARTESIAN_POINT('',(46.645463898281,-1.98));
#7681 = CARTESIAN_POINT('',(46.645463898281,-1.7899994));
#7682 = ( GEOMETRIC_REPRESENTATION_CONTEXT(2) 
PARAMETRIC_REPRESENTATION_CONTEXT() REPRESENTATION_CONTEXT('2D SPACE',''
  ) );
#7683 = ORIENTED_EDGE('',*,*,#7684,.F.);
#7684 = EDGE_CURVE('',#7685,#7659,#7687,.T.);
#7685 = VERTEX_POINT('',#7686);
#7686 = CARTESIAN_POINT('',(21.295463898281,-44.4,3.3));
#7687 = SURFACE_CURVE('',#7688,(#7692,#7698),.PCURVE_S1.);
#7688 = LINE('',#7689,#7690);
#7689 = CARTESIAN_POINT('',(21.295463898281,-44.4,2.79));
#7690 = VECTOR('',#7691,1.);
#7691 = DIRECTION('',(-0.,-0.,-1.));
#7692 = PCURVE('',#6062,#7693);
#7693 = DEFINITIONAL_REPRESENTATION('',(#7694),#7697);
#7694 = B_SPLINE_CURVE_WITH_KNOTS('',1,(#7695,#7696),.UNSPECIFIED.,.F.,
  .F.,(2,2),(-0.51,-1.E-02),.PIECEWISE_BEZIER_KNOTS.);
#7695 = CARTESIAN_POINT('',(-4.354127761872,-0.51));
#7696 = CARTESIAN_POINT('',(-4.354127761872,-1.E-02));
#7697 = ( GEOMETRIC_REPRESENTATION_CONTEXT(2) 
PARAMETRIC_REPRESENTATION_CONTEXT() REPRESENTATION_CONTEXT('2D SPACE',''
  ) );
#7698 = PCURVE('',#7414,#7699);
#7699 = DEFINITIONAL_REPRESENTATION('',(#7700),#7703);
#7700 = B_SPLINE_CURVE_WITH_KNOTS('',1,(#7701,#7702),.UNSPECIFIED.,.F.,
  .F.,(2,2),(-0.56,5.999999999062E-07),.PIECEWISE_BEZIER_KNOTS.);
#7701 = CARTESIAN_POINT('',(46.645463898281,-0.55));
#7702 = CARTESIAN_POINT('',(46.645463898281,1.00006E-02));
#7703 = ( GEOMETRIC_REPRESENTATION_CONTEXT(2) 
PARAMETRIC_REPRESENTATION_CONTEXT() REPRESENTATION_CONTEXT('2D SPACE',''
  ) );
#7704 = ORIENTED_EDGE('',*,*,#7705,.F.);
#7705 = EDGE_CURVE('',#6963,#7685,#7706,.T.);
#7706 = SURFACE_CURVE('',#7707,(#7712,#7722),.PCURVE_S1.);
#7707 = ELLIPSE('',#7708,4.454772721475,3.15);
#7708 = AXIS2_PLACEMENT_3D('',#7709,#7710,#7711);
#7709 = CARTESIAN_POINT('',(22.4,-41.45,0.35));
#7710 = DIRECTION('',(0.,-0.707106781187,-0.707106781187));
#7711 = DIRECTION('',(0.,0.707106781187,-0.707106781187));
#7712 = PCURVE('',#6062,#7713);
#7713 = DEFINITIONAL_REPRESENTATION('',(#7714),#7721);
#7714 = B_SPLINE_CURVE_WITH_KNOTS('',5,(#7715,#7716,#7717,#7718,#7719,
    #7720),.UNSPECIFIED.,.F.,.F.,(6,6),(3.394240379874,3.499853872102),
  .PIECEWISE_BEZIER_KNOTS.);
#7715 = CARTESIAN_POINT('',(-4.4597412541,-0.610000000019));
#7716 = CARTESIAN_POINT('',(-4.438618555655,-0.593367970667));
#7717 = CARTESIAN_POINT('',(-4.417495857209,-0.575034924266));
#7718 = CARTESIAN_POINT('',(-4.396373158763,-0.555016320156));
#7719 = CARTESIAN_POINT('',(-4.375250460318,-0.533330783051));
#7720 = CARTESIAN_POINT('',(-4.354127761872,-0.510000000012));
#7721 = ( GEOMETRIC_REPRESENTATION_CONTEXT(2) 
PARAMETRIC_REPRESENTATION_CONTEXT() REPRESENTATION_CONTEXT('2D SPACE',''
  ) );
#7722 = PCURVE('',#7005,#7723);
#7723 = DEFINITIONAL_REPRESENTATION('',(#7724),#7728);
#7724 = ELLIPSE('',#7725,4.454772721475,3.15);
#7725 = AXIS2_PLACEMENT_2D('',#7726,#7727);
#7726 = CARTESIAN_POINT('',(-4.171930009001,-47.75));
#7727 = DIRECTION('',(-1.,8.659560562355E-17));
#7728 = ( GEOMETRIC_REPRESENTATION_CONTEXT(2) 
PARAMETRIC_REPRESENTATION_CONTEXT() REPRESENTATION_CONTEXT('2D SPACE',''
  ) );
#7729 = ORIENTED_EDGE('',*,*,#6962,.F.);
#7730 = ORIENTED_EDGE('',*,*,#7460,.F.);
#7731 = ORIENTED_EDGE('',*,*,#6039,.F.);
#7732 = ADVANCED_FACE('',(#7733),#6109,.F.);
#7733 = FACE_BOUND('',#7734,.F.);
#7734 = EDGE_LOOP('',(#7735,#7736,#7737,#7758));
#7735 = ORIENTED_EDGE('',*,*,#6095,.T.);
#7736 = ORIENTED_EDGE('',*,*,#7490,.F.);
#7737 = ORIENTED_EDGE('',*,*,#7738,.T.);
#7738 = EDGE_CURVE('',#7491,#6125,#7739,.T.);
#7739 = SURFACE_CURVE('',#7740,(#7744,#7751),.PCURVE_S1.);
#7740 = LINE('',#7741,#7742);
#7741 = CARTESIAN_POINT('',(25.45,-44.4,3.4));
#7742 = VECTOR('',#7743,1.);
#7743 = DIRECTION('',(-6.123233995737E-17,-1.,-6.123233995737E-17));
#7744 = PCURVE('',#6109,#7745);
#7745 = DEFINITIONAL_REPRESENTATION('',(#7746),#7750);
#7746 = LINE('',#7747,#7748);
#7747 = CARTESIAN_POINT('',(0.141421356237,-1.224646799147E-17));
#7748 = VECTOR('',#7749,1.);
#7749 = DIRECTION('',(6.162975822039E-33,1.));
#7750 = ( GEOMETRIC_REPRESENTATION_CONTEXT(2) 
PARAMETRIC_REPRESENTATION_CONTEXT() REPRESENTATION_CONTEXT('2D SPACE',''
  ) );
#7751 = PCURVE('',#6168,#7752);
#7752 = DEFINITIONAL_REPRESENTATION('',(#7753),#7757);
#7753 = LINE('',#7754,#7755);
#7754 = CARTESIAN_POINT('',(25.45,-44.4));
#7755 = VECTOR('',#7756,1.);
#7756 = DIRECTION('',(-6.123233995737E-17,-1.));
#7757 = ( GEOMETRIC_REPRESENTATION_CONTEXT(2) 
PARAMETRIC_REPRESENTATION_CONTEXT() REPRESENTATION_CONTEXT('2D SPACE',''
  ) );
#7758 = ORIENTED_EDGE('',*,*,#6124,.F.);
#7759 = ADVANCED_FACE('',(#7760),#6168,.T.);
#7760 = FACE_BOUND('',#7761,.T.);
#7761 = EDGE_LOOP('',(#7762,#7763,#7764,#7765,#7788,#7816,#7837,#7838));
#7762 = ORIENTED_EDGE('',*,*,#6151,.T.);
#7763 = ORIENTED_EDGE('',*,*,#6251,.T.);
#7764 = ORIENTED_EDGE('',*,*,#6522,.T.);
#7765 = ORIENTED_EDGE('',*,*,#7766,.T.);
#7766 = EDGE_CURVE('',#6523,#7767,#7769,.T.);
#7767 = VERTEX_POINT('',#7768);
#7768 = CARTESIAN_POINT('',(25.45,42.237400787402,3.4));
#7769 = SURFACE_CURVE('',#7770,(#7774,#7781),.PCURVE_S1.);
#7770 = LINE('',#7771,#7772);
#7771 = CARTESIAN_POINT('',(25.45,-44.4,3.4));
#7772 = VECTOR('',#7773,1.);
#7773 = DIRECTION('',(-6.123233995737E-17,-1.,-6.123233995737E-17));
#7774 = PCURVE('',#6168,#7775);
#7775 = DEFINITIONAL_REPRESENTATION('',(#7776),#7780);
#7776 = LINE('',#7777,#7778);
#7777 = CARTESIAN_POINT('',(25.45,-44.4));
#7778 = VECTOR('',#7779,1.);
#7779 = DIRECTION('',(-6.123233995737E-17,-1.));
#7780 = ( GEOMETRIC_REPRESENTATION_CONTEXT(2) 
PARAMETRIC_REPRESENTATION_CONTEXT() REPRESENTATION_CONTEXT('2D SPACE',''
  ) );
#7781 = PCURVE('',#6564,#7782);
#7782 = DEFINITIONAL_REPRESENTATION('',(#7783),#7787);
#7783 = LINE('',#7784,#7785);
#7784 = CARTESIAN_POINT('',(0.141421356237,-1.224646799147E-17));
#7785 = VECTOR('',#7786,1.);
#7786 = DIRECTION('',(6.162975822039E-33,1.));
#7787 = ( GEOMETRIC_REPRESENTATION_CONTEXT(2) 
PARAMETRIC_REPRESENTATION_CONTEXT() REPRESENTATION_CONTEXT('2D SPACE',''
  ) );
#7788 = ORIENTED_EDGE('',*,*,#7789,.T.);
#7789 = EDGE_CURVE('',#7767,#7790,#7792,.T.);
#7790 = VERTEX_POINT('',#7791);
#7791 = CARTESIAN_POINT('',(25.45,40.662599212598,3.4));
#7792 = SURFACE_CURVE('',#7793,(#7798,#7809),.PCURVE_S1.);
#7793 = CIRCLE('',#7794,3.15);
#7794 = AXIS2_PLACEMENT_3D('',#7795,#7796,#7797);
#7795 = CARTESIAN_POINT('',(22.4,41.45,3.4));
#7796 = DIRECTION('',(0.,6.76792632604E-15,-1.));
#7797 = DIRECTION('',(0.968253968254,0.249968503937,1.691768418476E-15)
  );
#7798 = PCURVE('',#6168,#7799);
#7799 = DEFINITIONAL_REPRESENTATION('',(#7800),#7808);
#7800 = ( BOUNDED_CURVE() B_SPLINE_CURVE(2,(#7801,#7802,#7803,#7804,
#7805,#7806,#7807),.UNSPECIFIED.,.T.,.F.) B_SPLINE_CURVE_WITH_KNOTS((1,2
    ,2,2,2,1),(-2.094395102393,0.,2.094395102393,4.188790204786,
6.28318530718,8.377580409573),.UNSPECIFIED.) CURVE() 
GEOMETRIC_REPRESENTATION_ITEM() RATIONAL_B_SPLINE_CURVE((1.,0.5,1.,0.5,
1.,0.5,1.)) REPRESENTATION_ITEM('') );
#7801 = CARTESIAN_POINT('',(25.45,42.237400787402));
#7802 = CARTESIAN_POINT('',(26.813818169699,36.954645824317));
#7803 = CARTESIAN_POINT('',(21.55690908485,38.414922124757));
#7804 = CARTESIAN_POINT('',(16.3,39.875198425197));
#7805 = CARTESIAN_POINT('',(20.19309091515,43.697677087842));
#7806 = CARTESIAN_POINT('',(24.0861818303,47.520155750487));
#7807 = CARTESIAN_POINT('',(25.45,42.237400787402));
#7808 = ( GEOMETRIC_REPRESENTATION_CONTEXT(2) 
PARAMETRIC_REPRESENTATION_CONTEXT() REPRESENTATION_CONTEXT('2D SPACE',''
  ) );
#7809 = PCURVE('',#6603,#7810);
#7810 = DEFINITIONAL_REPRESENTATION('',(#7811),#7815);
#7811 = LINE('',#7812,#7813);
#7812 = CARTESIAN_POINT('',(-6.535833033464,-0.61));
#7813 = VECTOR('',#7814,1.);
#7814 = DIRECTION('',(1.,-0.));
#7815 = ( GEOMETRIC_REPRESENTATION_CONTEXT(2) 
PARAMETRIC_REPRESENTATION_CONTEXT() REPRESENTATION_CONTEXT('2D SPACE',''
  ) );
#7816 = ORIENTED_EDGE('',*,*,#7817,.T.);
#7817 = EDGE_CURVE('',#7790,#7518,#7818,.T.);
#7818 = SURFACE_CURVE('',#7819,(#7823,#7830),.PCURVE_S1.);
#7819 = LINE('',#7820,#7821);
#7820 = CARTESIAN_POINT('',(25.45,-44.4,3.4));
#7821 = VECTOR('',#7822,1.);
#7822 = DIRECTION('',(-6.123233995737E-17,-1.,-6.123233995737E-17));
#7823 = PCURVE('',#6168,#7824);
#7824 = DEFINITIONAL_REPRESENTATION('',(#7825),#7829);
#7825 = LINE('',#7826,#7827);
#7826 = CARTESIAN_POINT('',(25.45,-44.4));
#7827 = VECTOR('',#7828,1.);
#7828 = DIRECTION('',(-6.123233995737E-17,-1.));
#7829 = ( GEOMETRIC_REPRESENTATION_CONTEXT(2) 
PARAMETRIC_REPRESENTATION_CONTEXT() REPRESENTATION_CONTEXT('2D SPACE',''
  ) );
#7830 = PCURVE('',#7561,#7831);
#7831 = DEFINITIONAL_REPRESENTATION('',(#7832),#7836);
#7832 = LINE('',#7833,#7834);
#7833 = CARTESIAN_POINT('',(0.141421356237,-1.224646799147E-17));
#7834 = VECTOR('',#7835,1.);
#7835 = DIRECTION('',(6.162975822039E-33,1.));
#7836 = ( GEOMETRIC_REPRESENTATION_CONTEXT(2) 
PARAMETRIC_REPRESENTATION_CONTEXT() REPRESENTATION_CONTEXT('2D SPACE',''
  ) );
#7837 = ORIENTED_EDGE('',*,*,#7517,.F.);
#7838 = ORIENTED_EDGE('',*,*,#7738,.T.);
#7839 = ADVANCED_FACE('',(#7840),#6365,.F.);
#7840 = FACE_BOUND('',#7841,.F.);
#7841 = EDGE_LOOP('',(#7842,#7869,#7870,#7871));
#7842 = ORIENTED_EDGE('',*,*,#7843,.F.);
#7843 = EDGE_CURVE('',#6411,#7844,#7846,.T.);
#7844 = VERTEX_POINT('',#7845);
#7845 = CARTESIAN_POINT('',(-23.1874007874,44.5,3.4));
#7846 = SURFACE_CURVE('',#7847,(#7852,#7859),.PCURVE_S1.);
#7847 = ELLIPSE('',#7848,4.454772721475,3.15);
#7848 = AXIS2_PLACEMENT_3D('',#7849,#7850,#7851);
#7849 = CARTESIAN_POINT('',(-22.4,41.45,0.35));
#7850 = DIRECTION('',(0.,0.707106781187,-0.707106781187));
#7851 = DIRECTION('',(0.,-0.707106781187,-0.707106781187));
#7852 = PCURVE('',#6365,#7853);
#7853 = DEFINITIONAL_REPRESENTATION('',(#7854),#7858);
#7854 = ELLIPSE('',#7855,4.454772721475,3.15);
#7855 = AXIS2_PLACEMENT_2D('',#7856,#7857);
#7856 = CARTESIAN_POINT('',(-4.171930009001,-47.75));
#7857 = DIRECTION('',(-1.,8.659560562355E-17));
#7858 = ( GEOMETRIC_REPRESENTATION_CONTEXT(2) 
PARAMETRIC_REPRESENTATION_CONTEXT() REPRESENTATION_CONTEXT('2D SPACE',''
  ) );
#7859 = PCURVE('',#6431,#7860);
#7860 = DEFINITIONAL_REPRESENTATION('',(#7861),#7868);
#7861 = B_SPLINE_CURVE_WITH_KNOTS('',5,(#7862,#7863,#7864,#7865,#7866,
    #7867),.UNSPECIFIED.,.F.,.F.,(6,6),(2.774384633032,2.901974084961),
  .PIECEWISE_BEZIER_KNOTS.);
#7862 = CARTESIAN_POINT('',(-1.938004347353,-0.5));
#7863 = CARTESIAN_POINT('',(-1.912486456967,-0.528857789504));
#7864 = CARTESIAN_POINT('',(-1.886968566581,-0.55532255637));
#7865 = CARTESIAN_POINT('',(-1.861450676196,-0.579355149856));
#7866 = CARTESIAN_POINT('',(-1.83593278581,-0.600922923451));
#7867 = CARTESIAN_POINT('',(-1.810414895424,-0.62));
#7868 = ( GEOMETRIC_REPRESENTATION_CONTEXT(2) 
PARAMETRIC_REPRESENTATION_CONTEXT() REPRESENTATION_CONTEXT('2D SPACE',''
  ) );
#7869 = ORIENTED_EDGE('',*,*,#6443,.T.);
#7870 = ORIENTED_EDGE('',*,*,#6347,.F.);
#7871 = ORIENTED_EDGE('',*,*,#7872,.T.);
#7872 = EDGE_CURVE('',#6319,#7844,#7873,.T.);
#7873 = SURFACE_CURVE('',#7874,(#7878,#7885),.PCURVE_S1.);
#7874 = LINE('',#7875,#7876);
#7875 = CARTESIAN_POINT('',(25.35,44.5,3.4));
#7876 = VECTOR('',#7877,1.);
#7877 = DIRECTION('',(1.,-6.123233995737E-17,-6.123233995737E-17));
#7878 = PCURVE('',#6365,#7879);
#7879 = DEFINITIONAL_REPRESENTATION('',(#7880),#7884);
#7880 = LINE('',#7881,#7882);
#7881 = CARTESIAN_POINT('',(0.141421356237,-1.224646799147E-17));
#7882 = VECTOR('',#7883,1.);
#7883 = DIRECTION('',(6.162975822039E-33,1.));
#7884 = ( GEOMETRIC_REPRESENTATION_CONTEXT(2) 
PARAMETRIC_REPRESENTATION_CONTEXT() REPRESENTATION_CONTEXT('2D SPACE',''
  ) );
#7885 = PCURVE('',#6335,#7886);
#7886 = DEFINITIONAL_REPRESENTATION('',(#7887),#7891);
#7887 = LINE('',#7888,#7889);
#7888 = CARTESIAN_POINT('',(25.35,44.5));
#7889 = VECTOR('',#7890,1.);
#7890 = DIRECTION('',(1.,-6.123233995737E-17));
#7891 = ( GEOMETRIC_REPRESENTATION_CONTEXT(2) 
PARAMETRIC_REPRESENTATION_CONTEXT() REPRESENTATION_CONTEXT('2D SPACE',''
  ) );
#7892 = ADVANCED_FACE('',(#7893),#6335,.T.);
#7893 = FACE_BOUND('',#7894,.T.);
#7894 = EDGE_LOOP('',(#7895,#7896,#7897,#7925,#7953,#7980,#8001,#8002));
#7895 = ORIENTED_EDGE('',*,*,#6318,.T.);
#7896 = ORIENTED_EDGE('',*,*,#7872,.T.);
#7897 = ORIENTED_EDGE('',*,*,#7898,.T.);
#7898 = EDGE_CURVE('',#7844,#7899,#7901,.T.);
#7899 = VERTEX_POINT('',#7900);
#7900 = CARTESIAN_POINT('',(-21.61259921259,44.5,3.4));
#7901 = SURFACE_CURVE('',#7902,(#7907,#7918),.PCURVE_S1.);
#7902 = CIRCLE('',#7903,3.15);
#7903 = AXIS2_PLACEMENT_3D('',#7904,#7905,#7906);
#7904 = CARTESIAN_POINT('',(-22.4,41.45,3.4));
#7905 = DIRECTION('',(0.,0.,-1.));
#7906 = DIRECTION('',(1.,0.,0.));
#7907 = PCURVE('',#6335,#7908);
#7908 = DEFINITIONAL_REPRESENTATION('',(#7909),#7917);
#7909 = ( BOUNDED_CURVE() B_SPLINE_CURVE(2,(#7910,#7911,#7912,#7913,
#7914,#7915,#7916),.UNSPECIFIED.,.T.,.F.) B_SPLINE_CURVE_WITH_KNOTS((1,2
    ,2,2,2,1),(-2.094395102393,0.,2.094395102393,4.188790204786,
6.28318530718,8.377580409573),.UNSPECIFIED.) CURVE() 
GEOMETRIC_REPRESENTATION_ITEM() RATIONAL_B_SPLINE_CURVE((1.,0.5,1.,0.5,
1.,0.5,1.)) REPRESENTATION_ITEM('') );
#7910 = CARTESIAN_POINT('',(-19.25,41.45));
#7911 = CARTESIAN_POINT('',(-19.25,35.994039956158));
#7912 = CARTESIAN_POINT('',(-23.975,38.722019978079));
#7913 = CARTESIAN_POINT('',(-28.7,41.45));
#7914 = CARTESIAN_POINT('',(-23.975,44.177980021921));
#7915 = CARTESIAN_POINT('',(-19.25,46.905960043842));
#7916 = CARTESIAN_POINT('',(-19.25,41.45));
#7917 = ( GEOMETRIC_REPRESENTATION_CONTEXT(2) 
PARAMETRIC_REPRESENTATION_CONTEXT() REPRESENTATION_CONTEXT('2D SPACE',''
  ) );
#7918 = PCURVE('',#6431,#7919);
#7919 = DEFINITIONAL_REPRESENTATION('',(#7920),#7924);
#7920 = LINE('',#7921,#7922);
#7921 = CARTESIAN_POINT('',(-6.28318530718,-0.61));
#7922 = VECTOR('',#7923,1.);
#7923 = DIRECTION('',(1.,-0.));
#7924 = ( GEOMETRIC_REPRESENTATION_CONTEXT(2) 
PARAMETRIC_REPRESENTATION_CONTEXT() REPRESENTATION_CONTEXT('2D SPACE',''
  ) );
#7925 = ORIENTED_EDGE('',*,*,#7926,.T.);
#7926 = EDGE_CURVE('',#7899,#7927,#7929,.T.);
#7927 = VERTEX_POINT('',#7928);
#7928 = CARTESIAN_POINT('',(21.612599212599,44.5,3.4));
#7929 = SURFACE_CURVE('',#7930,(#7934,#7941),.PCURVE_S1.);
#7930 = LINE('',#7931,#7932);
#7931 = CARTESIAN_POINT('',(25.35,44.5,3.4));
#7932 = VECTOR('',#7933,1.);
#7933 = DIRECTION('',(1.,-6.123233995737E-17,-6.123233995737E-17));
#7934 = PCURVE('',#6335,#7935);
#7935 = DEFINITIONAL_REPRESENTATION('',(#7936),#7940);
#7936 = LINE('',#7937,#7938);
#7937 = CARTESIAN_POINT('',(25.35,44.5));
#7938 = VECTOR('',#7939,1.);
#7939 = DIRECTION('',(1.,-6.123233995737E-17));
#7940 = ( GEOMETRIC_REPRESENTATION_CONTEXT(2) 
PARAMETRIC_REPRESENTATION_CONTEXT() REPRESENTATION_CONTEXT('2D SPACE',''
  ) );
#7941 = PCURVE('',#7942,#7947);
#7942 = PLANE('',#7943);
#7943 = AXIS2_PLACEMENT_3D('',#7944,#7945,#7946);
#7944 = CARTESIAN_POINT('',(25.35,44.4,3.3));
#7945 = DIRECTION('',(0.,0.707106781187,-0.707106781187));
#7946 = DIRECTION('',(8.659560562355E-17,0.707106781187,0.707106781187)
  );
#7947 = DEFINITIONAL_REPRESENTATION('',(#7948),#7952);
#7948 = LINE('',#7949,#7950);
#7949 = CARTESIAN_POINT('',(0.141421356237,-1.224646799147E-17));
#7950 = VECTOR('',#7951,1.);
#7951 = DIRECTION('',(6.162975822039E-33,1.));
#7952 = ( GEOMETRIC_REPRESENTATION_CONTEXT(2) 
PARAMETRIC_REPRESENTATION_CONTEXT() REPRESENTATION_CONTEXT('2D SPACE',''
  ) );
#7953 = ORIENTED_EDGE('',*,*,#7954,.T.);
#7954 = EDGE_CURVE('',#7927,#7955,#7957,.T.);
#7955 = VERTEX_POINT('',#7956);
#7956 = CARTESIAN_POINT('',(23.187400787401,44.5,3.4));
#7957 = SURFACE_CURVE('',#7958,(#7963,#7974),.PCURVE_S1.);
#7958 = CIRCLE('',#7959,3.15);
#7959 = AXIS2_PLACEMENT_3D('',#7960,#7961,#7962);
#7960 = CARTESIAN_POINT('',(22.4,41.45,3.4));
#7961 = DIRECTION('',(0.,0.,-1.));
#7962 = DIRECTION('',(1.,0.,0.));
#7963 = PCURVE('',#6335,#7964);
#7964 = DEFINITIONAL_REPRESENTATION('',(#7965),#7973);
#7965 = ( BOUNDED_CURVE() B_SPLINE_CURVE(2,(#7966,#7967,#7968,#7969,
#7970,#7971,#7972),.UNSPECIFIED.,.T.,.F.) B_SPLINE_CURVE_WITH_KNOTS((1,2
    ,2,2,2,1),(-2.094395102393,0.,2.094395102393,4.188790204786,
6.28318530718,8.377580409573),.UNSPECIFIED.) CURVE() 
GEOMETRIC_REPRESENTATION_ITEM() RATIONAL_B_SPLINE_CURVE((1.,0.5,1.,0.5,
1.,0.5,1.)) REPRESENTATION_ITEM('') );
#7966 = CARTESIAN_POINT('',(25.55,41.45));
#7967 = CARTESIAN_POINT('',(25.55,35.994039956158));
#7968 = CARTESIAN_POINT('',(20.825,38.722019978079));
#7969 = CARTESIAN_POINT('',(16.1,41.45));
#7970 = CARTESIAN_POINT('',(20.825,44.177980021921));
#7971 = CARTESIAN_POINT('',(25.55,46.905960043842));
#7972 = CARTESIAN_POINT('',(25.55,41.45));
#7973 = ( GEOMETRIC_REPRESENTATION_CONTEXT(2) 
PARAMETRIC_REPRESENTATION_CONTEXT() REPRESENTATION_CONTEXT('2D SPACE',''
  ) );
#7974 = PCURVE('',#6603,#7975);
#7975 = DEFINITIONAL_REPRESENTATION('',(#7976),#7979);
#7976 = B_SPLINE_CURVE_WITH_KNOTS('',1,(#7977,#7978),.UNSPECIFIED.,.F.,
  .F.,(2,2),(4.4597412541,4.965036706669),.PIECEWISE_BEZIER_KNOTS.);
#7977 = CARTESIAN_POINT('',(-8.106629360259,-0.61));
#7978 = CARTESIAN_POINT('',(-7.60133390769,-0.61));
#7979 = ( GEOMETRIC_REPRESENTATION_CONTEXT(2) 
PARAMETRIC_REPRESENTATION_CONTEXT() REPRESENTATION_CONTEXT('2D SPACE',''
  ) );
#7980 = ORIENTED_EDGE('',*,*,#7981,.T.);
#7981 = EDGE_CURVE('',#7955,#6666,#7982,.T.);
#7982 = SURFACE_CURVE('',#7983,(#7987,#7994),.PCURVE_S1.);
#7983 = LINE('',#7984,#7985);
#7984 = CARTESIAN_POINT('',(25.35,44.5,3.4));
#7985 = VECTOR('',#7986,1.);
#7986 = DIRECTION('',(1.,-6.123233995737E-17,-6.123233995737E-17));
#7987 = PCURVE('',#6335,#7988);
#7988 = DEFINITIONAL_REPRESENTATION('',(#7989),#7993);
#7989 = LINE('',#7990,#7991);
#7990 = CARTESIAN_POINT('',(25.35,44.5));
#7991 = VECTOR('',#7992,1.);
#7992 = DIRECTION('',(1.,-6.123233995737E-17));
#7993 = ( GEOMETRIC_REPRESENTATION_CONTEXT(2) 
PARAMETRIC_REPRESENTATION_CONTEXT() REPRESENTATION_CONTEXT('2D SPACE',''
  ) );
#7994 = PCURVE('',#6650,#7995);
#7995 = DEFINITIONAL_REPRESENTATION('',(#7996),#8000);
#7996 = LINE('',#7997,#7998);
#7997 = CARTESIAN_POINT('',(0.141421356237,-1.224646799147E-17));
#7998 = VECTOR('',#7999,1.);
#7999 = DIRECTION('',(6.162975822039E-33,1.));
#8000 = ( GEOMETRIC_REPRESENTATION_CONTEXT(2) 
PARAMETRIC_REPRESENTATION_CONTEXT() REPRESENTATION_CONTEXT('2D SPACE',''
  ) );
#8001 = ORIENTED_EDGE('',*,*,#6692,.T.);
#8002 = ORIENTED_EDGE('',*,*,#6740,.T.);
#8003 = ADVANCED_FACE('',(#8004),#6431,.F.);
#8004 = FACE_BOUND('',#8005,.T.);
#8005 = EDGE_LOOP('',(#8006,#8037,#8063,#8089,#8114,#8115,#8116,#8117,
    #8142,#8143,#8170,#8191));
#8006 = ORIENTED_EDGE('',*,*,#8007,.F.);
#8007 = EDGE_CURVE('',#8008,#8010,#8012,.T.);
#8008 = VERTEX_POINT('',#8009);
#8009 = CARTESIAN_POINT('',(-21.29546389828,44.4,2.79));
#8010 = VERTEX_POINT('',#8011);
#8011 = CARTESIAN_POINT('',(-25.35,40.345463898281,2.79));
#8012 = SURFACE_CURVE('',#8013,(#8018,#8025),.PCURVE_S1.);
#8013 = CIRCLE('',#8014,3.15);
#8014 = AXIS2_PLACEMENT_3D('',#8015,#8016,#8017);
#8015 = CARTESIAN_POINT('',(-22.4,41.45,2.79));
#8016 = DIRECTION('',(0.,0.,1.));
#8017 = DIRECTION('',(1.,0.,0.));
#8018 = PCURVE('',#6431,#8019);
#8019 = DEFINITIONAL_REPRESENTATION('',(#8020),#8024);
#8020 = LINE('',#8021,#8022);
#8021 = CARTESIAN_POINT('',(-0.,0.));
#8022 = VECTOR('',#8023,1.);
#8023 = DIRECTION('',(-1.,0.));
#8024 = ( GEOMETRIC_REPRESENTATION_CONTEXT(2) 
PARAMETRIC_REPRESENTATION_CONTEXT() REPRESENTATION_CONTEXT('2D SPACE',''
  ) );
#8025 = PCURVE('',#8026,#8031);
#8026 = PLANE('',#8027);
#8027 = AXIS2_PLACEMENT_3D('',#8028,#8029,#8030);
#8028 = CARTESIAN_POINT('',(-22.4,-41.45,2.79));
#8029 = DIRECTION('',(0.,0.,1.));
#8030 = DIRECTION('',(1.,0.,-0.));
#8031 = DEFINITIONAL_REPRESENTATION('',(#8032),#8036);
#8032 = CIRCLE('',#8033,3.15);
#8033 = AXIS2_PLACEMENT_2D('',#8034,#8035);
#8034 = CARTESIAN_POINT('',(3.552713678801E-15,82.9));
#8035 = DIRECTION('',(1.,0.));
#8036 = ( GEOMETRIC_REPRESENTATION_CONTEXT(2) 
PARAMETRIC_REPRESENTATION_CONTEXT() REPRESENTATION_CONTEXT('2D SPACE',''
  ) );
#8037 = ORIENTED_EDGE('',*,*,#8038,.F.);
#8038 = EDGE_CURVE('',#8039,#8008,#8041,.T.);
#8039 = VERTEX_POINT('',#8040);
#8040 = CARTESIAN_POINT('',(-21.29546389828,44.4,2.8));
#8041 = SURFACE_CURVE('',#8042,(#8046,#8052),.PCURVE_S1.);
#8042 = LINE('',#8043,#8044);
#8043 = CARTESIAN_POINT('',(-21.29546389828,44.4,2.79));
#8044 = VECTOR('',#8045,1.);
#8045 = DIRECTION('',(-0.,-0.,-1.));
#8046 = PCURVE('',#6431,#8047);
#8047 = DEFINITIONAL_REPRESENTATION('',(#8048),#8051);
#8048 = B_SPLINE_CURVE_WITH_KNOTS('',1,(#8049,#8050),.UNSPECIFIED.,.F.,
  .F.,(2,2),(-0.19,5.999999999062E-07),.PIECEWISE_BEZIER_KNOTS.);
#8049 = CARTESIAN_POINT('',(-1.212535108282,-0.19));
#8050 = CARTESIAN_POINT('',(-1.212535108282,5.999999999062E-07));
#8051 = ( GEOMETRIC_REPRESENTATION_CONTEXT(2) 
PARAMETRIC_REPRESENTATION_CONTEXT() REPRESENTATION_CONTEXT('2D SPACE',''
  ) );
#8052 = PCURVE('',#8053,#8058);
#8053 = PLANE('',#8054);
#8054 = AXIS2_PLACEMENT_3D('',#8055,#8056,#8057);
#8055 = CARTESIAN_POINT('',(25.35,44.4,1.));
#8056 = DIRECTION('',(0.,-1.,0.));
#8057 = DIRECTION('',(-1.,0.,0.));
#8058 = DEFINITIONAL_REPRESENTATION('',(#8059),#8062);
#8059 = B_SPLINE_CURVE_WITH_KNOTS('',1,(#8060,#8061),.UNSPECIFIED.,.F.,
  .F.,(2,2),(-0.19,5.999999999062E-07),.PIECEWISE_BEZIER_KNOTS.);
#8060 = CARTESIAN_POINT('',(46.645463898281,-1.98));
#8061 = CARTESIAN_POINT('',(46.645463898281,-1.7899994));
#8062 = ( GEOMETRIC_REPRESENTATION_CONTEXT(2) 
PARAMETRIC_REPRESENTATION_CONTEXT() REPRESENTATION_CONTEXT('2D SPACE',''
  ) );
#8063 = ORIENTED_EDGE('',*,*,#8064,.F.);
#8064 = EDGE_CURVE('',#8065,#8039,#8067,.T.);
#8065 = VERTEX_POINT('',#8066);
#8066 = CARTESIAN_POINT('',(-21.29546389828,44.4,3.3));
#8067 = SURFACE_CURVE('',#8068,(#8072,#8078),.PCURVE_S1.);
#8068 = LINE('',#8069,#8070);
#8069 = CARTESIAN_POINT('',(-21.29546389828,44.4,2.79));
#8070 = VECTOR('',#8071,1.);
#8071 = DIRECTION('',(-0.,-0.,-1.));
#8072 = PCURVE('',#6431,#8073);
#8073 = DEFINITIONAL_REPRESENTATION('',(#8074),#8077);
#8074 = B_SPLINE_CURVE_WITH_KNOTS('',1,(#8075,#8076),.UNSPECIFIED.,.F.,
  .F.,(2,2),(-0.56,5.999999999062E-07),.PIECEWISE_BEZIER_KNOTS.);
#8075 = CARTESIAN_POINT('',(-1.212535108282,-0.56));
#8076 = CARTESIAN_POINT('',(-1.212535108282,5.999999999062E-07));
#8077 = ( GEOMETRIC_REPRESENTATION_CONTEXT(2) 
PARAMETRIC_REPRESENTATION_CONTEXT() REPRESENTATION_CONTEXT('2D SPACE',''
  ) );
#8078 = PCURVE('',#8079,#8084);
#8079 = PLANE('',#8080);
#8080 = AXIS2_PLACEMENT_3D('',#8081,#8082,#8083);
#8081 = CARTESIAN_POINT('',(25.35,44.4,2.8));
#8082 = DIRECTION('',(0.,-1.,0.));
#8083 = DIRECTION('',(-1.,0.,0.));
#8084 = DEFINITIONAL_REPRESENTATION('',(#8085),#8088);
#8085 = B_SPLINE_CURVE_WITH_KNOTS('',1,(#8086,#8087),.UNSPECIFIED.,.F.,
  .F.,(2,2),(-0.56,5.999999999062E-07),.PIECEWISE_BEZIER_KNOTS.);
#8086 = CARTESIAN_POINT('',(46.645463898281,-0.55));
#8087 = CARTESIAN_POINT('',(46.645463898281,1.00006E-02));
#8088 = ( GEOMETRIC_REPRESENTATION_CONTEXT(2) 
PARAMETRIC_REPRESENTATION_CONTEXT() REPRESENTATION_CONTEXT('2D SPACE',''
  ) );
#8089 = ORIENTED_EDGE('',*,*,#8090,.F.);
#8090 = EDGE_CURVE('',#7899,#8065,#8091,.T.);
#8091 = SURFACE_CURVE('',#8092,(#8097,#8107),.PCURVE_S1.);
#8092 = ELLIPSE('',#8093,4.454772721475,3.15);
#8093 = AXIS2_PLACEMENT_3D('',#8094,#8095,#8096);
#8094 = CARTESIAN_POINT('',(-22.4,41.45,0.35));
#8095 = DIRECTION('',(0.,0.707106781187,-0.707106781187));
#8096 = DIRECTION('',(0.,-0.707106781187,-0.707106781187));
#8097 = PCURVE('',#6431,#8098);
#8098 = DEFINITIONAL_REPRESENTATION('',(#8099),#8106);
#8099 = B_SPLINE_CURVE_WITH_KNOTS('',5,(#8100,#8101,#8102,#8103,#8104,
    #8105),.UNSPECIFIED.,.F.,.F.,(6,6),(3.381211222219,3.508800674148),
  .PIECEWISE_BEZIER_KNOTS.);
#8100 = CARTESIAN_POINT('',(-1.331177758166,-0.62));
#8101 = CARTESIAN_POINT('',(-1.30565986778,-0.600922923451));
#8102 = CARTESIAN_POINT('',(-1.280141977394,-0.579355149856));
#8103 = CARTESIAN_POINT('',(-1.254624087008,-0.55532255637));
#8104 = CARTESIAN_POINT('',(-1.229106196623,-0.528857789504));
#8105 = CARTESIAN_POINT('',(-1.203588306237,-0.5));
#8106 = ( GEOMETRIC_REPRESENTATION_CONTEXT(2) 
PARAMETRIC_REPRESENTATION_CONTEXT() REPRESENTATION_CONTEXT('2D SPACE',''
  ) );
#8107 = PCURVE('',#7942,#8108);
#8108 = DEFINITIONAL_REPRESENTATION('',(#8109),#8113);
#8109 = ELLIPSE('',#8110,4.454772721475,3.15);
#8110 = AXIS2_PLACEMENT_2D('',#8111,#8112);
#8111 = CARTESIAN_POINT('',(-4.171930009001,-47.75));
#8112 = DIRECTION('',(-1.,8.659560562355E-17));
#8113 = ( GEOMETRIC_REPRESENTATION_CONTEXT(2) 
PARAMETRIC_REPRESENTATION_CONTEXT() REPRESENTATION_CONTEXT('2D SPACE',''
  ) );
#8114 = ORIENTED_EDGE('',*,*,#7898,.F.);
#8115 = ORIENTED_EDGE('',*,*,#7843,.F.);
#8116 = ORIENTED_EDGE('',*,*,#6410,.F.);
#8117 = ORIENTED_EDGE('',*,*,#8118,.F.);
#8118 = EDGE_CURVE('',#7182,#6383,#8119,.T.);
#8119 = SURFACE_CURVE('',#8120,(#8125,#8135),.PCURVE_S1.);
#8120 = ELLIPSE('',#8121,4.454772721475,3.15);
#8121 = AXIS2_PLACEMENT_3D('',#8122,#8123,#8124);
#8122 = CARTESIAN_POINT('',(-22.4,41.45,0.35));
#8123 = DIRECTION('',(-0.707106781187,0.,-0.707106781187));
#8124 = DIRECTION('',(0.707106781187,0.,-0.707106781187));
#8125 = PCURVE('',#6431,#8126);
#8126 = DEFINITIONAL_REPRESENTATION('',(#8127),#8134);
#8127 = B_SPLINE_CURVE_WITH_KNOTS('',5,(#8128,#8129,#8130,#8131,#8132,
    #8133),.UNSPECIFIED.,.F.,.F.,(6,6),(3.381211222219,3.508800674148),
  .PIECEWISE_BEZIER_KNOTS.);
#8128 = CARTESIAN_POINT('',(-2.901974084961,-0.62));
#8129 = CARTESIAN_POINT('',(-2.876456194575,-0.600922923451));
#8130 = CARTESIAN_POINT('',(-2.850938304189,-0.579355149856));
#8131 = CARTESIAN_POINT('',(-2.825420413803,-0.55532255637));
#8132 = CARTESIAN_POINT('',(-2.799902523418,-0.528857789504));
#8133 = CARTESIAN_POINT('',(-2.774384633032,-0.5));
#8134 = ( GEOMETRIC_REPRESENTATION_CONTEXT(2) 
PARAMETRIC_REPRESENTATION_CONTEXT() REPRESENTATION_CONTEXT('2D SPACE',''
  ) );
#8135 = PCURVE('',#6398,#8136);
#8136 = DEFINITIONAL_REPRESENTATION('',(#8137),#8141);
#8137 = ELLIPSE('',#8138,4.454772721475,3.15);
#8138 = AXIS2_PLACEMENT_2D('',#8139,#8140);
#8139 = CARTESIAN_POINT('',(-4.171930009001,-2.95));
#8140 = DIRECTION('',(-1.,8.659560562355E-17));
#8141 = ( GEOMETRIC_REPRESENTATION_CONTEXT(2) 
PARAMETRIC_REPRESENTATION_CONTEXT() REPRESENTATION_CONTEXT('2D SPACE',''
  ) );
#8142 = ORIENTED_EDGE('',*,*,#7181,.F.);
#8143 = ORIENTED_EDGE('',*,*,#8144,.F.);
#8144 = EDGE_CURVE('',#8145,#7154,#8147,.T.);
#8145 = VERTEX_POINT('',#8146);
#8146 = CARTESIAN_POINT('',(-25.35,40.345463898281,3.3));
#8147 = SURFACE_CURVE('',#8148,(#8153,#8163),.PCURVE_S1.);
#8148 = ELLIPSE('',#8149,4.454772721475,3.15);
#8149 = AXIS2_PLACEMENT_3D('',#8150,#8151,#8152);
#8150 = CARTESIAN_POINT('',(-22.4,41.45,0.35));
#8151 = DIRECTION('',(-0.707106781187,0.,-0.707106781187));
#8152 = DIRECTION('',(0.707106781187,0.,-0.707106781187));
#8153 = PCURVE('',#6431,#8154);
#8154 = DEFINITIONAL_REPRESENTATION('',(#8155),#8162);
#8155 = B_SPLINE_CURVE_WITH_KNOTS('',5,(#8156,#8157,#8158,#8159,#8160,
    #8161),.UNSPECIFIED.,.F.,.F.,(6,6),(2.774384633032,2.901974084961),
  .PIECEWISE_BEZIER_KNOTS.);
#8156 = CARTESIAN_POINT('',(-3.508800674148,-0.5));
#8157 = CARTESIAN_POINT('',(-3.483282783762,-0.528857789504));
#8158 = CARTESIAN_POINT('',(-3.457764893376,-0.55532255637));
#8159 = CARTESIAN_POINT('',(-3.43224700299,-0.579355149856));
#8160 = CARTESIAN_POINT('',(-3.406729112605,-0.600922923451));
#8161 = CARTESIAN_POINT('',(-3.381211222219,-0.62));
#8162 = ( GEOMETRIC_REPRESENTATION_CONTEXT(2) 
PARAMETRIC_REPRESENTATION_CONTEXT() REPRESENTATION_CONTEXT('2D SPACE',''
  ) );
#8163 = PCURVE('',#7169,#8164);
#8164 = DEFINITIONAL_REPRESENTATION('',(#8165),#8169);
#8165 = ELLIPSE('',#8166,4.454772721475,3.15);
#8166 = AXIS2_PLACEMENT_2D('',#8167,#8168);
#8167 = CARTESIAN_POINT('',(-4.171930009001,-2.95));
#8168 = DIRECTION('',(-1.,8.659560562355E-17));
#8169 = ( GEOMETRIC_REPRESENTATION_CONTEXT(2) 
PARAMETRIC_REPRESENTATION_CONTEXT() REPRESENTATION_CONTEXT('2D SPACE',''
  ) );
#8170 = ORIENTED_EDGE('',*,*,#8171,.T.);
#8171 = EDGE_CURVE('',#8145,#8172,#8174,.T.);
#8172 = VERTEX_POINT('',#8173);
#8173 = CARTESIAN_POINT('',(-25.35,40.345463898281,2.8));
#8174 = SURFACE_CURVE('',#8175,(#8179,#8185),.PCURVE_S1.);
#8175 = LINE('',#8176,#8177);
#8176 = CARTESIAN_POINT('',(-25.35,40.345463898281,2.79));
#8177 = VECTOR('',#8178,1.);
#8178 = DIRECTION('',(-0.,-0.,-1.));
#8179 = PCURVE('',#6431,#8180);
#8180 = DEFINITIONAL_REPRESENTATION('',(#8181),#8184);
#8181 = B_SPLINE_CURVE_WITH_KNOTS('',1,(#8182,#8183),.UNSPECIFIED.,.F.,
  .F.,(2,2),(-0.56,5.999999999062E-07),.PIECEWISE_BEZIER_KNOTS.);
#8182 = CARTESIAN_POINT('',(-3.499853872102,-0.56));
#8183 = CARTESIAN_POINT('',(-3.499853872102,5.999999999062E-07));
#8184 = ( GEOMETRIC_REPRESENTATION_CONTEXT(2) 
PARAMETRIC_REPRESENTATION_CONTEXT() REPRESENTATION_CONTEXT('2D SPACE',''
  ) );
#8185 = PCURVE('',#7307,#8186);
#8186 = DEFINITIONAL_REPRESENTATION('',(#8187),#8190);
#8187 = B_SPLINE_CURVE_WITH_KNOTS('',1,(#8188,#8189),.UNSPECIFIED.,.F.,
  .F.,(2,2),(-0.56,5.999999999062E-07),.PIECEWISE_BEZIER_KNOTS.);
#8188 = CARTESIAN_POINT('',(4.054536101719,-0.55));
#8189 = CARTESIAN_POINT('',(4.054536101719,1.00006E-02));
#8190 = ( GEOMETRIC_REPRESENTATION_CONTEXT(2) 
PARAMETRIC_REPRESENTATION_CONTEXT() REPRESENTATION_CONTEXT('2D SPACE',''
  ) );
#8191 = ORIENTED_EDGE('',*,*,#8192,.T.);
#8192 = EDGE_CURVE('',#8172,#8010,#8193,.T.);
#8193 = SURFACE_CURVE('',#8194,(#8198,#8204),.PCURVE_S1.);
#8194 = LINE('',#8195,#8196);
#8195 = CARTESIAN_POINT('',(-25.35,40.345463898281,2.79));
#8196 = VECTOR('',#8197,1.);
#8197 = DIRECTION('',(-0.,-0.,-1.));
#8198 = PCURVE('',#6431,#8199);
#8199 = DEFINITIONAL_REPRESENTATION('',(#8200),#8203);
#8200 = B_SPLINE_CURVE_WITH_KNOTS('',1,(#8201,#8202),.UNSPECIFIED.,.F.,
  .F.,(2,2),(-0.19,5.999999999062E-07),.PIECEWISE_BEZIER_KNOTS.);
#8201 = CARTESIAN_POINT('',(-3.499853872102,-0.19));
#8202 = CARTESIAN_POINT('',(-3.499853872102,5.999999999062E-07));
#8203 = ( GEOMETRIC_REPRESENTATION_CONTEXT(2) 
PARAMETRIC_REPRESENTATION_CONTEXT() REPRESENTATION_CONTEXT('2D SPACE',''
  ) );
#8204 = PCURVE('',#8205,#8210);
#8205 = PLANE('',#8206);
#8206 = AXIS2_PLACEMENT_3D('',#8207,#8208,#8209);
#8207 = CARTESIAN_POINT('',(-25.35,44.4,1.));
#8208 = DIRECTION('',(1.,0.,-0.));
#8209 = DIRECTION('',(0.,-1.,0.));
#8210 = DEFINITIONAL_REPRESENTATION('',(#8211),#8214);
#8211 = B_SPLINE_CURVE_WITH_KNOTS('',1,(#8212,#8213),.UNSPECIFIED.,.F.,
  .F.,(2,2),(-0.19,5.999999999062E-07),.PIECEWISE_BEZIER_KNOTS.);
#8212 = CARTESIAN_POINT('',(4.054536101719,-1.98));
#8213 = CARTESIAN_POINT('',(4.054536101719,-1.7899994));
#8214 = ( GEOMETRIC_REPRESENTATION_CONTEXT(2) 
PARAMETRIC_REPRESENTATION_CONTEXT() REPRESENTATION_CONTEXT('2D SPACE',''
  ) );
#8215 = ADVANCED_FACE('',(#8216),#6398,.F.);
#8216 = FACE_BOUND('',#8217,.F.);
#8217 = EDGE_LOOP('',(#8218,#8219,#8220,#8221));
#8218 = ORIENTED_EDGE('',*,*,#6382,.T.);
#8219 = ORIENTED_EDGE('',*,*,#8118,.F.);
#8220 = ORIENTED_EDGE('',*,*,#7209,.T.);
#8221 = ORIENTED_EDGE('',*,*,#6467,.F.);
#8222 = ADVANCED_FACE('',(#8223),#6564,.F.);
#8223 = FACE_BOUND('',#8224,.F.);
#8224 = EDGE_LOOP('',(#8225,#8250,#8251,#8252));
#8225 = ORIENTED_EDGE('',*,*,#8226,.F.);
#8226 = EDGE_CURVE('',#6583,#7767,#8227,.T.);
#8227 = SURFACE_CURVE('',#8228,(#8233,#8240),.PCURVE_S1.);
#8228 = ELLIPSE('',#8229,4.454772721475,3.15);
#8229 = AXIS2_PLACEMENT_3D('',#8230,#8231,#8232);
#8230 = CARTESIAN_POINT('',(22.4,41.45,0.35));
#8231 = DIRECTION('',(0.707106781187,0.,-0.707106781187));
#8232 = DIRECTION('',(-0.707106781187,0.,-0.707106781187));
#8233 = PCURVE('',#6564,#8234);
#8234 = DEFINITIONAL_REPRESENTATION('',(#8235),#8239);
#8235 = ELLIPSE('',#8236,4.454772721475,3.15);
#8236 = AXIS2_PLACEMENT_2D('',#8237,#8238);
#8237 = CARTESIAN_POINT('',(-4.171930009001,-85.85));
#8238 = DIRECTION('',(-1.,8.659560562355E-17));
#8239 = ( GEOMETRIC_REPRESENTATION_CONTEXT(2) 
PARAMETRIC_REPRESENTATION_CONTEXT() REPRESENTATION_CONTEXT('2D SPACE',''
  ) );
#8240 = PCURVE('',#6603,#8241);
#8241 = DEFINITIONAL_REPRESENTATION('',(#8242),#8249);
#8242 = B_SPLINE_CURVE_WITH_KNOTS('',5,(#8243,#8244,#8245,#8246,#8247,
    #8248),.UNSPECIFIED.,.F.,.F.,(6,6),(2.783331435077,2.888944927305),
  .PIECEWISE_BEZIER_KNOTS.);
#8243 = CARTESIAN_POINT('',(-6.641446525692,-0.510000000012));
#8244 = CARTESIAN_POINT('',(-6.620323827247,-0.533330783051));
#8245 = CARTESIAN_POINT('',(-6.599201128801,-0.555016320155));
#8246 = CARTESIAN_POINT('',(-6.578078430355,-0.575034924266));
#8247 = CARTESIAN_POINT('',(-6.55695573191,-0.593367970666));
#8248 = CARTESIAN_POINT('',(-6.535833033464,-0.610000000019));
#8249 = ( GEOMETRIC_REPRESENTATION_CONTEXT(2) 
PARAMETRIC_REPRESENTATION_CONTEXT() REPRESENTATION_CONTEXT('2D SPACE',''
  ) );
#8250 = ORIENTED_EDGE('',*,*,#6614,.T.);
#8251 = ORIENTED_EDGE('',*,*,#6546,.F.);
#8252 = ORIENTED_EDGE('',*,*,#7766,.T.);
#8253 = ADVANCED_FACE('',(#8254),#6603,.F.);
#8254 = FACE_BOUND('',#8255,.T.);
#8255 = EDGE_LOOP('',(#8256,#8257,#8258,#8259,#8284,#8285,#8312,#8333,
    #8359,#8392,#8418,#8439));
#8256 = ORIENTED_EDGE('',*,*,#7789,.F.);
#8257 = ORIENTED_EDGE('',*,*,#8226,.F.);
#8258 = ORIENTED_EDGE('',*,*,#6580,.F.);
#8259 = ORIENTED_EDGE('',*,*,#8260,.F.);
#8260 = EDGE_CURVE('',#7955,#6581,#8261,.T.);
#8261 = SURFACE_CURVE('',#8262,(#8267,#8277),.PCURVE_S1.);
#8262 = ELLIPSE('',#8263,4.454772721475,3.15);
#8263 = AXIS2_PLACEMENT_3D('',#8264,#8265,#8266);
#8264 = CARTESIAN_POINT('',(22.4,41.45,0.35));
#8265 = DIRECTION('',(0.,0.707106781187,-0.707106781187));
#8266 = DIRECTION('',(0.,-0.707106781187,-0.707106781187));
#8267 = PCURVE('',#6603,#8268);
#8268 = DEFINITIONAL_REPRESENTATION('',(#8269),#8276);
#8269 = B_SPLINE_CURVE_WITH_KNOTS('',5,(#8270,#8271,#8272,#8273,#8274,
    #8275),.UNSPECIFIED.,.F.,.F.,(6,6),(3.394240379874,3.499853872102),
  .PIECEWISE_BEZIER_KNOTS.);
#8270 = CARTESIAN_POINT('',(-7.60133390769,-0.610000000019));
#8271 = CARTESIAN_POINT('',(-7.580211209244,-0.593367970667));
#8272 = CARTESIAN_POINT('',(-7.559088510799,-0.575034924266));
#8273 = CARTESIAN_POINT('',(-7.537965812353,-0.555016320156));
#8274 = CARTESIAN_POINT('',(-7.516843113908,-0.533330783051));
#8275 = CARTESIAN_POINT('',(-7.495720415462,-0.510000000012));
#8276 = ( GEOMETRIC_REPRESENTATION_CONTEXT(2) 
PARAMETRIC_REPRESENTATION_CONTEXT() REPRESENTATION_CONTEXT('2D SPACE',''
  ) );
#8277 = PCURVE('',#6650,#8278);
#8278 = DEFINITIONAL_REPRESENTATION('',(#8279),#8283);
#8279 = ELLIPSE('',#8280,4.454772721475,3.15);
#8280 = AXIS2_PLACEMENT_2D('',#8281,#8282);
#8281 = CARTESIAN_POINT('',(-4.171930009001,-2.95));
#8282 = DIRECTION('',(-1.,8.659560562355E-17));
#8283 = ( GEOMETRIC_REPRESENTATION_CONTEXT(2) 
PARAMETRIC_REPRESENTATION_CONTEXT() REPRESENTATION_CONTEXT('2D SPACE',''
  ) );
#8284 = ORIENTED_EDGE('',*,*,#7954,.F.);
#8285 = ORIENTED_EDGE('',*,*,#8286,.F.);
#8286 = EDGE_CURVE('',#8287,#7927,#8289,.T.);
#8287 = VERTEX_POINT('',#8288);
#8288 = CARTESIAN_POINT('',(21.295463898281,44.4,3.3));
#8289 = SURFACE_CURVE('',#8290,(#8295,#8305),.PCURVE_S1.);
#8290 = ELLIPSE('',#8291,4.454772721475,3.15);
#8291 = AXIS2_PLACEMENT_3D('',#8292,#8293,#8294);
#8292 = CARTESIAN_POINT('',(22.4,41.45,0.35));
#8293 = DIRECTION('',(0.,0.707106781187,-0.707106781187));
#8294 = DIRECTION('',(0.,-0.707106781187,-0.707106781187));
#8295 = PCURVE('',#6603,#8296);
#8296 = DEFINITIONAL_REPRESENTATION('',(#8297),#8304);
#8297 = B_SPLINE_CURVE_WITH_KNOTS('',5,(#8298,#8299,#8300,#8301,#8302,
    #8303),.UNSPECIFIED.,.F.,.F.,(6,6),(2.783331435077,2.888944927305),
  .PIECEWISE_BEZIER_KNOTS.);
#8298 = CARTESIAN_POINT('',(-8.212242852487,-0.510000000012));
#8299 = CARTESIAN_POINT('',(-8.191120154041,-0.533330783051));
#8300 = CARTESIAN_POINT('',(-8.169997455596,-0.555016320156));
#8301 = CARTESIAN_POINT('',(-8.14887475715,-0.575034924266));
#8302 = CARTESIAN_POINT('',(-8.127752058705,-0.593367970667));
#8303 = CARTESIAN_POINT('',(-8.106629360259,-0.610000000019));
#8304 = ( GEOMETRIC_REPRESENTATION_CONTEXT(2) 
PARAMETRIC_REPRESENTATION_CONTEXT() REPRESENTATION_CONTEXT('2D SPACE',''
  ) );
#8305 = PCURVE('',#7942,#8306);
#8306 = DEFINITIONAL_REPRESENTATION('',(#8307),#8311);
#8307 = ELLIPSE('',#8308,4.454772721475,3.15);
#8308 = AXIS2_PLACEMENT_2D('',#8309,#8310);
#8309 = CARTESIAN_POINT('',(-4.171930009001,-2.95));
#8310 = DIRECTION('',(-1.,8.659560562355E-17));
#8311 = ( GEOMETRIC_REPRESENTATION_CONTEXT(2) 
PARAMETRIC_REPRESENTATION_CONTEXT() REPRESENTATION_CONTEXT('2D SPACE',''
  ) );
#8312 = ORIENTED_EDGE('',*,*,#8313,.T.);
#8313 = EDGE_CURVE('',#8287,#8314,#8316,.T.);
#8314 = VERTEX_POINT('',#8315);
#8315 = CARTESIAN_POINT('',(21.295463898281,44.4,2.8));
#8316 = SURFACE_CURVE('',#8317,(#8321,#8327),.PCURVE_S1.);
#8317 = LINE('',#8318,#8319);
#8318 = CARTESIAN_POINT('',(21.295463898281,44.4,2.79));
#8319 = VECTOR('',#8320,1.);
#8320 = DIRECTION('',(-0.,-0.,-1.));
#8321 = PCURVE('',#6603,#8322);
#8322 = DEFINITIONAL_REPRESENTATION('',(#8323),#8326);
#8323 = B_SPLINE_CURVE_WITH_KNOTS('',1,(#8324,#8325),.UNSPECIFIED.,.F.,
  .F.,(2,2),(-0.51,-1.E-02),.PIECEWISE_BEZIER_KNOTS.);
#8324 = CARTESIAN_POINT('',(-8.212242852487,-0.51));
#8325 = CARTESIAN_POINT('',(-8.212242852487,-1.E-02));
#8326 = ( GEOMETRIC_REPRESENTATION_CONTEXT(2) 
PARAMETRIC_REPRESENTATION_CONTEXT() REPRESENTATION_CONTEXT('2D SPACE',''
  ) );
#8327 = PCURVE('',#8079,#8328);
#8328 = DEFINITIONAL_REPRESENTATION('',(#8329),#8332);
#8329 = B_SPLINE_CURVE_WITH_KNOTS('',1,(#8330,#8331),.UNSPECIFIED.,.F.,
  .F.,(2,2),(-0.56,5.999999999062E-07),.PIECEWISE_BEZIER_KNOTS.);
#8330 = CARTESIAN_POINT('',(4.054536101719,-0.55));
#8331 = CARTESIAN_POINT('',(4.054536101719,1.00006E-02));
#8332 = ( GEOMETRIC_REPRESENTATION_CONTEXT(2) 
PARAMETRIC_REPRESENTATION_CONTEXT() REPRESENTATION_CONTEXT('2D SPACE',''
  ) );
#8333 = ORIENTED_EDGE('',*,*,#8334,.T.);
#8334 = EDGE_CURVE('',#8314,#8335,#8337,.T.);
#8335 = VERTEX_POINT('',#8336);
#8336 = CARTESIAN_POINT('',(21.295463898281,44.4,2.79));
#8337 = SURFACE_CURVE('',#8338,(#8342,#8348),.PCURVE_S1.);
#8338 = LINE('',#8339,#8340);
#8339 = CARTESIAN_POINT('',(21.295463898281,44.4,2.79));
#8340 = VECTOR('',#8341,1.);
#8341 = DIRECTION('',(-0.,-0.,-1.));
#8342 = PCURVE('',#6603,#8343);
#8343 = DEFINITIONAL_REPRESENTATION('',(#8344),#8347);
#8344 = B_SPLINE_CURVE_WITH_KNOTS('',1,(#8345,#8346),.UNSPECIFIED.,.F.,
  .F.,(2,2),(-0.19,5.999999999062E-07),.PIECEWISE_BEZIER_KNOTS.);
#8345 = CARTESIAN_POINT('',(-8.212242852487,-0.19));
#8346 = CARTESIAN_POINT('',(-8.212242852487,5.999999999062E-07));
#8347 = ( GEOMETRIC_REPRESENTATION_CONTEXT(2) 
PARAMETRIC_REPRESENTATION_CONTEXT() REPRESENTATION_CONTEXT('2D SPACE',''
  ) );
#8348 = PCURVE('',#8349,#8354);
#8349 = PLANE('',#8350);
#8350 = AXIS2_PLACEMENT_3D('',#8351,#8352,#8353);
#8351 = CARTESIAN_POINT('',(25.35,44.4,1.));
#8352 = DIRECTION('',(0.,-1.,0.));
#8353 = DIRECTION('',(-1.,0.,0.));
#8354 = DEFINITIONAL_REPRESENTATION('',(#8355),#8358);
#8355 = B_SPLINE_CURVE_WITH_KNOTS('',1,(#8356,#8357),.UNSPECIFIED.,.F.,
  .F.,(2,2),(-0.19,5.999999999062E-07),.PIECEWISE_BEZIER_KNOTS.);
#8356 = CARTESIAN_POINT('',(4.054536101719,-1.98));
#8357 = CARTESIAN_POINT('',(4.054536101719,-1.7899994));
#8358 = ( GEOMETRIC_REPRESENTATION_CONTEXT(2) 
PARAMETRIC_REPRESENTATION_CONTEXT() REPRESENTATION_CONTEXT('2D SPACE',''
  ) );
#8359 = ORIENTED_EDGE('',*,*,#8360,.T.);
#8360 = EDGE_CURVE('',#8335,#8361,#8363,.T.);
#8361 = VERTEX_POINT('',#8362);
#8362 = CARTESIAN_POINT('',(25.35,40.345463898281,2.79));
#8363 = SURFACE_CURVE('',#8364,(#8369,#8376),.PCURVE_S1.);
#8364 = CIRCLE('',#8365,3.15);
#8365 = AXIS2_PLACEMENT_3D('',#8366,#8367,#8368);
#8366 = CARTESIAN_POINT('',(22.4,41.45,2.79));
#8367 = DIRECTION('',(0.,0.,-1.));
#8368 = DIRECTION('',(-0.948271557539,0.31746031746,0.));
#8369 = PCURVE('',#6603,#8370);
#8370 = DEFINITIONAL_REPRESENTATION('',(#8371),#8375);
#8371 = LINE('',#8372,#8373);
#8372 = CARTESIAN_POINT('',(-9.101727901257,0.));
#8373 = VECTOR('',#8374,1.);
#8374 = DIRECTION('',(1.,-0.));
#8375 = ( GEOMETRIC_REPRESENTATION_CONTEXT(2) 
PARAMETRIC_REPRESENTATION_CONTEXT() REPRESENTATION_CONTEXT('2D SPACE',''
  ) );
#8376 = PCURVE('',#8377,#8382);
#8377 = PLANE('',#8378);
#8378 = AXIS2_PLACEMENT_3D('',#8379,#8380,#8381);
#8379 = CARTESIAN_POINT('',(-22.4,-41.45,2.79));
#8380 = DIRECTION('',(0.,0.,1.));
#8381 = DIRECTION('',(1.,0.,-0.));
#8382 = DEFINITIONAL_REPRESENTATION('',(#8383),#8391);
#8383 = ( BOUNDED_CURVE() B_SPLINE_CURVE(2,(#8384,#8385,#8386,#8387,
#8388,#8389,#8390),.UNSPECIFIED.,.T.,.F.) B_SPLINE_CURVE_WITH_KNOTS((1,2
    ,2,2,2,1),(-2.094395102393,0.,2.094395102393,4.188790204786,
6.28318530718,8.377580409573),.UNSPECIFIED.) CURVE() 
GEOMETRIC_REPRESENTATION_ITEM() RATIONAL_B_SPLINE_CURVE((1.,0.5,1.,0.5,
1.,0.5,1.)) REPRESENTATION_ITEM('') );
#8384 = CARTESIAN_POINT('',(41.812944593751,83.9));
#8385 = CARTESIAN_POINT('',(43.54499540132,89.073731728646));
#8386 = CARTESIAN_POINT('',(47.159553106909,84.986865864323));
#8387 = CARTESIAN_POINT('',(50.774110812498,80.9));
#8388 = CARTESIAN_POINT('',(45.42750229934,79.813134135677));
#8389 = CARTESIAN_POINT('',(40.080893786182,78.726268271354));
#8390 = CARTESIAN_POINT('',(41.812944593751,83.9));
#8391 = ( GEOMETRIC_REPRESENTATION_CONTEXT(2) 
PARAMETRIC_REPRESENTATION_CONTEXT() REPRESENTATION_CONTEXT('2D SPACE',''
  ) );
#8392 = ORIENTED_EDGE('',*,*,#8393,.F.);
#8393 = EDGE_CURVE('',#8394,#8361,#8396,.T.);
#8394 = VERTEX_POINT('',#8395);
#8395 = CARTESIAN_POINT('',(25.35,40.345463898281,2.8));
#8396 = SURFACE_CURVE('',#8397,(#8401,#8407),.PCURVE_S1.);
#8397 = LINE('',#8398,#8399);
#8398 = CARTESIAN_POINT('',(25.35,40.345463898281,2.79));
#8399 = VECTOR('',#8400,1.);
#8400 = DIRECTION('',(-0.,-0.,-1.));
#8401 = PCURVE('',#6603,#8402);
#8402 = DEFINITIONAL_REPRESENTATION('',(#8403),#8406);
#8403 = B_SPLINE_CURVE_WITH_KNOTS('',1,(#8404,#8405),.UNSPECIFIED.,.F.,
  .F.,(2,2),(-0.19,5.999999999062E-07),.PIECEWISE_BEZIER_KNOTS.);
#8404 = CARTESIAN_POINT('',(-5.924924088667,-0.19));
#8405 = CARTESIAN_POINT('',(-5.924924088667,5.999999999062E-07));
#8406 = ( GEOMETRIC_REPRESENTATION_CONTEXT(2) 
PARAMETRIC_REPRESENTATION_CONTEXT() REPRESENTATION_CONTEXT('2D SPACE',''
  ) );
#8407 = PCURVE('',#8408,#8413);
#8408 = PLANE('',#8409);
#8409 = AXIS2_PLACEMENT_3D('',#8410,#8411,#8412);
#8410 = CARTESIAN_POINT('',(25.35,-44.4,1.));
#8411 = DIRECTION('',(-1.,0.,0.));
#8412 = DIRECTION('',(0.,1.,0.));
#8413 = DEFINITIONAL_REPRESENTATION('',(#8414),#8417);
#8414 = B_SPLINE_CURVE_WITH_KNOTS('',1,(#8415,#8416),.UNSPECIFIED.,.F.,
  .F.,(2,2),(-0.19,5.999999999062E-07),.PIECEWISE_BEZIER_KNOTS.);
#8415 = CARTESIAN_POINT('',(84.745463898281,-1.98));
#8416 = CARTESIAN_POINT('',(84.745463898281,-1.7899994));
#8417 = ( GEOMETRIC_REPRESENTATION_CONTEXT(2) 
PARAMETRIC_REPRESENTATION_CONTEXT() REPRESENTATION_CONTEXT('2D SPACE',''
  ) );
#8418 = ORIENTED_EDGE('',*,*,#8419,.F.);
#8419 = EDGE_CURVE('',#8420,#8394,#8422,.T.);
#8420 = VERTEX_POINT('',#8421);
#8421 = CARTESIAN_POINT('',(25.35,40.345463898281,3.3));
#8422 = SURFACE_CURVE('',#8423,(#8427,#8433),.PCURVE_S1.);
#8423 = LINE('',#8424,#8425);
#8424 = CARTESIAN_POINT('',(25.35,40.345463898281,2.79));
#8425 = VECTOR('',#8426,1.);
#8426 = DIRECTION('',(-0.,-0.,-1.));
#8427 = PCURVE('',#6603,#8428);
#8428 = DEFINITIONAL_REPRESENTATION('',(#8429),#8432);
#8429 = B_SPLINE_CURVE_WITH_KNOTS('',1,(#8430,#8431),.UNSPECIFIED.,.F.,
  .F.,(2,2),(-0.51,-1.E-02),.PIECEWISE_BEZIER_KNOTS.);
#8430 = CARTESIAN_POINT('',(-5.924924088667,-0.51));
#8431 = CARTESIAN_POINT('',(-5.924924088667,-1.E-02));
#8432 = ( GEOMETRIC_REPRESENTATION_CONTEXT(2) 
PARAMETRIC_REPRESENTATION_CONTEXT() REPRESENTATION_CONTEXT('2D SPACE',''
  ) );
#8433 = PCURVE('',#7588,#8434);
#8434 = DEFINITIONAL_REPRESENTATION('',(#8435),#8438);
#8435 = B_SPLINE_CURVE_WITH_KNOTS('',1,(#8436,#8437),.UNSPECIFIED.,.F.,
  .F.,(2,2),(-0.56,5.999999999062E-07),.PIECEWISE_BEZIER_KNOTS.);
#8436 = CARTESIAN_POINT('',(84.745463898281,-0.55));
#8437 = CARTESIAN_POINT('',(84.745463898281,1.00006E-02));
#8438 = ( GEOMETRIC_REPRESENTATION_CONTEXT(2) 
PARAMETRIC_REPRESENTATION_CONTEXT() REPRESENTATION_CONTEXT('2D SPACE',''
  ) );
#8439 = ORIENTED_EDGE('',*,*,#8440,.F.);
#8440 = EDGE_CURVE('',#7790,#8420,#8441,.T.);
#8441 = SURFACE_CURVE('',#8442,(#8447,#8457),.PCURVE_S1.);
#8442 = ELLIPSE('',#8443,4.454772721475,3.15);
#8443 = AXIS2_PLACEMENT_3D('',#8444,#8445,#8446);
#8444 = CARTESIAN_POINT('',(22.4,41.45,0.35));
#8445 = DIRECTION('',(0.707106781187,0.,-0.707106781187));
#8446 = DIRECTION('',(-0.707106781187,0.,-0.707106781187));
#8447 = PCURVE('',#6603,#8448);
#8448 = DEFINITIONAL_REPRESENTATION('',(#8449),#8456);
#8449 = B_SPLINE_CURVE_WITH_KNOTS('',5,(#8450,#8451,#8452,#8453,#8454,
    #8455),.UNSPECIFIED.,.F.,.F.,(6,6),(3.394240379875,3.499853872102),
  .PIECEWISE_BEZIER_KNOTS.);
#8450 = CARTESIAN_POINT('',(-6.030537580895,-0.610000000019));
#8451 = CARTESIAN_POINT('',(-6.009414882449,-0.593367970666));
#8452 = CARTESIAN_POINT('',(-5.988292184004,-0.575034924266));
#8453 = CARTESIAN_POINT('',(-5.967169485558,-0.555016320155));
#8454 = CARTESIAN_POINT('',(-5.946046787113,-0.533330783051));
#8455 = CARTESIAN_POINT('',(-5.924924088667,-0.510000000012));
#8456 = ( GEOMETRIC_REPRESENTATION_CONTEXT(2) 
PARAMETRIC_REPRESENTATION_CONTEXT() REPRESENTATION_CONTEXT('2D SPACE',''
  ) );
#8457 = PCURVE('',#7561,#8458);
#8458 = DEFINITIONAL_REPRESENTATION('',(#8459),#8463);
#8459 = ELLIPSE('',#8460,4.454772721475,3.15);
#8460 = AXIS2_PLACEMENT_2D('',#8461,#8462);
#8461 = CARTESIAN_POINT('',(-4.171930009001,-85.85));
#8462 = DIRECTION('',(-1.,8.659560562355E-17));
#8463 = ( GEOMETRIC_REPRESENTATION_CONTEXT(2) 
PARAMETRIC_REPRESENTATION_CONTEXT() REPRESENTATION_CONTEXT('2D SPACE',''
  ) );
#8464 = ADVANCED_FACE('',(#8465),#6650,.F.);
#8465 = FACE_BOUND('',#8466,.F.);
#8466 = EDGE_LOOP('',(#8467,#8468,#8469,#8470));
#8467 = ORIENTED_EDGE('',*,*,#6636,.T.);
#8468 = ORIENTED_EDGE('',*,*,#8260,.F.);
#8469 = ORIENTED_EDGE('',*,*,#7981,.T.);
#8470 = ORIENTED_EDGE('',*,*,#6665,.F.);
#8471 = ADVANCED_FACE('',(#8472),#6790,.F.);
#8472 = FACE_BOUND('',#8473,.T.);
#8473 = EDGE_LOOP('',(#8474,#8475,#8498,#8531,#8563,#8596,#8628,#8654));
#8474 = ORIENTED_EDGE('',*,*,#6769,.T.);
#8475 = ORIENTED_EDGE('',*,*,#8476,.T.);
#8476 = EDGE_CURVE('',#6770,#8477,#8479,.T.);
#8477 = VERTEX_POINT('',#8478);
#8478 = CARTESIAN_POINT('',(-21.6,-41.45,2.7));
#8479 = SEAM_CURVE('',#8480,(#8484,#8491),.PCURVE_S1.);
#8480 = LINE('',#8481,#8482);
#8481 = CARTESIAN_POINT('',(-21.6,-41.45,-0.25));
#8482 = VECTOR('',#8483,1.);
#8483 = DIRECTION('',(0.,0.,1.));
#8484 = PCURVE('',#6790,#8485);
#8485 = DEFINITIONAL_REPRESENTATION('',(#8486),#8490);
#8486 = LINE('',#8487,#8488);
#8487 = CARTESIAN_POINT('',(-6.28318530718,0.));
#8488 = VECTOR('',#8489,1.);
#8489 = DIRECTION('',(-0.,-1.));
#8490 = ( GEOMETRIC_REPRESENTATION_CONTEXT(2) 
PARAMETRIC_REPRESENTATION_CONTEXT() REPRESENTATION_CONTEXT('2D SPACE',''
  ) );
#8491 = PCURVE('',#6790,#8492);
#8492 = DEFINITIONAL_REPRESENTATION('',(#8493),#8497);
#8493 = LINE('',#8494,#8495);
#8494 = CARTESIAN_POINT('',(-0.,0.));
#8495 = VECTOR('',#8496,1.);
#8496 = DIRECTION('',(-0.,-1.));
#8497 = ( GEOMETRIC_REPRESENTATION_CONTEXT(2) 
PARAMETRIC_REPRESENTATION_CONTEXT() REPRESENTATION_CONTEXT('2D SPACE',''
  ) );
#8498 = ORIENTED_EDGE('',*,*,#8499,.F.);
#8499 = EDGE_CURVE('',#8500,#8477,#8502,.T.);
#8500 = VERTEX_POINT('',#8501);
#8501 = CARTESIAN_POINT('',(-22.9,-40.82550020016,2.7));
#8502 = SURFACE_CURVE('',#8503,(#8508,#8515),.PCURVE_S1.);
#8503 = CIRCLE('',#8504,0.8);
#8504 = AXIS2_PLACEMENT_3D('',#8505,#8506,#8507);
#8505 = CARTESIAN_POINT('',(-22.4,-41.45,2.7));
#8506 = DIRECTION('',(0.,0.,-1.));
#8507 = DIRECTION('',(1.,0.,0.));
#8508 = PCURVE('',#6790,#8509);
#8509 = DEFINITIONAL_REPRESENTATION('',(#8510),#8514);
#8510 = LINE('',#8511,#8512);
#8511 = CARTESIAN_POINT('',(-6.28318530718,-2.95));
#8512 = VECTOR('',#8513,1.);
#8513 = DIRECTION('',(1.,-0.));
#8514 = ( GEOMETRIC_REPRESENTATION_CONTEXT(2) 
PARAMETRIC_REPRESENTATION_CONTEXT() REPRESENTATION_CONTEXT('2D SPACE',''
  ) );
#8515 = PCURVE('',#8516,#8521);
#8516 = PLANE('',#8517);
#8517 = AXIS2_PLACEMENT_3D('',#8518,#8519,#8520);
#8518 = CARTESIAN_POINT('',(0.540658093797,-0.118570347958,2.7));
#8519 = DIRECTION('',(0.,0.,1.));
#8520 = DIRECTION('',(1.,0.,0.));
#8521 = DEFINITIONAL_REPRESENTATION('',(#8522),#8530);
#8522 = ( BOUNDED_CURVE() B_SPLINE_CURVE(2,(#8523,#8524,#8525,#8526,
#8527,#8528,#8529),.UNSPECIFIED.,.T.,.F.) B_SPLINE_CURVE_WITH_KNOTS((1,2
    ,2,2,2,1),(-2.094395102393,0.,2.094395102393,4.188790204786,
6.28318530718,8.377580409573),.UNSPECIFIED.) CURVE() 
GEOMETRIC_REPRESENTATION_ITEM() RATIONAL_B_SPLINE_CURVE((1.,0.5,1.,0.5,
1.,0.5,1.)) REPRESENTATION_ITEM('') );
#8523 = CARTESIAN_POINT('',(-22.14065809379,-41.33142965204));
#8524 = CARTESIAN_POINT('',(-22.14065809379,-42.71707029809));
#8525 = CARTESIAN_POINT('',(-23.34065809379,-42.02424997507));
#8526 = CARTESIAN_POINT('',(-24.54065809379,-41.33142965204));
#8527 = CARTESIAN_POINT('',(-23.34065809379,-40.63860932901));
#8528 = CARTESIAN_POINT('',(-22.14065809379,-39.94578900598));
#8529 = CARTESIAN_POINT('',(-22.14065809379,-41.33142965204));
#8530 = ( GEOMETRIC_REPRESENTATION_CONTEXT(2) 
PARAMETRIC_REPRESENTATION_CONTEXT() REPRESENTATION_CONTEXT('2D SPACE',''
  ) );
#8531 = ORIENTED_EDGE('',*,*,#8532,.F.);
#8532 = EDGE_CURVE('',#8533,#8500,#8535,.T.);
#8533 = VERTEX_POINT('',#8534);
#8534 = CARTESIAN_POINT('',(-23.,-40.92084973778,2.8));
#8535 = SURFACE_CURVE('',#8536,(#8541,#8551),.PCURVE_S1.);
#8536 = ELLIPSE('',#8537,1.131370849898,0.8);
#8537 = AXIS2_PLACEMENT_3D('',#8538,#8539,#8540);
#8538 = CARTESIAN_POINT('',(-22.4,-41.45,2.2));
#8539 = DIRECTION('',(-0.707106781187,0.,-0.707106781187));
#8540 = DIRECTION('',(0.707106781187,0.,-0.707106781187));
#8541 = PCURVE('',#6790,#8542);
#8542 = DEFINITIONAL_REPRESENTATION('',(#8543),#8550);
#8543 = B_SPLINE_CURVE_WITH_KNOTS('',5,(#8544,#8545,#8546,#8547,#8548,
    #8549),.UNSPECIFIED.,.F.,.F.,(6,6),(3.845220556331,4.053169576972),
  .PIECEWISE_BEZIER_KNOTS.);
#8544 = CARTESIAN_POINT('',(-2.437964750849,-3.06));
#8545 = CARTESIAN_POINT('',(-2.39637494672,-3.038473509501));
#8546 = CARTESIAN_POINT('',(-2.354785142592,-3.015628115124));
#8547 = CARTESIAN_POINT('',(-2.313195338464,-2.991541379918));
#8548 = CARTESIAN_POINT('',(-2.271605534336,-2.966300413529));
#8549 = CARTESIAN_POINT('',(-2.230015730207,-2.94));
#8550 = ( GEOMETRIC_REPRESENTATION_CONTEXT(2) 
PARAMETRIC_REPRESENTATION_CONTEXT() REPRESENTATION_CONTEXT('2D SPACE',''
  ) );
#8551 = PCURVE('',#8552,#8557);
#8552 = PLANE('',#8553);
#8553 = AXIS2_PLACEMENT_3D('',#8554,#8555,#8556);
#8554 = CARTESIAN_POINT('',(-22.9,42.45,2.7));
#8555 = DIRECTION('',(-0.707106781187,0.,-0.707106781187));
#8556 = DIRECTION('',(-0.707106781187,8.659560562355E-17,0.707106781187)
  );
#8557 = DEFINITIONAL_REPRESENTATION('',(#8558),#8562);
#8558 = ELLIPSE('',#8559,1.131370849898,0.8);
#8559 = AXIS2_PLACEMENT_2D('',#8560,#8561);
#8560 = CARTESIAN_POINT('',(-0.707106781187,-83.9));
#8561 = DIRECTION('',(-1.,8.659560562355E-17));
#8562 = ( GEOMETRIC_REPRESENTATION_CONTEXT(2) 
PARAMETRIC_REPRESENTATION_CONTEXT() REPRESENTATION_CONTEXT('2D SPACE',''
  ) );
#8563 = ORIENTED_EDGE('',*,*,#8564,.F.);
#8564 = EDGE_CURVE('',#8565,#8533,#8567,.T.);
#8565 = VERTEX_POINT('',#8566);
#8566 = CARTESIAN_POINT('',(-23.,-41.97915026221,2.8));
#8567 = SURFACE_CURVE('',#8568,(#8573,#8580),.PCURVE_S1.);
#8568 = CIRCLE('',#8569,0.8);
#8569 = AXIS2_PLACEMENT_3D('',#8570,#8571,#8572);
#8570 = CARTESIAN_POINT('',(-22.4,-41.45,2.8));
#8571 = DIRECTION('',(0.,0.,-1.));
#8572 = DIRECTION('',(1.,0.,0.));
#8573 = PCURVE('',#6790,#8574);
#8574 = DEFINITIONAL_REPRESENTATION('',(#8575),#8579);
#8575 = LINE('',#8576,#8577);
#8576 = CARTESIAN_POINT('',(-6.28318530718,-3.05));
#8577 = VECTOR('',#8578,1.);
#8578 = DIRECTION('',(1.,-0.));
#8579 = ( GEOMETRIC_REPRESENTATION_CONTEXT(2) 
PARAMETRIC_REPRESENTATION_CONTEXT() REPRESENTATION_CONTEXT('2D SPACE',''
  ) );
#8580 = PCURVE('',#8581,#8586);
#8581 = PLANE('',#8582);
#8582 = AXIS2_PLACEMENT_3D('',#8583,#8584,#8585);
#8583 = CARTESIAN_POINT('',(0.,0.,2.8));
#8584 = DIRECTION('',(0.,0.,1.));
#8585 = DIRECTION('',(1.,0.,-0.));
#8586 = DEFINITIONAL_REPRESENTATION('',(#8587),#8595);
#8587 = ( BOUNDED_CURVE() B_SPLINE_CURVE(2,(#8588,#8589,#8590,#8591,
#8592,#8593,#8594),.UNSPECIFIED.,.T.,.F.) B_SPLINE_CURVE_WITH_KNOTS((1,2
    ,2,2,2,1),(-2.094395102393,0.,2.094395102393,4.188790204786,
6.28318530718,8.377580409573),.UNSPECIFIED.) CURVE() 
GEOMETRIC_REPRESENTATION_ITEM() RATIONAL_B_SPLINE_CURVE((1.,0.5,1.,0.5,
1.,0.5,1.)) REPRESENTATION_ITEM('') );
#8588 = CARTESIAN_POINT('',(-21.6,-41.45));
#8589 = CARTESIAN_POINT('',(-21.6,-42.83564064605));
#8590 = CARTESIAN_POINT('',(-22.8,-42.14282032302));
#8591 = CARTESIAN_POINT('',(-24.,-41.45));
#8592 = CARTESIAN_POINT('',(-22.8,-40.75717967697));
#8593 = CARTESIAN_POINT('',(-21.6,-40.06435935394));
#8594 = CARTESIAN_POINT('',(-21.6,-41.45));
#8595 = ( GEOMETRIC_REPRESENTATION_CONTEXT(2) 
PARAMETRIC_REPRESENTATION_CONTEXT() REPRESENTATION_CONTEXT('2D SPACE',''
  ) );
#8596 = ORIENTED_EDGE('',*,*,#8597,.F.);
#8597 = EDGE_CURVE('',#8598,#8565,#8600,.T.);
#8598 = VERTEX_POINT('',#8599);
#8599 = CARTESIAN_POINT('',(-22.9,-42.07449979984,2.7));
#8600 = SURFACE_CURVE('',#8601,(#8606,#8616),.PCURVE_S1.);
#8601 = ELLIPSE('',#8602,1.131370849898,0.8);
#8602 = AXIS2_PLACEMENT_3D('',#8603,#8604,#8605);
#8603 = CARTESIAN_POINT('',(-22.4,-41.45,2.2));
#8604 = DIRECTION('',(-0.707106781187,0.,-0.707106781187));
#8605 = DIRECTION('',(0.707106781187,0.,-0.707106781187));
#8606 = PCURVE('',#6790,#8607);
#8607 = DEFINITIONAL_REPRESENTATION('',(#8608),#8615);
#8608 = B_SPLINE_CURVE_WITH_KNOTS('',5,(#8609,#8610,#8611,#8612,#8613,
    #8614),.UNSPECIFIED.,.F.,.F.,(6,6),(2.230015730207,2.437964750849),
  .PIECEWISE_BEZIER_KNOTS.);
#8609 = CARTESIAN_POINT('',(-4.053169576972,-2.94));
#8610 = CARTESIAN_POINT('',(-4.011579772844,-2.966300413529));
#8611 = CARTESIAN_POINT('',(-3.969989968716,-2.991541379918));
#8612 = CARTESIAN_POINT('',(-3.928400164587,-3.015628115124));
#8613 = CARTESIAN_POINT('',(-3.886810360459,-3.038473509501));
#8614 = CARTESIAN_POINT('',(-3.845220556331,-3.06));
#8615 = ( GEOMETRIC_REPRESENTATION_CONTEXT(2) 
PARAMETRIC_REPRESENTATION_CONTEXT() REPRESENTATION_CONTEXT('2D SPACE',''
  ) );
#8616 = PCURVE('',#8617,#8622);
#8617 = PLANE('',#8618);
#8618 = AXIS2_PLACEMENT_3D('',#8619,#8620,#8621);
#8619 = CARTESIAN_POINT('',(-22.9,42.45,2.7));
#8620 = DIRECTION('',(-0.707106781187,0.,-0.707106781187));
#8621 = DIRECTION('',(-0.707106781187,8.659560562355E-17,0.707106781187)
  );
#8622 = DEFINITIONAL_REPRESENTATION('',(#8623),#8627);
#8623 = ELLIPSE('',#8624,1.131370849898,0.8);
#8624 = AXIS2_PLACEMENT_2D('',#8625,#8626);
#8625 = CARTESIAN_POINT('',(-0.707106781187,-83.9));
#8626 = DIRECTION('',(-1.,8.659560562355E-17));
#8627 = ( GEOMETRIC_REPRESENTATION_CONTEXT(2) 
PARAMETRIC_REPRESENTATION_CONTEXT() REPRESENTATION_CONTEXT('2D SPACE',''
  ) );
#8628 = ORIENTED_EDGE('',*,*,#8629,.F.);
#8629 = EDGE_CURVE('',#8477,#8598,#8630,.T.);
#8630 = SURFACE_CURVE('',#8631,(#8636,#8643),.PCURVE_S1.);
#8631 = CIRCLE('',#8632,0.8);
#8632 = AXIS2_PLACEMENT_3D('',#8633,#8634,#8635);
#8633 = CARTESIAN_POINT('',(-22.4,-41.45,2.7));
#8634 = DIRECTION('',(0.,0.,-1.));
#8635 = DIRECTION('',(1.,0.,0.));
#8636 = PCURVE('',#6790,#8637);
#8637 = DEFINITIONAL_REPRESENTATION('',(#8638),#8642);
#8638 = LINE('',#8639,#8640);
#8639 = CARTESIAN_POINT('',(-6.28318530718,-2.95));
#8640 = VECTOR('',#8641,1.);
#8641 = DIRECTION('',(1.,-0.));
#8642 = ( GEOMETRIC_REPRESENTATION_CONTEXT(2) 
PARAMETRIC_REPRESENTATION_CONTEXT() REPRESENTATION_CONTEXT('2D SPACE',''
  ) );
#8643 = PCURVE('',#8516,#8644);
#8644 = DEFINITIONAL_REPRESENTATION('',(#8645),#8653);
#8645 = ( BOUNDED_CURVE() B_SPLINE_CURVE(2,(#8646,#8647,#8648,#8649,
#8650,#8651,#8652),.UNSPECIFIED.,.T.,.F.) B_SPLINE_CURVE_WITH_KNOTS((1,2
    ,2,2,2,1),(-2.094395102393,0.,2.094395102393,4.188790204786,
6.28318530718,8.377580409573),.UNSPECIFIED.) CURVE() 
GEOMETRIC_REPRESENTATION_ITEM() RATIONAL_B_SPLINE_CURVE((1.,0.5,1.,0.5,
1.,0.5,1.)) REPRESENTATION_ITEM('') );
#8646 = CARTESIAN_POINT('',(-22.14065809379,-41.33142965204));
#8647 = CARTESIAN_POINT('',(-22.14065809379,-42.71707029809));
#8648 = CARTESIAN_POINT('',(-23.34065809379,-42.02424997507));
#8649 = CARTESIAN_POINT('',(-24.54065809379,-41.33142965204));
#8650 = CARTESIAN_POINT('',(-23.34065809379,-40.63860932901));
#8651 = CARTESIAN_POINT('',(-22.14065809379,-39.94578900598));
#8652 = CARTESIAN_POINT('',(-22.14065809379,-41.33142965204));
#8653 = ( GEOMETRIC_REPRESENTATION_CONTEXT(2) 
PARAMETRIC_REPRESENTATION_CONTEXT() REPRESENTATION_CONTEXT('2D SPACE',''
  ) );
#8654 = ORIENTED_EDGE('',*,*,#8476,.F.);
#8655 = ADVANCED_FACE('',(#8656),#6829,.F.);
#8656 = FACE_BOUND('',#8657,.T.);
#8657 = EDGE_LOOP('',(#8658,#8659,#8682,#8710,#8742,#8775,#8807,#8833));
#8658 = ORIENTED_EDGE('',*,*,#6808,.T.);
#8659 = ORIENTED_EDGE('',*,*,#8660,.T.);
#8660 = EDGE_CURVE('',#6809,#8661,#8663,.T.);
#8661 = VERTEX_POINT('',#8662);
#8662 = CARTESIAN_POINT('',(23.2,-41.45,2.8));
#8663 = SEAM_CURVE('',#8664,(#8668,#8675),.PCURVE_S1.);
#8664 = LINE('',#8665,#8666);
#8665 = CARTESIAN_POINT('',(23.2,-41.45,-0.25));
#8666 = VECTOR('',#8667,1.);
#8667 = DIRECTION('',(0.,0.,1.));
#8668 = PCURVE('',#6829,#8669);
#8669 = DEFINITIONAL_REPRESENTATION('',(#8670),#8674);
#8670 = LINE('',#8671,#8672);
#8671 = CARTESIAN_POINT('',(-6.28318530718,0.));
#8672 = VECTOR('',#8673,1.);
#8673 = DIRECTION('',(-0.,-1.));
#8674 = ( GEOMETRIC_REPRESENTATION_CONTEXT(2) 
PARAMETRIC_REPRESENTATION_CONTEXT() REPRESENTATION_CONTEXT('2D SPACE',''
  ) );
#8675 = PCURVE('',#6829,#8676);
#8676 = DEFINITIONAL_REPRESENTATION('',(#8677),#8681);
#8677 = LINE('',#8678,#8679);
#8678 = CARTESIAN_POINT('',(-0.,0.));
#8679 = VECTOR('',#8680,1.);
#8680 = DIRECTION('',(-0.,-1.));
#8681 = ( GEOMETRIC_REPRESENTATION_CONTEXT(2) 
PARAMETRIC_REPRESENTATION_CONTEXT() REPRESENTATION_CONTEXT('2D SPACE',''
  ) );
#8682 = ORIENTED_EDGE('',*,*,#8683,.F.);
#8683 = EDGE_CURVE('',#8684,#8661,#8686,.T.);
#8684 = VERTEX_POINT('',#8685);
#8685 = CARTESIAN_POINT('',(23.,-40.92084973778,2.8));
#8686 = SURFACE_CURVE('',#8687,(#8692,#8699),.PCURVE_S1.);
#8687 = CIRCLE('',#8688,0.8);
#8688 = AXIS2_PLACEMENT_3D('',#8689,#8690,#8691);
#8689 = CARTESIAN_POINT('',(22.4,-41.45,2.8));
#8690 = DIRECTION('',(0.,0.,-1.));
#8691 = DIRECTION('',(1.,0.,0.));
#8692 = PCURVE('',#6829,#8693);
#8693 = DEFINITIONAL_REPRESENTATION('',(#8694),#8698);
#8694 = LINE('',#8695,#8696);
#8695 = CARTESIAN_POINT('',(-6.28318530718,-3.05));
#8696 = VECTOR('',#8697,1.);
#8697 = DIRECTION('',(1.,-0.));
#8698 = ( GEOMETRIC_REPRESENTATION_CONTEXT(2) 
PARAMETRIC_REPRESENTATION_CONTEXT() REPRESENTATION_CONTEXT('2D SPACE',''
  ) );
#8699 = PCURVE('',#8581,#8700);
#8700 = DEFINITIONAL_REPRESENTATION('',(#8701),#8709);
#8701 = ( BOUNDED_CURVE() B_SPLINE_CURVE(2,(#8702,#8703,#8704,#8705,
#8706,#8707,#8708),.UNSPECIFIED.,.T.,.F.) B_SPLINE_CURVE_WITH_KNOTS((1,2
    ,2,2,2,1),(-2.094395102393,0.,2.094395102393,4.188790204786,
6.28318530718,8.377580409573),.UNSPECIFIED.) CURVE() 
GEOMETRIC_REPRESENTATION_ITEM() RATIONAL_B_SPLINE_CURVE((1.,0.5,1.,0.5,
1.,0.5,1.)) REPRESENTATION_ITEM('') );
#8702 = CARTESIAN_POINT('',(23.2,-41.45));
#8703 = CARTESIAN_POINT('',(23.2,-42.83564064605));
#8704 = CARTESIAN_POINT('',(22.,-42.14282032302));
#8705 = CARTESIAN_POINT('',(20.8,-41.45));
#8706 = CARTESIAN_POINT('',(22.,-40.75717967697));
#8707 = CARTESIAN_POINT('',(23.2,-40.06435935394));
#8708 = CARTESIAN_POINT('',(23.2,-41.45));
#8709 = ( GEOMETRIC_REPRESENTATION_CONTEXT(2) 
PARAMETRIC_REPRESENTATION_CONTEXT() REPRESENTATION_CONTEXT('2D SPACE',''
  ) );
#8710 = ORIENTED_EDGE('',*,*,#8711,.F.);
#8711 = EDGE_CURVE('',#8712,#8684,#8714,.T.);
#8712 = VERTEX_POINT('',#8713);
#8713 = CARTESIAN_POINT('',(22.9,-40.82550020016,2.7));
#8714 = SURFACE_CURVE('',#8715,(#8720,#8730),.PCURVE_S1.);
#8715 = ELLIPSE('',#8716,1.131370849898,0.8);
#8716 = AXIS2_PLACEMENT_3D('',#8717,#8718,#8719);
#8717 = CARTESIAN_POINT('',(22.4,-41.45,2.2));
#8718 = DIRECTION('',(0.707106781187,0.,-0.707106781187));
#8719 = DIRECTION('',(-0.707106781187,0.,-0.707106781187));
#8720 = PCURVE('',#6829,#8721);
#8721 = DEFINITIONAL_REPRESENTATION('',(#8722),#8729);
#8722 = B_SPLINE_CURVE_WITH_KNOTS('',5,(#8723,#8724,#8725,#8726,#8727,
    #8728),.UNSPECIFIED.,.F.,.F.,(6,6),(2.230015730207,2.437964750849),
  .PIECEWISE_BEZIER_KNOTS.);
#8723 = CARTESIAN_POINT('',(-0.911576923383,-2.94));
#8724 = CARTESIAN_POINT('',(-0.869987119254,-2.966300413529));
#8725 = CARTESIAN_POINT('',(-0.828397315126,-2.991541379918));
#8726 = CARTESIAN_POINT('',(-0.786807510998,-3.015628115124));
#8727 = CARTESIAN_POINT('',(-0.745217706869,-3.038473509501));
#8728 = CARTESIAN_POINT('',(-0.703627902741,-3.06));
#8729 = ( GEOMETRIC_REPRESENTATION_CONTEXT(2) 
PARAMETRIC_REPRESENTATION_CONTEXT() REPRESENTATION_CONTEXT('2D SPACE',''
  ) );
#8730 = PCURVE('',#8731,#8736);
#8731 = PLANE('',#8732);
#8732 = AXIS2_PLACEMENT_3D('',#8733,#8734,#8735);
#8733 = CARTESIAN_POINT('',(22.9,-42.45,2.7));
#8734 = DIRECTION('',(0.707106781187,0.,-0.707106781187));
#8735 = DIRECTION('',(0.707106781187,-8.659560562355E-17,0.707106781187)
  );
#8736 = DEFINITIONAL_REPRESENTATION('',(#8737),#8741);
#8737 = ELLIPSE('',#8738,1.131370849898,0.8);
#8738 = AXIS2_PLACEMENT_2D('',#8739,#8740);
#8739 = CARTESIAN_POINT('',(-0.707106781187,-1.));
#8740 = DIRECTION('',(-1.,8.659560562355E-17));
#8741 = ( GEOMETRIC_REPRESENTATION_CONTEXT(2) 
PARAMETRIC_REPRESENTATION_CONTEXT() REPRESENTATION_CONTEXT('2D SPACE',''
  ) );
#8742 = ORIENTED_EDGE('',*,*,#8743,.F.);
#8743 = EDGE_CURVE('',#8744,#8712,#8746,.T.);
#8744 = VERTEX_POINT('',#8745);
#8745 = CARTESIAN_POINT('',(22.9,-42.07449979984,2.7));
#8746 = SURFACE_CURVE('',#8747,(#8752,#8759),.PCURVE_S1.);
#8747 = CIRCLE('',#8748,0.8);
#8748 = AXIS2_PLACEMENT_3D('',#8749,#8750,#8751);
#8749 = CARTESIAN_POINT('',(22.4,-41.45,2.7));
#8750 = DIRECTION('',(0.,0.,-1.));
#8751 = DIRECTION('',(1.,0.,0.));
#8752 = PCURVE('',#6829,#8753);
#8753 = DEFINITIONAL_REPRESENTATION('',(#8754),#8758);
#8754 = LINE('',#8755,#8756);
#8755 = CARTESIAN_POINT('',(-6.28318530718,-2.95));
#8756 = VECTOR('',#8757,1.);
#8757 = DIRECTION('',(1.,-0.));
#8758 = ( GEOMETRIC_REPRESENTATION_CONTEXT(2) 
PARAMETRIC_REPRESENTATION_CONTEXT() REPRESENTATION_CONTEXT('2D SPACE',''
  ) );
#8759 = PCURVE('',#8760,#8765);
#8760 = PLANE('',#8761);
#8761 = AXIS2_PLACEMENT_3D('',#8762,#8763,#8764);
#8762 = CARTESIAN_POINT('',(0.540658093797,-0.118570347958,2.7));
#8763 = DIRECTION('',(0.,0.,1.));
#8764 = DIRECTION('',(1.,0.,0.));
#8765 = DEFINITIONAL_REPRESENTATION('',(#8766),#8774);
#8766 = ( BOUNDED_CURVE() B_SPLINE_CURVE(2,(#8767,#8768,#8769,#8770,
#8771,#8772,#8773),.UNSPECIFIED.,.T.,.F.) B_SPLINE_CURVE_WITH_KNOTS((1,2
    ,2,2,2,1),(-2.094395102393,0.,2.094395102393,4.188790204786,
6.28318530718,8.377580409573),.UNSPECIFIED.) CURVE() 
GEOMETRIC_REPRESENTATION_ITEM() RATIONAL_B_SPLINE_CURVE((1.,0.5,1.,0.5,
1.,0.5,1.)) REPRESENTATION_ITEM('') );
#8767 = CARTESIAN_POINT('',(22.659341906203,-41.33142965204));
#8768 = CARTESIAN_POINT('',(22.659341906203,-42.71707029809));
#8769 = CARTESIAN_POINT('',(21.459341906203,-42.02424997507));
#8770 = CARTESIAN_POINT('',(20.259341906203,-41.33142965204));
#8771 = CARTESIAN_POINT('',(21.459341906203,-40.63860932901));
#8772 = CARTESIAN_POINT('',(22.659341906203,-39.94578900598));
#8773 = CARTESIAN_POINT('',(22.659341906203,-41.33142965204));
#8774 = ( GEOMETRIC_REPRESENTATION_CONTEXT(2) 
PARAMETRIC_REPRESENTATION_CONTEXT() REPRESENTATION_CONTEXT('2D SPACE',''
  ) );
#8775 = ORIENTED_EDGE('',*,*,#8776,.F.);
#8776 = EDGE_CURVE('',#8777,#8744,#8779,.T.);
#8777 = VERTEX_POINT('',#8778);
#8778 = CARTESIAN_POINT('',(23.,-41.97915026221,2.8));
#8779 = SURFACE_CURVE('',#8780,(#8785,#8795),.PCURVE_S1.);
#8780 = ELLIPSE('',#8781,1.131370849898,0.8);
#8781 = AXIS2_PLACEMENT_3D('',#8782,#8783,#8784);
#8782 = CARTESIAN_POINT('',(22.4,-41.45,2.2));
#8783 = DIRECTION('',(0.707106781187,0.,-0.707106781187));
#8784 = DIRECTION('',(-0.707106781187,0.,-0.707106781187));
#8785 = PCURVE('',#6829,#8786);
#8786 = DEFINITIONAL_REPRESENTATION('',(#8787),#8794);
#8787 = B_SPLINE_CURVE_WITH_KNOTS('',5,(#8788,#8789,#8790,#8791,#8792,
    #8793),.UNSPECIFIED.,.F.,.F.,(6,6),(3.845220556331,4.053169576972),
  .PIECEWISE_BEZIER_KNOTS.);
#8788 = CARTESIAN_POINT('',(-5.579557404439,-3.06));
#8789 = CARTESIAN_POINT('',(-5.53796760031,-3.038473509501));
#8790 = CARTESIAN_POINT('',(-5.496377796182,-3.015628115124));
#8791 = CARTESIAN_POINT('',(-5.454787992054,-2.991541379918));
#8792 = CARTESIAN_POINT('',(-5.413198187925,-2.966300413529));
#8793 = CARTESIAN_POINT('',(-5.371608383797,-2.94));
#8794 = ( GEOMETRIC_REPRESENTATION_CONTEXT(2) 
PARAMETRIC_REPRESENTATION_CONTEXT() REPRESENTATION_CONTEXT('2D SPACE',''
  ) );
#8795 = PCURVE('',#8796,#8801);
#8796 = PLANE('',#8797);
#8797 = AXIS2_PLACEMENT_3D('',#8798,#8799,#8800);
#8798 = CARTESIAN_POINT('',(22.9,-42.45,2.7));
#8799 = DIRECTION('',(0.707106781187,0.,-0.707106781187));
#8800 = DIRECTION('',(0.707106781187,-8.659560562355E-17,0.707106781187)
  );
#8801 = DEFINITIONAL_REPRESENTATION('',(#8802),#8806);
#8802 = ELLIPSE('',#8803,1.131370849898,0.8);
#8803 = AXIS2_PLACEMENT_2D('',#8804,#8805);
#8804 = CARTESIAN_POINT('',(-0.707106781187,-1.));
#8805 = DIRECTION('',(-1.,8.659560562355E-17));
#8806 = ( GEOMETRIC_REPRESENTATION_CONTEXT(2) 
PARAMETRIC_REPRESENTATION_CONTEXT() REPRESENTATION_CONTEXT('2D SPACE',''
  ) );
#8807 = ORIENTED_EDGE('',*,*,#8808,.F.);
#8808 = EDGE_CURVE('',#8661,#8777,#8809,.T.);
#8809 = SURFACE_CURVE('',#8810,(#8815,#8822),.PCURVE_S1.);
#8810 = CIRCLE('',#8811,0.8);
#8811 = AXIS2_PLACEMENT_3D('',#8812,#8813,#8814);
#8812 = CARTESIAN_POINT('',(22.4,-41.45,2.8));
#8813 = DIRECTION('',(0.,0.,-1.));
#8814 = DIRECTION('',(1.,0.,0.));
#8815 = PCURVE('',#6829,#8816);
#8816 = DEFINITIONAL_REPRESENTATION('',(#8817),#8821);
#8817 = LINE('',#8818,#8819);
#8818 = CARTESIAN_POINT('',(-6.28318530718,-3.05));
#8819 = VECTOR('',#8820,1.);
#8820 = DIRECTION('',(1.,-0.));
#8821 = ( GEOMETRIC_REPRESENTATION_CONTEXT(2) 
PARAMETRIC_REPRESENTATION_CONTEXT() REPRESENTATION_CONTEXT('2D SPACE',''
  ) );
#8822 = PCURVE('',#8581,#8823);
#8823 = DEFINITIONAL_REPRESENTATION('',(#8824),#8832);
#8824 = ( BOUNDED_CURVE() B_SPLINE_CURVE(2,(#8825,#8826,#8827,#8828,
#8829,#8830,#8831),.UNSPECIFIED.,.T.,.F.) B_SPLINE_CURVE_WITH_KNOTS((1,2
    ,2,2,2,1),(-2.094395102393,0.,2.094395102393,4.188790204786,
6.28318530718,8.377580409573),.UNSPECIFIED.) CURVE() 
GEOMETRIC_REPRESENTATION_ITEM() RATIONAL_B_SPLINE_CURVE((1.,0.5,1.,0.5,
1.,0.5,1.)) REPRESENTATION_ITEM('') );
#8825 = CARTESIAN_POINT('',(23.2,-41.45));
#8826 = CARTESIAN_POINT('',(23.2,-42.83564064605));
#8827 = CARTESIAN_POINT('',(22.,-42.14282032302));
#8828 = CARTESIAN_POINT('',(20.8,-41.45));
#8829 = CARTESIAN_POINT('',(22.,-40.75717967697));
#8830 = CARTESIAN_POINT('',(23.2,-40.06435935394));
#8831 = CARTESIAN_POINT('',(23.2,-41.45));
#8832 = ( GEOMETRIC_REPRESENTATION_CONTEXT(2) 
PARAMETRIC_REPRESENTATION_CONTEXT() REPRESENTATION_CONTEXT('2D SPACE',''
  ) );
#8833 = ORIENTED_EDGE('',*,*,#8660,.F.);
#8834 = ADVANCED_FACE('',(#8835),#6868,.F.);
#8835 = FACE_BOUND('',#8836,.T.);
#8836 = EDGE_LOOP('',(#8837,#8838,#8861,#8894,#8926,#8954,#8981,#9007));
#8837 = ORIENTED_EDGE('',*,*,#6847,.T.);
#8838 = ORIENTED_EDGE('',*,*,#8839,.T.);
#8839 = EDGE_CURVE('',#6848,#8840,#8842,.T.);
#8840 = VERTEX_POINT('',#8841);
#8841 = CARTESIAN_POINT('',(-21.6,41.45,2.7));
#8842 = SEAM_CURVE('',#8843,(#8847,#8854),.PCURVE_S1.);
#8843 = LINE('',#8844,#8845);
#8844 = CARTESIAN_POINT('',(-21.6,41.45,-0.25));
#8845 = VECTOR('',#8846,1.);
#8846 = DIRECTION('',(0.,0.,1.));
#8847 = PCURVE('',#6868,#8848);
#8848 = DEFINITIONAL_REPRESENTATION('',(#8849),#8853);
#8849 = LINE('',#8850,#8851);
#8850 = CARTESIAN_POINT('',(-6.28318530718,0.));
#8851 = VECTOR('',#8852,1.);
#8852 = DIRECTION('',(-0.,-1.));
#8853 = ( GEOMETRIC_REPRESENTATION_CONTEXT(2) 
PARAMETRIC_REPRESENTATION_CONTEXT() REPRESENTATION_CONTEXT('2D SPACE',''
  ) );
#8854 = PCURVE('',#6868,#8855);
#8855 = DEFINITIONAL_REPRESENTATION('',(#8856),#8860);
#8856 = LINE('',#8857,#8858);
#8857 = CARTESIAN_POINT('',(-0.,0.));
#8858 = VECTOR('',#8859,1.);
#8859 = DIRECTION('',(-0.,-1.));
#8860 = ( GEOMETRIC_REPRESENTATION_CONTEXT(2) 
PARAMETRIC_REPRESENTATION_CONTEXT() REPRESENTATION_CONTEXT('2D SPACE',''
  ) );
#8861 = ORIENTED_EDGE('',*,*,#8862,.F.);
#8862 = EDGE_CURVE('',#8863,#8840,#8865,.T.);
#8863 = VERTEX_POINT('',#8864);
#8864 = CARTESIAN_POINT('',(-22.9,42.07449979984,2.7));
#8865 = SURFACE_CURVE('',#8866,(#8871,#8878),.PCURVE_S1.);
#8866 = CIRCLE('',#8867,0.8);
#8867 = AXIS2_PLACEMENT_3D('',#8868,#8869,#8870);
#8868 = CARTESIAN_POINT('',(-22.4,41.45,2.7));
#8869 = DIRECTION('',(0.,0.,-1.));
#8870 = DIRECTION('',(1.,0.,0.));
#8871 = PCURVE('',#6868,#8872);
#8872 = DEFINITIONAL_REPRESENTATION('',(#8873),#8877);
#8873 = LINE('',#8874,#8875);
#8874 = CARTESIAN_POINT('',(-6.28318530718,-2.95));
#8875 = VECTOR('',#8876,1.);
#8876 = DIRECTION('',(1.,-0.));
#8877 = ( GEOMETRIC_REPRESENTATION_CONTEXT(2) 
PARAMETRIC_REPRESENTATION_CONTEXT() REPRESENTATION_CONTEXT('2D SPACE',''
  ) );
#8878 = PCURVE('',#8879,#8884);
#8879 = PLANE('',#8880);
#8880 = AXIS2_PLACEMENT_3D('',#8881,#8882,#8883);
#8881 = CARTESIAN_POINT('',(0.540658093797,-0.118570347958,2.7));
#8882 = DIRECTION('',(0.,0.,1.));
#8883 = DIRECTION('',(1.,0.,0.));
#8884 = DEFINITIONAL_REPRESENTATION('',(#8885),#8893);
#8885 = ( BOUNDED_CURVE() B_SPLINE_CURVE(2,(#8886,#8887,#8888,#8889,
#8890,#8891,#8892),.UNSPECIFIED.,.T.,.F.) B_SPLINE_CURVE_WITH_KNOTS((1,2
    ,2,2,2,1),(-2.094395102393,0.,2.094395102393,4.188790204786,
6.28318530718,8.377580409573),.UNSPECIFIED.) CURVE() 
GEOMETRIC_REPRESENTATION_ITEM() RATIONAL_B_SPLINE_CURVE((1.,0.5,1.,0.5,
1.,0.5,1.)) REPRESENTATION_ITEM('') );
#8886 = CARTESIAN_POINT('',(-22.14065809379,41.568570347958));
#8887 = CARTESIAN_POINT('',(-22.14065809379,40.182929701903));
#8888 = CARTESIAN_POINT('',(-23.34065809379,40.87575002493));
#8889 = CARTESIAN_POINT('',(-24.54065809379,41.568570347958));
#8890 = CARTESIAN_POINT('',(-23.34065809379,42.261390670985));
#8891 = CARTESIAN_POINT('',(-22.14065809379,42.954210994013));
#8892 = CARTESIAN_POINT('',(-22.14065809379,41.568570347958));
#8893 = ( GEOMETRIC_REPRESENTATION_CONTEXT(2) 
PARAMETRIC_REPRESENTATION_CONTEXT() REPRESENTATION_CONTEXT('2D SPACE',''
  ) );
#8894 = ORIENTED_EDGE('',*,*,#8895,.F.);
#8895 = EDGE_CURVE('',#8896,#8863,#8898,.T.);
#8896 = VERTEX_POINT('',#8897);
#8897 = CARTESIAN_POINT('',(-23.,41.979150262213,2.8));
#8898 = SURFACE_CURVE('',#8899,(#8904,#8914),.PCURVE_S1.);
#8899 = ELLIPSE('',#8900,1.131370849898,0.8);
#8900 = AXIS2_PLACEMENT_3D('',#8901,#8902,#8903);
#8901 = CARTESIAN_POINT('',(-22.4,41.45,2.2));
#8902 = DIRECTION('',(-0.707106781187,0.,-0.707106781187));
#8903 = DIRECTION('',(0.707106781187,0.,-0.707106781187));
#8904 = PCURVE('',#6868,#8905);
#8905 = DEFINITIONAL_REPRESENTATION('',(#8906),#8913);
#8906 = B_SPLINE_CURVE_WITH_KNOTS('',5,(#8907,#8908,#8909,#8910,#8911,
    #8912),.UNSPECIFIED.,.F.,.F.,(6,6),(3.845220556331,4.053169576972),
  .PIECEWISE_BEZIER_KNOTS.);
#8907 = CARTESIAN_POINT('',(-2.437964750849,-3.06));
#8908 = CARTESIAN_POINT('',(-2.39637494672,-3.038473509501));
#8909 = CARTESIAN_POINT('',(-2.354785142592,-3.015628115124));
#8910 = CARTESIAN_POINT('',(-2.313195338464,-2.991541379918));
#8911 = CARTESIAN_POINT('',(-2.271605534336,-2.966300413529));
#8912 = CARTESIAN_POINT('',(-2.230015730207,-2.94));
#8913 = ( GEOMETRIC_REPRESENTATION_CONTEXT(2) 
PARAMETRIC_REPRESENTATION_CONTEXT() REPRESENTATION_CONTEXT('2D SPACE',''
  ) );
#8914 = PCURVE('',#8915,#8920);
#8915 = PLANE('',#8916);
#8916 = AXIS2_PLACEMENT_3D('',#8917,#8918,#8919);
#8917 = CARTESIAN_POINT('',(-22.9,42.45,2.7));
#8918 = DIRECTION('',(-0.707106781187,0.,-0.707106781187));
#8919 = DIRECTION('',(-0.707106781187,8.659560562355E-17,0.707106781187)
  );
#8920 = DEFINITIONAL_REPRESENTATION('',(#8921),#8925);
#8921 = ELLIPSE('',#8922,1.131370849898,0.8);
#8922 = AXIS2_PLACEMENT_2D('',#8923,#8924);
#8923 = CARTESIAN_POINT('',(-0.707106781187,-1.));
#8924 = DIRECTION('',(-1.,8.659560562355E-17));
#8925 = ( GEOMETRIC_REPRESENTATION_CONTEXT(2) 
PARAMETRIC_REPRESENTATION_CONTEXT() REPRESENTATION_CONTEXT('2D SPACE',''
  ) );
#8926 = ORIENTED_EDGE('',*,*,#8927,.F.);
#8927 = EDGE_CURVE('',#8928,#8896,#8930,.T.);
#8928 = VERTEX_POINT('',#8929);
#8929 = CARTESIAN_POINT('',(-23.,40.920849737787,2.8));
#8930 = SURFACE_CURVE('',#8931,(#8936,#8943),.PCURVE_S1.);
#8931 = CIRCLE('',#8932,0.8);
#8932 = AXIS2_PLACEMENT_3D('',#8933,#8934,#8935);
#8933 = CARTESIAN_POINT('',(-22.4,41.45,2.8));
#8934 = DIRECTION('',(0.,0.,-1.));
#8935 = DIRECTION('',(1.,0.,0.));
#8936 = PCURVE('',#6868,#8937);
#8937 = DEFINITIONAL_REPRESENTATION('',(#8938),#8942);
#8938 = LINE('',#8939,#8940);
#8939 = CARTESIAN_POINT('',(-6.28318530718,-3.05));
#8940 = VECTOR('',#8941,1.);
#8941 = DIRECTION('',(1.,-0.));
#8942 = ( GEOMETRIC_REPRESENTATION_CONTEXT(2) 
PARAMETRIC_REPRESENTATION_CONTEXT() REPRESENTATION_CONTEXT('2D SPACE',''
  ) );
#8943 = PCURVE('',#8581,#8944);
#8944 = DEFINITIONAL_REPRESENTATION('',(#8945),#8953);
#8945 = ( BOUNDED_CURVE() B_SPLINE_CURVE(2,(#8946,#8947,#8948,#8949,
#8950,#8951,#8952),.UNSPECIFIED.,.T.,.F.) B_SPLINE_CURVE_WITH_KNOTS((1,2
    ,2,2,2,1),(-2.094395102393,0.,2.094395102393,4.188790204786,
6.28318530718,8.377580409573),.UNSPECIFIED.) CURVE() 
GEOMETRIC_REPRESENTATION_ITEM() RATIONAL_B_SPLINE_CURVE((1.,0.5,1.,0.5,
1.,0.5,1.)) REPRESENTATION_ITEM('') );
#8946 = CARTESIAN_POINT('',(-21.6,41.45));
#8947 = CARTESIAN_POINT('',(-21.6,40.064359353945));
#8948 = CARTESIAN_POINT('',(-22.8,40.757179676972));
#8949 = CARTESIAN_POINT('',(-24.,41.45));
#8950 = CARTESIAN_POINT('',(-22.8,42.142820323028));
#8951 = CARTESIAN_POINT('',(-21.6,42.835640646055));
#8952 = CARTESIAN_POINT('',(-21.6,41.45));
#8953 = ( GEOMETRIC_REPRESENTATION_CONTEXT(2) 
PARAMETRIC_REPRESENTATION_CONTEXT() REPRESENTATION_CONTEXT('2D SPACE',''
  ) );
#8954 = ORIENTED_EDGE('',*,*,#8955,.F.);
#8955 = EDGE_CURVE('',#8956,#8928,#8958,.T.);
#8956 = VERTEX_POINT('',#8957);
#8957 = CARTESIAN_POINT('',(-22.9,40.82550020016,2.7));
#8958 = SURFACE_CURVE('',#8959,(#8964,#8974),.PCURVE_S1.);
#8959 = ELLIPSE('',#8960,1.131370849898,0.8);
#8960 = AXIS2_PLACEMENT_3D('',#8961,#8962,#8963);
#8961 = CARTESIAN_POINT('',(-22.4,41.45,2.2));
#8962 = DIRECTION('',(-0.707106781187,0.,-0.707106781187));
#8963 = DIRECTION('',(0.707106781187,0.,-0.707106781187));
#8964 = PCURVE('',#6868,#8965);
#8965 = DEFINITIONAL_REPRESENTATION('',(#8966),#8973);
#8966 = B_SPLINE_CURVE_WITH_KNOTS('',5,(#8967,#8968,#8969,#8970,#8971,
    #8972),.UNSPECIFIED.,.F.,.F.,(6,6),(2.230015730207,2.437964750849),
  .PIECEWISE_BEZIER_KNOTS.);
#8967 = CARTESIAN_POINT('',(-4.053169576972,-2.94));
#8968 = CARTESIAN_POINT('',(-4.011579772844,-2.966300413529));
#8969 = CARTESIAN_POINT('',(-3.969989968716,-2.991541379918));
#8970 = CARTESIAN_POINT('',(-3.928400164587,-3.015628115124));
#8971 = CARTESIAN_POINT('',(-3.886810360459,-3.038473509501));
#8972 = CARTESIAN_POINT('',(-3.845220556331,-3.06));
#8973 = ( GEOMETRIC_REPRESENTATION_CONTEXT(2) 
PARAMETRIC_REPRESENTATION_CONTEXT() REPRESENTATION_CONTEXT('2D SPACE',''
  ) );
#8974 = PCURVE('',#8552,#8975);
#8975 = DEFINITIONAL_REPRESENTATION('',(#8976),#8980);
#8976 = ELLIPSE('',#8977,1.131370849898,0.8);
#8977 = AXIS2_PLACEMENT_2D('',#8978,#8979);
#8978 = CARTESIAN_POINT('',(-0.707106781187,-1.));
#8979 = DIRECTION('',(-1.,8.659560562355E-17));
#8980 = ( GEOMETRIC_REPRESENTATION_CONTEXT(2) 
PARAMETRIC_REPRESENTATION_CONTEXT() REPRESENTATION_CONTEXT('2D SPACE',''
  ) );
#8981 = ORIENTED_EDGE('',*,*,#8982,.F.);
#8982 = EDGE_CURVE('',#8840,#8956,#8983,.T.);
#8983 = SURFACE_CURVE('',#8984,(#8989,#8996),.PCURVE_S1.);
#8984 = CIRCLE('',#8985,0.8);
#8985 = AXIS2_PLACEMENT_3D('',#8986,#8987,#8988);
#8986 = CARTESIAN_POINT('',(-22.4,41.45,2.7));
#8987 = DIRECTION('',(0.,0.,-1.));
#8988 = DIRECTION('',(1.,0.,0.));
#8989 = PCURVE('',#6868,#8990);
#8990 = DEFINITIONAL_REPRESENTATION('',(#8991),#8995);
#8991 = LINE('',#8992,#8993);
#8992 = CARTESIAN_POINT('',(-6.28318530718,-2.95));
#8993 = VECTOR('',#8994,1.);
#8994 = DIRECTION('',(1.,-0.));
#8995 = ( GEOMETRIC_REPRESENTATION_CONTEXT(2) 
PARAMETRIC_REPRESENTATION_CONTEXT() REPRESENTATION_CONTEXT('2D SPACE',''
  ) );
#8996 = PCURVE('',#8879,#8997);
#8997 = DEFINITIONAL_REPRESENTATION('',(#8998),#9006);
#8998 = ( BOUNDED_CURVE() B_SPLINE_CURVE(2,(#8999,#9000,#9001,#9002,
#9003,#9004,#9005),.UNSPECIFIED.,.T.,.F.) B_SPLINE_CURVE_WITH_KNOTS((1,2
    ,2,2,2,1),(-2.094395102393,0.,2.094395102393,4.188790204786,
6.28318530718,8.377580409573),.UNSPECIFIED.) CURVE() 
GEOMETRIC_REPRESENTATION_ITEM() RATIONAL_B_SPLINE_CURVE((1.,0.5,1.,0.5,
1.,0.5,1.)) REPRESENTATION_ITEM('') );
#8999 = CARTESIAN_POINT('',(-22.14065809379,41.568570347958));
#9000 = CARTESIAN_POINT('',(-22.14065809379,40.182929701903));
#9001 = CARTESIAN_POINT('',(-23.34065809379,40.87575002493));
#9002 = CARTESIAN_POINT('',(-24.54065809379,41.568570347958));
#9003 = CARTESIAN_POINT('',(-23.34065809379,42.261390670985));
#9004 = CARTESIAN_POINT('',(-22.14065809379,42.954210994013));
#9005 = CARTESIAN_POINT('',(-22.14065809379,41.568570347958));
#9006 = ( GEOMETRIC_REPRESENTATION_CONTEXT(2) 
PARAMETRIC_REPRESENTATION_CONTEXT() REPRESENTATION_CONTEXT('2D SPACE',''
  ) );
#9007 = ORIENTED_EDGE('',*,*,#8839,.F.);
#9008 = ADVANCED_FACE('',(#9009),#6922,.F.);
#9009 = FACE_BOUND('',#9010,.T.);
#9010 = EDGE_LOOP('',(#9011,#9012,#9035,#9063,#9095,#9128,#9160,#9186));
#9011 = ORIENTED_EDGE('',*,*,#6901,.T.);
#9012 = ORIENTED_EDGE('',*,*,#9013,.T.);
#9013 = EDGE_CURVE('',#6902,#9014,#9016,.T.);
#9014 = VERTEX_POINT('',#9015);
#9015 = CARTESIAN_POINT('',(23.2,41.45,2.8));
#9016 = SEAM_CURVE('',#9017,(#9021,#9028),.PCURVE_S1.);
#9017 = LINE('',#9018,#9019);
#9018 = CARTESIAN_POINT('',(23.2,41.45,-0.25));
#9019 = VECTOR('',#9020,1.);
#9020 = DIRECTION('',(0.,0.,1.));
#9021 = PCURVE('',#6922,#9022);
#9022 = DEFINITIONAL_REPRESENTATION('',(#9023),#9027);
#9023 = LINE('',#9024,#9025);
#9024 = CARTESIAN_POINT('',(-6.28318530718,0.));
#9025 = VECTOR('',#9026,1.);
#9026 = DIRECTION('',(-0.,-1.));
#9027 = ( GEOMETRIC_REPRESENTATION_CONTEXT(2) 
PARAMETRIC_REPRESENTATION_CONTEXT() REPRESENTATION_CONTEXT('2D SPACE',''
  ) );
#9028 = PCURVE('',#6922,#9029);
#9029 = DEFINITIONAL_REPRESENTATION('',(#9030),#9034);
#9030 = LINE('',#9031,#9032);
#9031 = CARTESIAN_POINT('',(-0.,0.));
#9032 = VECTOR('',#9033,1.);
#9033 = DIRECTION('',(-0.,-1.));
#9034 = ( GEOMETRIC_REPRESENTATION_CONTEXT(2) 
PARAMETRIC_REPRESENTATION_CONTEXT() REPRESENTATION_CONTEXT('2D SPACE',''
  ) );
#9035 = ORIENTED_EDGE('',*,*,#9036,.F.);
#9036 = EDGE_CURVE('',#9037,#9014,#9039,.T.);
#9037 = VERTEX_POINT('',#9038);
#9038 = CARTESIAN_POINT('',(23.,41.979150262213,2.8));
#9039 = SURFACE_CURVE('',#9040,(#9045,#9052),.PCURVE_S1.);
#9040 = CIRCLE('',#9041,0.8);
#9041 = AXIS2_PLACEMENT_3D('',#9042,#9043,#9044);
#9042 = CARTESIAN_POINT('',(22.4,41.45,2.8));
#9043 = DIRECTION('',(0.,0.,-1.));
#9044 = DIRECTION('',(1.,0.,0.));
#9045 = PCURVE('',#6922,#9046);
#9046 = DEFINITIONAL_REPRESENTATION('',(#9047),#9051);
#9047 = LINE('',#9048,#9049);
#9048 = CARTESIAN_POINT('',(-6.28318530718,-3.05));
#9049 = VECTOR('',#9050,1.);
#9050 = DIRECTION('',(1.,-0.));
#9051 = ( GEOMETRIC_REPRESENTATION_CONTEXT(2) 
PARAMETRIC_REPRESENTATION_CONTEXT() REPRESENTATION_CONTEXT('2D SPACE',''
  ) );
#9052 = PCURVE('',#8581,#9053);
#9053 = DEFINITIONAL_REPRESENTATION('',(#9054),#9062);
#9054 = ( BOUNDED_CURVE() B_SPLINE_CURVE(2,(#9055,#9056,#9057,#9058,
#9059,#9060,#9061),.UNSPECIFIED.,.T.,.F.) B_SPLINE_CURVE_WITH_KNOTS((1,2
    ,2,2,2,1),(-2.094395102393,0.,2.094395102393,4.188790204786,
6.28318530718,8.377580409573),.UNSPECIFIED.) CURVE() 
GEOMETRIC_REPRESENTATION_ITEM() RATIONAL_B_SPLINE_CURVE((1.,0.5,1.,0.5,
1.,0.5,1.)) REPRESENTATION_ITEM('') );
#9055 = CARTESIAN_POINT('',(23.2,41.45));
#9056 = CARTESIAN_POINT('',(23.2,40.064359353945));
#9057 = CARTESIAN_POINT('',(22.,40.757179676972));
#9058 = CARTESIAN_POINT('',(20.8,41.45));
#9059 = CARTESIAN_POINT('',(22.,42.142820323028));
#9060 = CARTESIAN_POINT('',(23.2,42.835640646055));
#9061 = CARTESIAN_POINT('',(23.2,41.45));
#9062 = ( GEOMETRIC_REPRESENTATION_CONTEXT(2) 
PARAMETRIC_REPRESENTATION_CONTEXT() REPRESENTATION_CONTEXT('2D SPACE',''
  ) );
#9063 = ORIENTED_EDGE('',*,*,#9064,.F.);
#9064 = EDGE_CURVE('',#9065,#9037,#9067,.T.);
#9065 = VERTEX_POINT('',#9066);
#9066 = CARTESIAN_POINT('',(22.9,42.07449979984,2.7));
#9067 = SURFACE_CURVE('',#9068,(#9073,#9083),.PCURVE_S1.);
#9068 = ELLIPSE('',#9069,1.131370849898,0.8);
#9069 = AXIS2_PLACEMENT_3D('',#9070,#9071,#9072);
#9070 = CARTESIAN_POINT('',(22.4,41.45,2.2));
#9071 = DIRECTION('',(0.707106781187,0.,-0.707106781187));
#9072 = DIRECTION('',(-0.707106781187,0.,-0.707106781187));
#9073 = PCURVE('',#6922,#9074);
#9074 = DEFINITIONAL_REPRESENTATION('',(#9075),#9082);
#9075 = B_SPLINE_CURVE_WITH_KNOTS('',5,(#9076,#9077,#9078,#9079,#9080,
    #9081),.UNSPECIFIED.,.F.,.F.,(6,6),(2.230015730207,2.437964750849),
  .PIECEWISE_BEZIER_KNOTS.);
#9076 = CARTESIAN_POINT('',(-0.911576923383,-2.94));
#9077 = CARTESIAN_POINT('',(-0.869987119255,-2.966300413529));
#9078 = CARTESIAN_POINT('',(-0.828397315126,-2.991541379918));
#9079 = CARTESIAN_POINT('',(-0.786807510998,-3.015628115124));
#9080 = CARTESIAN_POINT('',(-0.745217706869,-3.038473509501));
#9081 = CARTESIAN_POINT('',(-0.703627902741,-3.06));
#9082 = ( GEOMETRIC_REPRESENTATION_CONTEXT(2) 
PARAMETRIC_REPRESENTATION_CONTEXT() REPRESENTATION_CONTEXT('2D SPACE',''
  ) );
#9083 = PCURVE('',#9084,#9089);
#9084 = PLANE('',#9085);
#9085 = AXIS2_PLACEMENT_3D('',#9086,#9087,#9088);
#9086 = CARTESIAN_POINT('',(22.9,13.55,2.7));
#9087 = DIRECTION('',(0.707106781187,0.,-0.707106781187));
#9088 = DIRECTION('',(0.707106781187,-8.659560562355E-17,0.707106781187)
  );
#9089 = DEFINITIONAL_REPRESENTATION('',(#9090),#9094);
#9090 = ELLIPSE('',#9091,1.131370849898,0.8);
#9091 = AXIS2_PLACEMENT_2D('',#9092,#9093);
#9092 = CARTESIAN_POINT('',(-0.707106781187,-27.9));
#9093 = DIRECTION('',(-1.,8.659560562355E-17));
#9094 = ( GEOMETRIC_REPRESENTATION_CONTEXT(2) 
PARAMETRIC_REPRESENTATION_CONTEXT() REPRESENTATION_CONTEXT('2D SPACE',''
  ) );
#9095 = ORIENTED_EDGE('',*,*,#9096,.F.);
#9096 = EDGE_CURVE('',#9097,#9065,#9099,.T.);
#9097 = VERTEX_POINT('',#9098);
#9098 = CARTESIAN_POINT('',(22.9,40.82550020016,2.7));
#9099 = SURFACE_CURVE('',#9100,(#9105,#9112),.PCURVE_S1.);
#9100 = CIRCLE('',#9101,0.8);
#9101 = AXIS2_PLACEMENT_3D('',#9102,#9103,#9104);
#9102 = CARTESIAN_POINT('',(22.4,41.45,2.7));
#9103 = DIRECTION('',(0.,0.,-1.));
#9104 = DIRECTION('',(1.,0.,0.));
#9105 = PCURVE('',#6922,#9106);
#9106 = DEFINITIONAL_REPRESENTATION('',(#9107),#9111);
#9107 = LINE('',#9108,#9109);
#9108 = CARTESIAN_POINT('',(-6.28318530718,-2.95));
#9109 = VECTOR('',#9110,1.);
#9110 = DIRECTION('',(1.,-0.));
#9111 = ( GEOMETRIC_REPRESENTATION_CONTEXT(2) 
PARAMETRIC_REPRESENTATION_CONTEXT() REPRESENTATION_CONTEXT('2D SPACE',''
  ) );
#9112 = PCURVE('',#9113,#9118);
#9113 = PLANE('',#9114);
#9114 = AXIS2_PLACEMENT_3D('',#9115,#9116,#9117);
#9115 = CARTESIAN_POINT('',(0.540658093797,-0.118570347958,2.7));
#9116 = DIRECTION('',(0.,0.,1.));
#9117 = DIRECTION('',(1.,0.,0.));
#9118 = DEFINITIONAL_REPRESENTATION('',(#9119),#9127);
#9119 = ( BOUNDED_CURVE() B_SPLINE_CURVE(2,(#9120,#9121,#9122,#9123,
#9124,#9125,#9126),.UNSPECIFIED.,.T.,.F.) B_SPLINE_CURVE_WITH_KNOTS((1,2
    ,2,2,2,1),(-2.094395102393,0.,2.094395102393,4.188790204786,
6.28318530718,8.377580409573),.UNSPECIFIED.) CURVE() 
GEOMETRIC_REPRESENTATION_ITEM() RATIONAL_B_SPLINE_CURVE((1.,0.5,1.,0.5,
1.,0.5,1.)) REPRESENTATION_ITEM('') );
#9120 = CARTESIAN_POINT('',(22.659341906203,41.568570347958));
#9121 = CARTESIAN_POINT('',(22.659341906203,40.182929701903));
#9122 = CARTESIAN_POINT('',(21.459341906203,40.87575002493));
#9123 = CARTESIAN_POINT('',(20.259341906203,41.568570347958));
#9124 = CARTESIAN_POINT('',(21.459341906203,42.261390670985));
#9125 = CARTESIAN_POINT('',(22.659341906203,42.954210994013));
#9126 = CARTESIAN_POINT('',(22.659341906203,41.568570347958));
#9127 = ( GEOMETRIC_REPRESENTATION_CONTEXT(2) 
PARAMETRIC_REPRESENTATION_CONTEXT() REPRESENTATION_CONTEXT('2D SPACE',''
  ) );
#9128 = ORIENTED_EDGE('',*,*,#9129,.F.);
#9129 = EDGE_CURVE('',#9130,#9097,#9132,.T.);
#9130 = VERTEX_POINT('',#9131);
#9131 = CARTESIAN_POINT('',(23.,40.920849737787,2.8));
#9132 = SURFACE_CURVE('',#9133,(#9138,#9148),.PCURVE_S1.);
#9133 = ELLIPSE('',#9134,1.131370849898,0.8);
#9134 = AXIS2_PLACEMENT_3D('',#9135,#9136,#9137);
#9135 = CARTESIAN_POINT('',(22.4,41.45,2.2));
#9136 = DIRECTION('',(0.707106781187,0.,-0.707106781187));
#9137 = DIRECTION('',(-0.707106781187,0.,-0.707106781187));
#9138 = PCURVE('',#6922,#9139);
#9139 = DEFINITIONAL_REPRESENTATION('',(#9140),#9147);
#9140 = B_SPLINE_CURVE_WITH_KNOTS('',5,(#9141,#9142,#9143,#9144,#9145,
    #9146),.UNSPECIFIED.,.F.,.F.,(6,6),(3.845220556331,4.053169576973),
  .PIECEWISE_BEZIER_KNOTS.);
#9141 = CARTESIAN_POINT('',(-5.579557404439,-3.06));
#9142 = CARTESIAN_POINT('',(-5.53796760031,-3.038473509501));
#9143 = CARTESIAN_POINT('',(-5.496377796182,-3.015628115124));
#9144 = CARTESIAN_POINT('',(-5.454787992053,-2.991541379918));
#9145 = CARTESIAN_POINT('',(-5.413198187925,-2.966300413529));
#9146 = CARTESIAN_POINT('',(-5.371608383797,-2.94));
#9147 = ( GEOMETRIC_REPRESENTATION_CONTEXT(2) 
PARAMETRIC_REPRESENTATION_CONTEXT() REPRESENTATION_CONTEXT('2D SPACE',''
  ) );
#9148 = PCURVE('',#9149,#9154);
#9149 = PLANE('',#9150);
#9150 = AXIS2_PLACEMENT_3D('',#9151,#9152,#9153);
#9151 = CARTESIAN_POINT('',(22.9,13.55,2.7));
#9152 = DIRECTION('',(0.707106781187,0.,-0.707106781187));
#9153 = DIRECTION('',(0.707106781187,-8.659560562355E-17,0.707106781187)
  );
#9154 = DEFINITIONAL_REPRESENTATION('',(#9155),#9159);
#9155 = ELLIPSE('',#9156,1.131370849898,0.8);
#9156 = AXIS2_PLACEMENT_2D('',#9157,#9158);
#9157 = CARTESIAN_POINT('',(-0.707106781187,-27.9));
#9158 = DIRECTION('',(-1.,8.659560562355E-17));
#9159 = ( GEOMETRIC_REPRESENTATION_CONTEXT(2) 
PARAMETRIC_REPRESENTATION_CONTEXT() REPRESENTATION_CONTEXT('2D SPACE',''
  ) );
#9160 = ORIENTED_EDGE('',*,*,#9161,.F.);
#9161 = EDGE_CURVE('',#9014,#9130,#9162,.T.);
#9162 = SURFACE_CURVE('',#9163,(#9168,#9175),.PCURVE_S1.);
#9163 = CIRCLE('',#9164,0.8);
#9164 = AXIS2_PLACEMENT_3D('',#9165,#9166,#9167);
#9165 = CARTESIAN_POINT('',(22.4,41.45,2.8));
#9166 = DIRECTION('',(0.,0.,-1.));
#9167 = DIRECTION('',(1.,0.,0.));
#9168 = PCURVE('',#6922,#9169);
#9169 = DEFINITIONAL_REPRESENTATION('',(#9170),#9174);
#9170 = LINE('',#9171,#9172);
#9171 = CARTESIAN_POINT('',(-6.28318530718,-3.05));
#9172 = VECTOR('',#9173,1.);
#9173 = DIRECTION('',(1.,-0.));
#9174 = ( GEOMETRIC_REPRESENTATION_CONTEXT(2) 
PARAMETRIC_REPRESENTATION_CONTEXT() REPRESENTATION_CONTEXT('2D SPACE',''
  ) );
#9175 = PCURVE('',#8581,#9176);
#9176 = DEFINITIONAL_REPRESENTATION('',(#9177),#9185);
#9177 = ( BOUNDED_CURVE() B_SPLINE_CURVE(2,(#9178,#9179,#9180,#9181,
#9182,#9183,#9184),.UNSPECIFIED.,.T.,.F.) B_SPLINE_CURVE_WITH_KNOTS((1,2
    ,2,2,2,1),(-2.094395102393,0.,2.094395102393,4.188790204786,
6.28318530718,8.377580409573),.UNSPECIFIED.) CURVE() 
GEOMETRIC_REPRESENTATION_ITEM() RATIONAL_B_SPLINE_CURVE((1.,0.5,1.,0.5,
1.,0.5,1.)) REPRESENTATION_ITEM('') );
#9178 = CARTESIAN_POINT('',(23.2,41.45));
#9179 = CARTESIAN_POINT('',(23.2,40.064359353945));
#9180 = CARTESIAN_POINT('',(22.,40.757179676972));
#9181 = CARTESIAN_POINT('',(20.8,41.45));
#9182 = CARTESIAN_POINT('',(22.,42.142820323028));
#9183 = CARTESIAN_POINT('',(23.2,42.835640646055));
#9184 = CARTESIAN_POINT('',(23.2,41.45));
#9185 = ( GEOMETRIC_REPRESENTATION_CONTEXT(2) 
PARAMETRIC_REPRESENTATION_CONTEXT() REPRESENTATION_CONTEXT('2D SPACE',''
  ) );
#9186 = ORIENTED_EDGE('',*,*,#9013,.F.);
#9187 = ADVANCED_FACE('',(#9188),#7005,.F.);
#9188 = FACE_BOUND('',#9189,.F.);
#9189 = EDGE_LOOP('',(#9190,#9191,#9192,#9213));
#9190 = ORIENTED_EDGE('',*,*,#6989,.T.);
#9191 = ORIENTED_EDGE('',*,*,#7372,.F.);
#9192 = ORIENTED_EDGE('',*,*,#9193,.T.);
#9193 = EDGE_CURVE('',#7373,#7685,#9194,.T.);
#9194 = SURFACE_CURVE('',#9195,(#9199,#9206),.PCURVE_S1.);
#9195 = LINE('',#9196,#9197);
#9196 = CARTESIAN_POINT('',(-25.35,-44.4,3.3));
#9197 = VECTOR('',#9198,1.);
#9198 = DIRECTION('',(1.,0.,0.));
#9199 = PCURVE('',#7005,#9200);
#9200 = DEFINITIONAL_REPRESENTATION('',(#9201),#9205);
#9201 = LINE('',#9202,#9203);
#9202 = CARTESIAN_POINT('',(0.,0.));
#9203 = VECTOR('',#9204,1.);
#9204 = DIRECTION('',(-6.162975822039E-33,-1.));
#9205 = ( GEOMETRIC_REPRESENTATION_CONTEXT(2) 
PARAMETRIC_REPRESENTATION_CONTEXT() REPRESENTATION_CONTEXT('2D SPACE',''
  ) );
#9206 = PCURVE('',#7414,#9207);
#9207 = DEFINITIONAL_REPRESENTATION('',(#9208),#9212);
#9208 = LINE('',#9209,#9210);
#9209 = CARTESIAN_POINT('',(0.,-0.5));
#9210 = VECTOR('',#9211,1.);
#9211 = DIRECTION('',(1.,0.));
#9212 = ( GEOMETRIC_REPRESENTATION_CONTEXT(2) 
PARAMETRIC_REPRESENTATION_CONTEXT() REPRESENTATION_CONTEXT('2D SPACE',''
  ) );
#9213 = ORIENTED_EDGE('',*,*,#7705,.F.);
#9214 = ADVANCED_FACE('',(#9215),#7169,.F.);
#9215 = FACE_BOUND('',#9216,.F.);
#9216 = EDGE_LOOP('',(#9217,#9238,#9239,#9240));
#9217 = ORIENTED_EDGE('',*,*,#9218,.T.);
#9218 = EDGE_CURVE('',#8145,#7293,#9219,.T.);
#9219 = SURFACE_CURVE('',#9220,(#9224,#9231),.PCURVE_S1.);
#9220 = LINE('',#9221,#9222);
#9221 = CARTESIAN_POINT('',(-25.35,44.4,3.3));
#9222 = VECTOR('',#9223,1.);
#9223 = DIRECTION('',(0.,-1.,0.));
#9224 = PCURVE('',#7169,#9225);
#9225 = DEFINITIONAL_REPRESENTATION('',(#9226),#9230);
#9226 = LINE('',#9227,#9228);
#9227 = CARTESIAN_POINT('',(0.,0.));
#9228 = VECTOR('',#9229,1.);
#9229 = DIRECTION('',(-6.162975822039E-33,-1.));
#9230 = ( GEOMETRIC_REPRESENTATION_CONTEXT(2) 
PARAMETRIC_REPRESENTATION_CONTEXT() REPRESENTATION_CONTEXT('2D SPACE',''
  ) );
#9231 = PCURVE('',#7307,#9232);
#9232 = DEFINITIONAL_REPRESENTATION('',(#9233),#9237);
#9233 = LINE('',#9234,#9235);
#9234 = CARTESIAN_POINT('',(0.,-0.5));
#9235 = VECTOR('',#9236,1.);
#9236 = DIRECTION('',(1.,0.));
#9237 = ( GEOMETRIC_REPRESENTATION_CONTEXT(2) 
PARAMETRIC_REPRESENTATION_CONTEXT() REPRESENTATION_CONTEXT('2D SPACE',''
  ) );
#9238 = ORIENTED_EDGE('',*,*,#7318,.F.);
#9239 = ORIENTED_EDGE('',*,*,#7153,.T.);
#9240 = ORIENTED_EDGE('',*,*,#8144,.F.);
#9241 = ADVANCED_FACE('',(#9242),#7254,.T.);
#9242 = FACE_BOUND('',#9243,.T.);
#9243 = EDGE_LOOP('',(#9244,#9265,#9266,#9287));
#9244 = ORIENTED_EDGE('',*,*,#9245,.T.);
#9245 = EDGE_CURVE('',#9246,#7236,#9248,.T.);
#9246 = VERTEX_POINT('',#9247);
#9247 = CARTESIAN_POINT('',(-25.35,-41.45,2.79));
#9248 = SURFACE_CURVE('',#9249,(#9253,#9259),.PCURVE_S1.);
#9249 = LINE('',#9250,#9251);
#9250 = CARTESIAN_POINT('',(-25.35,1.475,2.79));
#9251 = VECTOR('',#9252,1.);
#9252 = DIRECTION('',(-0.,1.,0.));
#9253 = PCURVE('',#7254,#9254);
#9254 = DEFINITIONAL_REPRESENTATION('',(#9255),#9258);
#9255 = B_SPLINE_CURVE_WITH_KNOTS('',1,(#9256,#9257),.UNSPECIFIED.,.F.,
  .F.,(2,2),(-42.925,-39.81493569198),.PIECEWISE_BEZIER_KNOTS.);
#9256 = CARTESIAN_POINT('',(-2.95,1.42108547152E-14));
#9257 = CARTESIAN_POINT('',(-2.95,3.110064308017));
#9258 = ( GEOMETRIC_REPRESENTATION_CONTEXT(2) 
PARAMETRIC_REPRESENTATION_CONTEXT() REPRESENTATION_CONTEXT('2D SPACE',''
  ) );
#9259 = PCURVE('',#7281,#9260);
#9260 = DEFINITIONAL_REPRESENTATION('',(#9261),#9264);
#9261 = B_SPLINE_CURVE_WITH_KNOTS('',1,(#9262,#9263),.UNSPECIFIED.,.F.,
  .F.,(2,2),(-42.925,-39.81493569198),.PIECEWISE_BEZIER_KNOTS.);
#9262 = CARTESIAN_POINT('',(85.85,-1.79));
#9263 = CARTESIAN_POINT('',(82.739935691983,-1.79));
#9264 = ( GEOMETRIC_REPRESENTATION_CONTEXT(2) 
PARAMETRIC_REPRESENTATION_CONTEXT() REPRESENTATION_CONTEXT('2D SPACE',''
  ) );
#9265 = ORIENTED_EDGE('',*,*,#7235,.T.);
#9266 = ORIENTED_EDGE('',*,*,#9267,.T.);
#9267 = EDGE_CURVE('',#7238,#9268,#9270,.T.);
#9268 = VERTEX_POINT('',#9269);
#9269 = CARTESIAN_POINT('',(-22.4,-44.4,2.79));
#9270 = SURFACE_CURVE('',#9271,(#9275,#9281),.PCURVE_S1.);
#9271 = LINE('',#9272,#9273);
#9272 = CARTESIAN_POINT('',(-23.875,-44.4,2.79));
#9273 = VECTOR('',#9274,1.);
#9274 = DIRECTION('',(-1.,0.,0.));
#9275 = PCURVE('',#7254,#9276);
#9276 = DEFINITIONAL_REPRESENTATION('',(#9277),#9280);
#9277 = B_SPLINE_CURVE_WITH_KNOTS('',1,(#9278,#9279),.UNSPECIFIED.,.F.,
  .F.,(2,2),(-4.462055406249,-1.475),.PIECEWISE_BEZIER_KNOTS.);
#9278 = CARTESIAN_POINT('',(2.987055406249,-2.95));
#9279 = CARTESIAN_POINT('',(3.552713678801E-15,-2.95));
#9280 = ( GEOMETRIC_REPRESENTATION_CONTEXT(2) 
PARAMETRIC_REPRESENTATION_CONTEXT() REPRESENTATION_CONTEXT('2D SPACE',''
  ) );
#9281 = PCURVE('',#7438,#9282);
#9282 = DEFINITIONAL_REPRESENTATION('',(#9283),#9286);
#9283 = B_SPLINE_CURVE_WITH_KNOTS('',1,(#9284,#9285),.UNSPECIFIED.,.F.,
  .F.,(2,2),(-4.462055406249,-1.475),.PIECEWISE_BEZIER_KNOTS.);
#9284 = CARTESIAN_POINT('',(5.937055406249,-1.79));
#9285 = CARTESIAN_POINT('',(2.95,-1.79));
#9286 = ( GEOMETRIC_REPRESENTATION_CONTEXT(2) 
PARAMETRIC_REPRESENTATION_CONTEXT() REPRESENTATION_CONTEXT('2D SPACE',''
  ) );
#9287 = ORIENTED_EDGE('',*,*,#9288,.F.);
#9288 = EDGE_CURVE('',#9246,#9268,#9289,.T.);
#9289 = SURFACE_CURVE('',#9290,(#9295,#9302),.PCURVE_S1.);
#9290 = CIRCLE('',#9291,2.95);
#9291 = AXIS2_PLACEMENT_3D('',#9292,#9293,#9294);
#9292 = CARTESIAN_POINT('',(-22.4,-41.45,2.79));
#9293 = DIRECTION('',(0.,0.,1.));
#9294 = DIRECTION('',(0.,-1.,0.));
#9295 = PCURVE('',#7254,#9296);
#9296 = DEFINITIONAL_REPRESENTATION('',(#9297),#9301);
#9297 = CIRCLE('',#9298,2.95);
#9298 = AXIS2_PLACEMENT_2D('',#9299,#9300);
#9299 = CARTESIAN_POINT('',(3.552713678801E-15,7.105427357601E-15));
#9300 = DIRECTION('',(0.,-1.));
#9301 = ( GEOMETRIC_REPRESENTATION_CONTEXT(2) 
PARAMETRIC_REPRESENTATION_CONTEXT() REPRESENTATION_CONTEXT('2D SPACE',''
  ) );
#9302 = PCURVE('',#9303,#9308);
#9303 = CYLINDRICAL_SURFACE('',#9304,2.95);
#9304 = AXIS2_PLACEMENT_3D('',#9305,#9306,#9307);
#9305 = CARTESIAN_POINT('',(-22.4,-41.45,1.));
#9306 = DIRECTION('',(0.,0.,1.));
#9307 = DIRECTION('',(0.,-1.,0.));
#9308 = DEFINITIONAL_REPRESENTATION('',(#9309),#9313);
#9309 = LINE('',#9310,#9311);
#9310 = CARTESIAN_POINT('',(-6.28318530718,1.79));
#9311 = VECTOR('',#9312,1.);
#9312 = DIRECTION('',(1.,-0.));
#9313 = ( GEOMETRIC_REPRESENTATION_CONTEXT(2) 
PARAMETRIC_REPRESENTATION_CONTEXT() REPRESENTATION_CONTEXT('2D SPACE',''
  ) );
#9314 = ADVANCED_FACE('',(#9315),#7438,.F.);
#9315 = FACE_BOUND('',#9316,.F.);
#9316 = EDGE_LOOP('',(#9317,#9318,#9341,#9362));
#9317 = ORIENTED_EDGE('',*,*,#9267,.T.);
#9318 = ORIENTED_EDGE('',*,*,#9319,.T.);
#9319 = EDGE_CURVE('',#9268,#9320,#9322,.T.);
#9320 = VERTEX_POINT('',#9321);
#9321 = CARTESIAN_POINT('',(-22.4,-44.4,2.8));
#9322 = SURFACE_CURVE('',#9323,(#9327,#9334),.PCURVE_S1.);
#9323 = LINE('',#9324,#9325);
#9324 = CARTESIAN_POINT('',(-22.4,-44.4,1.));
#9325 = VECTOR('',#9326,1.);
#9326 = DIRECTION('',(0.,0.,1.));
#9327 = PCURVE('',#7438,#9328);
#9328 = DEFINITIONAL_REPRESENTATION('',(#9329),#9333);
#9329 = LINE('',#9330,#9331);
#9330 = CARTESIAN_POINT('',(2.95,0.));
#9331 = VECTOR('',#9332,1.);
#9332 = DIRECTION('',(0.,-1.));
#9333 = ( GEOMETRIC_REPRESENTATION_CONTEXT(2) 
PARAMETRIC_REPRESENTATION_CONTEXT() REPRESENTATION_CONTEXT('2D SPACE',''
  ) );
#9334 = PCURVE('',#9303,#9335);
#9335 = DEFINITIONAL_REPRESENTATION('',(#9336),#9340);
#9336 = LINE('',#9337,#9338);
#9337 = CARTESIAN_POINT('',(-0.,0.));
#9338 = VECTOR('',#9339,1.);
#9339 = DIRECTION('',(-0.,1.));
#9340 = ( GEOMETRIC_REPRESENTATION_CONTEXT(2) 
PARAMETRIC_REPRESENTATION_CONTEXT() REPRESENTATION_CONTEXT('2D SPACE',''
  ) );
#9341 = ORIENTED_EDGE('',*,*,#9342,.T.);
#9342 = EDGE_CURVE('',#9320,#7400,#9343,.T.);
#9343 = SURFACE_CURVE('',#9344,(#9348,#9355),.PCURVE_S1.);
#9344 = LINE('',#9345,#9346);
#9345 = CARTESIAN_POINT('',(-25.35,-44.4,2.8));
#9346 = VECTOR('',#9347,1.);
#9347 = DIRECTION('',(1.,0.,0.));
#9348 = PCURVE('',#7438,#9349);
#9349 = DEFINITIONAL_REPRESENTATION('',(#9350),#9354);
#9350 = LINE('',#9351,#9352);
#9351 = CARTESIAN_POINT('',(0.,-1.8));
#9352 = VECTOR('',#9353,1.);
#9353 = DIRECTION('',(1.,0.));
#9354 = ( GEOMETRIC_REPRESENTATION_CONTEXT(2) 
PARAMETRIC_REPRESENTATION_CONTEXT() REPRESENTATION_CONTEXT('2D SPACE',''
  ) );
#9355 = PCURVE('',#8581,#9356);
#9356 = DEFINITIONAL_REPRESENTATION('',(#9357),#9361);
#9357 = LINE('',#9358,#9359);
#9358 = CARTESIAN_POINT('',(-25.35,-44.4));
#9359 = VECTOR('',#9360,1.);
#9360 = DIRECTION('',(1.,0.));
#9361 = ( GEOMETRIC_REPRESENTATION_CONTEXT(2) 
PARAMETRIC_REPRESENTATION_CONTEXT() REPRESENTATION_CONTEXT('2D SPACE',''
  ) );
#9362 = ORIENTED_EDGE('',*,*,#7425,.T.);
#9363 = ADVANCED_FACE('',(#9364),#7414,.T.);
#9364 = FACE_BOUND('',#9365,.T.);
#9365 = EDGE_LOOP('',(#9366,#9387,#9388,#9389));
#9366 = ORIENTED_EDGE('',*,*,#9367,.F.);
#9367 = EDGE_CURVE('',#7400,#7659,#9368,.T.);
#9368 = SURFACE_CURVE('',#9369,(#9373,#9380),.PCURVE_S1.);
#9369 = LINE('',#9370,#9371);
#9370 = CARTESIAN_POINT('',(-25.35,-44.4,2.8));
#9371 = VECTOR('',#9372,1.);
#9372 = DIRECTION('',(1.,0.,0.));
#9373 = PCURVE('',#7414,#9374);
#9374 = DEFINITIONAL_REPRESENTATION('',(#9375),#9379);
#9375 = LINE('',#9376,#9377);
#9376 = CARTESIAN_POINT('',(0.,0.));
#9377 = VECTOR('',#9378,1.);
#9378 = DIRECTION('',(1.,0.));
#9379 = ( GEOMETRIC_REPRESENTATION_CONTEXT(2) 
PARAMETRIC_REPRESENTATION_CONTEXT() REPRESENTATION_CONTEXT('2D SPACE',''
  ) );
#9380 = PCURVE('',#8581,#9381);
#9381 = DEFINITIONAL_REPRESENTATION('',(#9382),#9386);
#9382 = LINE('',#9383,#9384);
#9383 = CARTESIAN_POINT('',(-25.35,-44.4));
#9384 = VECTOR('',#9385,1.);
#9385 = DIRECTION('',(1.,0.));
#9386 = ( GEOMETRIC_REPRESENTATION_CONTEXT(2) 
PARAMETRIC_REPRESENTATION_CONTEXT() REPRESENTATION_CONTEXT('2D SPACE',''
  ) );
#9387 = ORIENTED_EDGE('',*,*,#7399,.F.);
#9388 = ORIENTED_EDGE('',*,*,#9193,.T.);
#9389 = ORIENTED_EDGE('',*,*,#7684,.T.);
#9390 = ADVANCED_FACE('',(#9391),#7307,.T.);
#9391 = FACE_BOUND('',#9392,.T.);
#9392 = EDGE_LOOP('',(#9393,#9414,#9415,#9416));
#9393 = ORIENTED_EDGE('',*,*,#9394,.F.);
#9394 = EDGE_CURVE('',#8172,#7267,#9395,.T.);
#9395 = SURFACE_CURVE('',#9396,(#9400,#9407),.PCURVE_S1.);
#9396 = LINE('',#9397,#9398);
#9397 = CARTESIAN_POINT('',(-25.35,44.4,2.8));
#9398 = VECTOR('',#9399,1.);
#9399 = DIRECTION('',(0.,-1.,0.));
#9400 = PCURVE('',#7307,#9401);
#9401 = DEFINITIONAL_REPRESENTATION('',(#9402),#9406);
#9402 = LINE('',#9403,#9404);
#9403 = CARTESIAN_POINT('',(0.,0.));
#9404 = VECTOR('',#9405,1.);
#9405 = DIRECTION('',(1.,0.));
#9406 = ( GEOMETRIC_REPRESENTATION_CONTEXT(2) 
PARAMETRIC_REPRESENTATION_CONTEXT() REPRESENTATION_CONTEXT('2D SPACE',''
  ) );
#9407 = PCURVE('',#8581,#9408);
#9408 = DEFINITIONAL_REPRESENTATION('',(#9409),#9413);
#9409 = LINE('',#9410,#9411);
#9410 = CARTESIAN_POINT('',(-25.35,44.4));
#9411 = VECTOR('',#9412,1.);
#9412 = DIRECTION('',(0.,-1.));
#9413 = ( GEOMETRIC_REPRESENTATION_CONTEXT(2) 
PARAMETRIC_REPRESENTATION_CONTEXT() REPRESENTATION_CONTEXT('2D SPACE',''
  ) );
#9414 = ORIENTED_EDGE('',*,*,#8171,.F.);
#9415 = ORIENTED_EDGE('',*,*,#9218,.T.);
#9416 = ORIENTED_EDGE('',*,*,#7292,.T.);
#9417 = ADVANCED_FACE('',(#9418),#7281,.F.);
#9418 = FACE_BOUND('',#9419,.F.);
#9419 = EDGE_LOOP('',(#9420,#9443,#9444,#9445));
#9420 = ORIENTED_EDGE('',*,*,#9421,.F.);
#9421 = EDGE_CURVE('',#9246,#9422,#9424,.T.);
#9422 = VERTEX_POINT('',#9423);
#9423 = CARTESIAN_POINT('',(-25.35,-41.45,2.8));
#9424 = SURFACE_CURVE('',#9425,(#9429,#9436),.PCURVE_S1.);
#9425 = LINE('',#9426,#9427);
#9426 = CARTESIAN_POINT('',(-25.35,-41.45,1.));
#9427 = VECTOR('',#9428,1.);
#9428 = DIRECTION('',(0.,0.,1.));
#9429 = PCURVE('',#7281,#9430);
#9430 = DEFINITIONAL_REPRESENTATION('',(#9431),#9435);
#9431 = LINE('',#9432,#9433);
#9432 = CARTESIAN_POINT('',(85.85,0.));
#9433 = VECTOR('',#9434,1.);
#9434 = DIRECTION('',(0.,-1.));
#9435 = ( GEOMETRIC_REPRESENTATION_CONTEXT(2) 
PARAMETRIC_REPRESENTATION_CONTEXT() REPRESENTATION_CONTEXT('2D SPACE',''
  ) );
#9436 = PCURVE('',#9303,#9437);
#9437 = DEFINITIONAL_REPRESENTATION('',(#9438),#9442);
#9438 = LINE('',#9439,#9440);
#9439 = CARTESIAN_POINT('',(-1.570796326795,0.));
#9440 = VECTOR('',#9441,1.);
#9441 = DIRECTION('',(-0.,1.));
#9442 = ( GEOMETRIC_REPRESENTATION_CONTEXT(2) 
PARAMETRIC_REPRESENTATION_CONTEXT() REPRESENTATION_CONTEXT('2D SPACE',''
  ) );
#9443 = ORIENTED_EDGE('',*,*,#9245,.T.);
#9444 = ORIENTED_EDGE('',*,*,#7266,.F.);
#9445 = ORIENTED_EDGE('',*,*,#9446,.T.);
#9446 = EDGE_CURVE('',#7267,#9422,#9447,.T.);
#9447 = SURFACE_CURVE('',#9448,(#9452,#9459),.PCURVE_S1.);
#9448 = LINE('',#9449,#9450);
#9449 = CARTESIAN_POINT('',(-25.35,44.4,2.8));
#9450 = VECTOR('',#9451,1.);
#9451 = DIRECTION('',(0.,-1.,0.));
#9452 = PCURVE('',#7281,#9453);
#9453 = DEFINITIONAL_REPRESENTATION('',(#9454),#9458);
#9454 = LINE('',#9455,#9456);
#9455 = CARTESIAN_POINT('',(0.,-1.8));
#9456 = VECTOR('',#9457,1.);
#9457 = DIRECTION('',(1.,0.));
#9458 = ( GEOMETRIC_REPRESENTATION_CONTEXT(2) 
PARAMETRIC_REPRESENTATION_CONTEXT() REPRESENTATION_CONTEXT('2D SPACE',''
  ) );
#9459 = PCURVE('',#8581,#9460);
#9460 = DEFINITIONAL_REPRESENTATION('',(#9461),#9465);
#9461 = LINE('',#9462,#9463);
#9462 = CARTESIAN_POINT('',(-25.35,44.4));
#9463 = VECTOR('',#9464,1.);
#9464 = DIRECTION('',(0.,-1.));
#9465 = ( GEOMETRIC_REPRESENTATION_CONTEXT(2) 
PARAMETRIC_REPRESENTATION_CONTEXT() REPRESENTATION_CONTEXT('2D SPACE',''
  ) );
#9466 = ADVANCED_FACE('',(#9467),#7673,.F.);
#9467 = FACE_BOUND('',#9468,.F.);
#9468 = EDGE_LOOP('',(#9469,#9499,#9518,#9519));
#9469 = ORIENTED_EDGE('',*,*,#9470,.F.);
#9470 = EDGE_CURVE('',#9471,#9473,#9475,.T.);
#9471 = VERTEX_POINT('',#9472);
#9472 = CARTESIAN_POINT('',(22.4,-44.4,2.79));
#9473 = VERTEX_POINT('',#9474);
#9474 = CARTESIAN_POINT('',(22.4,-44.4,2.8));
#9475 = SURFACE_CURVE('',#9476,(#9480,#9487),.PCURVE_S1.);
#9476 = LINE('',#9477,#9478);
#9477 = CARTESIAN_POINT('',(22.4,-44.4,1.));
#9478 = VECTOR('',#9479,1.);
#9479 = DIRECTION('',(0.,0.,1.));
#9480 = PCURVE('',#7673,#9481);
#9481 = DEFINITIONAL_REPRESENTATION('',(#9482),#9486);
#9482 = LINE('',#9483,#9484);
#9483 = CARTESIAN_POINT('',(47.75,0.));
#9484 = VECTOR('',#9485,1.);
#9485 = DIRECTION('',(0.,-1.));
#9486 = ( GEOMETRIC_REPRESENTATION_CONTEXT(2) 
PARAMETRIC_REPRESENTATION_CONTEXT() REPRESENTATION_CONTEXT('2D SPACE',''
  ) );
#9487 = PCURVE('',#9488,#9493);
#9488 = CYLINDRICAL_SURFACE('',#9489,2.95);
#9489 = AXIS2_PLACEMENT_3D('',#9490,#9491,#9492);
#9490 = CARTESIAN_POINT('',(22.4,-41.45,1.));
#9491 = DIRECTION('',(0.,0.,1.));
#9492 = DIRECTION('',(0.,-1.,0.));
#9493 = DEFINITIONAL_REPRESENTATION('',(#9494),#9498);
#9494 = LINE('',#9495,#9496);
#9495 = CARTESIAN_POINT('',(0.,0.));
#9496 = VECTOR('',#9497,1.);
#9497 = DIRECTION('',(0.,1.));
#9498 = ( GEOMETRIC_REPRESENTATION_CONTEXT(2) 
PARAMETRIC_REPRESENTATION_CONTEXT() REPRESENTATION_CONTEXT('2D SPACE',''
  ) );
#9499 = ORIENTED_EDGE('',*,*,#9500,.T.);
#9500 = EDGE_CURVE('',#9471,#7626,#9501,.T.);
#9501 = SURFACE_CURVE('',#9502,(#9506,#9512),.PCURVE_S1.);
#9502 = LINE('',#9503,#9504);
#9503 = CARTESIAN_POINT('',(-23.875,-44.4,2.79));
#9504 = VECTOR('',#9505,1.);
#9505 = DIRECTION('',(-1.,0.,0.));
#9506 = PCURVE('',#7673,#9507);
#9507 = DEFINITIONAL_REPRESENTATION('',(#9508),#9511);
#9508 = B_SPLINE_CURVE_WITH_KNOTS('',1,(#9509,#9510),.UNSPECIFIED.,.F.,
  .F.,(2,2),(-46.275,-43.28794459375),.PIECEWISE_BEZIER_KNOTS.);
#9509 = CARTESIAN_POINT('',(47.75,-1.79));
#9510 = CARTESIAN_POINT('',(44.762944593751,-1.79));
#9511 = ( GEOMETRIC_REPRESENTATION_CONTEXT(2) 
PARAMETRIC_REPRESENTATION_CONTEXT() REPRESENTATION_CONTEXT('2D SPACE',''
  ) );
#9512 = PCURVE('',#7642,#9513);
#9513 = DEFINITIONAL_REPRESENTATION('',(#9514),#9517);
#9514 = B_SPLINE_CURVE_WITH_KNOTS('',1,(#9515,#9516),.UNSPECIFIED.,.F.,
  .F.,(2,2),(-46.275,-43.28794459375),.PIECEWISE_BEZIER_KNOTS.);
#9515 = CARTESIAN_POINT('',(44.8,-2.95));
#9516 = CARTESIAN_POINT('',(41.812944593751,-2.95));
#9517 = ( GEOMETRIC_REPRESENTATION_CONTEXT(2) 
PARAMETRIC_REPRESENTATION_CONTEXT() REPRESENTATION_CONTEXT('2D SPACE',''
  ) );
#9518 = ORIENTED_EDGE('',*,*,#7658,.F.);
#9519 = ORIENTED_EDGE('',*,*,#9520,.T.);
#9520 = EDGE_CURVE('',#7659,#9473,#9521,.T.);
#9521 = SURFACE_CURVE('',#9522,(#9526,#9533),.PCURVE_S1.);
#9522 = LINE('',#9523,#9524);
#9523 = CARTESIAN_POINT('',(-25.35,-44.4,2.8));
#9524 = VECTOR('',#9525,1.);
#9525 = DIRECTION('',(1.,0.,0.));
#9526 = PCURVE('',#7673,#9527);
#9527 = DEFINITIONAL_REPRESENTATION('',(#9528),#9532);
#9528 = LINE('',#9529,#9530);
#9529 = CARTESIAN_POINT('',(0.,-1.8));
#9530 = VECTOR('',#9531,1.);
#9531 = DIRECTION('',(1.,0.));
#9532 = ( GEOMETRIC_REPRESENTATION_CONTEXT(2) 
PARAMETRIC_REPRESENTATION_CONTEXT() REPRESENTATION_CONTEXT('2D SPACE',''
  ) );
#9533 = PCURVE('',#8581,#9534);
#9534 = DEFINITIONAL_REPRESENTATION('',(#9535),#9539);
#9535 = LINE('',#9536,#9537);
#9536 = CARTESIAN_POINT('',(-25.35,-44.4));
#9537 = VECTOR('',#9538,1.);
#9538 = DIRECTION('',(1.,0.));
#9539 = ( GEOMETRIC_REPRESENTATION_CONTEXT(2) 
PARAMETRIC_REPRESENTATION_CONTEXT() REPRESENTATION_CONTEXT('2D SPACE',''
  ) );
#9540 = ADVANCED_FACE('',(#9541),#7642,.T.);
#9541 = FACE_BOUND('',#9542,.T.);
#9542 = EDGE_LOOP('',(#9543,#9544,#9545,#9566));
#9543 = ORIENTED_EDGE('',*,*,#9500,.T.);
#9544 = ORIENTED_EDGE('',*,*,#7625,.F.);
#9545 = ORIENTED_EDGE('',*,*,#9546,.T.);
#9546 = EDGE_CURVE('',#7600,#9547,#9549,.T.);
#9547 = VERTEX_POINT('',#9548);
#9548 = CARTESIAN_POINT('',(25.35,-41.45,2.79));
#9549 = SURFACE_CURVE('',#9550,(#9554,#9560),.PCURVE_S1.);
#9550 = LINE('',#9551,#9552);
#9551 = CARTESIAN_POINT('',(25.35,-42.925,2.79));
#9552 = VECTOR('',#9553,1.);
#9553 = DIRECTION('',(0.,-1.,0.));
#9554 = PCURVE('',#7642,#9555);
#9555 = DEFINITIONAL_REPRESENTATION('',(#9556),#9559);
#9556 = B_SPLINE_CURVE_WITH_KNOTS('',1,(#9557,#9558),.UNSPECIFIED.,.F.,
  .F.,(2,2),(-4.585064308017,-1.475),.PIECEWISE_BEZIER_KNOTS.);
#9557 = CARTESIAN_POINT('',(47.75,3.110064308017));
#9558 = CARTESIAN_POINT('',(47.75,7.105427357601E-15));
#9559 = ( GEOMETRIC_REPRESENTATION_CONTEXT(2) 
PARAMETRIC_REPRESENTATION_CONTEXT() REPRESENTATION_CONTEXT('2D SPACE',''
  ) );
#9560 = PCURVE('',#7614,#9561);
#9561 = DEFINITIONAL_REPRESENTATION('',(#9562),#9565);
#9562 = B_SPLINE_CURVE_WITH_KNOTS('',1,(#9563,#9564),.UNSPECIFIED.,.F.,
  .F.,(2,2),(-4.585064308017,-1.475),.PIECEWISE_BEZIER_KNOTS.);
#9563 = CARTESIAN_POINT('',(6.060064308017,-1.79));
#9564 = CARTESIAN_POINT('',(2.95,-1.79));
#9565 = ( GEOMETRIC_REPRESENTATION_CONTEXT(2) 
PARAMETRIC_REPRESENTATION_CONTEXT() REPRESENTATION_CONTEXT('2D SPACE',''
  ) );
#9566 = ORIENTED_EDGE('',*,*,#9567,.F.);
#9567 = EDGE_CURVE('',#9471,#9547,#9568,.T.);
#9568 = SURFACE_CURVE('',#9569,(#9574,#9581),.PCURVE_S1.);
#9569 = CIRCLE('',#9570,2.95);
#9570 = AXIS2_PLACEMENT_3D('',#9571,#9572,#9573);
#9571 = CARTESIAN_POINT('',(22.4,-41.45,2.79));
#9572 = DIRECTION('',(0.,0.,1.));
#9573 = DIRECTION('',(0.,-1.,0.));
#9574 = PCURVE('',#7642,#9575);
#9575 = DEFINITIONAL_REPRESENTATION('',(#9576),#9580);
#9576 = CIRCLE('',#9577,2.95);
#9577 = AXIS2_PLACEMENT_2D('',#9578,#9579);
#9578 = CARTESIAN_POINT('',(44.8,7.105427357601E-15));
#9579 = DIRECTION('',(0.,-1.));
#9580 = ( GEOMETRIC_REPRESENTATION_CONTEXT(2) 
PARAMETRIC_REPRESENTATION_CONTEXT() REPRESENTATION_CONTEXT('2D SPACE',''
  ) );
#9581 = PCURVE('',#9488,#9582);
#9582 = DEFINITIONAL_REPRESENTATION('',(#9583),#9587);
#9583 = LINE('',#9584,#9585);
#9584 = CARTESIAN_POINT('',(0.,1.79));
#9585 = VECTOR('',#9586,1.);
#9586 = DIRECTION('',(1.,0.));
#9587 = ( GEOMETRIC_REPRESENTATION_CONTEXT(2) 
PARAMETRIC_REPRESENTATION_CONTEXT() REPRESENTATION_CONTEXT('2D SPACE',''
  ) );
#9588 = ADVANCED_FACE('',(#9589),#7614,.F.);
#9589 = FACE_BOUND('',#9590,.F.);
#9590 = EDGE_LOOP('',(#9591,#9592,#9615,#9636));
#9591 = ORIENTED_EDGE('',*,*,#9546,.T.);
#9592 = ORIENTED_EDGE('',*,*,#9593,.T.);
#9593 = EDGE_CURVE('',#9547,#9594,#9596,.T.);
#9594 = VERTEX_POINT('',#9595);
#9595 = CARTESIAN_POINT('',(25.35,-41.45,2.8));
#9596 = SURFACE_CURVE('',#9597,(#9601,#9608),.PCURVE_S1.);
#9597 = LINE('',#9598,#9599);
#9598 = CARTESIAN_POINT('',(25.35,-41.45,1.));
#9599 = VECTOR('',#9600,1.);
#9600 = DIRECTION('',(0.,0.,1.));
#9601 = PCURVE('',#7614,#9602);
#9602 = DEFINITIONAL_REPRESENTATION('',(#9603),#9607);
#9603 = LINE('',#9604,#9605);
#9604 = CARTESIAN_POINT('',(2.95,0.));
#9605 = VECTOR('',#9606,1.);
#9606 = DIRECTION('',(0.,-1.));
#9607 = ( GEOMETRIC_REPRESENTATION_CONTEXT(2) 
PARAMETRIC_REPRESENTATION_CONTEXT() REPRESENTATION_CONTEXT('2D SPACE',''
  ) );
#9608 = PCURVE('',#9488,#9609);
#9609 = DEFINITIONAL_REPRESENTATION('',(#9610),#9614);
#9610 = LINE('',#9611,#9612);
#9611 = CARTESIAN_POINT('',(1.570796326795,0.));
#9612 = VECTOR('',#9613,1.);
#9613 = DIRECTION('',(0.,1.));
#9614 = ( GEOMETRIC_REPRESENTATION_CONTEXT(2) 
PARAMETRIC_REPRESENTATION_CONTEXT() REPRESENTATION_CONTEXT('2D SPACE',''
  ) );
#9615 = ORIENTED_EDGE('',*,*,#9616,.T.);
#9616 = EDGE_CURVE('',#9594,#7574,#9617,.T.);
#9617 = SURFACE_CURVE('',#9618,(#9622,#9629),.PCURVE_S1.);
#9618 = LINE('',#9619,#9620);
#9619 = CARTESIAN_POINT('',(25.35,-44.4,2.8));
#9620 = VECTOR('',#9621,1.);
#9621 = DIRECTION('',(0.,1.,0.));
#9622 = PCURVE('',#7614,#9623);
#9623 = DEFINITIONAL_REPRESENTATION('',(#9624),#9628);
#9624 = LINE('',#9625,#9626);
#9625 = CARTESIAN_POINT('',(0.,-1.8));
#9626 = VECTOR('',#9627,1.);
#9627 = DIRECTION('',(1.,0.));
#9628 = ( GEOMETRIC_REPRESENTATION_CONTEXT(2) 
PARAMETRIC_REPRESENTATION_CONTEXT() REPRESENTATION_CONTEXT('2D SPACE',''
  ) );
#9629 = PCURVE('',#8581,#9630);
#9630 = DEFINITIONAL_REPRESENTATION('',(#9631),#9635);
#9631 = LINE('',#9632,#9633);
#9632 = CARTESIAN_POINT('',(25.35,-44.4));
#9633 = VECTOR('',#9634,1.);
#9634 = DIRECTION('',(0.,1.));
#9635 = ( GEOMETRIC_REPRESENTATION_CONTEXT(2) 
PARAMETRIC_REPRESENTATION_CONTEXT() REPRESENTATION_CONTEXT('2D SPACE',''
  ) );
#9636 = ORIENTED_EDGE('',*,*,#7599,.T.);
#9637 = ADVANCED_FACE('',(#9638),#7588,.T.);
#9638 = FACE_BOUND('',#9639,.T.);
#9639 = EDGE_LOOP('',(#9640,#9661,#9662,#9683));
#9640 = ORIENTED_EDGE('',*,*,#9641,.F.);
#9641 = EDGE_CURVE('',#7574,#8394,#9642,.T.);
#9642 = SURFACE_CURVE('',#9643,(#9647,#9654),.PCURVE_S1.);
#9643 = LINE('',#9644,#9645);
#9644 = CARTESIAN_POINT('',(25.35,-44.4,2.8));
#9645 = VECTOR('',#9646,1.);
#9646 = DIRECTION('',(0.,1.,0.));
#9647 = PCURVE('',#7588,#9648);
#9648 = DEFINITIONAL_REPRESENTATION('',(#9649),#9653);
#9649 = LINE('',#9650,#9651);
#9650 = CARTESIAN_POINT('',(0.,0.));
#9651 = VECTOR('',#9652,1.);
#9652 = DIRECTION('',(1.,0.));
#9653 = ( GEOMETRIC_REPRESENTATION_CONTEXT(2) 
PARAMETRIC_REPRESENTATION_CONTEXT() REPRESENTATION_CONTEXT('2D SPACE',''
  ) );
#9654 = PCURVE('',#8581,#9655);
#9655 = DEFINITIONAL_REPRESENTATION('',(#9656),#9660);
#9656 = LINE('',#9657,#9658);
#9657 = CARTESIAN_POINT('',(25.35,-44.4));
#9658 = VECTOR('',#9659,1.);
#9659 = DIRECTION('',(0.,1.));
#9660 = ( GEOMETRIC_REPRESENTATION_CONTEXT(2) 
PARAMETRIC_REPRESENTATION_CONTEXT() REPRESENTATION_CONTEXT('2D SPACE',''
  ) );
#9661 = ORIENTED_EDGE('',*,*,#7573,.F.);
#9662 = ORIENTED_EDGE('',*,*,#9663,.T.);
#9663 = EDGE_CURVE('',#7542,#8420,#9664,.T.);
#9664 = SURFACE_CURVE('',#9665,(#9669,#9676),.PCURVE_S1.);
#9665 = LINE('',#9666,#9667);
#9666 = CARTESIAN_POINT('',(25.35,-44.4,3.3));
#9667 = VECTOR('',#9668,1.);
#9668 = DIRECTION('',(0.,1.,0.));
#9669 = PCURVE('',#7588,#9670);
#9670 = DEFINITIONAL_REPRESENTATION('',(#9671),#9675);
#9671 = LINE('',#9672,#9673);
#9672 = CARTESIAN_POINT('',(0.,-0.5));
#9673 = VECTOR('',#9674,1.);
#9674 = DIRECTION('',(1.,0.));
#9675 = ( GEOMETRIC_REPRESENTATION_CONTEXT(2) 
PARAMETRIC_REPRESENTATION_CONTEXT() REPRESENTATION_CONTEXT('2D SPACE',''
  ) );
#9676 = PCURVE('',#7561,#9677);
#9677 = DEFINITIONAL_REPRESENTATION('',(#9678),#9682);
#9678 = LINE('',#9679,#9680);
#9679 = CARTESIAN_POINT('',(0.,-0.));
#9680 = VECTOR('',#9681,1.);
#9681 = DIRECTION('',(-6.162975822039E-33,-1.));
#9682 = ( GEOMETRIC_REPRESENTATION_CONTEXT(2) 
PARAMETRIC_REPRESENTATION_CONTEXT() REPRESENTATION_CONTEXT('2D SPACE',''
  ) );
#9683 = ORIENTED_EDGE('',*,*,#8419,.T.);
#9684 = ADVANCED_FACE('',(#9685),#7561,.F.);
#9685 = FACE_BOUND('',#9686,.F.);
#9686 = EDGE_LOOP('',(#9687,#9688,#9689,#9690));
#9687 = ORIENTED_EDGE('',*,*,#9663,.T.);
#9688 = ORIENTED_EDGE('',*,*,#8440,.F.);
#9689 = ORIENTED_EDGE('',*,*,#7817,.T.);
#9690 = ORIENTED_EDGE('',*,*,#7541,.F.);
#9691 = ADVANCED_FACE('',(#9692),#7942,.F.);
#9692 = FACE_BOUND('',#9693,.F.);
#9693 = EDGE_LOOP('',(#9694,#9715,#9716,#9717));
#9694 = ORIENTED_EDGE('',*,*,#9695,.T.);
#9695 = EDGE_CURVE('',#8287,#8065,#9696,.T.);
#9696 = SURFACE_CURVE('',#9697,(#9701,#9708),.PCURVE_S1.);
#9697 = LINE('',#9698,#9699);
#9698 = CARTESIAN_POINT('',(25.35,44.4,3.3));
#9699 = VECTOR('',#9700,1.);
#9700 = DIRECTION('',(-1.,0.,0.));
#9701 = PCURVE('',#7942,#9702);
#9702 = DEFINITIONAL_REPRESENTATION('',(#9703),#9707);
#9703 = LINE('',#9704,#9705);
#9704 = CARTESIAN_POINT('',(0.,0.));
#9705 = VECTOR('',#9706,1.);
#9706 = DIRECTION('',(-6.162975822039E-33,-1.));
#9707 = ( GEOMETRIC_REPRESENTATION_CONTEXT(2) 
PARAMETRIC_REPRESENTATION_CONTEXT() REPRESENTATION_CONTEXT('2D SPACE',''
  ) );
#9708 = PCURVE('',#8079,#9709);
#9709 = DEFINITIONAL_REPRESENTATION('',(#9710),#9714);
#9710 = LINE('',#9711,#9712);
#9711 = CARTESIAN_POINT('',(0.,-0.5));
#9712 = VECTOR('',#9713,1.);
#9713 = DIRECTION('',(1.,0.));
#9714 = ( GEOMETRIC_REPRESENTATION_CONTEXT(2) 
PARAMETRIC_REPRESENTATION_CONTEXT() REPRESENTATION_CONTEXT('2D SPACE',''
  ) );
#9715 = ORIENTED_EDGE('',*,*,#8090,.F.);
#9716 = ORIENTED_EDGE('',*,*,#7926,.T.);
#9717 = ORIENTED_EDGE('',*,*,#8286,.F.);
#9718 = ADVANCED_FACE('',(#9719),#8026,.T.);
#9719 = FACE_BOUND('',#9720,.T.);
#9720 = EDGE_LOOP('',(#9721,#9742,#9743,#9764));
#9721 = ORIENTED_EDGE('',*,*,#9722,.T.);
#9722 = EDGE_CURVE('',#9723,#8008,#9725,.T.);
#9723 = VERTEX_POINT('',#9724);
#9724 = CARTESIAN_POINT('',(-22.4,44.4,2.79));
#9725 = SURFACE_CURVE('',#9726,(#9730,#9736),.PCURVE_S1.);
#9726 = LINE('',#9727,#9728);
#9727 = CARTESIAN_POINT('',(1.475,44.4,2.79));
#9728 = VECTOR('',#9729,1.);
#9729 = DIRECTION('',(1.,0.,-0.));
#9730 = PCURVE('',#8026,#9731);
#9731 = DEFINITIONAL_REPRESENTATION('',(#9732),#9735);
#9732 = B_SPLINE_CURVE_WITH_KNOTS('',1,(#9733,#9734),.UNSPECIFIED.,.F.,
  .F.,(2,2),(-23.875,-20.88794459375),.PIECEWISE_BEZIER_KNOTS.);
#9733 = CARTESIAN_POINT('',(0.,85.85));
#9734 = CARTESIAN_POINT('',(2.987055406249,85.85));
#9735 = ( GEOMETRIC_REPRESENTATION_CONTEXT(2) 
PARAMETRIC_REPRESENTATION_CONTEXT() REPRESENTATION_CONTEXT('2D SPACE',''
  ) );
#9736 = PCURVE('',#8053,#9737);
#9737 = DEFINITIONAL_REPRESENTATION('',(#9738),#9741);
#9738 = B_SPLINE_CURVE_WITH_KNOTS('',1,(#9739,#9740),.UNSPECIFIED.,.F.,
  .F.,(2,2),(-23.875,-20.88794459375),.PIECEWISE_BEZIER_KNOTS.);
#9739 = CARTESIAN_POINT('',(47.75,-1.79));
#9740 = CARTESIAN_POINT('',(44.762944593751,-1.79));
#9741 = ( GEOMETRIC_REPRESENTATION_CONTEXT(2) 
PARAMETRIC_REPRESENTATION_CONTEXT() REPRESENTATION_CONTEXT('2D SPACE',''
  ) );
#9742 = ORIENTED_EDGE('',*,*,#8007,.T.);
#9743 = ORIENTED_EDGE('',*,*,#9744,.T.);
#9744 = EDGE_CURVE('',#8010,#9745,#9747,.T.);
#9745 = VERTEX_POINT('',#9746);
#9746 = CARTESIAN_POINT('',(-25.35,41.45,2.79));
#9747 = SURFACE_CURVE('',#9748,(#9752,#9758),.PCURVE_S1.);
#9748 = LINE('',#9749,#9750);
#9749 = CARTESIAN_POINT('',(-25.35,1.475,2.79));
#9750 = VECTOR('',#9751,1.);
#9751 = DIRECTION('',(-0.,1.,0.));
#9752 = PCURVE('',#8026,#9753);
#9753 = DEFINITIONAL_REPRESENTATION('',(#9754),#9757);
#9754 = B_SPLINE_CURVE_WITH_KNOTS('',1,(#9755,#9756),.UNSPECIFIED.,.F.,
  .F.,(2,2),(36.864935691983,39.975),.PIECEWISE_BEZIER_KNOTS.);
#9755 = CARTESIAN_POINT('',(-2.95,79.789935691983));
#9756 = CARTESIAN_POINT('',(-2.95,82.9));
#9757 = ( GEOMETRIC_REPRESENTATION_CONTEXT(2) 
PARAMETRIC_REPRESENTATION_CONTEXT() REPRESENTATION_CONTEXT('2D SPACE',''
  ) );
#9758 = PCURVE('',#8205,#9759);
#9759 = DEFINITIONAL_REPRESENTATION('',(#9760),#9763);
#9760 = B_SPLINE_CURVE_WITH_KNOTS('',1,(#9761,#9762),.UNSPECIFIED.,.F.,
  .F.,(2,2),(36.864935691983,39.975),.PIECEWISE_BEZIER_KNOTS.);
#9761 = CARTESIAN_POINT('',(6.060064308017,-1.79));
#9762 = CARTESIAN_POINT('',(2.95,-1.79));
#9763 = ( GEOMETRIC_REPRESENTATION_CONTEXT(2) 
PARAMETRIC_REPRESENTATION_CONTEXT() REPRESENTATION_CONTEXT('2D SPACE',''
  ) );
#9764 = ORIENTED_EDGE('',*,*,#9765,.F.);
#9765 = EDGE_CURVE('',#9723,#9745,#9766,.T.);
#9766 = SURFACE_CURVE('',#9767,(#9772,#9779),.PCURVE_S1.);
#9767 = CIRCLE('',#9768,2.95);
#9768 = AXIS2_PLACEMENT_3D('',#9769,#9770,#9771);
#9769 = CARTESIAN_POINT('',(-22.4,41.45,2.79));
#9770 = DIRECTION('',(0.,0.,1.));
#9771 = DIRECTION('',(-0.,1.,0.));
#9772 = PCURVE('',#8026,#9773);
#9773 = DEFINITIONAL_REPRESENTATION('',(#9774),#9778);
#9774 = CIRCLE('',#9775,2.95);
#9775 = AXIS2_PLACEMENT_2D('',#9776,#9777);
#9776 = CARTESIAN_POINT('',(3.552713678801E-15,82.9));
#9777 = DIRECTION('',(0.,1.));
#9778 = ( GEOMETRIC_REPRESENTATION_CONTEXT(2) 
PARAMETRIC_REPRESENTATION_CONTEXT() REPRESENTATION_CONTEXT('2D SPACE',''
  ) );
#9779 = PCURVE('',#9780,#9785);
#9780 = CYLINDRICAL_SURFACE('',#9781,2.95);
#9781 = AXIS2_PLACEMENT_3D('',#9782,#9783,#9784);
#9782 = CARTESIAN_POINT('',(-22.4,41.45,1.));
#9783 = DIRECTION('',(0.,0.,1.));
#9784 = DIRECTION('',(-0.,1.,0.));
#9785 = DEFINITIONAL_REPRESENTATION('',(#9786),#9790);
#9786 = LINE('',#9787,#9788);
#9787 = CARTESIAN_POINT('',(0.,1.79));
#9788 = VECTOR('',#9789,1.);
#9789 = DIRECTION('',(1.,0.));
#9790 = ( GEOMETRIC_REPRESENTATION_CONTEXT(2) 
PARAMETRIC_REPRESENTATION_CONTEXT() REPRESENTATION_CONTEXT('2D SPACE',''
  ) );
#9791 = ADVANCED_FACE('',(#9792),#8205,.F.);
#9792 = FACE_BOUND('',#9793,.F.);
#9793 = EDGE_LOOP('',(#9794,#9795,#9818,#9839));
#9794 = ORIENTED_EDGE('',*,*,#9744,.T.);
#9795 = ORIENTED_EDGE('',*,*,#9796,.T.);
#9796 = EDGE_CURVE('',#9745,#9797,#9799,.T.);
#9797 = VERTEX_POINT('',#9798);
#9798 = CARTESIAN_POINT('',(-25.35,41.45,2.8));
#9799 = SURFACE_CURVE('',#9800,(#9804,#9811),.PCURVE_S1.);
#9800 = LINE('',#9801,#9802);
#9801 = CARTESIAN_POINT('',(-25.35,41.45,1.));
#9802 = VECTOR('',#9803,1.);
#9803 = DIRECTION('',(0.,0.,1.));
#9804 = PCURVE('',#8205,#9805);
#9805 = DEFINITIONAL_REPRESENTATION('',(#9806),#9810);
#9806 = LINE('',#9807,#9808);
#9807 = CARTESIAN_POINT('',(2.95,0.));
#9808 = VECTOR('',#9809,1.);
#9809 = DIRECTION('',(0.,-1.));
#9810 = ( GEOMETRIC_REPRESENTATION_CONTEXT(2) 
PARAMETRIC_REPRESENTATION_CONTEXT() REPRESENTATION_CONTEXT('2D SPACE',''
  ) );
#9811 = PCURVE('',#9780,#9812);
#9812 = DEFINITIONAL_REPRESENTATION('',(#9813),#9817);
#9813 = LINE('',#9814,#9815);
#9814 = CARTESIAN_POINT('',(1.570796326795,0.));
#9815 = VECTOR('',#9816,1.);
#9816 = DIRECTION('',(0.,1.));
#9817 = ( GEOMETRIC_REPRESENTATION_CONTEXT(2) 
PARAMETRIC_REPRESENTATION_CONTEXT() REPRESENTATION_CONTEXT('2D SPACE',''
  ) );
#9818 = ORIENTED_EDGE('',*,*,#9819,.T.);
#9819 = EDGE_CURVE('',#9797,#8172,#9820,.T.);
#9820 = SURFACE_CURVE('',#9821,(#9825,#9832),.PCURVE_S1.);
#9821 = LINE('',#9822,#9823);
#9822 = CARTESIAN_POINT('',(-25.35,44.4,2.8));
#9823 = VECTOR('',#9824,1.);
#9824 = DIRECTION('',(0.,-1.,0.));
#9825 = PCURVE('',#8205,#9826);
#9826 = DEFINITIONAL_REPRESENTATION('',(#9827),#9831);
#9827 = LINE('',#9828,#9829);
#9828 = CARTESIAN_POINT('',(0.,-1.8));
#9829 = VECTOR('',#9830,1.);
#9830 = DIRECTION('',(1.,0.));
#9831 = ( GEOMETRIC_REPRESENTATION_CONTEXT(2) 
PARAMETRIC_REPRESENTATION_CONTEXT() REPRESENTATION_CONTEXT('2D SPACE',''
  ) );
#9832 = PCURVE('',#8581,#9833);
#9833 = DEFINITIONAL_REPRESENTATION('',(#9834),#9838);
#9834 = LINE('',#9835,#9836);
#9835 = CARTESIAN_POINT('',(-25.35,44.4));
#9836 = VECTOR('',#9837,1.);
#9837 = DIRECTION('',(0.,-1.));
#9838 = ( GEOMETRIC_REPRESENTATION_CONTEXT(2) 
PARAMETRIC_REPRESENTATION_CONTEXT() REPRESENTATION_CONTEXT('2D SPACE',''
  ) );
#9839 = ORIENTED_EDGE('',*,*,#8192,.T.);
#9840 = ADVANCED_FACE('',(#9841),#8079,.T.);
#9841 = FACE_BOUND('',#9842,.T.);
#9842 = EDGE_LOOP('',(#9843,#9864,#9865,#9866));
#9843 = ORIENTED_EDGE('',*,*,#9844,.F.);
#9844 = EDGE_CURVE('',#8314,#8039,#9845,.T.);
#9845 = SURFACE_CURVE('',#9846,(#9850,#9857),.PCURVE_S1.);
#9846 = LINE('',#9847,#9848);
#9847 = CARTESIAN_POINT('',(25.35,44.4,2.8));
#9848 = VECTOR('',#9849,1.);
#9849 = DIRECTION('',(-1.,0.,0.));
#9850 = PCURVE('',#8079,#9851);
#9851 = DEFINITIONAL_REPRESENTATION('',(#9852),#9856);
#9852 = LINE('',#9853,#9854);
#9853 = CARTESIAN_POINT('',(0.,-0.));
#9854 = VECTOR('',#9855,1.);
#9855 = DIRECTION('',(1.,0.));
#9856 = ( GEOMETRIC_REPRESENTATION_CONTEXT(2) 
PARAMETRIC_REPRESENTATION_CONTEXT() REPRESENTATION_CONTEXT('2D SPACE',''
  ) );
#9857 = PCURVE('',#8581,#9858);
#9858 = DEFINITIONAL_REPRESENTATION('',(#9859),#9863);
#9859 = LINE('',#9860,#9861);
#9860 = CARTESIAN_POINT('',(25.35,44.4));
#9861 = VECTOR('',#9862,1.);
#9862 = DIRECTION('',(-1.,0.));
#9863 = ( GEOMETRIC_REPRESENTATION_CONTEXT(2) 
PARAMETRIC_REPRESENTATION_CONTEXT() REPRESENTATION_CONTEXT('2D SPACE',''
  ) );
#9864 = ORIENTED_EDGE('',*,*,#8313,.F.);
#9865 = ORIENTED_EDGE('',*,*,#9695,.T.);
#9866 = ORIENTED_EDGE('',*,*,#8064,.T.);
#9867 = ADVANCED_FACE('',(#9868),#8053,.F.);
#9868 = FACE_BOUND('',#9869,.F.);
#9869 = EDGE_LOOP('',(#9870,#9893,#9894,#9895));
#9870 = ORIENTED_EDGE('',*,*,#9871,.F.);
#9871 = EDGE_CURVE('',#9723,#9872,#9874,.T.);
#9872 = VERTEX_POINT('',#9873);
#9873 = CARTESIAN_POINT('',(-22.4,44.4,2.8));
#9874 = SURFACE_CURVE('',#9875,(#9879,#9886),.PCURVE_S1.);
#9875 = LINE('',#9876,#9877);
#9876 = CARTESIAN_POINT('',(-22.4,44.4,1.));
#9877 = VECTOR('',#9878,1.);
#9878 = DIRECTION('',(0.,0.,1.));
#9879 = PCURVE('',#8053,#9880);
#9880 = DEFINITIONAL_REPRESENTATION('',(#9881),#9885);
#9881 = LINE('',#9882,#9883);
#9882 = CARTESIAN_POINT('',(47.75,0.));
#9883 = VECTOR('',#9884,1.);
#9884 = DIRECTION('',(0.,-1.));
#9885 = ( GEOMETRIC_REPRESENTATION_CONTEXT(2) 
PARAMETRIC_REPRESENTATION_CONTEXT() REPRESENTATION_CONTEXT('2D SPACE',''
  ) );
#9886 = PCURVE('',#9780,#9887);
#9887 = DEFINITIONAL_REPRESENTATION('',(#9888),#9892);
#9888 = LINE('',#9889,#9890);
#9889 = CARTESIAN_POINT('',(0.,0.));
#9890 = VECTOR('',#9891,1.);
#9891 = DIRECTION('',(0.,1.));
#9892 = ( GEOMETRIC_REPRESENTATION_CONTEXT(2) 
PARAMETRIC_REPRESENTATION_CONTEXT() REPRESENTATION_CONTEXT('2D SPACE',''
  ) );
#9893 = ORIENTED_EDGE('',*,*,#9722,.T.);
#9894 = ORIENTED_EDGE('',*,*,#8038,.F.);
#9895 = ORIENTED_EDGE('',*,*,#9896,.T.);
#9896 = EDGE_CURVE('',#8039,#9872,#9897,.T.);
#9897 = SURFACE_CURVE('',#9898,(#9902,#9909),.PCURVE_S1.);
#9898 = LINE('',#9899,#9900);
#9899 = CARTESIAN_POINT('',(25.35,44.4,2.8));
#9900 = VECTOR('',#9901,1.);
#9901 = DIRECTION('',(-1.,0.,0.));
#9902 = PCURVE('',#8053,#9903);
#9903 = DEFINITIONAL_REPRESENTATION('',(#9904),#9908);
#9904 = LINE('',#9905,#9906);
#9905 = CARTESIAN_POINT('',(0.,-1.8));
#9906 = VECTOR('',#9907,1.);
#9907 = DIRECTION('',(1.,0.));
#9908 = ( GEOMETRIC_REPRESENTATION_CONTEXT(2) 
PARAMETRIC_REPRESENTATION_CONTEXT() REPRESENTATION_CONTEXT('2D SPACE',''
  ) );
#9909 = PCURVE('',#8581,#9910);
#9910 = DEFINITIONAL_REPRESENTATION('',(#9911),#9915);
#9911 = LINE('',#9912,#9913);
#9912 = CARTESIAN_POINT('',(25.35,44.4));
#9913 = VECTOR('',#9914,1.);
#9914 = DIRECTION('',(-1.,0.));
#9915 = ( GEOMETRIC_REPRESENTATION_CONTEXT(2) 
PARAMETRIC_REPRESENTATION_CONTEXT() REPRESENTATION_CONTEXT('2D SPACE',''
  ) );
#9916 = ADVANCED_FACE('',(#9917),#8408,.F.);
#9917 = FACE_BOUND('',#9918,.F.);
#9918 = EDGE_LOOP('',(#9919,#9949,#9968,#9969));
#9919 = ORIENTED_EDGE('',*,*,#9920,.F.);
#9920 = EDGE_CURVE('',#9921,#9923,#9925,.T.);
#9921 = VERTEX_POINT('',#9922);
#9922 = CARTESIAN_POINT('',(25.35,41.45,2.79));
#9923 = VERTEX_POINT('',#9924);
#9924 = CARTESIAN_POINT('',(25.35,41.45,2.8));
#9925 = SURFACE_CURVE('',#9926,(#9930,#9937),.PCURVE_S1.);
#9926 = LINE('',#9927,#9928);
#9927 = CARTESIAN_POINT('',(25.35,41.45,1.));
#9928 = VECTOR('',#9929,1.);
#9929 = DIRECTION('',(0.,0.,1.));
#9930 = PCURVE('',#8408,#9931);
#9931 = DEFINITIONAL_REPRESENTATION('',(#9932),#9936);
#9932 = LINE('',#9933,#9934);
#9933 = CARTESIAN_POINT('',(85.85,0.));
#9934 = VECTOR('',#9935,1.);
#9935 = DIRECTION('',(0.,-1.));
#9936 = ( GEOMETRIC_REPRESENTATION_CONTEXT(2) 
PARAMETRIC_REPRESENTATION_CONTEXT() REPRESENTATION_CONTEXT('2D SPACE',''
  ) );
#9937 = PCURVE('',#9938,#9943);
#9938 = CYLINDRICAL_SURFACE('',#9939,2.95);
#9939 = AXIS2_PLACEMENT_3D('',#9940,#9941,#9942);
#9940 = CARTESIAN_POINT('',(22.4,41.45,1.));
#9941 = DIRECTION('',(0.,0.,1.));
#9942 = DIRECTION('',(1.,0.,-0.));
#9943 = DEFINITIONAL_REPRESENTATION('',(#9944),#9948);
#9944 = LINE('',#9945,#9946);
#9945 = CARTESIAN_POINT('',(0.,0.));
#9946 = VECTOR('',#9947,1.);
#9947 = DIRECTION('',(0.,1.));
#9948 = ( GEOMETRIC_REPRESENTATION_CONTEXT(2) 
PARAMETRIC_REPRESENTATION_CONTEXT() REPRESENTATION_CONTEXT('2D SPACE',''
  ) );
#9949 = ORIENTED_EDGE('',*,*,#9950,.T.);
#9950 = EDGE_CURVE('',#9921,#8361,#9951,.T.);
#9951 = SURFACE_CURVE('',#9952,(#9956,#9962),.PCURVE_S1.);
#9952 = LINE('',#9953,#9954);
#9953 = CARTESIAN_POINT('',(25.35,-42.925,2.79));
#9954 = VECTOR('',#9955,1.);
#9955 = DIRECTION('',(0.,-1.,0.));
#9956 = PCURVE('',#8408,#9957);
#9957 = DEFINITIONAL_REPRESENTATION('',(#9958),#9961);
#9958 = B_SPLINE_CURVE_WITH_KNOTS('',1,(#9959,#9960),.UNSPECIFIED.,.F.,
  .F.,(2,2),(-84.375,-81.26493569198),.PIECEWISE_BEZIER_KNOTS.);
#9959 = CARTESIAN_POINT('',(85.85,-1.79));
#9960 = CARTESIAN_POINT('',(82.739935691983,-1.79));
#9961 = ( GEOMETRIC_REPRESENTATION_CONTEXT(2) 
PARAMETRIC_REPRESENTATION_CONTEXT() REPRESENTATION_CONTEXT('2D SPACE',''
  ) );
#9962 = PCURVE('',#8377,#9963);
#9963 = DEFINITIONAL_REPRESENTATION('',(#9964),#9967);
#9964 = B_SPLINE_CURVE_WITH_KNOTS('',1,(#9965,#9966),.UNSPECIFIED.,.F.,
  .F.,(2,2),(-84.375,-81.26493569198),.PIECEWISE_BEZIER_KNOTS.);
#9965 = CARTESIAN_POINT('',(47.75,82.9));
#9966 = CARTESIAN_POINT('',(47.75,79.789935691983));
#9967 = ( GEOMETRIC_REPRESENTATION_CONTEXT(2) 
PARAMETRIC_REPRESENTATION_CONTEXT() REPRESENTATION_CONTEXT('2D SPACE',''
  ) );
#9968 = ORIENTED_EDGE('',*,*,#8393,.F.);
#9969 = ORIENTED_EDGE('',*,*,#9970,.T.);
#9970 = EDGE_CURVE('',#8394,#9923,#9971,.T.);
#9971 = SURFACE_CURVE('',#9972,(#9976,#9983),.PCURVE_S1.);
#9972 = LINE('',#9973,#9974);
#9973 = CARTESIAN_POINT('',(25.35,-44.4,2.8));
#9974 = VECTOR('',#9975,1.);
#9975 = DIRECTION('',(0.,1.,0.));
#9976 = PCURVE('',#8408,#9977);
#9977 = DEFINITIONAL_REPRESENTATION('',(#9978),#9982);
#9978 = LINE('',#9979,#9980);
#9979 = CARTESIAN_POINT('',(0.,-1.8));
#9980 = VECTOR('',#9981,1.);
#9981 = DIRECTION('',(1.,0.));
#9982 = ( GEOMETRIC_REPRESENTATION_CONTEXT(2) 
PARAMETRIC_REPRESENTATION_CONTEXT() REPRESENTATION_CONTEXT('2D SPACE',''
  ) );
#9983 = PCURVE('',#8581,#9984);
#9984 = DEFINITIONAL_REPRESENTATION('',(#9985),#9989);
#9985 = LINE('',#9986,#9987);
#9986 = CARTESIAN_POINT('',(25.35,-44.4));
#9987 = VECTOR('',#9988,1.);
#9988 = DIRECTION('',(0.,1.));
#9989 = ( GEOMETRIC_REPRESENTATION_CONTEXT(2) 
PARAMETRIC_REPRESENTATION_CONTEXT() REPRESENTATION_CONTEXT('2D SPACE',''
  ) );
#9990 = ADVANCED_FACE('',(#9991),#8377,.T.);
#9991 = FACE_BOUND('',#9992,.T.);
#9992 = EDGE_LOOP('',(#9993,#9994,#9995,#10016));
#9993 = ORIENTED_EDGE('',*,*,#9950,.T.);
#9994 = ORIENTED_EDGE('',*,*,#8360,.F.);
#9995 = ORIENTED_EDGE('',*,*,#9996,.T.);
#9996 = EDGE_CURVE('',#8335,#9997,#9999,.T.);
#9997 = VERTEX_POINT('',#9998);
#9998 = CARTESIAN_POINT('',(22.4,44.4,2.79));
#9999 = SURFACE_CURVE('',#10000,(#10004,#10010),.PCURVE_S1.);
#10000 = LINE('',#10001,#10002);
#10001 = CARTESIAN_POINT('',(1.475,44.4,2.79));
#10002 = VECTOR('',#10003,1.);
#10003 = DIRECTION('',(1.,0.,-0.));
#10004 = PCURVE('',#8377,#10005);
#10005 = DEFINITIONAL_REPRESENTATION('',(#10006),#10009);
#10006 = B_SPLINE_CURVE_WITH_KNOTS('',1,(#10007,#10008),.UNSPECIFIED.,
  .F.,.F.,(2,2),(17.937944593751,20.925),.PIECEWISE_BEZIER_KNOTS.);
#10007 = CARTESIAN_POINT('',(41.812944593751,85.85));
#10008 = CARTESIAN_POINT('',(44.8,85.85));
#10009 = ( GEOMETRIC_REPRESENTATION_CONTEXT(2) 
PARAMETRIC_REPRESENTATION_CONTEXT() REPRESENTATION_CONTEXT('2D SPACE',''
  ) );
#10010 = PCURVE('',#8349,#10011);
#10011 = DEFINITIONAL_REPRESENTATION('',(#10012),#10015);
#10012 = B_SPLINE_CURVE_WITH_KNOTS('',1,(#10013,#10014),.UNSPECIFIED.,
  .F.,.F.,(2,2),(17.937944593751,20.925),.PIECEWISE_BEZIER_KNOTS.);
#10013 = CARTESIAN_POINT('',(5.937055406249,-1.79));
#10014 = CARTESIAN_POINT('',(2.95,-1.79));
#10015 = ( GEOMETRIC_REPRESENTATION_CONTEXT(2) 
PARAMETRIC_REPRESENTATION_CONTEXT() REPRESENTATION_CONTEXT('2D SPACE',''
  ) );
#10016 = ORIENTED_EDGE('',*,*,#10017,.F.);
#10017 = EDGE_CURVE('',#9921,#9997,#10018,.T.);
#10018 = SURFACE_CURVE('',#10019,(#10024,#10031),.PCURVE_S1.);
#10019 = CIRCLE('',#10020,2.95);
#10020 = AXIS2_PLACEMENT_3D('',#10021,#10022,#10023);
#10021 = CARTESIAN_POINT('',(22.4,41.45,2.79));
#10022 = DIRECTION('',(0.,0.,1.));
#10023 = DIRECTION('',(1.,0.,-0.));
#10024 = PCURVE('',#8377,#10025);
#10025 = DEFINITIONAL_REPRESENTATION('',(#10026),#10030);
#10026 = CIRCLE('',#10027,2.95);
#10027 = AXIS2_PLACEMENT_2D('',#10028,#10029);
#10028 = CARTESIAN_POINT('',(44.8,82.9));
#10029 = DIRECTION('',(1.,0.));
#10030 = ( GEOMETRIC_REPRESENTATION_CONTEXT(2) 
PARAMETRIC_REPRESENTATION_CONTEXT() REPRESENTATION_CONTEXT('2D SPACE',''
  ) );
#10031 = PCURVE('',#9938,#10032);
#10032 = DEFINITIONAL_REPRESENTATION('',(#10033),#10037);
#10033 = LINE('',#10034,#10035);
#10034 = CARTESIAN_POINT('',(0.,1.79));
#10035 = VECTOR('',#10036,1.);
#10036 = DIRECTION('',(1.,0.));
#10037 = ( GEOMETRIC_REPRESENTATION_CONTEXT(2) 
PARAMETRIC_REPRESENTATION_CONTEXT() REPRESENTATION_CONTEXT('2D SPACE',''
  ) );
#10038 = ADVANCED_FACE('',(#10039),#8349,.F.);
#10039 = FACE_BOUND('',#10040,.F.);
#10040 = EDGE_LOOP('',(#10041,#10042,#10065,#10086));
#10041 = ORIENTED_EDGE('',*,*,#9996,.T.);
#10042 = ORIENTED_EDGE('',*,*,#10043,.T.);
#10043 = EDGE_CURVE('',#9997,#10044,#10046,.T.);
#10044 = VERTEX_POINT('',#10045);
#10045 = CARTESIAN_POINT('',(22.4,44.4,2.8));
#10046 = SURFACE_CURVE('',#10047,(#10051,#10058),.PCURVE_S1.);
#10047 = LINE('',#10048,#10049);
#10048 = CARTESIAN_POINT('',(22.4,44.4,1.));
#10049 = VECTOR('',#10050,1.);
#10050 = DIRECTION('',(0.,0.,1.));
#10051 = PCURVE('',#8349,#10052);
#10052 = DEFINITIONAL_REPRESENTATION('',(#10053),#10057);
#10053 = LINE('',#10054,#10055);
#10054 = CARTESIAN_POINT('',(2.95,0.));
#10055 = VECTOR('',#10056,1.);
#10056 = DIRECTION('',(0.,-1.));
#10057 = ( GEOMETRIC_REPRESENTATION_CONTEXT(2) 
PARAMETRIC_REPRESENTATION_CONTEXT() REPRESENTATION_CONTEXT('2D SPACE',''
  ) );
#10058 = PCURVE('',#9938,#10059);
#10059 = DEFINITIONAL_REPRESENTATION('',(#10060),#10064);
#10060 = LINE('',#10061,#10062);
#10061 = CARTESIAN_POINT('',(1.570796326795,0.));
#10062 = VECTOR('',#10063,1.);
#10063 = DIRECTION('',(0.,1.));
#10064 = ( GEOMETRIC_REPRESENTATION_CONTEXT(2) 
PARAMETRIC_REPRESENTATION_CONTEXT() REPRESENTATION_CONTEXT('2D SPACE',''
  ) );
#10065 = ORIENTED_EDGE('',*,*,#10066,.T.);
#10066 = EDGE_CURVE('',#10044,#8314,#10067,.T.);
#10067 = SURFACE_CURVE('',#10068,(#10072,#10079),.PCURVE_S1.);
#10068 = LINE('',#10069,#10070);
#10069 = CARTESIAN_POINT('',(25.35,44.4,2.8));
#10070 = VECTOR('',#10071,1.);
#10071 = DIRECTION('',(-1.,0.,0.));
#10072 = PCURVE('',#8349,#10073);
#10073 = DEFINITIONAL_REPRESENTATION('',(#10074),#10078);
#10074 = LINE('',#10075,#10076);
#10075 = CARTESIAN_POINT('',(0.,-1.8));
#10076 = VECTOR('',#10077,1.);
#10077 = DIRECTION('',(1.,0.));
#10078 = ( GEOMETRIC_REPRESENTATION_CONTEXT(2) 
PARAMETRIC_REPRESENTATION_CONTEXT() REPRESENTATION_CONTEXT('2D SPACE',''
  ) );
#10079 = PCURVE('',#8581,#10080);
#10080 = DEFINITIONAL_REPRESENTATION('',(#10081),#10085);
#10081 = LINE('',#10082,#10083);
#10082 = CARTESIAN_POINT('',(25.35,44.4));
#10083 = VECTOR('',#10084,1.);
#10084 = DIRECTION('',(-1.,0.));
#10085 = ( GEOMETRIC_REPRESENTATION_CONTEXT(2) 
PARAMETRIC_REPRESENTATION_CONTEXT() REPRESENTATION_CONTEXT('2D SPACE',''
  ) );
#10086 = ORIENTED_EDGE('',*,*,#8334,.T.);
#10087 = ADVANCED_FACE('',(#10088),#8516,.T.);
#10088 = FACE_BOUND('',#10089,.T.);
#10089 = EDGE_LOOP('',(#10090,#10125,#10146,#10147,#10148,#10171));
#10090 = ORIENTED_EDGE('',*,*,#10091,.F.);
#10091 = EDGE_CURVE('',#10092,#10094,#10096,.T.);
#10092 = VERTEX_POINT('',#10093);
#10093 = CARTESIAN_POINT('',(-22.9,-38.89852983556,2.7));
#10094 = VERTEX_POINT('',#10095);
#10095 = CARTESIAN_POINT('',(-20.,-42.45,2.7));
#10096 = SURFACE_CURVE('',#10097,(#10102,#10113),.PCURVE_S1.);
#10097 = CIRCLE('',#10098,2.6);
#10098 = AXIS2_PLACEMENT_3D('',#10099,#10100,#10101);
#10099 = CARTESIAN_POINT('',(-22.4,-41.45,2.7));
#10100 = DIRECTION('',(0.,0.,-1.));
#10101 = DIRECTION('',(1.,0.,0.));
#10102 = PCURVE('',#8516,#10103);
#10103 = DEFINITIONAL_REPRESENTATION('',(#10104),#10112);
#10104 = ( BOUNDED_CURVE() B_SPLINE_CURVE(2,(#10105,#10106,#10107,#10108
    ,#10109,#10110,#10111),.UNSPECIFIED.,.T.,.F.) 
B_SPLINE_CURVE_WITH_KNOTS((1,2,2,2,2,1),(-2.094395102393,0.,
    2.094395102393,4.188790204786,6.28318530718,8.377580409573),
.UNSPECIFIED.) CURVE() GEOMETRIC_REPRESENTATION_ITEM() 
RATIONAL_B_SPLINE_CURVE((1.,0.5,1.,0.5,1.,0.5,1.)) REPRESENTATION_ITEM(
  '') );
#10105 = CARTESIAN_POINT('',(-20.34065809379,-41.33142965204));
#10106 = CARTESIAN_POINT('',(-20.34065809379,-45.83476175172));
#10107 = CARTESIAN_POINT('',(-24.24065809379,-43.58309570188));
#10108 = CARTESIAN_POINT('',(-28.14065809379,-41.33142965204));
#10109 = CARTESIAN_POINT('',(-24.24065809379,-39.0797636022));
#10110 = CARTESIAN_POINT('',(-20.34065809379,-36.82809755236));
#10111 = CARTESIAN_POINT('',(-20.34065809379,-41.33142965204));
#10112 = ( GEOMETRIC_REPRESENTATION_CONTEXT(2) 
PARAMETRIC_REPRESENTATION_CONTEXT() REPRESENTATION_CONTEXT('2D SPACE',''
  ) );
#10113 = PCURVE('',#10114,#10119);
#10114 = CYLINDRICAL_SURFACE('',#10115,2.6);
#10115 = AXIS2_PLACEMENT_3D('',#10116,#10117,#10118);
#10116 = CARTESIAN_POINT('',(-22.4,-41.45,1.));
#10117 = DIRECTION('',(-0.,-0.,-1.));
#10118 = DIRECTION('',(1.,0.,0.));
#10119 = DEFINITIONAL_REPRESENTATION('',(#10120),#10124);
#10120 = LINE('',#10121,#10122);
#10121 = CARTESIAN_POINT('',(-12.56637061435,-1.7));
#10122 = VECTOR('',#10123,1.);
#10123 = DIRECTION('',(1.,-0.));
#10124 = ( GEOMETRIC_REPRESENTATION_CONTEXT(2) 
PARAMETRIC_REPRESENTATION_CONTEXT() REPRESENTATION_CONTEXT('2D SPACE',''
  ) );
#10125 = ORIENTED_EDGE('',*,*,#10126,.T.);
#10126 = EDGE_CURVE('',#10092,#8500,#10127,.T.);
#10127 = SURFACE_CURVE('',#10128,(#10132,#10139),.PCURVE_S1.);
#10128 = LINE('',#10129,#10130);
#10129 = CARTESIAN_POINT('',(-22.9,42.45,2.7));
#10130 = VECTOR('',#10131,1.);
#10131 = DIRECTION('',(0.,-1.,0.));
#10132 = PCURVE('',#8516,#10133);
#10133 = DEFINITIONAL_REPRESENTATION('',(#10134),#10138);
#10134 = LINE('',#10135,#10136);
#10135 = CARTESIAN_POINT('',(-23.44065809379,42.568570347958));
#10136 = VECTOR('',#10137,1.);
#10137 = DIRECTION('',(0.,-1.));
#10138 = ( GEOMETRIC_REPRESENTATION_CONTEXT(2) 
PARAMETRIC_REPRESENTATION_CONTEXT() REPRESENTATION_CONTEXT('2D SPACE',''
  ) );
#10139 = PCURVE('',#8552,#10140);
#10140 = DEFINITIONAL_REPRESENTATION('',(#10141),#10145);
#10141 = LINE('',#10142,#10143);
#10142 = CARTESIAN_POINT('',(0.,0.));
#10143 = VECTOR('',#10144,1.);
#10144 = DIRECTION('',(-6.162975822039E-33,-1.));
#10145 = ( GEOMETRIC_REPRESENTATION_CONTEXT(2) 
PARAMETRIC_REPRESENTATION_CONTEXT() REPRESENTATION_CONTEXT('2D SPACE',''
  ) );
#10146 = ORIENTED_EDGE('',*,*,#8499,.T.);
#10147 = ORIENTED_EDGE('',*,*,#8629,.T.);
#10148 = ORIENTED_EDGE('',*,*,#10149,.T.);
#10149 = EDGE_CURVE('',#8598,#10150,#10152,.T.);
#10150 = VERTEX_POINT('',#10151);
#10151 = CARTESIAN_POINT('',(-22.9,-42.45,2.7));
#10152 = SURFACE_CURVE('',#10153,(#10157,#10164),.PCURVE_S1.);
#10153 = LINE('',#10154,#10155);
#10154 = CARTESIAN_POINT('',(-22.9,42.45,2.7));
#10155 = VECTOR('',#10156,1.);
#10156 = DIRECTION('',(0.,-1.,0.));
#10157 = PCURVE('',#8516,#10158);
#10158 = DEFINITIONAL_REPRESENTATION('',(#10159),#10163);
#10159 = LINE('',#10160,#10161);
#10160 = CARTESIAN_POINT('',(-23.44065809379,42.568570347958));
#10161 = VECTOR('',#10162,1.);
#10162 = DIRECTION('',(0.,-1.));
#10163 = ( GEOMETRIC_REPRESENTATION_CONTEXT(2) 
PARAMETRIC_REPRESENTATION_CONTEXT() REPRESENTATION_CONTEXT('2D SPACE',''
  ) );
#10164 = PCURVE('',#8617,#10165);
#10165 = DEFINITIONAL_REPRESENTATION('',(#10166),#10170);
#10166 = LINE('',#10167,#10168);
#10167 = CARTESIAN_POINT('',(0.,0.));
#10168 = VECTOR('',#10169,1.);
#10169 = DIRECTION('',(-6.162975822039E-33,-1.));
#10170 = ( GEOMETRIC_REPRESENTATION_CONTEXT(2) 
PARAMETRIC_REPRESENTATION_CONTEXT() REPRESENTATION_CONTEXT('2D SPACE',''
  ) );
#10171 = ORIENTED_EDGE('',*,*,#10172,.T.);
#10172 = EDGE_CURVE('',#10150,#10094,#10173,.T.);
#10173 = SURFACE_CURVE('',#10174,(#10178,#10185),.PCURVE_S1.);
#10174 = LINE('',#10175,#10176);
#10175 = CARTESIAN_POINT('',(-22.9,-42.45,2.7));
#10176 = VECTOR('',#10177,1.);
#10177 = DIRECTION('',(1.,0.,0.));
#10178 = PCURVE('',#8516,#10179);
#10179 = DEFINITIONAL_REPRESENTATION('',(#10180),#10184);
#10180 = LINE('',#10181,#10182);
#10181 = CARTESIAN_POINT('',(-23.44065809379,-42.33142965204));
#10182 = VECTOR('',#10183,1.);
#10183 = DIRECTION('',(1.,0.));
#10184 = ( GEOMETRIC_REPRESENTATION_CONTEXT(2) 
PARAMETRIC_REPRESENTATION_CONTEXT() REPRESENTATION_CONTEXT('2D SPACE',''
  ) );
#10185 = PCURVE('',#10186,#10191);
#10186 = PLANE('',#10187);
#10187 = AXIS2_PLACEMENT_3D('',#10188,#10189,#10190);
#10188 = CARTESIAN_POINT('',(-22.9,-42.45,2.7));
#10189 = DIRECTION('',(-0.,-0.707106781187,-0.707106781187));
#10190 = DIRECTION('',(-8.659560562355E-17,-0.707106781187,
    0.707106781187));
#10191 = DEFINITIONAL_REPRESENTATION('',(#10192),#10196);
#10192 = LINE('',#10193,#10194);
#10193 = CARTESIAN_POINT('',(0.,0.));
#10194 = VECTOR('',#10195,1.);
#10195 = DIRECTION('',(-6.162975822039E-33,-1.));
#10196 = ( GEOMETRIC_REPRESENTATION_CONTEXT(2) 
PARAMETRIC_REPRESENTATION_CONTEXT() REPRESENTATION_CONTEXT('2D SPACE',''
  ) );
#10197 = ADVANCED_FACE('',(#10198),#8617,.F.);
#10198 = FACE_BOUND('',#10199,.F.);
#10199 = EDGE_LOOP('',(#10200,#10201,#10227,#10248));
#10200 = ORIENTED_EDGE('',*,*,#10149,.T.);
#10201 = ORIENTED_EDGE('',*,*,#10202,.T.);
#10202 = EDGE_CURVE('',#10150,#10203,#10205,.T.);
#10203 = VERTEX_POINT('',#10204);
#10204 = CARTESIAN_POINT('',(-23.,-42.45,2.8));
#10205 = SURFACE_CURVE('',#10206,(#10210,#10216),.PCURVE_S1.);
#10206 = LINE('',#10207,#10208);
#10207 = CARTESIAN_POINT('',(-22.9,-42.45,2.7));
#10208 = VECTOR('',#10209,1.);
#10209 = DIRECTION('',(-0.707106781187,-8.659560562355E-17,
    0.707106781187));
#10210 = PCURVE('',#8617,#10211);
#10211 = DEFINITIONAL_REPRESENTATION('',(#10212),#10215);
#10212 = B_SPLINE_CURVE_WITH_KNOTS('',1,(#10213,#10214),.UNSPECIFIED.,
  .F.,.F.,(2,2),(0.,0.141421356237),.PIECEWISE_BEZIER_KNOTS.);
#10213 = CARTESIAN_POINT('',(-1.745753287238E-15,-84.9));
#10214 = CARTESIAN_POINT('',(0.141421356237,-84.9));
#10215 = ( GEOMETRIC_REPRESENTATION_CONTEXT(2) 
PARAMETRIC_REPRESENTATION_CONTEXT() REPRESENTATION_CONTEXT('2D SPACE',''
  ) );
#10216 = PCURVE('',#10217,#10222);
#10217 = CONICAL_SURFACE('',#10218,0.,0.785398163397);
#10218 = AXIS2_PLACEMENT_3D('',#10219,#10220,#10221);
#10219 = CARTESIAN_POINT('',(-22.9,-42.45,2.7));
#10220 = DIRECTION('',(0.,0.,1.));
#10221 = DIRECTION('',(1.,0.,0.));
#10222 = DEFINITIONAL_REPRESENTATION('',(#10223),#10226);
#10223 = B_SPLINE_CURVE_WITH_KNOTS('',1,(#10224,#10225),.UNSPECIFIED.,
  .F.,.F.,(2,2),(0.,0.141421356237),.PIECEWISE_BEZIER_KNOTS.);
#10224 = CARTESIAN_POINT('',(-3.14159265359,0.));
#10225 = CARTESIAN_POINT('',(-3.14159265359,0.1));
#10226 = ( GEOMETRIC_REPRESENTATION_CONTEXT(2) 
PARAMETRIC_REPRESENTATION_CONTEXT() REPRESENTATION_CONTEXT('2D SPACE',''
  ) );
#10227 = ORIENTED_EDGE('',*,*,#10228,.T.);
#10228 = EDGE_CURVE('',#10203,#8565,#10229,.T.);
#10229 = SURFACE_CURVE('',#10230,(#10234,#10241),.PCURVE_S1.);
#10230 = LINE('',#10231,#10232);
#10231 = CARTESIAN_POINT('',(-23.,42.45,2.8));
#10232 = VECTOR('',#10233,1.);
#10233 = DIRECTION('',(6.123233995737E-17,1.,-6.123233995737E-17));
#10234 = PCURVE('',#8617,#10235);
#10235 = DEFINITIONAL_REPRESENTATION('',(#10236),#10240);
#10236 = LINE('',#10237,#10238);
#10237 = CARTESIAN_POINT('',(0.141421356237,-1.224646799147E-17));
#10238 = VECTOR('',#10239,1.);
#10239 = DIRECTION('',(6.162975822039E-33,1.));
#10240 = ( GEOMETRIC_REPRESENTATION_CONTEXT(2) 
PARAMETRIC_REPRESENTATION_CONTEXT() REPRESENTATION_CONTEXT('2D SPACE',''
  ) );
#10241 = PCURVE('',#8581,#10242);
#10242 = DEFINITIONAL_REPRESENTATION('',(#10243),#10247);
#10243 = LINE('',#10244,#10245);
#10244 = CARTESIAN_POINT('',(-23.,42.45));
#10245 = VECTOR('',#10246,1.);
#10246 = DIRECTION('',(6.123233995737E-17,1.));
#10247 = ( GEOMETRIC_REPRESENTATION_CONTEXT(2) 
PARAMETRIC_REPRESENTATION_CONTEXT() REPRESENTATION_CONTEXT('2D SPACE',''
  ) );
#10248 = ORIENTED_EDGE('',*,*,#8597,.F.);
#10249 = ADVANCED_FACE('',(#10250,#10356),#8581,.T.);
#10250 = FACE_BOUND('',#10251,.T.);
#10251 = EDGE_LOOP('',(#10252,#10278,#10279,#10280,#10281,#10303,#10304,
    #10305,#10306,#10328,#10329,#10330,#10331,#10353,#10354,#10355));
#10252 = ORIENTED_EDGE('',*,*,#10253,.F.);
#10253 = EDGE_CURVE('',#9320,#9422,#10254,.T.);
#10254 = SURFACE_CURVE('',#10255,(#10260,#10271),.PCURVE_S1.);
#10255 = CIRCLE('',#10256,2.95);
#10256 = AXIS2_PLACEMENT_3D('',#10257,#10258,#10259);
#10257 = CARTESIAN_POINT('',(-22.4,-41.45,2.8));
#10258 = DIRECTION('',(-0.,-0.,-1.));
#10259 = DIRECTION('',(0.,-1.,0.));
#10260 = PCURVE('',#8581,#10261);
#10261 = DEFINITIONAL_REPRESENTATION('',(#10262),#10270);
#10262 = ( BOUNDED_CURVE() B_SPLINE_CURVE(2,(#10263,#10264,#10265,#10266
    ,#10267,#10268,#10269),.UNSPECIFIED.,.T.,.F.) 
B_SPLINE_CURVE_WITH_KNOTS((1,2,2,2,2,1),(-2.094395102393,0.,
    2.094395102393,4.188790204786,6.28318530718,8.377580409573),
.UNSPECIFIED.) CURVE() GEOMETRIC_REPRESENTATION_ITEM() 
RATIONAL_B_SPLINE_CURVE((1.,0.5,1.,0.5,1.,0.5,1.)) REPRESENTATION_ITEM(
  '') );
#10263 = CARTESIAN_POINT('',(-22.4,-44.4));
#10264 = CARTESIAN_POINT('',(-27.50954988232,-44.4));
#10265 = CARTESIAN_POINT('',(-24.95477494116,-39.975));
#10266 = CARTESIAN_POINT('',(-22.4,-35.55));
#10267 = CARTESIAN_POINT('',(-19.84522505883,-39.975));
#10268 = CARTESIAN_POINT('',(-17.29045011767,-44.4));
#10269 = CARTESIAN_POINT('',(-22.4,-44.4));
#10270 = ( GEOMETRIC_REPRESENTATION_CONTEXT(2) 
PARAMETRIC_REPRESENTATION_CONTEXT() REPRESENTATION_CONTEXT('2D SPACE',''
  ) );
#10271 = PCURVE('',#9303,#10272);
#10272 = DEFINITIONAL_REPRESENTATION('',(#10273),#10277);
#10273 = LINE('',#10274,#10275);
#10274 = CARTESIAN_POINT('',(-0.,1.8));
#10275 = VECTOR('',#10276,1.);
#10276 = DIRECTION('',(-1.,0.));
#10277 = ( GEOMETRIC_REPRESENTATION_CONTEXT(2) 
PARAMETRIC_REPRESENTATION_CONTEXT() REPRESENTATION_CONTEXT('2D SPACE',''
  ) );
#10278 = ORIENTED_EDGE('',*,*,#9342,.T.);
#10279 = ORIENTED_EDGE('',*,*,#9367,.T.);
#10280 = ORIENTED_EDGE('',*,*,#9520,.T.);
#10281 = ORIENTED_EDGE('',*,*,#10282,.T.);
#10282 = EDGE_CURVE('',#9473,#9594,#10283,.T.);
#10283 = SURFACE_CURVE('',#10284,(#10289,#10296),.PCURVE_S1.);
#10284 = CIRCLE('',#10285,2.95);
#10285 = AXIS2_PLACEMENT_3D('',#10286,#10287,#10288);
#10286 = CARTESIAN_POINT('',(22.4,-41.45,2.8));
#10287 = DIRECTION('',(0.,0.,1.));
#10288 = DIRECTION('',(0.,-1.,0.));
#10289 = PCURVE('',#8581,#10290);
#10290 = DEFINITIONAL_REPRESENTATION('',(#10291),#10295);
#10291 = CIRCLE('',#10292,2.95);
#10292 = AXIS2_PLACEMENT_2D('',#10293,#10294);
#10293 = CARTESIAN_POINT('',(22.4,-41.45));
#10294 = DIRECTION('',(0.,-1.));
#10295 = ( GEOMETRIC_REPRESENTATION_CONTEXT(2) 
PARAMETRIC_REPRESENTATION_CONTEXT() REPRESENTATION_CONTEXT('2D SPACE',''
  ) );
#10296 = PCURVE('',#9488,#10297);
#10297 = DEFINITIONAL_REPRESENTATION('',(#10298),#10302);
#10298 = LINE('',#10299,#10300);
#10299 = CARTESIAN_POINT('',(0.,1.8));
#10300 = VECTOR('',#10301,1.);
#10301 = DIRECTION('',(1.,0.));
#10302 = ( GEOMETRIC_REPRESENTATION_CONTEXT(2) 
PARAMETRIC_REPRESENTATION_CONTEXT() REPRESENTATION_CONTEXT('2D SPACE',''
  ) );
#10303 = ORIENTED_EDGE('',*,*,#9616,.T.);
#10304 = ORIENTED_EDGE('',*,*,#9641,.T.);
#10305 = ORIENTED_EDGE('',*,*,#9970,.T.);
#10306 = ORIENTED_EDGE('',*,*,#10307,.T.);
#10307 = EDGE_CURVE('',#9923,#10044,#10308,.T.);
#10308 = SURFACE_CURVE('',#10309,(#10314,#10321),.PCURVE_S1.);
#10309 = CIRCLE('',#10310,2.95);
#10310 = AXIS2_PLACEMENT_3D('',#10311,#10312,#10313);
#10311 = CARTESIAN_POINT('',(22.4,41.45,2.8));
#10312 = DIRECTION('',(0.,0.,1.));
#10313 = DIRECTION('',(0.,-1.,0.));
#10314 = PCURVE('',#8581,#10315);
#10315 = DEFINITIONAL_REPRESENTATION('',(#10316),#10320);
#10316 = CIRCLE('',#10317,2.95);
#10317 = AXIS2_PLACEMENT_2D('',#10318,#10319);
#10318 = CARTESIAN_POINT('',(22.4,41.45));
#10319 = DIRECTION('',(0.,-1.));
#10320 = ( GEOMETRIC_REPRESENTATION_CONTEXT(2) 
PARAMETRIC_REPRESENTATION_CONTEXT() REPRESENTATION_CONTEXT('2D SPACE',''
  ) );
#10321 = PCURVE('',#9938,#10322);
#10322 = DEFINITIONAL_REPRESENTATION('',(#10323),#10327);
#10323 = LINE('',#10324,#10325);
#10324 = CARTESIAN_POINT('',(-1.570796326795,1.8));
#10325 = VECTOR('',#10326,1.);
#10326 = DIRECTION('',(1.,0.));
#10327 = ( GEOMETRIC_REPRESENTATION_CONTEXT(2) 
PARAMETRIC_REPRESENTATION_CONTEXT() REPRESENTATION_CONTEXT('2D SPACE',''
  ) );
#10328 = ORIENTED_EDGE('',*,*,#10066,.T.);
#10329 = ORIENTED_EDGE('',*,*,#9844,.T.);
#10330 = ORIENTED_EDGE('',*,*,#9896,.T.);
#10331 = ORIENTED_EDGE('',*,*,#10332,.T.);
#10332 = EDGE_CURVE('',#9872,#9797,#10333,.T.);
#10333 = SURFACE_CURVE('',#10334,(#10339,#10346),.PCURVE_S1.);
#10334 = CIRCLE('',#10335,2.95);
#10335 = AXIS2_PLACEMENT_3D('',#10336,#10337,#10338);
#10336 = CARTESIAN_POINT('',(-22.4,41.45,2.8));
#10337 = DIRECTION('',(0.,0.,1.));
#10338 = DIRECTION('',(0.,-1.,0.));
#10339 = PCURVE('',#8581,#10340);
#10340 = DEFINITIONAL_REPRESENTATION('',(#10341),#10345);
#10341 = CIRCLE('',#10342,2.95);
#10342 = AXIS2_PLACEMENT_2D('',#10343,#10344);
#10343 = CARTESIAN_POINT('',(-22.4,41.45));
#10344 = DIRECTION('',(0.,-1.));
#10345 = ( GEOMETRIC_REPRESENTATION_CONTEXT(2) 
PARAMETRIC_REPRESENTATION_CONTEXT() REPRESENTATION_CONTEXT('2D SPACE',''
  ) );
#10346 = PCURVE('',#9780,#10347);
#10347 = DEFINITIONAL_REPRESENTATION('',(#10348),#10352);
#10348 = LINE('',#10349,#10350);
#10349 = CARTESIAN_POINT('',(-3.14159265359,1.8));
#10350 = VECTOR('',#10351,1.);
#10351 = DIRECTION('',(1.,0.));
#10352 = ( GEOMETRIC_REPRESENTATION_CONTEXT(2) 
PARAMETRIC_REPRESENTATION_CONTEXT() REPRESENTATION_CONTEXT('2D SPACE',''
  ) );
#10353 = ORIENTED_EDGE('',*,*,#9819,.T.);
#10354 = ORIENTED_EDGE('',*,*,#9394,.T.);
#10355 = ORIENTED_EDGE('',*,*,#9446,.T.);
#10356 = FACE_BOUND('',#10357,.T.);
#10357 = EDGE_LOOP('',(#10358,#10387,#10416,#10437,#10438,#10439,#10462,
    #10495,#10518,#10544,#10545,#10546,#10567,#10568,#10591,#10624,
    #10652,#10685,#10706,#10707,#10708,#10731,#10760,#10787,#10819,
    #10842,#10870,#10903,#10931,#10964,#10992,#11015));
#10358 = ORIENTED_EDGE('',*,*,#10359,.T.);
#10359 = EDGE_CURVE('',#10360,#10362,#10364,.T.);
#10360 = VERTEX_POINT('',#10361);
#10361 = CARTESIAN_POINT('',(24.4,-39.01638129527,2.8));
#10362 = VERTEX_POINT('',#10363);
#10363 = CARTESIAN_POINT('',(24.4,-39.78867522741,2.8));
#10364 = SURFACE_CURVE('',#10365,(#10369,#10376),.PCURVE_S1.);
#10365 = LINE('',#10366,#10367);
#10366 = CARTESIAN_POINT('',(24.4,-21.225,2.8));
#10367 = VECTOR('',#10368,1.);
#10368 = DIRECTION('',(0.,-1.,0.));
#10369 = PCURVE('',#8581,#10370);
#10370 = DEFINITIONAL_REPRESENTATION('',(#10371),#10375);
#10371 = LINE('',#10372,#10373);
#10372 = CARTESIAN_POINT('',(24.4,-21.225));
#10373 = VECTOR('',#10374,1.);
#10374 = DIRECTION('',(0.,-1.));
#10375 = ( GEOMETRIC_REPRESENTATION_CONTEXT(2) 
PARAMETRIC_REPRESENTATION_CONTEXT() REPRESENTATION_CONTEXT('2D SPACE',''
  ) );
#10376 = PCURVE('',#10377,#10382);
#10377 = PLANE('',#10378);
#10378 = AXIS2_PLACEMENT_3D('',#10379,#10380,#10381);
#10379 = CARTESIAN_POINT('',(24.4,-42.45,0.99));
#10380 = DIRECTION('',(-1.,0.,0.));
#10381 = DIRECTION('',(0.,1.,0.));
#10382 = DEFINITIONAL_REPRESENTATION('',(#10383),#10386);
#10383 = B_SPLINE_CURVE_WITH_KNOTS('',1,(#10384,#10385),.UNSPECIFIED.,
  .F.,.F.,(2,2),(-61.725,19.275),.PIECEWISE_BEZIER_KNOTS.);
#10384 = CARTESIAN_POINT('',(82.95,-1.81));
#10385 = CARTESIAN_POINT('',(1.95,-1.81));
#10386 = ( GEOMETRIC_REPRESENTATION_CONTEXT(2) 
PARAMETRIC_REPRESENTATION_CONTEXT() REPRESENTATION_CONTEXT('2D SPACE',''
  ) );
#10387 = ORIENTED_EDGE('',*,*,#10388,.T.);
#10388 = EDGE_CURVE('',#10362,#10389,#10391,.T.);
#10389 = VERTEX_POINT('',#10390);
#10390 = CARTESIAN_POINT('',(23.,-38.92017787186,2.8));
#10391 = SURFACE_CURVE('',#10392,(#10397,#10404),.PCURVE_S1.);
#10392 = CIRCLE('',#10393,2.6);
#10393 = AXIS2_PLACEMENT_3D('',#10394,#10395,#10396);
#10394 = CARTESIAN_POINT('',(22.4,-41.45,2.8));
#10395 = DIRECTION('',(0.,0.,1.));
#10396 = DIRECTION('',(1.,0.,0.));
#10397 = PCURVE('',#8581,#10398);
#10398 = DEFINITIONAL_REPRESENTATION('',(#10399),#10403);
#10399 = CIRCLE('',#10400,2.6);
#10400 = AXIS2_PLACEMENT_2D('',#10401,#10402);
#10401 = CARTESIAN_POINT('',(22.4,-41.45));
#10402 = DIRECTION('',(1.,0.));
#10403 = ( GEOMETRIC_REPRESENTATION_CONTEXT(2) 
PARAMETRIC_REPRESENTATION_CONTEXT() REPRESENTATION_CONTEXT('2D SPACE',''
  ) );
#10404 = PCURVE('',#10405,#10410);
#10405 = CYLINDRICAL_SURFACE('',#10406,2.6);
#10406 = AXIS2_PLACEMENT_3D('',#10407,#10408,#10409);
#10407 = CARTESIAN_POINT('',(22.4,-41.45,1.));
#10408 = DIRECTION('',(-0.,-0.,-1.));
#10409 = DIRECTION('',(1.,0.,0.));
#10410 = DEFINITIONAL_REPRESENTATION('',(#10411),#10415);
#10411 = LINE('',#10412,#10413);
#10412 = CARTESIAN_POINT('',(-0.,-1.8));
#10413 = VECTOR('',#10414,1.);
#10414 = DIRECTION('',(-1.,0.));
#10415 = ( GEOMETRIC_REPRESENTATION_CONTEXT(2) 
PARAMETRIC_REPRESENTATION_CONTEXT() REPRESENTATION_CONTEXT('2D SPACE',''
  ) );
#10416 = ORIENTED_EDGE('',*,*,#10417,.T.);
#10417 = EDGE_CURVE('',#10389,#8684,#10418,.T.);
#10418 = SURFACE_CURVE('',#10419,(#10423,#10430),.PCURVE_S1.);
#10419 = LINE('',#10420,#10421);
#10420 = CARTESIAN_POINT('',(23.,-42.45,2.8));
#10421 = VECTOR('',#10422,1.);
#10422 = DIRECTION('',(-6.123233995737E-17,-1.,-6.123233995737E-17));
#10423 = PCURVE('',#8581,#10424);
#10424 = DEFINITIONAL_REPRESENTATION('',(#10425),#10429);
#10425 = LINE('',#10426,#10427);
#10426 = CARTESIAN_POINT('',(23.,-42.45));
#10427 = VECTOR('',#10428,1.);
#10428 = DIRECTION('',(-6.123233995737E-17,-1.));
#10429 = ( GEOMETRIC_REPRESENTATION_CONTEXT(2) 
PARAMETRIC_REPRESENTATION_CONTEXT() REPRESENTATION_CONTEXT('2D SPACE',''
  ) );
#10430 = PCURVE('',#8731,#10431);
#10431 = DEFINITIONAL_REPRESENTATION('',(#10432),#10436);
#10432 = LINE('',#10433,#10434);
#10433 = CARTESIAN_POINT('',(0.141421356237,-1.224646799147E-17));
#10434 = VECTOR('',#10435,1.);
#10435 = DIRECTION('',(6.162975822039E-33,1.));
#10436 = ( GEOMETRIC_REPRESENTATION_CONTEXT(2) 
PARAMETRIC_REPRESENTATION_CONTEXT() REPRESENTATION_CONTEXT('2D SPACE',''
  ) );
#10437 = ORIENTED_EDGE('',*,*,#8683,.T.);
#10438 = ORIENTED_EDGE('',*,*,#8808,.T.);
#10439 = ORIENTED_EDGE('',*,*,#10440,.T.);
#10440 = EDGE_CURVE('',#8777,#10441,#10443,.T.);
#10441 = VERTEX_POINT('',#10442);
#10442 = CARTESIAN_POINT('',(23.,-42.45,2.8));
#10443 = SURFACE_CURVE('',#10444,(#10448,#10455),.PCURVE_S1.);
#10444 = LINE('',#10445,#10446);
#10445 = CARTESIAN_POINT('',(23.,-42.45,2.8));
#10446 = VECTOR('',#10447,1.);
#10447 = DIRECTION('',(-6.123233995737E-17,-1.,-6.123233995737E-17));
#10448 = PCURVE('',#8581,#10449);
#10449 = DEFINITIONAL_REPRESENTATION('',(#10450),#10454);
#10450 = LINE('',#10451,#10452);
#10451 = CARTESIAN_POINT('',(23.,-42.45));
#10452 = VECTOR('',#10453,1.);
#10453 = DIRECTION('',(-6.123233995737E-17,-1.));
#10454 = ( GEOMETRIC_REPRESENTATION_CONTEXT(2) 
PARAMETRIC_REPRESENTATION_CONTEXT() REPRESENTATION_CONTEXT('2D SPACE',''
  ) );
#10455 = PCURVE('',#8796,#10456);
#10456 = DEFINITIONAL_REPRESENTATION('',(#10457),#10461);
#10457 = LINE('',#10458,#10459);
#10458 = CARTESIAN_POINT('',(0.141421356237,-1.224646799147E-17));
#10459 = VECTOR('',#10460,1.);
#10460 = DIRECTION('',(6.162975822039E-33,1.));
#10461 = ( GEOMETRIC_REPRESENTATION_CONTEXT(2) 
PARAMETRIC_REPRESENTATION_CONTEXT() REPRESENTATION_CONTEXT('2D SPACE',''
  ) );
#10462 = ORIENTED_EDGE('',*,*,#10463,.T.);
#10463 = EDGE_CURVE('',#10441,#10464,#10466,.T.);
#10464 = VERTEX_POINT('',#10465);
#10465 = CARTESIAN_POINT('',(22.9,-42.55,2.8));
#10466 = SURFACE_CURVE('',#10467,(#10472,#10483),.PCURVE_S1.);
#10467 = CIRCLE('',#10468,0.1);
#10468 = AXIS2_PLACEMENT_3D('',#10469,#10470,#10471);
#10469 = CARTESIAN_POINT('',(22.9,-42.45,2.8));
#10470 = DIRECTION('',(0.,0.,-1.));
#10471 = DIRECTION('',(0.,1.,0.));
#10472 = PCURVE('',#8581,#10473);
#10473 = DEFINITIONAL_REPRESENTATION('',(#10474),#10482);
#10474 = ( BOUNDED_CURVE() B_SPLINE_CURVE(2,(#10475,#10476,#10477,#10478
    ,#10479,#10480,#10481),.UNSPECIFIED.,.T.,.F.) 
B_SPLINE_CURVE_WITH_KNOTS((1,2,2,2,2,1),(-2.094395102393,0.,
    2.094395102393,4.188790204786,6.28318530718,8.377580409573),
.UNSPECIFIED.) CURVE() GEOMETRIC_REPRESENTATION_ITEM() 
RATIONAL_B_SPLINE_CURVE((1.,0.5,1.,0.5,1.,0.5,1.)) REPRESENTATION_ITEM(
  '') );
#10475 = CARTESIAN_POINT('',(22.9,-42.35));
#10476 = CARTESIAN_POINT('',(23.073205080757,-42.35));
#10477 = CARTESIAN_POINT('',(22.986602540378,-42.5));
#10478 = CARTESIAN_POINT('',(22.9,-42.65));
#10479 = CARTESIAN_POINT('',(22.813397459622,-42.5));
#10480 = CARTESIAN_POINT('',(22.726794919243,-42.35));
#10481 = CARTESIAN_POINT('',(22.9,-42.35));
#10482 = ( GEOMETRIC_REPRESENTATION_CONTEXT(2) 
PARAMETRIC_REPRESENTATION_CONTEXT() REPRESENTATION_CONTEXT('2D SPACE',''
  ) );
#10483 = PCURVE('',#10484,#10489);
#10484 = CONICAL_SURFACE('',#10485,0.,0.785398163397);
#10485 = AXIS2_PLACEMENT_3D('',#10486,#10487,#10488);
#10486 = CARTESIAN_POINT('',(22.9,-42.45,2.7));
#10487 = DIRECTION('',(0.,0.,1.));
#10488 = DIRECTION('',(0.,1.,0.));
#10489 = DEFINITIONAL_REPRESENTATION('',(#10490),#10494);
#10490 = LINE('',#10491,#10492);
#10491 = CARTESIAN_POINT('',(-0.,0.1));
#10492 = VECTOR('',#10493,1.);
#10493 = DIRECTION('',(-1.,0.));
#10494 = ( GEOMETRIC_REPRESENTATION_CONTEXT(2) 
PARAMETRIC_REPRESENTATION_CONTEXT() REPRESENTATION_CONTEXT('2D SPACE',''
  ) );
#10495 = ORIENTED_EDGE('',*,*,#10496,.T.);
#10496 = EDGE_CURVE('',#10464,#10497,#10499,.T.);
#10497 = VERTEX_POINT('',#10498);
#10498 = CARTESIAN_POINT('',(-22.9,-42.55,2.8));
#10499 = SURFACE_CURVE('',#10500,(#10504,#10511),.PCURVE_S1.);
#10500 = LINE('',#10501,#10502);
#10501 = CARTESIAN_POINT('',(-22.9,-42.55,2.8));
#10502 = VECTOR('',#10503,1.);
#10503 = DIRECTION('',(-1.,6.123233995737E-17,-6.123233995737E-17));
#10504 = PCURVE('',#8581,#10505);
#10505 = DEFINITIONAL_REPRESENTATION('',(#10506),#10510);
#10506 = LINE('',#10507,#10508);
#10507 = CARTESIAN_POINT('',(-22.9,-42.55));
#10508 = VECTOR('',#10509,1.);
#10509 = DIRECTION('',(-1.,6.123233995737E-17));
#10510 = ( GEOMETRIC_REPRESENTATION_CONTEXT(2) 
PARAMETRIC_REPRESENTATION_CONTEXT() REPRESENTATION_CONTEXT('2D SPACE',''
  ) );
#10511 = PCURVE('',#10186,#10512);
#10512 = DEFINITIONAL_REPRESENTATION('',(#10513),#10517);
#10513 = LINE('',#10514,#10515);
#10514 = CARTESIAN_POINT('',(0.141421356237,-1.224646799147E-17));
#10515 = VECTOR('',#10516,1.);
#10516 = DIRECTION('',(6.162975822039E-33,1.));
#10517 = ( GEOMETRIC_REPRESENTATION_CONTEXT(2) 
PARAMETRIC_REPRESENTATION_CONTEXT() REPRESENTATION_CONTEXT('2D SPACE',''
  ) );
#10518 = ORIENTED_EDGE('',*,*,#10519,.T.);
#10519 = EDGE_CURVE('',#10497,#10203,#10520,.T.);
#10520 = SURFACE_CURVE('',#10521,(#10526,#10537),.PCURVE_S1.);
#10521 = CIRCLE('',#10522,0.1);
#10522 = AXIS2_PLACEMENT_3D('',#10523,#10524,#10525);
#10523 = CARTESIAN_POINT('',(-22.9,-42.45,2.8));
#10524 = DIRECTION('',(0.,0.,-1.));
#10525 = DIRECTION('',(1.,0.,0.));
#10526 = PCURVE('',#8581,#10527);
#10527 = DEFINITIONAL_REPRESENTATION('',(#10528),#10536);
#10528 = ( BOUNDED_CURVE() B_SPLINE_CURVE(2,(#10529,#10530,#10531,#10532
    ,#10533,#10534,#10535),.UNSPECIFIED.,.T.,.F.) 
B_SPLINE_CURVE_WITH_KNOTS((1,2,2,2,2,1),(-2.094395102393,0.,
    2.094395102393,4.188790204786,6.28318530718,8.377580409573),
.UNSPECIFIED.) CURVE() GEOMETRIC_REPRESENTATION_ITEM() 
RATIONAL_B_SPLINE_CURVE((1.,0.5,1.,0.5,1.,0.5,1.)) REPRESENTATION_ITEM(
  '') );
#10529 = CARTESIAN_POINT('',(-22.8,-42.45));
#10530 = CARTESIAN_POINT('',(-22.8,-42.62320508075));
#10531 = CARTESIAN_POINT('',(-22.95,-42.53660254037));
#10532 = CARTESIAN_POINT('',(-23.1,-42.45));
#10533 = CARTESIAN_POINT('',(-22.95,-42.36339745962));
#10534 = CARTESIAN_POINT('',(-22.8,-42.27679491924));
#10535 = CARTESIAN_POINT('',(-22.8,-42.45));
#10536 = ( GEOMETRIC_REPRESENTATION_CONTEXT(2) 
PARAMETRIC_REPRESENTATION_CONTEXT() REPRESENTATION_CONTEXT('2D SPACE',''
  ) );
#10537 = PCURVE('',#10217,#10538);
#10538 = DEFINITIONAL_REPRESENTATION('',(#10539),#10543);
#10539 = LINE('',#10540,#10541);
#10540 = CARTESIAN_POINT('',(-0.,0.1));
#10541 = VECTOR('',#10542,1.);
#10542 = DIRECTION('',(-1.,0.));
#10543 = ( GEOMETRIC_REPRESENTATION_CONTEXT(2) 
PARAMETRIC_REPRESENTATION_CONTEXT() REPRESENTATION_CONTEXT('2D SPACE',''
  ) );
#10544 = ORIENTED_EDGE('',*,*,#10228,.T.);
#10545 = ORIENTED_EDGE('',*,*,#8564,.T.);
#10546 = ORIENTED_EDGE('',*,*,#10547,.T.);
#10547 = EDGE_CURVE('',#8533,#8928,#10548,.T.);
#10548 = SURFACE_CURVE('',#10549,(#10553,#10560),.PCURVE_S1.);
#10549 = LINE('',#10550,#10551);
#10550 = CARTESIAN_POINT('',(-23.,42.45,2.8));
#10551 = VECTOR('',#10552,1.);
#10552 = DIRECTION('',(6.123233995737E-17,1.,-6.123233995737E-17));
#10553 = PCURVE('',#8581,#10554);
#10554 = DEFINITIONAL_REPRESENTATION('',(#10555),#10559);
#10555 = LINE('',#10556,#10557);
#10556 = CARTESIAN_POINT('',(-23.,42.45));
#10557 = VECTOR('',#10558,1.);
#10558 = DIRECTION('',(6.123233995737E-17,1.));
#10559 = ( GEOMETRIC_REPRESENTATION_CONTEXT(2) 
PARAMETRIC_REPRESENTATION_CONTEXT() REPRESENTATION_CONTEXT('2D SPACE',''
  ) );
#10560 = PCURVE('',#8552,#10561);
#10561 = DEFINITIONAL_REPRESENTATION('',(#10562),#10566);
#10562 = LINE('',#10563,#10564);
#10563 = CARTESIAN_POINT('',(0.141421356237,-1.224646799147E-17));
#10564 = VECTOR('',#10565,1.);
#10565 = DIRECTION('',(6.162975822039E-33,1.));
#10566 = ( GEOMETRIC_REPRESENTATION_CONTEXT(2) 
PARAMETRIC_REPRESENTATION_CONTEXT() REPRESENTATION_CONTEXT('2D SPACE',''
  ) );
#10567 = ORIENTED_EDGE('',*,*,#8927,.T.);
#10568 = ORIENTED_EDGE('',*,*,#10569,.T.);
#10569 = EDGE_CURVE('',#8896,#10570,#10572,.T.);
#10570 = VERTEX_POINT('',#10571);
#10571 = CARTESIAN_POINT('',(-23.,42.45,2.8));
#10572 = SURFACE_CURVE('',#10573,(#10577,#10584),.PCURVE_S1.);
#10573 = LINE('',#10574,#10575);
#10574 = CARTESIAN_POINT('',(-23.,42.45,2.8));
#10575 = VECTOR('',#10576,1.);
#10576 = DIRECTION('',(6.123233995737E-17,1.,-6.123233995737E-17));
#10577 = PCURVE('',#8581,#10578);
#10578 = DEFINITIONAL_REPRESENTATION('',(#10579),#10583);
#10579 = LINE('',#10580,#10581);
#10580 = CARTESIAN_POINT('',(-23.,42.45));
#10581 = VECTOR('',#10582,1.);
#10582 = DIRECTION('',(6.123233995737E-17,1.));
#10583 = ( GEOMETRIC_REPRESENTATION_CONTEXT(2) 
PARAMETRIC_REPRESENTATION_CONTEXT() REPRESENTATION_CONTEXT('2D SPACE',''
  ) );
#10584 = PCURVE('',#8915,#10585);
#10585 = DEFINITIONAL_REPRESENTATION('',(#10586),#10590);
#10586 = LINE('',#10587,#10588);
#10587 = CARTESIAN_POINT('',(0.141421356237,-1.224646799147E-17));
#10588 = VECTOR('',#10589,1.);
#10589 = DIRECTION('',(6.162975822039E-33,1.));
#10590 = ( GEOMETRIC_REPRESENTATION_CONTEXT(2) 
PARAMETRIC_REPRESENTATION_CONTEXT() REPRESENTATION_CONTEXT('2D SPACE',''
  ) );
#10591 = ORIENTED_EDGE('',*,*,#10592,.T.);
#10592 = EDGE_CURVE('',#10570,#10593,#10595,.T.);
#10593 = VERTEX_POINT('',#10594);
#10594 = CARTESIAN_POINT('',(-22.9,42.55,2.8));
#10595 = SURFACE_CURVE('',#10596,(#10601,#10612),.PCURVE_S1.);
#10596 = CIRCLE('',#10597,0.1);
#10597 = AXIS2_PLACEMENT_3D('',#10598,#10599,#10600);
#10598 = CARTESIAN_POINT('',(-22.9,42.45,2.8));
#10599 = DIRECTION('',(-0.,-0.,-1.));
#10600 = DIRECTION('',(0.,-1.,0.));
#10601 = PCURVE('',#8581,#10602);
#10602 = DEFINITIONAL_REPRESENTATION('',(#10603),#10611);
#10603 = ( BOUNDED_CURVE() B_SPLINE_CURVE(2,(#10604,#10605,#10606,#10607
    ,#10608,#10609,#10610),.UNSPECIFIED.,.T.,.F.) 
B_SPLINE_CURVE_WITH_KNOTS((1,2,2,2,2,1),(-2.094395102393,0.,
    2.094395102393,4.188790204786,6.28318530718,8.377580409573),
.UNSPECIFIED.) CURVE() GEOMETRIC_REPRESENTATION_ITEM() 
RATIONAL_B_SPLINE_CURVE((1.,0.5,1.,0.5,1.,0.5,1.)) REPRESENTATION_ITEM(
  '') );
#10604 = CARTESIAN_POINT('',(-22.9,42.35));
#10605 = CARTESIAN_POINT('',(-23.07320508075,42.35));
#10606 = CARTESIAN_POINT('',(-22.98660254037,42.5));
#10607 = CARTESIAN_POINT('',(-22.9,42.65));
#10608 = CARTESIAN_POINT('',(-22.81339745962,42.5));
#10609 = CARTESIAN_POINT('',(-22.72679491924,42.35));
#10610 = CARTESIAN_POINT('',(-22.9,42.35));
#10611 = ( GEOMETRIC_REPRESENTATION_CONTEXT(2) 
PARAMETRIC_REPRESENTATION_CONTEXT() REPRESENTATION_CONTEXT('2D SPACE',''
  ) );
#10612 = PCURVE('',#10613,#10618);
#10613 = CONICAL_SURFACE('',#10614,0.,0.785398163397);
#10614 = AXIS2_PLACEMENT_3D('',#10615,#10616,#10617);
#10615 = CARTESIAN_POINT('',(-22.9,42.45,2.7));
#10616 = DIRECTION('',(0.,0.,1.));
#10617 = DIRECTION('',(0.,-1.,0.));
#10618 = DEFINITIONAL_REPRESENTATION('',(#10619),#10623);
#10619 = LINE('',#10620,#10621);
#10620 = CARTESIAN_POINT('',(-0.,0.1));
#10621 = VECTOR('',#10622,1.);
#10622 = DIRECTION('',(-1.,0.));
#10623 = ( GEOMETRIC_REPRESENTATION_CONTEXT(2) 
PARAMETRIC_REPRESENTATION_CONTEXT() REPRESENTATION_CONTEXT('2D SPACE',''
  ) );
#10624 = ORIENTED_EDGE('',*,*,#10625,.T.);
#10625 = EDGE_CURVE('',#10593,#10626,#10628,.T.);
#10626 = VERTEX_POINT('',#10627);
#10627 = CARTESIAN_POINT('',(22.9,42.55,2.8));
#10628 = SURFACE_CURVE('',#10629,(#10633,#10640),.PCURVE_S1.);
#10629 = LINE('',#10630,#10631);
#10630 = CARTESIAN_POINT('',(22.9,42.55,2.8));
#10631 = VECTOR('',#10632,1.);
#10632 = DIRECTION('',(1.,-6.123233995737E-17,-6.123233995737E-17));
#10633 = PCURVE('',#8581,#10634);
#10634 = DEFINITIONAL_REPRESENTATION('',(#10635),#10639);
#10635 = LINE('',#10636,#10637);
#10636 = CARTESIAN_POINT('',(22.9,42.55));
#10637 = VECTOR('',#10638,1.);
#10638 = DIRECTION('',(1.,-6.123233995737E-17));
#10639 = ( GEOMETRIC_REPRESENTATION_CONTEXT(2) 
PARAMETRIC_REPRESENTATION_CONTEXT() REPRESENTATION_CONTEXT('2D SPACE',''
  ) );
#10640 = PCURVE('',#10641,#10646);
#10641 = PLANE('',#10642);
#10642 = AXIS2_PLACEMENT_3D('',#10643,#10644,#10645);
#10643 = CARTESIAN_POINT('',(22.9,42.45,2.7));
#10644 = DIRECTION('',(0.,0.707106781187,-0.707106781187));
#10645 = DIRECTION('',(8.659560562355E-17,0.707106781187,0.707106781187)
  );
#10646 = DEFINITIONAL_REPRESENTATION('',(#10647),#10651);
#10647 = LINE('',#10648,#10649);
#10648 = CARTESIAN_POINT('',(0.141421356237,-1.224646799147E-17));
#10649 = VECTOR('',#10650,1.);
#10650 = DIRECTION('',(6.162975822039E-33,1.));
#10651 = ( GEOMETRIC_REPRESENTATION_CONTEXT(2) 
PARAMETRIC_REPRESENTATION_CONTEXT() REPRESENTATION_CONTEXT('2D SPACE',''
  ) );
#10652 = ORIENTED_EDGE('',*,*,#10653,.T.);
#10653 = EDGE_CURVE('',#10626,#10654,#10656,.T.);
#10654 = VERTEX_POINT('',#10655);
#10655 = CARTESIAN_POINT('',(23.,42.45,2.8));
#10656 = SURFACE_CURVE('',#10657,(#10662,#10673),.PCURVE_S1.);
#10657 = CIRCLE('',#10658,0.1);
#10658 = AXIS2_PLACEMENT_3D('',#10659,#10660,#10661);
#10659 = CARTESIAN_POINT('',(22.9,42.45,2.8));
#10660 = DIRECTION('',(0.,0.,-1.));
#10661 = DIRECTION('',(-1.,0.,0.));
#10662 = PCURVE('',#8581,#10663);
#10663 = DEFINITIONAL_REPRESENTATION('',(#10664),#10672);
#10664 = ( BOUNDED_CURVE() B_SPLINE_CURVE(2,(#10665,#10666,#10667,#10668
    ,#10669,#10670,#10671),.UNSPECIFIED.,.T.,.F.) 
B_SPLINE_CURVE_WITH_KNOTS((1,2,2,2,2,1),(-2.094395102393,0.,
    2.094395102393,4.188790204786,6.28318530718,8.377580409573),
.UNSPECIFIED.) CURVE() GEOMETRIC_REPRESENTATION_ITEM() 
RATIONAL_B_SPLINE_CURVE((1.,0.5,1.,0.5,1.,0.5,1.)) REPRESENTATION_ITEM(
  '') );
#10665 = CARTESIAN_POINT('',(22.8,42.45));
#10666 = CARTESIAN_POINT('',(22.8,42.623205080757));
#10667 = CARTESIAN_POINT('',(22.95,42.536602540378));
#10668 = CARTESIAN_POINT('',(23.1,42.45));
#10669 = CARTESIAN_POINT('',(22.95,42.363397459622));
#10670 = CARTESIAN_POINT('',(22.8,42.276794919243));
#10671 = CARTESIAN_POINT('',(22.8,42.45));
#10672 = ( GEOMETRIC_REPRESENTATION_CONTEXT(2) 
PARAMETRIC_REPRESENTATION_CONTEXT() REPRESENTATION_CONTEXT('2D SPACE',''
  ) );
#10673 = PCURVE('',#10674,#10679);
#10674 = CONICAL_SURFACE('',#10675,0.,0.785398163397);
#10675 = AXIS2_PLACEMENT_3D('',#10676,#10677,#10678);
#10676 = CARTESIAN_POINT('',(22.9,42.45,2.7));
#10677 = DIRECTION('',(0.,0.,1.));
#10678 = DIRECTION('',(-1.,0.,0.));
#10679 = DEFINITIONAL_REPRESENTATION('',(#10680),#10684);
#10680 = LINE('',#10681,#10682);
#10681 = CARTESIAN_POINT('',(-0.,0.1));
#10682 = VECTOR('',#10683,1.);
#10683 = DIRECTION('',(-1.,0.));
#10684 = ( GEOMETRIC_REPRESENTATION_CONTEXT(2) 
PARAMETRIC_REPRESENTATION_CONTEXT() REPRESENTATION_CONTEXT('2D SPACE',''
  ) );
#10685 = ORIENTED_EDGE('',*,*,#10686,.T.);
#10686 = EDGE_CURVE('',#10654,#9037,#10687,.T.);
#10687 = SURFACE_CURVE('',#10688,(#10692,#10699),.PCURVE_S1.);
#10688 = LINE('',#10689,#10690);
#10689 = CARTESIAN_POINT('',(23.,13.55,2.8));
#10690 = VECTOR('',#10691,1.);
#10691 = DIRECTION('',(-6.123233995737E-17,-1.,-6.123233995737E-17));
#10692 = PCURVE('',#8581,#10693);
#10693 = DEFINITIONAL_REPRESENTATION('',(#10694),#10698);
#10694 = LINE('',#10695,#10696);
#10695 = CARTESIAN_POINT('',(23.,13.55));
#10696 = VECTOR('',#10697,1.);
#10697 = DIRECTION('',(-6.123233995737E-17,-1.));
#10698 = ( GEOMETRIC_REPRESENTATION_CONTEXT(2) 
PARAMETRIC_REPRESENTATION_CONTEXT() REPRESENTATION_CONTEXT('2D SPACE',''
  ) );
#10699 = PCURVE('',#9084,#10700);
#10700 = DEFINITIONAL_REPRESENTATION('',(#10701),#10705);
#10701 = LINE('',#10702,#10703);
#10702 = CARTESIAN_POINT('',(0.141421356237,-1.224646799147E-17));
#10703 = VECTOR('',#10704,1.);
#10704 = DIRECTION('',(6.162975822039E-33,1.));
#10705 = ( GEOMETRIC_REPRESENTATION_CONTEXT(2) 
PARAMETRIC_REPRESENTATION_CONTEXT() REPRESENTATION_CONTEXT('2D SPACE',''
  ) );
#10706 = ORIENTED_EDGE('',*,*,#9036,.T.);
#10707 = ORIENTED_EDGE('',*,*,#9161,.T.);
#10708 = ORIENTED_EDGE('',*,*,#10709,.T.);
#10709 = EDGE_CURVE('',#9130,#10710,#10712,.T.);
#10710 = VERTEX_POINT('',#10711);
#10711 = CARTESIAN_POINT('',(23.,38.920177871865,2.8));
#10712 = SURFACE_CURVE('',#10713,(#10717,#10724),.PCURVE_S1.);
#10713 = LINE('',#10714,#10715);
#10714 = CARTESIAN_POINT('',(23.,13.55,2.8));
#10715 = VECTOR('',#10716,1.);
#10716 = DIRECTION('',(-6.123233995737E-17,-1.,-6.123233995737E-17));
#10717 = PCURVE('',#8581,#10718);
#10718 = DEFINITIONAL_REPRESENTATION('',(#10719),#10723);
#10719 = LINE('',#10720,#10721);
#10720 = CARTESIAN_POINT('',(23.,13.55));
#10721 = VECTOR('',#10722,1.);
#10722 = DIRECTION('',(-6.123233995737E-17,-1.));
#10723 = ( GEOMETRIC_REPRESENTATION_CONTEXT(2) 
PARAMETRIC_REPRESENTATION_CONTEXT() REPRESENTATION_CONTEXT('2D SPACE',''
  ) );
#10724 = PCURVE('',#9149,#10725);
#10725 = DEFINITIONAL_REPRESENTATION('',(#10726),#10730);
#10726 = LINE('',#10727,#10728);
#10727 = CARTESIAN_POINT('',(0.141421356237,-1.224646799147E-17));
#10728 = VECTOR('',#10729,1.);
#10729 = DIRECTION('',(6.162975822039E-33,1.));
#10730 = ( GEOMETRIC_REPRESENTATION_CONTEXT(2) 
PARAMETRIC_REPRESENTATION_CONTEXT() REPRESENTATION_CONTEXT('2D SPACE',''
  ) );
#10731 = ORIENTED_EDGE('',*,*,#10732,.T.);
#10732 = EDGE_CURVE('',#10710,#10733,#10735,.T.);
#10733 = VERTEX_POINT('',#10734);
#10734 = CARTESIAN_POINT('',(24.4,39.788675227417,2.8));
#10735 = SURFACE_CURVE('',#10736,(#10741,#10748),.PCURVE_S1.);
#10736 = CIRCLE('',#10737,2.6);
#10737 = AXIS2_PLACEMENT_3D('',#10738,#10739,#10740);
#10738 = CARTESIAN_POINT('',(22.4,41.45,2.8));
#10739 = DIRECTION('',(0.,0.,1.));
#10740 = DIRECTION('',(1.,0.,0.));
#10741 = PCURVE('',#8581,#10742);
#10742 = DEFINITIONAL_REPRESENTATION('',(#10743),#10747);
#10743 = CIRCLE('',#10744,2.6);
#10744 = AXIS2_PLACEMENT_2D('',#10745,#10746);
#10745 = CARTESIAN_POINT('',(22.4,41.45));
#10746 = DIRECTION('',(1.,0.));
#10747 = ( GEOMETRIC_REPRESENTATION_CONTEXT(2) 
PARAMETRIC_REPRESENTATION_CONTEXT() REPRESENTATION_CONTEXT('2D SPACE',''
  ) );
#10748 = PCURVE('',#10749,#10754);
#10749 = CYLINDRICAL_SURFACE('',#10750,2.6);
#10750 = AXIS2_PLACEMENT_3D('',#10751,#10752,#10753);
#10751 = CARTESIAN_POINT('',(22.4,41.45,1.));
#10752 = DIRECTION('',(-0.,-0.,-1.));
#10753 = DIRECTION('',(1.,0.,0.));
#10754 = DEFINITIONAL_REPRESENTATION('',(#10755),#10759);
#10755 = LINE('',#10756,#10757);
#10756 = CARTESIAN_POINT('',(-0.,-1.8));
#10757 = VECTOR('',#10758,1.);
#10758 = DIRECTION('',(-1.,0.));
#10759 = ( GEOMETRIC_REPRESENTATION_CONTEXT(2) 
PARAMETRIC_REPRESENTATION_CONTEXT() REPRESENTATION_CONTEXT('2D SPACE',''
  ) );
#10760 = ORIENTED_EDGE('',*,*,#10761,.T.);
#10761 = EDGE_CURVE('',#10733,#10762,#10764,.T.);
#10762 = VERTEX_POINT('',#10763);
#10763 = CARTESIAN_POINT('',(24.4,39.016381295272,2.8));
#10764 = SURFACE_CURVE('',#10765,(#10769,#10776),.PCURVE_S1.);
#10765 = LINE('',#10766,#10767);
#10766 = CARTESIAN_POINT('',(24.4,-21.225,2.8));
#10767 = VECTOR('',#10768,1.);
#10768 = DIRECTION('',(0.,-1.,0.));
#10769 = PCURVE('',#8581,#10770);
#10770 = DEFINITIONAL_REPRESENTATION('',(#10771),#10775);
#10771 = LINE('',#10772,#10773);
#10772 = CARTESIAN_POINT('',(24.4,-21.225));
#10773 = VECTOR('',#10774,1.);
#10774 = DIRECTION('',(0.,-1.));
#10775 = ( GEOMETRIC_REPRESENTATION_CONTEXT(2) 
PARAMETRIC_REPRESENTATION_CONTEXT() REPRESENTATION_CONTEXT('2D SPACE',''
  ) );
#10776 = PCURVE('',#10777,#10782);
#10777 = PLANE('',#10778);
#10778 = AXIS2_PLACEMENT_3D('',#10779,#10780,#10781);
#10779 = CARTESIAN_POINT('',(24.4,-42.45,0.99));
#10780 = DIRECTION('',(-1.,0.,0.));
#10781 = DIRECTION('',(0.,1.,0.));
#10782 = DEFINITIONAL_REPRESENTATION('',(#10783),#10786);
#10783 = B_SPLINE_CURVE_WITH_KNOTS('',1,(#10784,#10785),.UNSPECIFIED.,
  .F.,.F.,(2,2),(-61.725,19.275),.PIECEWISE_BEZIER_KNOTS.);
#10784 = CARTESIAN_POINT('',(82.95,-1.81));
#10785 = CARTESIAN_POINT('',(1.95,-1.81));
#10786 = ( GEOMETRIC_REPRESENTATION_CONTEXT(2) 
PARAMETRIC_REPRESENTATION_CONTEXT() REPRESENTATION_CONTEXT('2D SPACE',''
  ) );
#10787 = ORIENTED_EDGE('',*,*,#10788,.T.);
#10788 = EDGE_CURVE('',#10762,#10789,#10791,.T.);
#10789 = VERTEX_POINT('',#10790);
#10790 = CARTESIAN_POINT('',(23.,38.357670780787,2.8));
#10791 = SURFACE_CURVE('',#10792,(#10797,#10808),.PCURVE_S1.);
#10792 = CIRCLE('',#10793,3.15);
#10793 = AXIS2_PLACEMENT_3D('',#10794,#10795,#10796);
#10794 = CARTESIAN_POINT('',(22.4,41.45,2.8));
#10795 = DIRECTION('',(0.,0.,-1.));
#10796 = DIRECTION('',(1.,0.,0.));
#10797 = PCURVE('',#8581,#10798);
#10798 = DEFINITIONAL_REPRESENTATION('',(#10799),#10807);
#10799 = ( BOUNDED_CURVE() B_SPLINE_CURVE(2,(#10800,#10801,#10802,#10803
    ,#10804,#10805,#10806),.UNSPECIFIED.,.T.,.F.) 
B_SPLINE_CURVE_WITH_KNOTS((1,2,2,2,2,1),(-2.094395102393,0.,
    2.094395102393,4.188790204786,6.28318530718,8.377580409573),
.UNSPECIFIED.) CURVE() GEOMETRIC_REPRESENTATION_ITEM() 
RATIONAL_B_SPLINE_CURVE((1.,0.5,1.,0.5,1.,0.5,1.)) REPRESENTATION_ITEM(
  '') );
#10800 = CARTESIAN_POINT('',(25.55,41.45));
#10801 = CARTESIAN_POINT('',(25.55,35.994039956158));
#10802 = CARTESIAN_POINT('',(20.825,38.722019978079));
#10803 = CARTESIAN_POINT('',(16.1,41.45));
#10804 = CARTESIAN_POINT('',(20.825,44.177980021921));
#10805 = CARTESIAN_POINT('',(25.55,46.905960043842));
#10806 = CARTESIAN_POINT('',(25.55,41.45));
#10807 = ( GEOMETRIC_REPRESENTATION_CONTEXT(2) 
PARAMETRIC_REPRESENTATION_CONTEXT() REPRESENTATION_CONTEXT('2D SPACE',''
  ) );
#10808 = PCURVE('',#10809,#10814);
#10809 = CYLINDRICAL_SURFACE('',#10810,3.15);
#10810 = AXIS2_PLACEMENT_3D('',#10811,#10812,#10813);
#10811 = CARTESIAN_POINT('',(22.4,41.45,2.79));
#10812 = DIRECTION('',(-0.,-0.,-1.));
#10813 = DIRECTION('',(1.,0.,0.));
#10814 = DEFINITIONAL_REPRESENTATION('',(#10815),#10818);
#10815 = B_SPLINE_CURVE_WITH_KNOTS('',1,(#10816,#10817),.UNSPECIFIED.,
  .F.,.F.,(2,2),(0.358261218513,1.411391954233),
  .PIECEWISE_BEZIER_KNOTS.);
#10816 = CARTESIAN_POINT('',(-5.924924088667,-1.E-02));
#10817 = CARTESIAN_POINT('',(-4.871793352946,-1.E-02));
#10818 = ( GEOMETRIC_REPRESENTATION_CONTEXT(2) 
PARAMETRIC_REPRESENTATION_CONTEXT() REPRESENTATION_CONTEXT('2D SPACE',''
  ) );
#10819 = ORIENTED_EDGE('',*,*,#10820,.T.);
#10820 = EDGE_CURVE('',#10789,#10821,#10823,.T.);
#10821 = VERTEX_POINT('',#10822);
#10822 = CARTESIAN_POINT('',(23.,13.65,2.8));
#10823 = SURFACE_CURVE('',#10824,(#10828,#10835),.PCURVE_S1.);
#10824 = LINE('',#10825,#10826);
#10825 = CARTESIAN_POINT('',(23.,13.55,2.8));
#10826 = VECTOR('',#10827,1.);
#10827 = DIRECTION('',(-6.123233995737E-17,-1.,-6.123233995737E-17));
#10828 = PCURVE('',#8581,#10829);
#10829 = DEFINITIONAL_REPRESENTATION('',(#10830),#10834);
#10830 = LINE('',#10831,#10832);
#10831 = CARTESIAN_POINT('',(23.,13.55));
#10832 = VECTOR('',#10833,1.);
#10833 = DIRECTION('',(-6.123233995737E-17,-1.));
#10834 = ( GEOMETRIC_REPRESENTATION_CONTEXT(2) 
PARAMETRIC_REPRESENTATION_CONTEXT() REPRESENTATION_CONTEXT('2D SPACE',''
  ) );
#10835 = PCURVE('',#9149,#10836);
#10836 = DEFINITIONAL_REPRESENTATION('',(#10837),#10841);
#10837 = LINE('',#10838,#10839);
#10838 = CARTESIAN_POINT('',(0.141421356237,-1.224646799147E-17));
#10839 = VECTOR('',#10840,1.);
#10840 = DIRECTION('',(6.162975822039E-33,1.));
#10841 = ( GEOMETRIC_REPRESENTATION_CONTEXT(2) 
PARAMETRIC_REPRESENTATION_CONTEXT() REPRESENTATION_CONTEXT('2D SPACE',''
  ) );
#10842 = ORIENTED_EDGE('',*,*,#10843,.T.);
#10843 = EDGE_CURVE('',#10821,#10844,#10846,.T.);
#10844 = VERTEX_POINT('',#10845);
#10845 = CARTESIAN_POINT('',(24.4,13.65,2.8));
#10846 = SURFACE_CURVE('',#10847,(#10851,#10858),.PCURVE_S1.);
#10847 = LINE('',#10848,#10849);
#10848 = CARTESIAN_POINT('',(24.4,13.65,2.8));
#10849 = VECTOR('',#10850,1.);
#10850 = DIRECTION('',(1.,-6.123233995737E-17,-6.123233995737E-17));
#10851 = PCURVE('',#8581,#10852);
#10852 = DEFINITIONAL_REPRESENTATION('',(#10853),#10857);
#10853 = LINE('',#10854,#10855);
#10854 = CARTESIAN_POINT('',(24.4,13.65));
#10855 = VECTOR('',#10856,1.);
#10856 = DIRECTION('',(1.,-6.123233995737E-17));
#10857 = ( GEOMETRIC_REPRESENTATION_CONTEXT(2) 
PARAMETRIC_REPRESENTATION_CONTEXT() REPRESENTATION_CONTEXT('2D SPACE',''
  ) );
#10858 = PCURVE('',#10859,#10864);
#10859 = PLANE('',#10860);
#10860 = AXIS2_PLACEMENT_3D('',#10861,#10862,#10863);
#10861 = CARTESIAN_POINT('',(24.4,13.55,2.7));
#10862 = DIRECTION('',(0.,0.707106781187,-0.707106781187));
#10863 = DIRECTION('',(8.659560562355E-17,0.707106781187,0.707106781187)
  );
#10864 = DEFINITIONAL_REPRESENTATION('',(#10865),#10869);
#10865 = LINE('',#10866,#10867);
#10866 = CARTESIAN_POINT('',(0.141421356237,-1.224646799147E-17));
#10867 = VECTOR('',#10868,1.);
#10868 = DIRECTION('',(6.162975822039E-33,1.));
#10869 = ( GEOMETRIC_REPRESENTATION_CONTEXT(2) 
PARAMETRIC_REPRESENTATION_CONTEXT() REPRESENTATION_CONTEXT('2D SPACE',''
  ) );
#10870 = ORIENTED_EDGE('',*,*,#10871,.T.);
#10871 = EDGE_CURVE('',#10844,#10872,#10874,.T.);
#10872 = VERTEX_POINT('',#10873);
#10873 = CARTESIAN_POINT('',(24.5,13.55,2.8));
#10874 = SURFACE_CURVE('',#10875,(#10880,#10891),.PCURVE_S1.);
#10875 = CIRCLE('',#10876,0.1);
#10876 = AXIS2_PLACEMENT_3D('',#10877,#10878,#10879);
#10877 = CARTESIAN_POINT('',(24.4,13.55,2.8));
#10878 = DIRECTION('',(0.,0.,-1.));
#10879 = DIRECTION('',(-1.,0.,0.));
#10880 = PCURVE('',#8581,#10881);
#10881 = DEFINITIONAL_REPRESENTATION('',(#10882),#10890);
#10882 = ( BOUNDED_CURVE() B_SPLINE_CURVE(2,(#10883,#10884,#10885,#10886
    ,#10887,#10888,#10889),.UNSPECIFIED.,.T.,.F.) 
B_SPLINE_CURVE_WITH_KNOTS((1,2,2,2,2,1),(-2.094395102393,0.,
    2.094395102393,4.188790204786,6.28318530718,8.377580409573),
.UNSPECIFIED.) CURVE() GEOMETRIC_REPRESENTATION_ITEM() 
RATIONAL_B_SPLINE_CURVE((1.,0.5,1.,0.5,1.,0.5,1.)) REPRESENTATION_ITEM(
  '') );
#10883 = CARTESIAN_POINT('',(24.3,13.55));
#10884 = CARTESIAN_POINT('',(24.3,13.723205080757));
#10885 = CARTESIAN_POINT('',(24.45,13.636602540378));
#10886 = CARTESIAN_POINT('',(24.6,13.55));
#10887 = CARTESIAN_POINT('',(24.45,13.463397459622));
#10888 = CARTESIAN_POINT('',(24.3,13.376794919243));
#10889 = CARTESIAN_POINT('',(24.3,13.55));
#10890 = ( GEOMETRIC_REPRESENTATION_CONTEXT(2) 
PARAMETRIC_REPRESENTATION_CONTEXT() REPRESENTATION_CONTEXT('2D SPACE',''
  ) );
#10891 = PCURVE('',#10892,#10897);
#10892 = CONICAL_SURFACE('',#10893,0.,0.785398163397);
#10893 = AXIS2_PLACEMENT_3D('',#10894,#10895,#10896);
#10894 = CARTESIAN_POINT('',(24.4,13.55,2.7));
#10895 = DIRECTION('',(0.,0.,1.));
#10896 = DIRECTION('',(-1.,0.,0.));
#10897 = DEFINITIONAL_REPRESENTATION('',(#10898),#10902);
#10898 = LINE('',#10899,#10900);
#10899 = CARTESIAN_POINT('',(-0.,0.1));
#10900 = VECTOR('',#10901,1.);
#10901 = DIRECTION('',(-1.,0.));
#10902 = ( GEOMETRIC_REPRESENTATION_CONTEXT(2) 
PARAMETRIC_REPRESENTATION_CONTEXT() REPRESENTATION_CONTEXT('2D SPACE',''
  ) );
#10903 = ORIENTED_EDGE('',*,*,#10904,.T.);
#10904 = EDGE_CURVE('',#10872,#10905,#10907,.T.);
#10905 = VERTEX_POINT('',#10906);
#10906 = CARTESIAN_POINT('',(24.5,-34.45,2.8));
#10907 = SURFACE_CURVE('',#10908,(#10912,#10919),.PCURVE_S1.);
#10908 = LINE('',#10909,#10910);
#10909 = CARTESIAN_POINT('',(24.5,-34.45,2.8));
#10910 = VECTOR('',#10911,1.);
#10911 = DIRECTION('',(-6.123233995737E-17,-1.,-6.123233995737E-17));
#10912 = PCURVE('',#8581,#10913);
#10913 = DEFINITIONAL_REPRESENTATION('',(#10914),#10918);
#10914 = LINE('',#10915,#10916);
#10915 = CARTESIAN_POINT('',(24.5,-34.45));
#10916 = VECTOR('',#10917,1.);
#10917 = DIRECTION('',(-6.123233995737E-17,-1.));
#10918 = ( GEOMETRIC_REPRESENTATION_CONTEXT(2) 
PARAMETRIC_REPRESENTATION_CONTEXT() REPRESENTATION_CONTEXT('2D SPACE',''
  ) );
#10919 = PCURVE('',#10920,#10925);
#10920 = PLANE('',#10921);
#10921 = AXIS2_PLACEMENT_3D('',#10922,#10923,#10924);
#10922 = CARTESIAN_POINT('',(24.4,-34.45,2.7));
#10923 = DIRECTION('',(0.707106781187,0.,-0.707106781187));
#10924 = DIRECTION('',(0.707106781187,-8.659560562355E-17,0.707106781187
    ));
#10925 = DEFINITIONAL_REPRESENTATION('',(#10926),#10930);
#10926 = LINE('',#10927,#10928);
#10927 = CARTESIAN_POINT('',(0.141421356237,-1.224646799147E-17));
#10928 = VECTOR('',#10929,1.);
#10929 = DIRECTION('',(6.162975822039E-33,1.));
#10930 = ( GEOMETRIC_REPRESENTATION_CONTEXT(2) 
PARAMETRIC_REPRESENTATION_CONTEXT() REPRESENTATION_CONTEXT('2D SPACE',''
  ) );
#10931 = ORIENTED_EDGE('',*,*,#10932,.T.);
#10932 = EDGE_CURVE('',#10905,#10933,#10935,.T.);
#10933 = VERTEX_POINT('',#10934);
#10934 = CARTESIAN_POINT('',(24.4,-34.55,2.8));
#10935 = SURFACE_CURVE('',#10936,(#10941,#10952),.PCURVE_S1.);
#10936 = CIRCLE('',#10937,0.1);
#10937 = AXIS2_PLACEMENT_3D('',#10938,#10939,#10940);
#10938 = CARTESIAN_POINT('',(24.4,-34.45,2.8));
#10939 = DIRECTION('',(0.,0.,-1.));
#10940 = DIRECTION('',(0.,1.,0.));
#10941 = PCURVE('',#8581,#10942);
#10942 = DEFINITIONAL_REPRESENTATION('',(#10943),#10951);
#10943 = ( BOUNDED_CURVE() B_SPLINE_CURVE(2,(#10944,#10945,#10946,#10947
    ,#10948,#10949,#10950),.UNSPECIFIED.,.T.,.F.) 
B_SPLINE_CURVE_WITH_KNOTS((1,2,2,2,2,1),(-2.094395102393,0.,
    2.094395102393,4.188790204786,6.28318530718,8.377580409573),
.UNSPECIFIED.) CURVE() GEOMETRIC_REPRESENTATION_ITEM() 
RATIONAL_B_SPLINE_CURVE((1.,0.5,1.,0.5,1.,0.5,1.)) REPRESENTATION_ITEM(
  '') );
#10944 = CARTESIAN_POINT('',(24.4,-34.35));
#10945 = CARTESIAN_POINT('',(24.573205080757,-34.35));
#10946 = CARTESIAN_POINT('',(24.486602540378,-34.5));
#10947 = CARTESIAN_POINT('',(24.4,-34.65));
#10948 = CARTESIAN_POINT('',(24.313397459622,-34.5));
#10949 = CARTESIAN_POINT('',(24.226794919243,-34.35));
#10950 = CARTESIAN_POINT('',(24.4,-34.35));
#10951 = ( GEOMETRIC_REPRESENTATION_CONTEXT(2) 
PARAMETRIC_REPRESENTATION_CONTEXT() REPRESENTATION_CONTEXT('2D SPACE',''
  ) );
#10952 = PCURVE('',#10953,#10958);
#10953 = CONICAL_SURFACE('',#10954,0.,0.785398163397);
#10954 = AXIS2_PLACEMENT_3D('',#10955,#10956,#10957);
#10955 = CARTESIAN_POINT('',(24.4,-34.45,2.7));
#10956 = DIRECTION('',(0.,0.,1.));
#10957 = DIRECTION('',(0.,1.,0.));
#10958 = DEFINITIONAL_REPRESENTATION('',(#10959),#10963);
#10959 = LINE('',#10960,#10961);
#10960 = CARTESIAN_POINT('',(-0.,0.1));
#10961 = VECTOR('',#10962,1.);
#10962 = DIRECTION('',(-1.,0.));
#10963 = ( GEOMETRIC_REPRESENTATION_CONTEXT(2) 
PARAMETRIC_REPRESENTATION_CONTEXT() REPRESENTATION_CONTEXT('2D SPACE',''
  ) );
#10964 = ORIENTED_EDGE('',*,*,#10965,.T.);
#10965 = EDGE_CURVE('',#10933,#10966,#10968,.T.);
#10966 = VERTEX_POINT('',#10967);
#10967 = CARTESIAN_POINT('',(23.,-34.55,2.8));
#10968 = SURFACE_CURVE('',#10969,(#10973,#10980),.PCURVE_S1.);
#10969 = LINE('',#10970,#10971);
#10970 = CARTESIAN_POINT('',(22.9,-34.55,2.8));
#10971 = VECTOR('',#10972,1.);
#10972 = DIRECTION('',(-1.,6.123233995737E-17,-6.123233995737E-17));
#10973 = PCURVE('',#8581,#10974);
#10974 = DEFINITIONAL_REPRESENTATION('',(#10975),#10979);
#10975 = LINE('',#10976,#10977);
#10976 = CARTESIAN_POINT('',(22.9,-34.55));
#10977 = VECTOR('',#10978,1.);
#10978 = DIRECTION('',(-1.,6.123233995737E-17));
#10979 = ( GEOMETRIC_REPRESENTATION_CONTEXT(2) 
PARAMETRIC_REPRESENTATION_CONTEXT() REPRESENTATION_CONTEXT('2D SPACE',''
  ) );
#10980 = PCURVE('',#10981,#10986);
#10981 = PLANE('',#10982);
#10982 = AXIS2_PLACEMENT_3D('',#10983,#10984,#10985);
#10983 = CARTESIAN_POINT('',(22.9,-34.45,2.7));
#10984 = DIRECTION('',(-0.,-0.707106781187,-0.707106781187));
#10985 = DIRECTION('',(-8.659560562355E-17,-0.707106781187,
    0.707106781187));
#10986 = DEFINITIONAL_REPRESENTATION('',(#10987),#10991);
#10987 = LINE('',#10988,#10989);
#10988 = CARTESIAN_POINT('',(0.141421356237,-1.224646799147E-17));
#10989 = VECTOR('',#10990,1.);
#10990 = DIRECTION('',(6.162975822039E-33,1.));
#10991 = ( GEOMETRIC_REPRESENTATION_CONTEXT(2) 
PARAMETRIC_REPRESENTATION_CONTEXT() REPRESENTATION_CONTEXT('2D SPACE',''
  ) );
#10992 = ORIENTED_EDGE('',*,*,#10993,.T.);
#10993 = EDGE_CURVE('',#10966,#10994,#10996,.T.);
#10994 = VERTEX_POINT('',#10995);
#10995 = CARTESIAN_POINT('',(23.,-38.35767078078,2.8));
#10996 = SURFACE_CURVE('',#10997,(#11001,#11008),.PCURVE_S1.);
#10997 = LINE('',#10998,#10999);
#10998 = CARTESIAN_POINT('',(23.,-42.45,2.8));
#10999 = VECTOR('',#11000,1.);
#11000 = DIRECTION('',(-6.123233995737E-17,-1.,-6.123233995737E-17));
#11001 = PCURVE('',#8581,#11002);
#11002 = DEFINITIONAL_REPRESENTATION('',(#11003),#11007);
#11003 = LINE('',#11004,#11005);
#11004 = CARTESIAN_POINT('',(23.,-42.45));
#11005 = VECTOR('',#11006,1.);
#11006 = DIRECTION('',(-6.123233995737E-17,-1.));
#11007 = ( GEOMETRIC_REPRESENTATION_CONTEXT(2) 
PARAMETRIC_REPRESENTATION_CONTEXT() REPRESENTATION_CONTEXT('2D SPACE',''
  ) );
#11008 = PCURVE('',#8731,#11009);
#11009 = DEFINITIONAL_REPRESENTATION('',(#11010),#11014);
#11010 = LINE('',#11011,#11012);
#11011 = CARTESIAN_POINT('',(0.141421356237,-1.224646799147E-17));
#11012 = VECTOR('',#11013,1.);
#11013 = DIRECTION('',(6.162975822039E-33,1.));
#11014 = ( GEOMETRIC_REPRESENTATION_CONTEXT(2) 
PARAMETRIC_REPRESENTATION_CONTEXT() REPRESENTATION_CONTEXT('2D SPACE',''
  ) );
#11015 = ORIENTED_EDGE('',*,*,#11016,.T.);
#11016 = EDGE_CURVE('',#10994,#10360,#11017,.T.);
#11017 = SURFACE_CURVE('',#11018,(#11023,#11034),.PCURVE_S1.);
#11018 = CIRCLE('',#11019,3.15);
#11019 = AXIS2_PLACEMENT_3D('',#11020,#11021,#11022);
#11020 = CARTESIAN_POINT('',(22.4,-41.45,2.8));
#11021 = DIRECTION('',(0.,0.,-1.));
#11022 = DIRECTION('',(1.,0.,0.));
#11023 = PCURVE('',#8581,#11024);
#11024 = DEFINITIONAL_REPRESENTATION('',(#11025),#11033);
#11025 = ( BOUNDED_CURVE() B_SPLINE_CURVE(2,(#11026,#11027,#11028,#11029
    ,#11030,#11031,#11032),.UNSPECIFIED.,.T.,.F.) 
B_SPLINE_CURVE_WITH_KNOTS((1,2,2,2,2,1),(-2.094395102393,0.,
    2.094395102393,4.188790204786,6.28318530718,8.377580409573),
.UNSPECIFIED.) CURVE() GEOMETRIC_REPRESENTATION_ITEM() 
RATIONAL_B_SPLINE_CURVE((1.,0.5,1.,0.5,1.,0.5,1.)) REPRESENTATION_ITEM(
  '') );
#11026 = CARTESIAN_POINT('',(25.55,-41.45));
#11027 = CARTESIAN_POINT('',(25.55,-46.90596004384));
#11028 = CARTESIAN_POINT('',(20.825,-44.17798002192));
#11029 = CARTESIAN_POINT('',(16.1,-41.45));
#11030 = CARTESIAN_POINT('',(20.825,-38.72201997807));
#11031 = CARTESIAN_POINT('',(25.55,-35.99403995615));
#11032 = CARTESIAN_POINT('',(25.55,-41.45));
#11033 = ( GEOMETRIC_REPRESENTATION_CONTEXT(2) 
PARAMETRIC_REPRESENTATION_CONTEXT() REPRESENTATION_CONTEXT('2D SPACE',''
  ) );
#11034 = PCURVE('',#11035,#11040);
#11035 = CYLINDRICAL_SURFACE('',#11036,3.15);
#11036 = AXIS2_PLACEMENT_3D('',#11037,#11038,#11039);
#11037 = CARTESIAN_POINT('',(22.4,-41.45,2.79));
#11038 = DIRECTION('',(-0.,-0.,-1.));
#11039 = DIRECTION('',(1.,0.,0.));
#11040 = DEFINITIONAL_REPRESENTATION('',(#11041),#11044);
#11041 = B_SPLINE_CURVE_WITH_KNOTS('',1,(#11042,#11043),.UNSPECIFIED.,
  .F.,.F.,(2,2),(4.871793352946,5.924924088667),
  .PIECEWISE_BEZIER_KNOTS.);
#11042 = CARTESIAN_POINT('',(-7.694577261413,-1.E-02));
#11043 = CARTESIAN_POINT('',(-6.641446525692,-1.E-02));
#11044 = ( GEOMETRIC_REPRESENTATION_CONTEXT(2) 
PARAMETRIC_REPRESENTATION_CONTEXT() REPRESENTATION_CONTEXT('2D SPACE',''
  ) );
#11045 = ADVANCED_FACE('',(#11046),#8552,.F.);
#11046 = FACE_BOUND('',#11047,.F.);
#11047 = EDGE_LOOP('',(#11048,#11049,#11050,#11051,#11052,#11075));
#11048 = ORIENTED_EDGE('',*,*,#10126,.T.);
#11049 = ORIENTED_EDGE('',*,*,#8532,.F.);
#11050 = ORIENTED_EDGE('',*,*,#10547,.T.);
#11051 = ORIENTED_EDGE('',*,*,#8955,.F.);
#11052 = ORIENTED_EDGE('',*,*,#11053,.T.);
#11053 = EDGE_CURVE('',#8956,#11054,#11056,.T.);
#11054 = VERTEX_POINT('',#11055);
#11055 = CARTESIAN_POINT('',(-22.9,38.898529835565,2.7));
#11056 = SURFACE_CURVE('',#11057,(#11061,#11068),.PCURVE_S1.);
#11057 = LINE('',#11058,#11059);
#11058 = CARTESIAN_POINT('',(-22.9,42.45,2.7));
#11059 = VECTOR('',#11060,1.);
#11060 = DIRECTION('',(0.,-1.,0.));
#11061 = PCURVE('',#8552,#11062);
#11062 = DEFINITIONAL_REPRESENTATION('',(#11063),#11067);
#11063 = LINE('',#11064,#11065);
#11064 = CARTESIAN_POINT('',(0.,0.));
#11065 = VECTOR('',#11066,1.);
#11066 = DIRECTION('',(-6.162975822039E-33,-1.));
#11067 = ( GEOMETRIC_REPRESENTATION_CONTEXT(2) 
PARAMETRIC_REPRESENTATION_CONTEXT() REPRESENTATION_CONTEXT('2D SPACE',''
  ) );
#11068 = PCURVE('',#8879,#11069);
#11069 = DEFINITIONAL_REPRESENTATION('',(#11070),#11074);
#11070 = LINE('',#11071,#11072);
#11071 = CARTESIAN_POINT('',(-23.44065809379,42.568570347958));
#11072 = VECTOR('',#11073,1.);
#11073 = DIRECTION('',(0.,-1.));
#11074 = ( GEOMETRIC_REPRESENTATION_CONTEXT(2) 
PARAMETRIC_REPRESENTATION_CONTEXT() REPRESENTATION_CONTEXT('2D SPACE',''
  ) );
#11075 = ORIENTED_EDGE('',*,*,#11076,.T.);
#11076 = EDGE_CURVE('',#11054,#10092,#11077,.T.);
#11077 = SURFACE_CURVE('',#11078,(#11082,#11089),.PCURVE_S1.);
#11078 = LINE('',#11079,#11080);
#11079 = CARTESIAN_POINT('',(-22.9,42.45,2.7));
#11080 = VECTOR('',#11081,1.);
#11081 = DIRECTION('',(0.,-1.,0.));
#11082 = PCURVE('',#8552,#11083);
#11083 = DEFINITIONAL_REPRESENTATION('',(#11084),#11088);
#11084 = LINE('',#11085,#11086);
#11085 = CARTESIAN_POINT('',(0.,0.));
#11086 = VECTOR('',#11087,1.);
#11087 = DIRECTION('',(-6.162975822039E-33,-1.));
#11088 = ( GEOMETRIC_REPRESENTATION_CONTEXT(2) 
PARAMETRIC_REPRESENTATION_CONTEXT() REPRESENTATION_CONTEXT('2D SPACE',''
  ) );
#11089 = PCURVE('',#11090,#11095);
#11090 = PLANE('',#11091);
#11091 = AXIS2_PLACEMENT_3D('',#11092,#11093,#11094);
#11092 = CARTESIAN_POINT('',(-22.9,42.45,0.99));
#11093 = DIRECTION('',(1.,0.,-0.));
#11094 = DIRECTION('',(0.,-1.,0.));
#11095 = DEFINITIONAL_REPRESENTATION('',(#11096),#11100);
#11096 = LINE('',#11097,#11098);
#11097 = CARTESIAN_POINT('',(0.,-1.71));
#11098 = VECTOR('',#11099,1.);
#11099 = DIRECTION('',(1.,0.));
#11100 = ( GEOMETRIC_REPRESENTATION_CONTEXT(2) 
PARAMETRIC_REPRESENTATION_CONTEXT() REPRESENTATION_CONTEXT('2D SPACE',''
  ) );
#11101 = ADVANCED_FACE('',(#11102),#8796,.F.);
#11102 = FACE_BOUND('',#11103,.F.);
#11103 = EDGE_LOOP('',(#11104,#11127,#11128,#11129));
#11104 = ORIENTED_EDGE('',*,*,#11105,.T.);
#11105 = EDGE_CURVE('',#11106,#8744,#11108,.T.);
#11106 = VERTEX_POINT('',#11107);
#11107 = CARTESIAN_POINT('',(22.9,-42.45,2.7));
#11108 = SURFACE_CURVE('',#11109,(#11113,#11120),.PCURVE_S1.);
#11109 = LINE('',#11110,#11111);
#11110 = CARTESIAN_POINT('',(22.9,-42.45,2.7));
#11111 = VECTOR('',#11112,1.);
#11112 = DIRECTION('',(0.,1.,0.));
#11113 = PCURVE('',#8796,#11114);
#11114 = DEFINITIONAL_REPRESENTATION('',(#11115),#11119);
#11115 = LINE('',#11116,#11117);
#11116 = CARTESIAN_POINT('',(0.,-0.));
#11117 = VECTOR('',#11118,1.);
#11118 = DIRECTION('',(-6.162975822039E-33,-1.));
#11119 = ( GEOMETRIC_REPRESENTATION_CONTEXT(2) 
PARAMETRIC_REPRESENTATION_CONTEXT() REPRESENTATION_CONTEXT('2D SPACE',''
  ) );
#11120 = PCURVE('',#8760,#11121);
#11121 = DEFINITIONAL_REPRESENTATION('',(#11122),#11126);
#11122 = LINE('',#11123,#11124);
#11123 = CARTESIAN_POINT('',(22.359341906203,-42.33142965204));
#11124 = VECTOR('',#11125,1.);
#11125 = DIRECTION('',(0.,1.));
#11126 = ( GEOMETRIC_REPRESENTATION_CONTEXT(2) 
PARAMETRIC_REPRESENTATION_CONTEXT() REPRESENTATION_CONTEXT('2D SPACE',''
  ) );
#11127 = ORIENTED_EDGE('',*,*,#8776,.F.);
#11128 = ORIENTED_EDGE('',*,*,#10440,.T.);
#11129 = ORIENTED_EDGE('',*,*,#11130,.F.);
#11130 = EDGE_CURVE('',#11106,#10441,#11131,.T.);
#11131 = SURFACE_CURVE('',#11132,(#11136,#11142),.PCURVE_S1.);
#11132 = LINE('',#11133,#11134);
#11133 = CARTESIAN_POINT('',(22.9,-42.45,2.7));
#11134 = VECTOR('',#11135,1.);
#11135 = DIRECTION('',(0.707106781187,-8.659560562355E-17,0.707106781187
    ));
#11136 = PCURVE('',#8796,#11137);
#11137 = DEFINITIONAL_REPRESENTATION('',(#11138),#11141);
#11138 = B_SPLINE_CURVE_WITH_KNOTS('',1,(#11139,#11140),.UNSPECIFIED.,
  .F.,.F.,(2,2),(-5.195736337413E-16,0.141421356237),
  .PIECEWISE_BEZIER_KNOTS.);
#11139 = CARTESIAN_POINT('',(-5.195736337413E-16,8.715763992105E-34));
#11140 = CARTESIAN_POINT('',(0.141421356237,8.715763992105E-34));
#11141 = ( GEOMETRIC_REPRESENTATION_CONTEXT(2) 
PARAMETRIC_REPRESENTATION_CONTEXT() REPRESENTATION_CONTEXT('2D SPACE',''
  ) );
#11142 = PCURVE('',#10484,#11143);
#11143 = DEFINITIONAL_REPRESENTATION('',(#11144),#11147);
#11144 = B_SPLINE_CURVE_WITH_KNOTS('',1,(#11145,#11146),.UNSPECIFIED.,
  .F.,.F.,(2,2),(-5.195736337413E-16,0.141421356237),
  .PIECEWISE_BEZIER_KNOTS.);
#11145 = CARTESIAN_POINT('',(-1.570796326795,0.));
#11146 = CARTESIAN_POINT('',(-1.570796326795,0.1));
#11147 = ( GEOMETRIC_REPRESENTATION_CONTEXT(2) 
PARAMETRIC_REPRESENTATION_CONTEXT() REPRESENTATION_CONTEXT('2D SPACE',''
  ) );
#11148 = ADVANCED_FACE('',(#11149),#8760,.T.);
#11149 = FACE_BOUND('',#11150,.T.);
#11150 = EDGE_LOOP('',(#11151,#11186,#11207,#11208,#11209));
#11151 = ORIENTED_EDGE('',*,*,#11152,.F.);
#11152 = EDGE_CURVE('',#11153,#11155,#11157,.T.);
#11153 = VERTEX_POINT('',#11154);
#11154 = CARTESIAN_POINT('',(20.,-42.45,2.7));
#11155 = VERTEX_POINT('',#11156);
#11156 = CARTESIAN_POINT('',(22.9,-38.89852983556,2.7));
#11157 = SURFACE_CURVE('',#11158,(#11163,#11174),.PCURVE_S1.);
#11158 = CIRCLE('',#11159,2.6);
#11159 = AXIS2_PLACEMENT_3D('',#11160,#11161,#11162);
#11160 = CARTESIAN_POINT('',(22.4,-41.45,2.7));
#11161 = DIRECTION('',(0.,0.,-1.));
#11162 = DIRECTION('',(1.,0.,0.));
#11163 = PCURVE('',#8760,#11164);
#11164 = DEFINITIONAL_REPRESENTATION('',(#11165),#11173);
#11165 = ( BOUNDED_CURVE() B_SPLINE_CURVE(2,(#11166,#11167,#11168,#11169
    ,#11170,#11171,#11172),.UNSPECIFIED.,.T.,.F.) 
B_SPLINE_CURVE_WITH_KNOTS((1,2,2,2,2,1),(-2.094395102393,0.,
    2.094395102393,4.188790204786,6.28318530718,8.377580409573),
.UNSPECIFIED.) CURVE() GEOMETRIC_REPRESENTATION_ITEM() 
RATIONAL_B_SPLINE_CURVE((1.,0.5,1.,0.5,1.,0.5,1.)) REPRESENTATION_ITEM(
  '') );
#11166 = CARTESIAN_POINT('',(24.459341906203,-41.33142965204));
#11167 = CARTESIAN_POINT('',(24.459341906203,-45.83476175172));
#11168 = CARTESIAN_POINT('',(20.559341906203,-43.58309570188));
#11169 = CARTESIAN_POINT('',(16.659341906203,-41.33142965204));
#11170 = CARTESIAN_POINT('',(20.559341906203,-39.0797636022));
#11171 = CARTESIAN_POINT('',(24.459341906203,-36.82809755236));
#11172 = CARTESIAN_POINT('',(24.459341906203,-41.33142965204));
#11173 = ( GEOMETRIC_REPRESENTATION_CONTEXT(2) 
PARAMETRIC_REPRESENTATION_CONTEXT() REPRESENTATION_CONTEXT('2D SPACE',''
  ) );
#11174 = PCURVE('',#11175,#11180);
#11175 = CYLINDRICAL_SURFACE('',#11176,2.6);
#11176 = AXIS2_PLACEMENT_3D('',#11177,#11178,#11179);
#11177 = CARTESIAN_POINT('',(22.4,-41.45,1.));
#11178 = DIRECTION('',(-0.,-0.,-1.));
#11179 = DIRECTION('',(1.,0.,0.));
#11180 = DEFINITIONAL_REPRESENTATION('',(#11181),#11185);
#11181 = LINE('',#11182,#11183);
#11182 = CARTESIAN_POINT('',(-6.28318530718,-1.7));
#11183 = VECTOR('',#11184,1.);
#11184 = DIRECTION('',(1.,-0.));
#11185 = ( GEOMETRIC_REPRESENTATION_CONTEXT(2) 
PARAMETRIC_REPRESENTATION_CONTEXT() REPRESENTATION_CONTEXT('2D SPACE',''
  ) );
#11186 = ORIENTED_EDGE('',*,*,#11187,.T.);
#11187 = EDGE_CURVE('',#11153,#11106,#11188,.T.);
#11188 = SURFACE_CURVE('',#11189,(#11193,#11200),.PCURVE_S1.);
#11189 = LINE('',#11190,#11191);
#11190 = CARTESIAN_POINT('',(-22.9,-42.45,2.7));
#11191 = VECTOR('',#11192,1.);
#11192 = DIRECTION('',(1.,0.,0.));
#11193 = PCURVE('',#8760,#11194);
#11194 = DEFINITIONAL_REPRESENTATION('',(#11195),#11199);
#11195 = LINE('',#11196,#11197);
#11196 = CARTESIAN_POINT('',(-23.44065809379,-42.33142965204));
#11197 = VECTOR('',#11198,1.);
#11198 = DIRECTION('',(1.,0.));
#11199 = ( GEOMETRIC_REPRESENTATION_CONTEXT(2) 
PARAMETRIC_REPRESENTATION_CONTEXT() REPRESENTATION_CONTEXT('2D SPACE',''
  ) );
#11200 = PCURVE('',#10186,#11201);
#11201 = DEFINITIONAL_REPRESENTATION('',(#11202),#11206);
#11202 = LINE('',#11203,#11204);
#11203 = CARTESIAN_POINT('',(0.,0.));
#11204 = VECTOR('',#11205,1.);
#11205 = DIRECTION('',(-6.162975822039E-33,-1.));
#11206 = ( GEOMETRIC_REPRESENTATION_CONTEXT(2) 
PARAMETRIC_REPRESENTATION_CONTEXT() REPRESENTATION_CONTEXT('2D SPACE',''
  ) );
#11207 = ORIENTED_EDGE('',*,*,#11105,.T.);
#11208 = ORIENTED_EDGE('',*,*,#8743,.T.);
#11209 = ORIENTED_EDGE('',*,*,#11210,.T.);
#11210 = EDGE_CURVE('',#8712,#11155,#11211,.T.);
#11211 = SURFACE_CURVE('',#11212,(#11216,#11223),.PCURVE_S1.);
#11212 = LINE('',#11213,#11214);
#11213 = CARTESIAN_POINT('',(22.9,-42.45,2.7));
#11214 = VECTOR('',#11215,1.);
#11215 = DIRECTION('',(0.,1.,0.));
#11216 = PCURVE('',#8760,#11217);
#11217 = DEFINITIONAL_REPRESENTATION('',(#11218),#11222);
#11218 = LINE('',#11219,#11220);
#11219 = CARTESIAN_POINT('',(22.359341906203,-42.33142965204));
#11220 = VECTOR('',#11221,1.);
#11221 = DIRECTION('',(0.,1.));
#11222 = ( GEOMETRIC_REPRESENTATION_CONTEXT(2) 
PARAMETRIC_REPRESENTATION_CONTEXT() REPRESENTATION_CONTEXT('2D SPACE',''
  ) );
#11223 = PCURVE('',#8731,#11224);
#11224 = DEFINITIONAL_REPRESENTATION('',(#11225),#11229);
#11225 = LINE('',#11226,#11227);
#11226 = CARTESIAN_POINT('',(0.,-0.));
#11227 = VECTOR('',#11228,1.);
#11228 = DIRECTION('',(-6.162975822039E-33,-1.));
#11229 = ( GEOMETRIC_REPRESENTATION_CONTEXT(2) 
PARAMETRIC_REPRESENTATION_CONTEXT() REPRESENTATION_CONTEXT('2D SPACE',''
  ) );
#11230 = ADVANCED_FACE('',(#11231),#8731,.F.);
#11231 = FACE_BOUND('',#11232,.F.);
#11232 = EDGE_LOOP('',(#11233,#11234,#11262,#11281,#11282,#11309,#11335,
    #11360,#11361));
#11233 = ORIENTED_EDGE('',*,*,#11210,.T.);
#11234 = ORIENTED_EDGE('',*,*,#11235,.T.);
#11235 = EDGE_CURVE('',#11155,#11236,#11238,.T.);
#11236 = VERTEX_POINT('',#11237);
#11237 = CARTESIAN_POINT('',(22.9,-34.45,2.7));
#11238 = SURFACE_CURVE('',#11239,(#11243,#11250),.PCURVE_S1.);
#11239 = LINE('',#11240,#11241);
#11240 = CARTESIAN_POINT('',(22.9,-42.45,2.7));
#11241 = VECTOR('',#11242,1.);
#11242 = DIRECTION('',(0.,1.,0.));
#11243 = PCURVE('',#8731,#11244);
#11244 = DEFINITIONAL_REPRESENTATION('',(#11245),#11249);
#11245 = LINE('',#11246,#11247);
#11246 = CARTESIAN_POINT('',(0.,-0.));
#11247 = VECTOR('',#11248,1.);
#11248 = DIRECTION('',(-6.162975822039E-33,-1.));
#11249 = ( GEOMETRIC_REPRESENTATION_CONTEXT(2) 
PARAMETRIC_REPRESENTATION_CONTEXT() REPRESENTATION_CONTEXT('2D SPACE',''
  ) );
#11250 = PCURVE('',#11251,#11256);
#11251 = PLANE('',#11252);
#11252 = AXIS2_PLACEMENT_3D('',#11253,#11254,#11255);
#11253 = CARTESIAN_POINT('',(22.9,-34.45,1.));
#11254 = DIRECTION('',(1.,0.,-0.));
#11255 = DIRECTION('',(0.,-1.,0.));
#11256 = DEFINITIONAL_REPRESENTATION('',(#11257),#11261);
#11257 = LINE('',#11258,#11259);
#11258 = CARTESIAN_POINT('',(8.,-1.7));
#11259 = VECTOR('',#11260,1.);
#11260 = DIRECTION('',(-1.,0.));
#11261 = ( GEOMETRIC_REPRESENTATION_CONTEXT(2) 
PARAMETRIC_REPRESENTATION_CONTEXT() REPRESENTATION_CONTEXT('2D SPACE',''
  ) );
#11262 = ORIENTED_EDGE('',*,*,#11263,.T.);
#11263 = EDGE_CURVE('',#11236,#10966,#11264,.T.);
#11264 = SURFACE_CURVE('',#11265,(#11269,#11275),.PCURVE_S1.);
#11265 = LINE('',#11266,#11267);
#11266 = CARTESIAN_POINT('',(22.9,-34.45,2.7));
#11267 = VECTOR('',#11268,1.);
#11268 = DIRECTION('',(0.57735026919,-0.57735026919,0.57735026919));
#11269 = PCURVE('',#8731,#11270);
#11270 = DEFINITIONAL_REPRESENTATION('',(#11271),#11274);
#11271 = B_SPLINE_CURVE_WITH_KNOTS('',1,(#11272,#11273),.UNSPECIFIED.,
  .F.,.F.,(2,2),(0.,0.173205080757),.PIECEWISE_BEZIER_KNOTS.);
#11272 = CARTESIAN_POINT('',(-6.927648449884E-16,-8.));
#11273 = CARTESIAN_POINT('',(0.141421356237,-7.9));
#11274 = ( GEOMETRIC_REPRESENTATION_CONTEXT(2) 
PARAMETRIC_REPRESENTATION_CONTEXT() REPRESENTATION_CONTEXT('2D SPACE',''
  ) );
#11275 = PCURVE('',#10981,#11276);
#11276 = DEFINITIONAL_REPRESENTATION('',(#11277),#11280);
#11277 = B_SPLINE_CURVE_WITH_KNOTS('',1,(#11278,#11279),.UNSPECIFIED.,
  .F.,.F.,(2,2),(0.,0.173205080757),.PIECEWISE_BEZIER_KNOTS.);
#11278 = CARTESIAN_POINT('',(0.,0.));
#11279 = CARTESIAN_POINT('',(0.141421356237,-0.1));
#11280 = ( GEOMETRIC_REPRESENTATION_CONTEXT(2) 
PARAMETRIC_REPRESENTATION_CONTEXT() REPRESENTATION_CONTEXT('2D SPACE',''
  ) );
#11281 = ORIENTED_EDGE('',*,*,#10993,.T.);
#11282 = ORIENTED_EDGE('',*,*,#11283,.F.);
#11283 = EDGE_CURVE('',#11284,#10994,#11286,.T.);
#11284 = VERTEX_POINT('',#11285);
#11285 = CARTESIAN_POINT('',(22.99,-38.35574726307,2.79));
#11286 = SURFACE_CURVE('',#11287,(#11292,#11299),.PCURVE_S1.);
#11287 = ELLIPSE('',#11288,4.454772721475,3.15);
#11288 = AXIS2_PLACEMENT_3D('',#11289,#11290,#11291);
#11289 = CARTESIAN_POINT('',(22.4,-41.45,2.2));
#11290 = DIRECTION('',(0.707106781187,0.,-0.707106781187));
#11291 = DIRECTION('',(-0.707106781187,0.,-0.707106781187));
#11292 = PCURVE('',#8731,#11293);
#11293 = DEFINITIONAL_REPRESENTATION('',(#11294),#11298);
#11294 = ELLIPSE('',#11295,4.454772721475,3.15);
#11295 = AXIS2_PLACEMENT_2D('',#11296,#11297);
#11296 = CARTESIAN_POINT('',(-0.707106781187,-1.));
#11297 = DIRECTION('',(-1.,8.659560562355E-17));
#11298 = ( GEOMETRIC_REPRESENTATION_CONTEXT(2) 
PARAMETRIC_REPRESENTATION_CONTEXT() REPRESENTATION_CONTEXT('2D SPACE',''
  ) );
#11299 = PCURVE('',#11035,#11300);
#11300 = DEFINITIONAL_REPRESENTATION('',(#11301),#11308);
#11301 = B_SPLINE_CURVE_WITH_KNOTS('',5,(#11302,#11303,#11304,#11305,
    #11306,#11307),.UNSPECIFIED.,.F.,.F.,(6,6),(1.759210527792,
    1.762443715799),.PIECEWISE_BEZIER_KNOTS.);
#11302 = CARTESIAN_POINT('',(-7.665567432977,6.000000007944E-07));
#11303 = CARTESIAN_POINT('',(-7.664920795376,-2.00026024161E-03));
#11304 = CARTESIAN_POINT('',(-7.664274157774,-4.000812105147E-03));
#11305 = CARTESIAN_POINT('',(-7.663627520173,-6.001053847605E-03));
#11306 = CARTESIAN_POINT('',(-7.662980882572,-8.00098372653E-03));
#11307 = CARTESIAN_POINT('',(-7.662334244971,-1.00006E-02));
#11308 = ( GEOMETRIC_REPRESENTATION_CONTEXT(2) 
PARAMETRIC_REPRESENTATION_CONTEXT() REPRESENTATION_CONTEXT('2D SPACE',''
  ) );
#11309 = ORIENTED_EDGE('',*,*,#11310,.F.);
#11310 = EDGE_CURVE('',#11311,#11284,#11313,.T.);
#11311 = VERTEX_POINT('',#11312);
#11312 = CARTESIAN_POINT('',(22.99,-38.91782702012,2.79));
#11313 = SURFACE_CURVE('',#11314,(#11318,#11324),.PCURVE_S1.);
#11314 = LINE('',#11315,#11316);
#11315 = CARTESIAN_POINT('',(22.99,-41.95,2.79));
#11316 = VECTOR('',#11317,1.);
#11317 = DIRECTION('',(-0.,1.,0.));
#11318 = PCURVE('',#8731,#11319);
#11319 = DEFINITIONAL_REPRESENTATION('',(#11320),#11323);
#11320 = B_SPLINE_CURVE_WITH_KNOTS('',1,(#11321,#11322),.UNSPECIFIED.,
  .F.,.F.,(2,2),(2.161324772584,3.610064308017),
  .PIECEWISE_BEZIER_KNOTS.);
#11321 = CARTESIAN_POINT('',(0.127279220614,-2.661324772584));
#11322 = CARTESIAN_POINT('',(0.127279220614,-4.110064308017));
#11323 = ( GEOMETRIC_REPRESENTATION_CONTEXT(2) 
PARAMETRIC_REPRESENTATION_CONTEXT() REPRESENTATION_CONTEXT('2D SPACE',''
  ) );
#11324 = PCURVE('',#11325,#11330);
#11325 = PLANE('',#11326);
#11326 = AXIS2_PLACEMENT_3D('',#11327,#11328,#11329);
#11327 = CARTESIAN_POINT('',(-22.4,-41.45,2.79));
#11328 = DIRECTION('',(0.,0.,1.));
#11329 = DIRECTION('',(1.,0.,-0.));
#11330 = DEFINITIONAL_REPRESENTATION('',(#11331),#11334);
#11331 = B_SPLINE_CURVE_WITH_KNOTS('',1,(#11332,#11333),.UNSPECIFIED.,
  .F.,.F.,(2,2),(2.161324772584,3.610064308017),
  .PIECEWISE_BEZIER_KNOTS.);
#11332 = CARTESIAN_POINT('',(45.39,1.661324772584));
#11333 = CARTESIAN_POINT('',(45.39,3.110064308017));
#11334 = ( GEOMETRIC_REPRESENTATION_CONTEXT(2) 
PARAMETRIC_REPRESENTATION_CONTEXT() REPRESENTATION_CONTEXT('2D SPACE',''
  ) );
#11335 = ORIENTED_EDGE('',*,*,#11336,.T.);
#11336 = EDGE_CURVE('',#11311,#10389,#11337,.T.);
#11337 = SURFACE_CURVE('',#11338,(#11343,#11350),.PCURVE_S1.);
#11338 = ELLIPSE('',#11339,3.67695526217,2.6);
#11339 = AXIS2_PLACEMENT_3D('',#11340,#11341,#11342);
#11340 = CARTESIAN_POINT('',(22.4,-41.45,2.2));
#11341 = DIRECTION('',(0.707106781187,0.,-0.707106781187));
#11342 = DIRECTION('',(-0.707106781187,0.,-0.707106781187));
#11343 = PCURVE('',#8731,#11344);
#11344 = DEFINITIONAL_REPRESENTATION('',(#11345),#11349);
#11345 = ELLIPSE('',#11346,3.67695526217,2.6);
#11346 = AXIS2_PLACEMENT_2D('',#11347,#11348);
#11347 = CARTESIAN_POINT('',(-0.707106781187,-1.));
#11348 = DIRECTION('',(-1.,8.659560562355E-17));
#11349 = ( GEOMETRIC_REPRESENTATION_CONTEXT(2) 
PARAMETRIC_REPRESENTATION_CONTEXT() REPRESENTATION_CONTEXT('2D SPACE',''
  ) );
#11350 = PCURVE('',#10405,#11351);
#11351 = DEFINITIONAL_REPRESENTATION('',(#11352),#11359);
#11352 = B_SPLINE_CURVE_WITH_KNOTS('',5,(#11353,#11354,#11355,#11356,
    #11357,#11358),.UNSPECIFIED.,.F.,.F.,(6,6),(1.760391704237,
    1.803664742224),.PIECEWISE_BEZIER_KNOTS.);
#11353 = CARTESIAN_POINT('',(-1.381200949353,-1.69));
#11354 = CARTESIAN_POINT('',(-1.372546341756,-1.712098757131));
#11355 = CARTESIAN_POINT('',(-1.363891734158,-1.734151636646));
#11356 = CARTESIAN_POINT('',(-1.355237126561,-1.756155190112));
#11357 = CARTESIAN_POINT('',(-1.346582518963,-1.778105983421));
#11358 = CARTESIAN_POINT('',(-1.337927911366,-1.8000006));
#11359 = ( GEOMETRIC_REPRESENTATION_CONTEXT(2) 
PARAMETRIC_REPRESENTATION_CONTEXT() REPRESENTATION_CONTEXT('2D SPACE',''
  ) );
#11360 = ORIENTED_EDGE('',*,*,#10417,.T.);
#11361 = ORIENTED_EDGE('',*,*,#8711,.F.);
#11362 = ADVANCED_FACE('',(#11363),#8879,.T.);
#11363 = FACE_BOUND('',#11364,.T.);
#11364 = EDGE_LOOP('',(#11365,#11390,#11411,#11412,#11413,#11414));
#11365 = ORIENTED_EDGE('',*,*,#11366,.T.);
#11366 = EDGE_CURVE('',#11367,#11369,#11371,.T.);
#11367 = VERTEX_POINT('',#11368);
#11368 = CARTESIAN_POINT('',(-20.,42.45,2.7));
#11369 = VERTEX_POINT('',#11370);
#11370 = CARTESIAN_POINT('',(-22.9,42.45,2.7));
#11371 = SURFACE_CURVE('',#11372,(#11376,#11383),.PCURVE_S1.);
#11372 = LINE('',#11373,#11374);
#11373 = CARTESIAN_POINT('',(22.9,42.45,2.7));
#11374 = VECTOR('',#11375,1.);
#11375 = DIRECTION('',(-1.,0.,0.));
#11376 = PCURVE('',#8879,#11377);
#11377 = DEFINITIONAL_REPRESENTATION('',(#11378),#11382);
#11378 = LINE('',#11379,#11380);
#11379 = CARTESIAN_POINT('',(22.359341906203,42.568570347958));
#11380 = VECTOR('',#11381,1.);
#11381 = DIRECTION('',(-1.,0.));
#11382 = ( GEOMETRIC_REPRESENTATION_CONTEXT(2) 
PARAMETRIC_REPRESENTATION_CONTEXT() REPRESENTATION_CONTEXT('2D SPACE',''
  ) );
#11383 = PCURVE('',#10641,#11384);
#11384 = DEFINITIONAL_REPRESENTATION('',(#11385),#11389);
#11385 = LINE('',#11386,#11387);
#11386 = CARTESIAN_POINT('',(0.,0.));
#11387 = VECTOR('',#11388,1.);
#11388 = DIRECTION('',(-6.162975822039E-33,-1.));
#11389 = ( GEOMETRIC_REPRESENTATION_CONTEXT(2) 
PARAMETRIC_REPRESENTATION_CONTEXT() REPRESENTATION_CONTEXT('2D SPACE',''
  ) );
#11390 = ORIENTED_EDGE('',*,*,#11391,.T.);
#11391 = EDGE_CURVE('',#11369,#8863,#11392,.T.);
#11392 = SURFACE_CURVE('',#11393,(#11397,#11404),.PCURVE_S1.);
#11393 = LINE('',#11394,#11395);
#11394 = CARTESIAN_POINT('',(-22.9,42.45,2.7));
#11395 = VECTOR('',#11396,1.);
#11396 = DIRECTION('',(0.,-1.,0.));
#11397 = PCURVE('',#8879,#11398);
#11398 = DEFINITIONAL_REPRESENTATION('',(#11399),#11403);
#11399 = LINE('',#11400,#11401);
#11400 = CARTESIAN_POINT('',(-23.44065809379,42.568570347958));
#11401 = VECTOR('',#11402,1.);
#11402 = DIRECTION('',(0.,-1.));
#11403 = ( GEOMETRIC_REPRESENTATION_CONTEXT(2) 
PARAMETRIC_REPRESENTATION_CONTEXT() REPRESENTATION_CONTEXT('2D SPACE',''
  ) );
#11404 = PCURVE('',#8915,#11405);
#11405 = DEFINITIONAL_REPRESENTATION('',(#11406),#11410);
#11406 = LINE('',#11407,#11408);
#11407 = CARTESIAN_POINT('',(0.,0.));
#11408 = VECTOR('',#11409,1.);
#11409 = DIRECTION('',(-6.162975822039E-33,-1.));
#11410 = ( GEOMETRIC_REPRESENTATION_CONTEXT(2) 
PARAMETRIC_REPRESENTATION_CONTEXT() REPRESENTATION_CONTEXT('2D SPACE',''
  ) );
#11411 = ORIENTED_EDGE('',*,*,#8862,.T.);
#11412 = ORIENTED_EDGE('',*,*,#8982,.T.);
#11413 = ORIENTED_EDGE('',*,*,#11053,.T.);
#11414 = ORIENTED_EDGE('',*,*,#11415,.F.);
#11415 = EDGE_CURVE('',#11367,#11054,#11416,.T.);
#11416 = SURFACE_CURVE('',#11417,(#11422,#11433),.PCURVE_S1.);
#11417 = CIRCLE('',#11418,2.6);
#11418 = AXIS2_PLACEMENT_3D('',#11419,#11420,#11421);
#11419 = CARTESIAN_POINT('',(-22.4,41.45,2.7));
#11420 = DIRECTION('',(0.,0.,-1.));
#11421 = DIRECTION('',(1.,0.,0.));
#11422 = PCURVE('',#8879,#11423);
#11423 = DEFINITIONAL_REPRESENTATION('',(#11424),#11432);
#11424 = ( BOUNDED_CURVE() B_SPLINE_CURVE(2,(#11425,#11426,#11427,#11428
    ,#11429,#11430,#11431),.UNSPECIFIED.,.T.,.F.) 
B_SPLINE_CURVE_WITH_KNOTS((1,2,2,2,2,1),(-2.094395102393,0.,
    2.094395102393,4.188790204786,6.28318530718,8.377580409573),
.UNSPECIFIED.) CURVE() GEOMETRIC_REPRESENTATION_ITEM() 
RATIONAL_B_SPLINE_CURVE((1.,0.5,1.,0.5,1.,0.5,1.)) REPRESENTATION_ITEM(
  '') );
#11425 = CARTESIAN_POINT('',(-20.34065809379,41.568570347958));
#11426 = CARTESIAN_POINT('',(-20.34065809379,37.065238248279));
#11427 = CARTESIAN_POINT('',(-24.24065809379,39.316904298118));
#11428 = CARTESIAN_POINT('',(-28.14065809379,41.568570347958));
#11429 = CARTESIAN_POINT('',(-24.24065809379,43.820236397797));
#11430 = CARTESIAN_POINT('',(-20.34065809379,46.071902447637));
#11431 = CARTESIAN_POINT('',(-20.34065809379,41.568570347958));
#11432 = ( GEOMETRIC_REPRESENTATION_CONTEXT(2) 
PARAMETRIC_REPRESENTATION_CONTEXT() REPRESENTATION_CONTEXT('2D SPACE',''
  ) );
#11433 = PCURVE('',#11434,#11439);
#11434 = CYLINDRICAL_SURFACE('',#11435,2.6);
#11435 = AXIS2_PLACEMENT_3D('',#11436,#11437,#11438);
#11436 = CARTESIAN_POINT('',(-22.4,41.45,1.));
#11437 = DIRECTION('',(-0.,-0.,-1.));
#11438 = DIRECTION('',(1.,0.,0.));
#11439 = DEFINITIONAL_REPRESENTATION('',(#11440),#11444);
#11440 = LINE('',#11441,#11442);
#11441 = CARTESIAN_POINT('',(-12.56637061435,-1.7));
#11442 = VECTOR('',#11443,1.);
#11443 = DIRECTION('',(1.,-0.));
#11444 = ( GEOMETRIC_REPRESENTATION_CONTEXT(2) 
PARAMETRIC_REPRESENTATION_CONTEXT() REPRESENTATION_CONTEXT('2D SPACE',''
  ) );
#11445 = ADVANCED_FACE('',(#11446),#8915,.F.);
#11446 = FACE_BOUND('',#11447,.F.);
#11447 = EDGE_LOOP('',(#11448,#11449,#11450,#11469));
#11448 = ORIENTED_EDGE('',*,*,#8895,.F.);
#11449 = ORIENTED_EDGE('',*,*,#10569,.T.);
#11450 = ORIENTED_EDGE('',*,*,#11451,.F.);
#11451 = EDGE_CURVE('',#11369,#10570,#11452,.T.);
#11452 = SURFACE_CURVE('',#11453,(#11457,#11463),.PCURVE_S1.);
#11453 = LINE('',#11454,#11455);
#11454 = CARTESIAN_POINT('',(-22.9,42.45,2.7));
#11455 = VECTOR('',#11456,1.);
#11456 = DIRECTION('',(-0.707106781187,8.659560562355E-17,0.707106781187
    ));
#11457 = PCURVE('',#8915,#11458);
#11458 = DEFINITIONAL_REPRESENTATION('',(#11459),#11462);
#11459 = B_SPLINE_CURVE_WITH_KNOTS('',1,(#11460,#11461),.UNSPECIFIED.,
  .F.,.F.,(2,2),(-1.745753287238E-15,0.141421356237),
  .PIECEWISE_BEZIER_KNOTS.);
#11460 = CARTESIAN_POINT('',(-1.745753287238E-15,8.715763992105E-34));
#11461 = CARTESIAN_POINT('',(0.141421356237,8.715763992105E-34));
#11462 = ( GEOMETRIC_REPRESENTATION_CONTEXT(2) 
PARAMETRIC_REPRESENTATION_CONTEXT() REPRESENTATION_CONTEXT('2D SPACE',''
  ) );
#11463 = PCURVE('',#10613,#11464);
#11464 = DEFINITIONAL_REPRESENTATION('',(#11465),#11468);
#11465 = B_SPLINE_CURVE_WITH_KNOTS('',1,(#11466,#11467),.UNSPECIFIED.,
  .F.,.F.,(2,2),(-1.745753287238E-15,0.141421356237),
  .PIECEWISE_BEZIER_KNOTS.);
#11466 = CARTESIAN_POINT('',(-1.570796326795,0.));
#11467 = CARTESIAN_POINT('',(-1.570796326795,0.1));
#11468 = ( GEOMETRIC_REPRESENTATION_CONTEXT(2) 
PARAMETRIC_REPRESENTATION_CONTEXT() REPRESENTATION_CONTEXT('2D SPACE',''
  ) );
#11469 = ORIENTED_EDGE('',*,*,#11391,.T.);
#11470 = ADVANCED_FACE('',(#11471),#9149,.F.);
#11471 = FACE_BOUND('',#11472,.F.);
#11472 = EDGE_LOOP('',(#11473,#11503,#11524,#11525,#11526,#11553,#11579,
    #11604,#11605));
#11473 = ORIENTED_EDGE('',*,*,#11474,.T.);
#11474 = EDGE_CURVE('',#11475,#11477,#11479,.T.);
#11475 = VERTEX_POINT('',#11476);
#11476 = CARTESIAN_POINT('',(22.9,13.55,2.7));
#11477 = VERTEX_POINT('',#11478);
#11478 = CARTESIAN_POINT('',(22.9,38.898529835565,2.7));
#11479 = SURFACE_CURVE('',#11480,(#11484,#11491),.PCURVE_S1.);
#11480 = LINE('',#11481,#11482);
#11481 = CARTESIAN_POINT('',(22.9,13.55,2.7));
#11482 = VECTOR('',#11483,1.);
#11483 = DIRECTION('',(0.,1.,0.));
#11484 = PCURVE('',#9149,#11485);
#11485 = DEFINITIONAL_REPRESENTATION('',(#11486),#11490);
#11486 = LINE('',#11487,#11488);
#11487 = CARTESIAN_POINT('',(0.,-0.));
#11488 = VECTOR('',#11489,1.);
#11489 = DIRECTION('',(-6.162975822039E-33,-1.));
#11490 = ( GEOMETRIC_REPRESENTATION_CONTEXT(2) 
PARAMETRIC_REPRESENTATION_CONTEXT() REPRESENTATION_CONTEXT('2D SPACE',''
  ) );
#11491 = PCURVE('',#11492,#11497);
#11492 = PLANE('',#11493);
#11493 = AXIS2_PLACEMENT_3D('',#11494,#11495,#11496);
#11494 = CARTESIAN_POINT('',(22.9,44.45,1.));
#11495 = DIRECTION('',(1.,0.,-0.));
#11496 = DIRECTION('',(0.,-1.,0.));
#11497 = DEFINITIONAL_REPRESENTATION('',(#11498),#11502);
#11498 = LINE('',#11499,#11500);
#11499 = CARTESIAN_POINT('',(30.9,-1.7));
#11500 = VECTOR('',#11501,1.);
#11501 = DIRECTION('',(-1.,0.));
#11502 = ( GEOMETRIC_REPRESENTATION_CONTEXT(2) 
PARAMETRIC_REPRESENTATION_CONTEXT() REPRESENTATION_CONTEXT('2D SPACE',''
  ) );
#11503 = ORIENTED_EDGE('',*,*,#11504,.T.);
#11504 = EDGE_CURVE('',#11477,#9097,#11505,.T.);
#11505 = SURFACE_CURVE('',#11506,(#11510,#11517),.PCURVE_S1.);
#11506 = LINE('',#11507,#11508);
#11507 = CARTESIAN_POINT('',(22.9,13.55,2.7));
#11508 = VECTOR('',#11509,1.);
#11509 = DIRECTION('',(0.,1.,0.));
#11510 = PCURVE('',#9149,#11511);
#11511 = DEFINITIONAL_REPRESENTATION('',(#11512),#11516);
#11512 = LINE('',#11513,#11514);
#11513 = CARTESIAN_POINT('',(0.,-0.));
#11514 = VECTOR('',#11515,1.);
#11515 = DIRECTION('',(-6.162975822039E-33,-1.));
#11516 = ( GEOMETRIC_REPRESENTATION_CONTEXT(2) 
PARAMETRIC_REPRESENTATION_CONTEXT() REPRESENTATION_CONTEXT('2D SPACE',''
  ) );
#11517 = PCURVE('',#9113,#11518);
#11518 = DEFINITIONAL_REPRESENTATION('',(#11519),#11523);
#11519 = LINE('',#11520,#11521);
#11520 = CARTESIAN_POINT('',(22.359341906203,13.668570347958));
#11521 = VECTOR('',#11522,1.);
#11522 = DIRECTION('',(0.,1.));
#11523 = ( GEOMETRIC_REPRESENTATION_CONTEXT(2) 
PARAMETRIC_REPRESENTATION_CONTEXT() REPRESENTATION_CONTEXT('2D SPACE',''
  ) );
#11524 = ORIENTED_EDGE('',*,*,#9129,.F.);
#11525 = ORIENTED_EDGE('',*,*,#10709,.T.);
#11526 = ORIENTED_EDGE('',*,*,#11527,.T.);
#11527 = EDGE_CURVE('',#10710,#11528,#11530,.T.);
#11528 = VERTEX_POINT('',#11529);
#11529 = CARTESIAN_POINT('',(22.99,38.917827020127,2.79));
#11530 = SURFACE_CURVE('',#11531,(#11536,#11543),.PCURVE_S1.);
#11531 = ELLIPSE('',#11532,3.67695526217,2.6);
#11532 = AXIS2_PLACEMENT_3D('',#11533,#11534,#11535);
#11533 = CARTESIAN_POINT('',(22.4,41.45,2.2));
#11534 = DIRECTION('',(0.707106781187,0.,-0.707106781187));
#11535 = DIRECTION('',(-0.707106781187,0.,-0.707106781187));
#11536 = PCURVE('',#9149,#11537);
#11537 = DEFINITIONAL_REPRESENTATION('',(#11538),#11542);
#11538 = ELLIPSE('',#11539,3.67695526217,2.6);
#11539 = AXIS2_PLACEMENT_2D('',#11540,#11541);
#11540 = CARTESIAN_POINT('',(-0.707106781187,-27.9));
#11541 = DIRECTION('',(-1.,8.659560562355E-17));
#11542 = ( GEOMETRIC_REPRESENTATION_CONTEXT(2) 
PARAMETRIC_REPRESENTATION_CONTEXT() REPRESENTATION_CONTEXT('2D SPACE',''
  ) );
#11543 = PCURVE('',#10749,#11544);
#11544 = DEFINITIONAL_REPRESENTATION('',(#11545),#11552);
#11545 = B_SPLINE_CURVE_WITH_KNOTS('',5,(#11546,#11547,#11548,#11549,
    #11550,#11551),.UNSPECIFIED.,.F.,.F.,(6,6),(4.479520564956,
    4.522793602943),.PIECEWISE_BEZIER_KNOTS.);
#11546 = CARTESIAN_POINT('',(-4.945257395814,-1.8000006));
#11547 = CARTESIAN_POINT('',(-4.936602788216,-1.778105983421));
#11548 = CARTESIAN_POINT('',(-4.927948180619,-1.756155190112));
#11549 = CARTESIAN_POINT('',(-4.919293573021,-1.734151636646));
#11550 = CARTESIAN_POINT('',(-4.910638965424,-1.712098757131));
#11551 = CARTESIAN_POINT('',(-4.901984357826,-1.69));
#11552 = ( GEOMETRIC_REPRESENTATION_CONTEXT(2) 
PARAMETRIC_REPRESENTATION_CONTEXT() REPRESENTATION_CONTEXT('2D SPACE',''
  ) );
#11553 = ORIENTED_EDGE('',*,*,#11554,.F.);
#11554 = EDGE_CURVE('',#11555,#11528,#11557,.T.);
#11555 = VERTEX_POINT('',#11556);
#11556 = CARTESIAN_POINT('',(22.99,38.35574726307,2.79));
#11557 = SURFACE_CURVE('',#11558,(#11562,#11568),.PCURVE_S1.);
#11558 = LINE('',#11559,#11560);
#11559 = CARTESIAN_POINT('',(22.99,-13.95,2.79));
#11560 = VECTOR('',#11561,1.);
#11561 = DIRECTION('',(-0.,1.,0.));
#11562 = PCURVE('',#9149,#11563);
#11563 = DEFINITIONAL_REPRESENTATION('',(#11564),#11567);
#11564 = B_SPLINE_CURVE_WITH_KNOTS('',1,(#11565,#11566),.UNSPECIFIED.,
  .F.,.F.,(2,2),(52.289935691983,53.738675227416),
  .PIECEWISE_BEZIER_KNOTS.);
#11565 = CARTESIAN_POINT('',(0.127279220614,-24.78993569198));
#11566 = CARTESIAN_POINT('',(0.127279220614,-26.23867522741));
#11567 = ( GEOMETRIC_REPRESENTATION_CONTEXT(2) 
PARAMETRIC_REPRESENTATION_CONTEXT() REPRESENTATION_CONTEXT('2D SPACE',''
  ) );
#11568 = PCURVE('',#11569,#11574);
#11569 = PLANE('',#11570);
#11570 = AXIS2_PLACEMENT_3D('',#11571,#11572,#11573);
#11571 = CARTESIAN_POINT('',(-22.4,-41.45,2.79));
#11572 = DIRECTION('',(0.,0.,1.));
#11573 = DIRECTION('',(1.,0.,-0.));
#11574 = DEFINITIONAL_REPRESENTATION('',(#11575),#11578);
#11575 = B_SPLINE_CURVE_WITH_KNOTS('',1,(#11576,#11577),.UNSPECIFIED.,
  .F.,.F.,(2,2),(52.289935691983,53.738675227416),
  .PIECEWISE_BEZIER_KNOTS.);
#11576 = CARTESIAN_POINT('',(45.39,79.789935691983));
#11577 = CARTESIAN_POINT('',(45.39,81.238675227416));
#11578 = ( GEOMETRIC_REPRESENTATION_CONTEXT(2) 
PARAMETRIC_REPRESENTATION_CONTEXT() REPRESENTATION_CONTEXT('2D SPACE',''
  ) );
#11579 = ORIENTED_EDGE('',*,*,#11580,.F.);
#11580 = EDGE_CURVE('',#10789,#11555,#11581,.T.);
#11581 = SURFACE_CURVE('',#11582,(#11587,#11594),.PCURVE_S1.);
#11582 = ELLIPSE('',#11583,4.454772721475,3.15);
#11583 = AXIS2_PLACEMENT_3D('',#11584,#11585,#11586);
#11584 = CARTESIAN_POINT('',(22.4,41.45,2.2));
#11585 = DIRECTION('',(0.707106781187,0.,-0.707106781187));
#11586 = DIRECTION('',(-0.707106781187,0.,-0.707106781187));
#11587 = PCURVE('',#9149,#11588);
#11588 = DEFINITIONAL_REPRESENTATION('',(#11589),#11593);
#11589 = ELLIPSE('',#11590,4.454772721475,3.15);
#11590 = AXIS2_PLACEMENT_2D('',#11591,#11592);
#11591 = CARTESIAN_POINT('',(-0.707106781187,-27.9));
#11592 = DIRECTION('',(-1.,8.659560562355E-17));
#11593 = ( GEOMETRIC_REPRESENTATION_CONTEXT(2) 
PARAMETRIC_REPRESENTATION_CONTEXT() REPRESENTATION_CONTEXT('2D SPACE',''
  ) );
#11594 = PCURVE('',#10809,#11595);
#11595 = DEFINITIONAL_REPRESENTATION('',(#11596),#11603);
#11596 = B_SPLINE_CURVE_WITH_KNOTS('',5,(#11597,#11598,#11599,#11600,
    #11601,#11602),.UNSPECIFIED.,.F.,.F.,(6,6),(4.520741591381,
    4.523974779387),.PIECEWISE_BEZIER_KNOTS.);
#11597 = CARTESIAN_POINT('',(-4.904036369389,-1.00006E-02));
#11598 = CARTESIAN_POINT('',(-4.903389731787,-8.000983726532E-03));
#11599 = CARTESIAN_POINT('',(-4.902743094186,-6.001053847616E-03));
#11600 = CARTESIAN_POINT('',(-4.902096456585,-4.000812105139E-03));
#11601 = CARTESIAN_POINT('',(-4.901449818983,-2.000260241611E-03));
#11602 = CARTESIAN_POINT('',(-4.900803181382,5.999999999062E-07));
#11603 = ( GEOMETRIC_REPRESENTATION_CONTEXT(2) 
PARAMETRIC_REPRESENTATION_CONTEXT() REPRESENTATION_CONTEXT('2D SPACE',''
  ) );
#11604 = ORIENTED_EDGE('',*,*,#10820,.T.);
#11605 = ORIENTED_EDGE('',*,*,#11606,.F.);
#11606 = EDGE_CURVE('',#11475,#10821,#11607,.T.);
#11607 = SURFACE_CURVE('',#11608,(#11612,#11618),.PCURVE_S1.);
#11608 = LINE('',#11609,#11610);
#11609 = CARTESIAN_POINT('',(22.9,13.55,2.7));
#11610 = VECTOR('',#11611,1.);
#11611 = DIRECTION('',(0.57735026919,0.57735026919,0.57735026919));
#11612 = PCURVE('',#9149,#11613);
#11613 = DEFINITIONAL_REPRESENTATION('',(#11614),#11617);
#11614 = B_SPLINE_CURVE_WITH_KNOTS('',1,(#11615,#11616),.UNSPECIFIED.,
  .F.,.F.,(2,2),(0.,0.173205080757),.PIECEWISE_BEZIER_KNOTS.);
#11615 = CARTESIAN_POINT('',(0.,0.));
#11616 = CARTESIAN_POINT('',(0.141421356237,-0.1));
#11617 = ( GEOMETRIC_REPRESENTATION_CONTEXT(2) 
PARAMETRIC_REPRESENTATION_CONTEXT() REPRESENTATION_CONTEXT('2D SPACE',''
  ) );
#11618 = PCURVE('',#10859,#11619);
#11619 = DEFINITIONAL_REPRESENTATION('',(#11620),#11623);
#11620 = B_SPLINE_CURVE_WITH_KNOTS('',1,(#11621,#11622),.UNSPECIFIED.,
  .F.,.F.,(2,2),(0.,0.173205080757),.PIECEWISE_BEZIER_KNOTS.);
#11621 = CARTESIAN_POINT('',(-1.298934084353E-16,-1.5));
#11622 = CARTESIAN_POINT('',(0.141421356237,-1.4));
#11623 = ( GEOMETRIC_REPRESENTATION_CONTEXT(2) 
PARAMETRIC_REPRESENTATION_CONTEXT() REPRESENTATION_CONTEXT('2D SPACE',''
  ) );
#11624 = ADVANCED_FACE('',(#11625),#9113,.T.);
#11625 = FACE_BOUND('',#11626,.T.);
#11626 = EDGE_LOOP('',(#11627,#11650,#11673,#11704,#11705));
#11627 = ORIENTED_EDGE('',*,*,#11628,.T.);
#11628 = EDGE_CURVE('',#9065,#11629,#11631,.T.);
#11629 = VERTEX_POINT('',#11630);
#11630 = CARTESIAN_POINT('',(22.9,42.45,2.7));
#11631 = SURFACE_CURVE('',#11632,(#11636,#11643),.PCURVE_S1.);
#11632 = LINE('',#11633,#11634);
#11633 = CARTESIAN_POINT('',(22.9,13.55,2.7));
#11634 = VECTOR('',#11635,1.);
#11635 = DIRECTION('',(0.,1.,0.));
#11636 = PCURVE('',#9113,#11637);
#11637 = DEFINITIONAL_REPRESENTATION('',(#11638),#11642);
#11638 = LINE('',#11639,#11640);
#11639 = CARTESIAN_POINT('',(22.359341906203,13.668570347958));
#11640 = VECTOR('',#11641,1.);
#11641 = DIRECTION('',(0.,1.));
#11642 = ( GEOMETRIC_REPRESENTATION_CONTEXT(2) 
PARAMETRIC_REPRESENTATION_CONTEXT() REPRESENTATION_CONTEXT('2D SPACE',''
  ) );
#11643 = PCURVE('',#9084,#11644);
#11644 = DEFINITIONAL_REPRESENTATION('',(#11645),#11649);
#11645 = LINE('',#11646,#11647);
#11646 = CARTESIAN_POINT('',(0.,-0.));
#11647 = VECTOR('',#11648,1.);
#11648 = DIRECTION('',(-6.162975822039E-33,-1.));
#11649 = ( GEOMETRIC_REPRESENTATION_CONTEXT(2) 
PARAMETRIC_REPRESENTATION_CONTEXT() REPRESENTATION_CONTEXT('2D SPACE',''
  ) );
#11650 = ORIENTED_EDGE('',*,*,#11651,.T.);
#11651 = EDGE_CURVE('',#11629,#11652,#11654,.T.);
#11652 = VERTEX_POINT('',#11653);
#11653 = CARTESIAN_POINT('',(20.,42.45,2.7));
#11654 = SURFACE_CURVE('',#11655,(#11659,#11666),.PCURVE_S1.);
#11655 = LINE('',#11656,#11657);
#11656 = CARTESIAN_POINT('',(22.9,42.45,2.7));
#11657 = VECTOR('',#11658,1.);
#11658 = DIRECTION('',(-1.,0.,0.));
#11659 = PCURVE('',#9113,#11660);
#11660 = DEFINITIONAL_REPRESENTATION('',(#11661),#11665);
#11661 = LINE('',#11662,#11663);
#11662 = CARTESIAN_POINT('',(22.359341906203,42.568570347958));
#11663 = VECTOR('',#11664,1.);
#11664 = DIRECTION('',(-1.,0.));
#11665 = ( GEOMETRIC_REPRESENTATION_CONTEXT(2) 
PARAMETRIC_REPRESENTATION_CONTEXT() REPRESENTATION_CONTEXT('2D SPACE',''
  ) );
#11666 = PCURVE('',#10641,#11667);
#11667 = DEFINITIONAL_REPRESENTATION('',(#11668),#11672);
#11668 = LINE('',#11669,#11670);
#11669 = CARTESIAN_POINT('',(0.,0.));
#11670 = VECTOR('',#11671,1.);
#11671 = DIRECTION('',(-6.162975822039E-33,-1.));
#11672 = ( GEOMETRIC_REPRESENTATION_CONTEXT(2) 
PARAMETRIC_REPRESENTATION_CONTEXT() REPRESENTATION_CONTEXT('2D SPACE',''
  ) );
#11673 = ORIENTED_EDGE('',*,*,#11674,.F.);
#11674 = EDGE_CURVE('',#11477,#11652,#11675,.T.);
#11675 = SURFACE_CURVE('',#11676,(#11681,#11692),.PCURVE_S1.);
#11676 = CIRCLE('',#11677,2.6);
#11677 = AXIS2_PLACEMENT_3D('',#11678,#11679,#11680);
#11678 = CARTESIAN_POINT('',(22.4,41.45,2.7));
#11679 = DIRECTION('',(0.,0.,-1.));
#11680 = DIRECTION('',(1.,0.,0.));
#11681 = PCURVE('',#9113,#11682);
#11682 = DEFINITIONAL_REPRESENTATION('',(#11683),#11691);
#11683 = ( BOUNDED_CURVE() B_SPLINE_CURVE(2,(#11684,#11685,#11686,#11687
    ,#11688,#11689,#11690),.UNSPECIFIED.,.T.,.F.) 
B_SPLINE_CURVE_WITH_KNOTS((1,2,2,2,2,1),(-2.094395102393,0.,
    2.094395102393,4.188790204786,6.28318530718,8.377580409573),
.UNSPECIFIED.) CURVE() GEOMETRIC_REPRESENTATION_ITEM() 
RATIONAL_B_SPLINE_CURVE((1.,0.5,1.,0.5,1.,0.5,1.)) REPRESENTATION_ITEM(
  '') );
#11684 = CARTESIAN_POINT('',(24.459341906203,41.568570347958));
#11685 = CARTESIAN_POINT('',(24.459341906203,37.065238248279));
#11686 = CARTESIAN_POINT('',(20.559341906203,39.316904298118));
#11687 = CARTESIAN_POINT('',(16.659341906203,41.568570347958));
#11688 = CARTESIAN_POINT('',(20.559341906203,43.820236397797));
#11689 = CARTESIAN_POINT('',(24.459341906203,46.071902447637));
#11690 = CARTESIAN_POINT('',(24.459341906203,41.568570347958));
#11691 = ( GEOMETRIC_REPRESENTATION_CONTEXT(2) 
PARAMETRIC_REPRESENTATION_CONTEXT() REPRESENTATION_CONTEXT('2D SPACE',''
  ) );
#11692 = PCURVE('',#11693,#11698);
#11693 = CYLINDRICAL_SURFACE('',#11694,2.6);
#11694 = AXIS2_PLACEMENT_3D('',#11695,#11696,#11697);
#11695 = CARTESIAN_POINT('',(22.4,41.45,1.));
#11696 = DIRECTION('',(-0.,-0.,-1.));
#11697 = DIRECTION('',(1.,0.,0.));
#11698 = DEFINITIONAL_REPRESENTATION('',(#11699),#11703);
#11699 = LINE('',#11700,#11701);
#11700 = CARTESIAN_POINT('',(-6.28318530718,-1.7));
#11701 = VECTOR('',#11702,1.);
#11702 = DIRECTION('',(1.,-0.));
#11703 = ( GEOMETRIC_REPRESENTATION_CONTEXT(2) 
PARAMETRIC_REPRESENTATION_CONTEXT() REPRESENTATION_CONTEXT('2D SPACE',''
  ) );
#11704 = ORIENTED_EDGE('',*,*,#11504,.T.);
#11705 = ORIENTED_EDGE('',*,*,#9096,.T.);
#11706 = ADVANCED_FACE('',(#11707),#9084,.F.);
#11707 = FACE_BOUND('',#11708,.F.);
#11708 = EDGE_LOOP('',(#11709,#11710,#11711,#11730));
#11709 = ORIENTED_EDGE('',*,*,#9064,.F.);
#11710 = ORIENTED_EDGE('',*,*,#11628,.T.);
#11711 = ORIENTED_EDGE('',*,*,#11712,.T.);
#11712 = EDGE_CURVE('',#11629,#10654,#11713,.T.);
#11713 = SURFACE_CURVE('',#11714,(#11718,#11724),.PCURVE_S1.);
#11714 = LINE('',#11715,#11716);
#11715 = CARTESIAN_POINT('',(22.9,42.45,2.7));
#11716 = VECTOR('',#11717,1.);
#11717 = DIRECTION('',(0.707106781187,8.659560562355E-17,0.707106781187)
  );
#11718 = PCURVE('',#9084,#11719);
#11719 = DEFINITIONAL_REPRESENTATION('',(#11720),#11723);
#11720 = B_SPLINE_CURVE_WITH_KNOTS('',1,(#11721,#11722),.UNSPECIFIED.,
  .F.,.F.,(2,2),(0.,0.141421356237),.PIECEWISE_BEZIER_KNOTS.);
#11721 = CARTESIAN_POINT('',(-1.87695975189E-15,-28.9));
#11722 = CARTESIAN_POINT('',(0.141421356237,-28.9));
#11723 = ( GEOMETRIC_REPRESENTATION_CONTEXT(2) 
PARAMETRIC_REPRESENTATION_CONTEXT() REPRESENTATION_CONTEXT('2D SPACE',''
  ) );
#11724 = PCURVE('',#10674,#11725);
#11725 = DEFINITIONAL_REPRESENTATION('',(#11726),#11729);
#11726 = B_SPLINE_CURVE_WITH_KNOTS('',1,(#11727,#11728),.UNSPECIFIED.,
  .F.,.F.,(2,2),(0.,0.141421356237),.PIECEWISE_BEZIER_KNOTS.);
#11727 = CARTESIAN_POINT('',(-3.14159265359,0.));
#11728 = CARTESIAN_POINT('',(-3.14159265359,0.1));
#11729 = ( GEOMETRIC_REPRESENTATION_CONTEXT(2) 
PARAMETRIC_REPRESENTATION_CONTEXT() REPRESENTATION_CONTEXT('2D SPACE',''
  ) );
#11730 = ORIENTED_EDGE('',*,*,#10686,.T.);
#11731 = ADVANCED_FACE('',(#11732),#9303,.T.);
#11732 = FACE_BOUND('',#11733,.F.);
#11733 = EDGE_LOOP('',(#11734,#11735,#11736,#11737));
#11734 = ORIENTED_EDGE('',*,*,#9319,.F.);
#11735 = ORIENTED_EDGE('',*,*,#9288,.F.);
#11736 = ORIENTED_EDGE('',*,*,#9421,.T.);
#11737 = ORIENTED_EDGE('',*,*,#10253,.F.);
#11738 = ADVANCED_FACE('',(#11739),#9488,.T.);
#11739 = FACE_BOUND('',#11740,.T.);
#11740 = EDGE_LOOP('',(#11741,#11742,#11743,#11744));
#11741 = ORIENTED_EDGE('',*,*,#9470,.F.);
#11742 = ORIENTED_EDGE('',*,*,#9567,.T.);
#11743 = ORIENTED_EDGE('',*,*,#9593,.T.);
#11744 = ORIENTED_EDGE('',*,*,#10282,.F.);
#11745 = ADVANCED_FACE('',(#11746),#9780,.T.);
#11746 = FACE_BOUND('',#11747,.T.);
#11747 = EDGE_LOOP('',(#11748,#11749,#11750,#11751));
#11748 = ORIENTED_EDGE('',*,*,#9871,.F.);
#11749 = ORIENTED_EDGE('',*,*,#9765,.T.);
#11750 = ORIENTED_EDGE('',*,*,#9796,.T.);
#11751 = ORIENTED_EDGE('',*,*,#10332,.F.);
#11752 = ADVANCED_FACE('',(#11753),#9938,.T.);
#11753 = FACE_BOUND('',#11754,.T.);
#11754 = EDGE_LOOP('',(#11755,#11756,#11757,#11758));
#11755 = ORIENTED_EDGE('',*,*,#9920,.F.);
#11756 = ORIENTED_EDGE('',*,*,#10017,.T.);
#11757 = ORIENTED_EDGE('',*,*,#10043,.T.);
#11758 = ORIENTED_EDGE('',*,*,#10307,.F.);
#11759 = ADVANCED_FACE('',(#11760),#10114,.T.);
#11760 = FACE_BOUND('',#11761,.F.);
#11761 = EDGE_LOOP('',(#11762,#11788,#11789,#11810));
#11762 = ORIENTED_EDGE('',*,*,#11763,.F.);
#11763 = EDGE_CURVE('',#10094,#11764,#11766,.T.);
#11764 = VERTEX_POINT('',#11765);
#11765 = CARTESIAN_POINT('',(-20.,-42.45,1.));
#11766 = SURFACE_CURVE('',#11767,(#11771,#11777),.PCURVE_S1.);
#11767 = LINE('',#11768,#11769);
#11768 = CARTESIAN_POINT('',(-20.,-42.45,1.));
#11769 = VECTOR('',#11770,1.);
#11770 = DIRECTION('',(-0.,-0.,-1.));
#11771 = PCURVE('',#10114,#11772);
#11772 = DEFINITIONAL_REPRESENTATION('',(#11773),#11776);
#11773 = B_SPLINE_CURVE_WITH_KNOTS('',1,(#11774,#11775),.UNSPECIFIED.,
  .F.,.F.,(2,2),(-1.8,-0.),.PIECEWISE_BEZIER_KNOTS.);
#11774 = CARTESIAN_POINT('',(-5.88839418748,-1.8));
#11775 = CARTESIAN_POINT('',(-5.88839418748,0.));
#11776 = ( GEOMETRIC_REPRESENTATION_CONTEXT(2) 
PARAMETRIC_REPRESENTATION_CONTEXT() REPRESENTATION_CONTEXT('2D SPACE',''
  ) );
#11777 = PCURVE('',#11778,#11783);
#11778 = PLANE('',#11779);
#11779 = AXIS2_PLACEMENT_3D('',#11780,#11781,#11782);
#11780 = CARTESIAN_POINT('',(-22.9,-42.45,0.99));
#11781 = DIRECTION('',(0.,1.,0.));
#11782 = DIRECTION('',(1.,0.,0.));
#11783 = DEFINITIONAL_REPRESENTATION('',(#11784),#11787);
#11784 = B_SPLINE_CURVE_WITH_KNOTS('',1,(#11785,#11786),.UNSPECIFIED.,
  .F.,.F.,(2,2),(-1.8000006,6.000000000173E-07),
  .PIECEWISE_BEZIER_KNOTS.);
#11785 = CARTESIAN_POINT('',(2.9,-1.8100006));
#11786 = CARTESIAN_POINT('',(2.9,-9.9994E-03));
#11787 = ( GEOMETRIC_REPRESENTATION_CONTEXT(2) 
PARAMETRIC_REPRESENTATION_CONTEXT() REPRESENTATION_CONTEXT('2D SPACE',''
  ) );
#11788 = ORIENTED_EDGE('',*,*,#10091,.F.);
#11789 = ORIENTED_EDGE('',*,*,#11790,.T.);
#11790 = EDGE_CURVE('',#10092,#11791,#11793,.T.);
#11791 = VERTEX_POINT('',#11792);
#11792 = CARTESIAN_POINT('',(-22.9,-38.89852983556,1.));
#11793 = SURFACE_CURVE('',#11794,(#11798,#11804),.PCURVE_S1.);
#11794 = LINE('',#11795,#11796);
#11795 = CARTESIAN_POINT('',(-22.9,-38.89852983556,1.));
#11796 = VECTOR('',#11797,1.);
#11797 = DIRECTION('',(-0.,-0.,-1.));
#11798 = PCURVE('',#10114,#11799);
#11799 = DEFINITIONAL_REPRESENTATION('',(#11800),#11803);
#11800 = B_SPLINE_CURVE_WITH_KNOTS('',1,(#11801,#11802),.UNSPECIFIED.,
  .F.,.F.,(2,2),(-1.8,-0.),.PIECEWISE_BEZIER_KNOTS.);
#11801 = CARTESIAN_POINT('',(-8.047494826485,-1.8));
#11802 = CARTESIAN_POINT('',(-8.047494826485,0.));
#11803 = ( GEOMETRIC_REPRESENTATION_CONTEXT(2) 
PARAMETRIC_REPRESENTATION_CONTEXT() REPRESENTATION_CONTEXT('2D SPACE',''
  ) );
#11804 = PCURVE('',#11090,#11805);
#11805 = DEFINITIONAL_REPRESENTATION('',(#11806),#11809);
#11806 = B_SPLINE_CURVE_WITH_KNOTS('',1,(#11807,#11808),.UNSPECIFIED.,
  .F.,.F.,(2,2),(-1.8000006,6.000000000173E-07),
  .PIECEWISE_BEZIER_KNOTS.);
#11807 = CARTESIAN_POINT('',(81.348529835565,-1.8100006));
#11808 = CARTESIAN_POINT('',(81.348529835565,-9.9994E-03));
#11809 = ( GEOMETRIC_REPRESENTATION_CONTEXT(2) 
PARAMETRIC_REPRESENTATION_CONTEXT() REPRESENTATION_CONTEXT('2D SPACE',''
  ) );
#11810 = ORIENTED_EDGE('',*,*,#11811,.F.);
#11811 = EDGE_CURVE('',#11764,#11791,#11812,.T.);
#11812 = SURFACE_CURVE('',#11813,(#11818,#11825),.PCURVE_S1.);
#11813 = CIRCLE('',#11814,2.6);
#11814 = AXIS2_PLACEMENT_3D('',#11815,#11816,#11817);
#11815 = CARTESIAN_POINT('',(-22.4,-41.45,1.));
#11816 = DIRECTION('',(-0.,0.,1.));
#11817 = DIRECTION('',(0.923076923077,-0.384615384615,0.));
#11818 = PCURVE('',#10114,#11819);
#11819 = DEFINITIONAL_REPRESENTATION('',(#11820),#11824);
#11820 = LINE('',#11821,#11822);
#11821 = CARTESIAN_POINT('',(-5.88839418748,0.));
#11822 = VECTOR('',#11823,1.);
#11823 = DIRECTION('',(-1.,0.));
#11824 = ( GEOMETRIC_REPRESENTATION_CONTEXT(2) 
PARAMETRIC_REPRESENTATION_CONTEXT() REPRESENTATION_CONTEXT('2D SPACE',''
  ) );
#11825 = PCURVE('',#11826,#11831);
#11826 = PLANE('',#11827);
#11827 = AXIS2_PLACEMENT_3D('',#11828,#11829,#11830);
#11828 = CARTESIAN_POINT('',(0.75,0.,1.));
#11829 = DIRECTION('',(0.,0.,1.));
#11830 = DIRECTION('',(1.,0.,-0.));
#11831 = DEFINITIONAL_REPRESENTATION('',(#11832),#11836);
#11832 = CIRCLE('',#11833,2.6);
#11833 = AXIS2_PLACEMENT_2D('',#11834,#11835);
#11834 = CARTESIAN_POINT('',(-23.15,-41.45));
#11835 = DIRECTION('',(0.923076923077,-0.384615384615));
#11836 = ( GEOMETRIC_REPRESENTATION_CONTEXT(2) 
PARAMETRIC_REPRESENTATION_CONTEXT() REPRESENTATION_CONTEXT('2D SPACE',''
  ) );
#11837 = ADVANCED_FACE('',(#11838),#10186,.F.);
#11838 = FACE_BOUND('',#11839,.F.);
#11839 = EDGE_LOOP('',(#11840,#11859,#11860,#11881,#11882,#11901));
#11840 = ORIENTED_EDGE('',*,*,#11841,.F.);
#11841 = EDGE_CURVE('',#10150,#10497,#11842,.T.);
#11842 = SURFACE_CURVE('',#11843,(#11847,#11853),.PCURVE_S1.);
#11843 = LINE('',#11844,#11845);
#11844 = CARTESIAN_POINT('',(-22.9,-42.45,2.7));
#11845 = VECTOR('',#11846,1.);
#11846 = DIRECTION('',(-8.659560562355E-17,-0.707106781187,
    0.707106781187));
#11847 = PCURVE('',#10186,#11848);
#11848 = DEFINITIONAL_REPRESENTATION('',(#11849),#11852);
#11849 = B_SPLINE_CURVE_WITH_KNOTS('',1,(#11850,#11851),.UNSPECIFIED.,
  .F.,.F.,(2,2),(-2.974559053169E-15,0.141421356237),
  .PIECEWISE_BEZIER_KNOTS.);
#11850 = CARTESIAN_POINT('',(-2.974559053169E-15,8.715763992105E-34));
#11851 = CARTESIAN_POINT('',(0.141421356237,8.715763992105E-34));
#11852 = ( GEOMETRIC_REPRESENTATION_CONTEXT(2) 
PARAMETRIC_REPRESENTATION_CONTEXT() REPRESENTATION_CONTEXT('2D SPACE',''
  ) );
#11853 = PCURVE('',#10217,#11854);
#11854 = DEFINITIONAL_REPRESENTATION('',(#11855),#11858);
#11855 = B_SPLINE_CURVE_WITH_KNOTS('',1,(#11856,#11857),.UNSPECIFIED.,
  .F.,.F.,(2,2),(-2.974559053169E-15,0.141421356237),
  .PIECEWISE_BEZIER_KNOTS.);
#11856 = CARTESIAN_POINT('',(-1.570796326795,0.));
#11857 = CARTESIAN_POINT('',(-1.570796326795,0.1));
#11858 = ( GEOMETRIC_REPRESENTATION_CONTEXT(2) 
PARAMETRIC_REPRESENTATION_CONTEXT() REPRESENTATION_CONTEXT('2D SPACE',''
  ) );
#11859 = ORIENTED_EDGE('',*,*,#10172,.T.);
#11860 = ORIENTED_EDGE('',*,*,#11861,.T.);
#11861 = EDGE_CURVE('',#10094,#11153,#11862,.T.);
#11862 = SURFACE_CURVE('',#11863,(#11867,#11874),.PCURVE_S1.);
#11863 = LINE('',#11864,#11865);
#11864 = CARTESIAN_POINT('',(-22.9,-42.45,2.7));
#11865 = VECTOR('',#11866,1.);
#11866 = DIRECTION('',(1.,0.,0.));
#11867 = PCURVE('',#10186,#11868);
#11868 = DEFINITIONAL_REPRESENTATION('',(#11869),#11873);
#11869 = LINE('',#11870,#11871);
#11870 = CARTESIAN_POINT('',(0.,0.));
#11871 = VECTOR('',#11872,1.);
#11872 = DIRECTION('',(-6.162975822039E-33,-1.));
#11873 = ( GEOMETRIC_REPRESENTATION_CONTEXT(2) 
PARAMETRIC_REPRESENTATION_CONTEXT() REPRESENTATION_CONTEXT('2D SPACE',''
  ) );
#11874 = PCURVE('',#11778,#11875);
#11875 = DEFINITIONAL_REPRESENTATION('',(#11876),#11880);
#11876 = LINE('',#11877,#11878);
#11877 = CARTESIAN_POINT('',(0.,-1.71));
#11878 = VECTOR('',#11879,1.);
#11879 = DIRECTION('',(1.,0.));
#11880 = ( GEOMETRIC_REPRESENTATION_CONTEXT(2) 
PARAMETRIC_REPRESENTATION_CONTEXT() REPRESENTATION_CONTEXT('2D SPACE',''
  ) );
#11881 = ORIENTED_EDGE('',*,*,#11187,.T.);
#11882 = ORIENTED_EDGE('',*,*,#11883,.T.);
#11883 = EDGE_CURVE('',#11106,#10464,#11884,.T.);
#11884 = SURFACE_CURVE('',#11885,(#11889,#11895),.PCURVE_S1.);
#11885 = LINE('',#11886,#11887);
#11886 = CARTESIAN_POINT('',(22.9,-42.45,2.7));
#11887 = VECTOR('',#11888,1.);
#11888 = DIRECTION('',(8.659560562355E-17,-0.707106781187,0.707106781187
    ));
#11889 = PCURVE('',#10186,#11890);
#11890 = DEFINITIONAL_REPRESENTATION('',(#11891),#11894);
#11891 = B_SPLINE_CURVE_WITH_KNOTS('',1,(#11892,#11893),.UNSPECIFIED.,
  .F.,.F.,(2,2),(0.,0.141421356237),.PIECEWISE_BEZIER_KNOTS.);
#11892 = CARTESIAN_POINT('',(-2.974559053169E-15,-45.8));
#11893 = CARTESIAN_POINT('',(0.141421356237,-45.8));
#11894 = ( GEOMETRIC_REPRESENTATION_CONTEXT(2) 
PARAMETRIC_REPRESENTATION_CONTEXT() REPRESENTATION_CONTEXT('2D SPACE',''
  ) );
#11895 = PCURVE('',#10484,#11896);
#11896 = DEFINITIONAL_REPRESENTATION('',(#11897),#11900);
#11897 = B_SPLINE_CURVE_WITH_KNOTS('',1,(#11898,#11899),.UNSPECIFIED.,
  .F.,.F.,(2,2),(0.,0.141421356237),.PIECEWISE_BEZIER_KNOTS.);
#11898 = CARTESIAN_POINT('',(-3.14159265359,0.));
#11899 = CARTESIAN_POINT('',(-3.14159265359,0.1));
#11900 = ( GEOMETRIC_REPRESENTATION_CONTEXT(2) 
PARAMETRIC_REPRESENTATION_CONTEXT() REPRESENTATION_CONTEXT('2D SPACE',''
  ) );
#11901 = ORIENTED_EDGE('',*,*,#10496,.T.);
#11902 = ADVANCED_FACE('',(#11903),#10217,.F.);
#11903 = FACE_BOUND('',#11904,.T.);
#11904 = EDGE_LOOP('',(#11905,#11906,#11907));
#11905 = ORIENTED_EDGE('',*,*,#11841,.F.);
#11906 = ORIENTED_EDGE('',*,*,#10202,.T.);
#11907 = ORIENTED_EDGE('',*,*,#10519,.F.);
#11908 = ADVANCED_FACE('',(#11909),#10377,.T.);
#11909 = FACE_BOUND('',#11910,.T.);
#11910 = EDGE_LOOP('',(#11911,#11932,#11953,#11972));
#11911 = ORIENTED_EDGE('',*,*,#11912,.T.);
#11912 = EDGE_CURVE('',#10360,#11913,#11915,.T.);
#11913 = VERTEX_POINT('',#11914);
#11914 = CARTESIAN_POINT('',(24.4,-39.01638129527,2.79));
#11915 = SURFACE_CURVE('',#11916,(#11920,#11926),.PCURVE_S1.);
#11916 = LINE('',#11917,#11918);
#11917 = CARTESIAN_POINT('',(24.4,-39.01638129527,2.79));
#11918 = VECTOR('',#11919,1.);
#11919 = DIRECTION('',(-0.,-0.,-1.));
#11920 = PCURVE('',#10377,#11921);
#11921 = DEFINITIONAL_REPRESENTATION('',(#11922),#11925);
#11922 = B_SPLINE_CURVE_WITH_KNOTS('',1,(#11923,#11924),.UNSPECIFIED.,
  .F.,.F.,(2,2),(-0.19,5.999999999062E-07),.PIECEWISE_BEZIER_KNOTS.);
#11923 = CARTESIAN_POINT('',(3.433618704728,-1.99));
#11924 = CARTESIAN_POINT('',(3.433618704728,-1.7999994));
#11925 = ( GEOMETRIC_REPRESENTATION_CONTEXT(2) 
PARAMETRIC_REPRESENTATION_CONTEXT() REPRESENTATION_CONTEXT('2D SPACE',''
  ) );
#11926 = PCURVE('',#11035,#11927);
#11927 = DEFINITIONAL_REPRESENTATION('',(#11928),#11931);
#11928 = B_SPLINE_CURVE_WITH_KNOTS('',1,(#11929,#11930),.UNSPECIFIED.,
  .F.,.F.,(2,2),(-0.19,5.999999999062E-07),.PIECEWISE_BEZIER_KNOTS.);
#11929 = CARTESIAN_POINT('',(-7.166075845955,-0.19));
#11930 = CARTESIAN_POINT('',(-7.166075845955,5.999999999062E-07));
#11931 = ( GEOMETRIC_REPRESENTATION_CONTEXT(2) 
PARAMETRIC_REPRESENTATION_CONTEXT() REPRESENTATION_CONTEXT('2D SPACE',''
  ) );
#11932 = ORIENTED_EDGE('',*,*,#11933,.T.);
#11933 = EDGE_CURVE('',#11913,#11934,#11936,.T.);
#11934 = VERTEX_POINT('',#11935);
#11935 = CARTESIAN_POINT('',(24.4,-39.78867522741,2.79));
#11936 = SURFACE_CURVE('',#11937,(#11941,#11947),.PCURVE_S1.);
#11937 = LINE('',#11938,#11939);
#11938 = CARTESIAN_POINT('',(24.4,-41.95,2.79));
#11939 = VECTOR('',#11940,1.);
#11940 = DIRECTION('',(0.,-1.,0.));
#11941 = PCURVE('',#10377,#11942);
#11942 = DEFINITIONAL_REPRESENTATION('',(#11943),#11946);
#11943 = B_SPLINE_CURVE_WITH_KNOTS('',1,(#11944,#11945),.UNSPECIFIED.,
  .F.,.F.,(2,2),(-3.610064308017,-1.45),.PIECEWISE_BEZIER_KNOTS.);
#11944 = CARTESIAN_POINT('',(4.110064308017,-1.8));
#11945 = CARTESIAN_POINT('',(1.95,-1.8));
#11946 = ( GEOMETRIC_REPRESENTATION_CONTEXT(2) 
PARAMETRIC_REPRESENTATION_CONTEXT() REPRESENTATION_CONTEXT('2D SPACE',''
  ) );
#11947 = PCURVE('',#11325,#11948);
#11948 = DEFINITIONAL_REPRESENTATION('',(#11949),#11952);
#11949 = B_SPLINE_CURVE_WITH_KNOTS('',1,(#11950,#11951),.UNSPECIFIED.,
  .F.,.F.,(2,2),(-3.610064308017,-1.45),.PIECEWISE_BEZIER_KNOTS.);
#11950 = CARTESIAN_POINT('',(46.8,3.110064308017));
#11951 = CARTESIAN_POINT('',(46.8,0.95));
#11952 = ( GEOMETRIC_REPRESENTATION_CONTEXT(2) 
PARAMETRIC_REPRESENTATION_CONTEXT() REPRESENTATION_CONTEXT('2D SPACE',''
  ) );
#11953 = ORIENTED_EDGE('',*,*,#11954,.F.);
#11954 = EDGE_CURVE('',#10362,#11934,#11955,.T.);
#11955 = SURFACE_CURVE('',#11956,(#11960,#11966),.PCURVE_S1.);
#11956 = LINE('',#11957,#11958);
#11957 = CARTESIAN_POINT('',(24.4,-39.78867522741,1.));
#11958 = VECTOR('',#11959,1.);
#11959 = DIRECTION('',(-0.,-0.,-1.));
#11960 = PCURVE('',#10377,#11961);
#11961 = DEFINITIONAL_REPRESENTATION('',(#11962),#11965);
#11962 = B_SPLINE_CURVE_WITH_KNOTS('',1,(#11963,#11964),.UNSPECIFIED.,
  .F.,.F.,(2,2),(-1.8000006,-1.789),.PIECEWISE_BEZIER_KNOTS.);
#11963 = CARTESIAN_POINT('',(2.661324772584,-1.8100006));
#11964 = CARTESIAN_POINT('',(2.661324772584,-1.799));
#11965 = ( GEOMETRIC_REPRESENTATION_CONTEXT(2) 
PARAMETRIC_REPRESENTATION_CONTEXT() REPRESENTATION_CONTEXT('2D SPACE',''
  ) );
#11966 = PCURVE('',#10405,#11967);
#11967 = DEFINITIONAL_REPRESENTATION('',(#11968),#11971);
#11968 = B_SPLINE_CURVE_WITH_KNOTS('',1,(#11969,#11970),.UNSPECIFIED.,
  .F.,.F.,(2,2),(-1.8000006,-1.789),.PIECEWISE_BEZIER_KNOTS.);
#11969 = CARTESIAN_POINT('',(-0.693159907577,-1.8000006));
#11970 = CARTESIAN_POINT('',(-0.693159907577,-1.789));
#11971 = ( GEOMETRIC_REPRESENTATION_CONTEXT(2) 
PARAMETRIC_REPRESENTATION_CONTEXT() REPRESENTATION_CONTEXT('2D SPACE',''
  ) );
#11972 = ORIENTED_EDGE('',*,*,#10359,.F.);
#11973 = ADVANCED_FACE('',(#11974),#11035,.F.);
#11974 = FACE_BOUND('',#11975,.T.);
#11975 = EDGE_LOOP('',(#11976,#11977,#11978,#11979));
#11976 = ORIENTED_EDGE('',*,*,#11912,.F.);
#11977 = ORIENTED_EDGE('',*,*,#11016,.F.);
#11978 = ORIENTED_EDGE('',*,*,#11283,.F.);
#11979 = ORIENTED_EDGE('',*,*,#11980,.T.);
#11980 = EDGE_CURVE('',#11284,#11913,#11981,.T.);
#11981 = SURFACE_CURVE('',#11982,(#11987,#11994),.PCURVE_S1.);
#11982 = CIRCLE('',#11983,3.15);
#11983 = AXIS2_PLACEMENT_3D('',#11984,#11985,#11986);
#11984 = CARTESIAN_POINT('',(22.4,-41.45,2.79));
#11985 = DIRECTION('',(0.,0.,-1.));
#11986 = DIRECTION('',(0.15873015873,0.987322002545,0.));
#11987 = PCURVE('',#11035,#11988);
#11988 = DEFINITIONAL_REPRESENTATION('',(#11989),#11993);
#11989 = LINE('',#11990,#11991);
#11990 = CARTESIAN_POINT('',(-7.694577261413,0.));
#11991 = VECTOR('',#11992,1.);
#11992 = DIRECTION('',(1.,-0.));
#11993 = ( GEOMETRIC_REPRESENTATION_CONTEXT(2) 
PARAMETRIC_REPRESENTATION_CONTEXT() REPRESENTATION_CONTEXT('2D SPACE',''
  ) );
#11994 = PCURVE('',#11325,#11995);
#11995 = DEFINITIONAL_REPRESENTATION('',(#11996),#12004);
#11996 = ( BOUNDED_CURVE() B_SPLINE_CURVE(2,(#11997,#11998,#11999,#12000
    ,#12001,#12002,#12003),.UNSPECIFIED.,.T.,.F.) 
B_SPLINE_CURVE_WITH_KNOTS((1,2,2,2,2,1),(-2.094395102393,0.,
    2.094395102393,4.188790204786,6.28318530718,8.377580409573),
.UNSPECIFIED.) CURVE() GEOMETRIC_REPRESENTATION_ITEM() 
RATIONAL_B_SPLINE_CURVE((1.,0.5,1.,0.5,1.,0.5,1.)) REPRESENTATION_ITEM(
  '') );
#11997 = CARTESIAN_POINT('',(45.3,3.110064308017));
#11998 = CARTESIAN_POINT('',(50.686789396292,2.244038904232));
#11999 = CARTESIAN_POINT('',(47.243394698146,-1.988044855901));
#12000 = CARTESIAN_POINT('',(43.8,-6.220128616034));
#12001 = CARTESIAN_POINT('',(41.856605301854,-1.122019452116));
#12002 = CARTESIAN_POINT('',(39.913210603708,3.976089711801));
#12003 = CARTESIAN_POINT('',(45.3,3.110064308017));
#12004 = ( GEOMETRIC_REPRESENTATION_CONTEXT(2) 
PARAMETRIC_REPRESENTATION_CONTEXT() REPRESENTATION_CONTEXT('2D SPACE',''
  ) );
#12005 = ADVANCED_FACE('',(#12006),#10981,.F.);
#12006 = FACE_BOUND('',#12007,.F.);
#12007 = EDGE_LOOP('',(#12008,#12029,#12030,#12031));
#12008 = ORIENTED_EDGE('',*,*,#12009,.T.);
#12009 = EDGE_CURVE('',#12010,#10933,#12012,.T.);
#12010 = VERTEX_POINT('',#12011);
#12011 = CARTESIAN_POINT('',(24.4,-34.45,2.7));
#12012 = SURFACE_CURVE('',#12013,(#12017,#12023),.PCURVE_S1.);
#12013 = LINE('',#12014,#12015);
#12014 = CARTESIAN_POINT('',(24.4,-34.45,2.7));
#12015 = VECTOR('',#12016,1.);
#12016 = DIRECTION('',(8.659560562355E-17,-0.707106781187,0.707106781187
    ));
#12017 = PCURVE('',#10981,#12018);
#12018 = DEFINITIONAL_REPRESENTATION('',(#12019),#12022);
#12019 = B_SPLINE_CURVE_WITH_KNOTS('',1,(#12020,#12021),.UNSPECIFIED.,
  .F.,.F.,(2,2),(0.,0.141421356237),.PIECEWISE_BEZIER_KNOTS.);
#12020 = CARTESIAN_POINT('',(-9.742005632649E-17,-1.5));
#12021 = CARTESIAN_POINT('',(0.141421356237,-1.5));
#12022 = ( GEOMETRIC_REPRESENTATION_CONTEXT(2) 
PARAMETRIC_REPRESENTATION_CONTEXT() REPRESENTATION_CONTEXT('2D SPACE',''
  ) );
#12023 = PCURVE('',#10953,#12024);
#12024 = DEFINITIONAL_REPRESENTATION('',(#12025),#12028);
#12025 = B_SPLINE_CURVE_WITH_KNOTS('',1,(#12026,#12027),.UNSPECIFIED.,
  .F.,.F.,(2,2),(0.,0.141421356237),.PIECEWISE_BEZIER_KNOTS.);
#12026 = CARTESIAN_POINT('',(-3.14159265359,0.));
#12027 = CARTESIAN_POINT('',(-3.14159265359,0.1));
#12028 = ( GEOMETRIC_REPRESENTATION_CONTEXT(2) 
PARAMETRIC_REPRESENTATION_CONTEXT() REPRESENTATION_CONTEXT('2D SPACE',''
  ) );
#12029 = ORIENTED_EDGE('',*,*,#10965,.T.);
#12030 = ORIENTED_EDGE('',*,*,#11263,.F.);
#12031 = ORIENTED_EDGE('',*,*,#12032,.T.);
#12032 = EDGE_CURVE('',#11236,#12010,#12033,.T.);
#12033 = SURFACE_CURVE('',#12034,(#12038,#12045),.PCURVE_S1.);
#12034 = LINE('',#12035,#12036);
#12035 = CARTESIAN_POINT('',(22.9,-34.45,2.7));
#12036 = VECTOR('',#12037,1.);
#12037 = DIRECTION('',(1.,0.,0.));
#12038 = PCURVE('',#10981,#12039);
#12039 = DEFINITIONAL_REPRESENTATION('',(#12040),#12044);
#12040 = LINE('',#12041,#12042);
#12041 = CARTESIAN_POINT('',(0.,0.));
#12042 = VECTOR('',#12043,1.);
#12043 = DIRECTION('',(-6.162975822039E-33,-1.));
#12044 = ( GEOMETRIC_REPRESENTATION_CONTEXT(2) 
PARAMETRIC_REPRESENTATION_CONTEXT() REPRESENTATION_CONTEXT('2D SPACE',''
  ) );
#12045 = PCURVE('',#12046,#12051);
#12046 = PLANE('',#12047);
#12047 = AXIS2_PLACEMENT_3D('',#12048,#12049,#12050);
#12048 = CARTESIAN_POINT('',(24.4,-34.45,1.));
#12049 = DIRECTION('',(0.,-1.,0.));
#12050 = DIRECTION('',(-1.,0.,0.));
#12051 = DEFINITIONAL_REPRESENTATION('',(#12052),#12056);
#12052 = LINE('',#12053,#12054);
#12053 = CARTESIAN_POINT('',(1.5,-1.7));
#12054 = VECTOR('',#12055,1.);
#12055 = DIRECTION('',(-1.,-0.));
#12056 = ( GEOMETRIC_REPRESENTATION_CONTEXT(2) 
PARAMETRIC_REPRESENTATION_CONTEXT() REPRESENTATION_CONTEXT('2D SPACE',''
  ) );
#12057 = ADVANCED_FACE('',(#12058),#10953,.F.);
#12058 = FACE_BOUND('',#12059,.T.);
#12059 = EDGE_LOOP('',(#12060,#12079,#12080));
#12060 = ORIENTED_EDGE('',*,*,#12061,.F.);
#12061 = EDGE_CURVE('',#12010,#10905,#12062,.T.);
#12062 = SURFACE_CURVE('',#12063,(#12067,#12073),.PCURVE_S1.);
#12063 = LINE('',#12064,#12065);
#12064 = CARTESIAN_POINT('',(24.4,-34.45,2.7));
#12065 = VECTOR('',#12066,1.);
#12066 = DIRECTION('',(0.707106781187,-8.659560562355E-17,0.707106781187
    ));
#12067 = PCURVE('',#10953,#12068);
#12068 = DEFINITIONAL_REPRESENTATION('',(#12069),#12072);
#12069 = B_SPLINE_CURVE_WITH_KNOTS('',1,(#12070,#12071),.UNSPECIFIED.,
  .F.,.F.,(2,2),(-2.958228394579E-31,0.141421356237),
  .PIECEWISE_BEZIER_KNOTS.);
#12070 = CARTESIAN_POINT('',(-1.570796326795,0.));
#12071 = CARTESIAN_POINT('',(-1.570796326795,0.1));
#12072 = ( GEOMETRIC_REPRESENTATION_CONTEXT(2) 
PARAMETRIC_REPRESENTATION_CONTEXT() REPRESENTATION_CONTEXT('2D SPACE',''
  ) );
#12073 = PCURVE('',#10920,#12074);
#12074 = DEFINITIONAL_REPRESENTATION('',(#12075),#12078);
#12075 = B_SPLINE_CURVE_WITH_KNOTS('',1,(#12076,#12077),.UNSPECIFIED.,
  .F.,.F.,(2,2),(-2.958228394579E-31,0.141421356237),
  .PIECEWISE_BEZIER_KNOTS.);
#12076 = CARTESIAN_POINT('',(-2.958228394579E-31,8.715763992105E-34));
#12077 = CARTESIAN_POINT('',(0.141421356237,8.715763992105E-34));
#12078 = ( GEOMETRIC_REPRESENTATION_CONTEXT(2) 
PARAMETRIC_REPRESENTATION_CONTEXT() REPRESENTATION_CONTEXT('2D SPACE',''
  ) );
#12079 = ORIENTED_EDGE('',*,*,#12009,.T.);
#12080 = ORIENTED_EDGE('',*,*,#10932,.F.);
#12081 = ADVANCED_FACE('',(#12082),#10920,.F.);
#12082 = FACE_BOUND('',#12083,.F.);
#12083 = EDGE_LOOP('',(#12084,#12105,#12106,#12107));
#12084 = ORIENTED_EDGE('',*,*,#12085,.T.);
#12085 = EDGE_CURVE('',#12086,#10872,#12088,.T.);
#12086 = VERTEX_POINT('',#12087);
#12087 = CARTESIAN_POINT('',(24.4,13.55,2.7));
#12088 = SURFACE_CURVE('',#12089,(#12093,#12099),.PCURVE_S1.);
#12089 = LINE('',#12090,#12091);
#12090 = CARTESIAN_POINT('',(24.4,13.55,2.7));
#12091 = VECTOR('',#12092,1.);
#12092 = DIRECTION('',(0.707106781187,8.659560562355E-17,0.707106781187)
  );
#12093 = PCURVE('',#10920,#12094);
#12094 = DEFINITIONAL_REPRESENTATION('',(#12095),#12098);
#12095 = B_SPLINE_CURVE_WITH_KNOTS('',1,(#12096,#12097),.UNSPECIFIED.,
  .F.,.F.,(2,2),(0.,0.141421356237),.PIECEWISE_BEZIER_KNOTS.);
#12096 = CARTESIAN_POINT('',(-2.958228394579E-31,-48.));
#12097 = CARTESIAN_POINT('',(0.141421356237,-48.));
#12098 = ( GEOMETRIC_REPRESENTATION_CONTEXT(2) 
PARAMETRIC_REPRESENTATION_CONTEXT() REPRESENTATION_CONTEXT('2D SPACE',''
  ) );
#12099 = PCURVE('',#10892,#12100);
#12100 = DEFINITIONAL_REPRESENTATION('',(#12101),#12104);
#12101 = B_SPLINE_CURVE_WITH_KNOTS('',1,(#12102,#12103),.UNSPECIFIED.,
  .F.,.F.,(2,2),(0.,0.141421356237),.PIECEWISE_BEZIER_KNOTS.);
#12102 = CARTESIAN_POINT('',(-3.14159265359,0.));
#12103 = CARTESIAN_POINT('',(-3.14159265359,0.1));
#12104 = ( GEOMETRIC_REPRESENTATION_CONTEXT(2) 
PARAMETRIC_REPRESENTATION_CONTEXT() REPRESENTATION_CONTEXT('2D SPACE',''
  ) );
#12105 = ORIENTED_EDGE('',*,*,#10904,.T.);
#12106 = ORIENTED_EDGE('',*,*,#12061,.F.);
#12107 = ORIENTED_EDGE('',*,*,#12108,.T.);
#12108 = EDGE_CURVE('',#12010,#12086,#12109,.T.);
#12109 = SURFACE_CURVE('',#12110,(#12114,#12121),.PCURVE_S1.);
#12110 = LINE('',#12111,#12112);
#12111 = CARTESIAN_POINT('',(24.4,-34.45,2.7));
#12112 = VECTOR('',#12113,1.);
#12113 = DIRECTION('',(0.,1.,0.));
#12114 = PCURVE('',#10920,#12115);
#12115 = DEFINITIONAL_REPRESENTATION('',(#12116),#12120);
#12116 = LINE('',#12117,#12118);
#12117 = CARTESIAN_POINT('',(0.,-0.));
#12118 = VECTOR('',#12119,1.);
#12119 = DIRECTION('',(-6.162975822039E-33,-1.));
#12120 = ( GEOMETRIC_REPRESENTATION_CONTEXT(2) 
PARAMETRIC_REPRESENTATION_CONTEXT() REPRESENTATION_CONTEXT('2D SPACE',''
  ) );
#12121 = PCURVE('',#12122,#12127);
#12122 = PLANE('',#12123);
#12123 = AXIS2_PLACEMENT_3D('',#12124,#12125,#12126);
#12124 = CARTESIAN_POINT('',(24.4,-42.45,1.));
#12125 = DIRECTION('',(-1.,0.,0.));
#12126 = DIRECTION('',(0.,1.,0.));
#12127 = DEFINITIONAL_REPRESENTATION('',(#12128),#12132);
#12128 = LINE('',#12129,#12130);
#12129 = CARTESIAN_POINT('',(8.,-1.7));
#12130 = VECTOR('',#12131,1.);
#12131 = DIRECTION('',(1.,0.));
#12132 = ( GEOMETRIC_REPRESENTATION_CONTEXT(2) 
PARAMETRIC_REPRESENTATION_CONTEXT() REPRESENTATION_CONTEXT('2D SPACE',''
  ) );
#12133 = ADVANCED_FACE('',(#12134),#10892,.F.);
#12134 = FACE_BOUND('',#12135,.T.);
#12135 = EDGE_LOOP('',(#12136,#12155,#12156));
#12136 = ORIENTED_EDGE('',*,*,#12137,.F.);
#12137 = EDGE_CURVE('',#12086,#10844,#12138,.T.);
#12138 = SURFACE_CURVE('',#12139,(#12143,#12149),.PCURVE_S1.);
#12139 = LINE('',#12140,#12141);
#12140 = CARTESIAN_POINT('',(24.4,13.55,2.7));
#12141 = VECTOR('',#12142,1.);
#12142 = DIRECTION('',(8.659560562355E-17,0.707106781187,0.707106781187)
  );
#12143 = PCURVE('',#10892,#12144);
#12144 = DEFINITIONAL_REPRESENTATION('',(#12145),#12148);
#12145 = B_SPLINE_CURVE_WITH_KNOTS('',1,(#12146,#12147),.UNSPECIFIED.,
  .F.,.F.,(2,2),(-9.742005632649E-17,0.141421356237),
  .PIECEWISE_BEZIER_KNOTS.);
#12146 = CARTESIAN_POINT('',(-1.570796326795,0.));
#12147 = CARTESIAN_POINT('',(-1.570796326795,0.1));
#12148 = ( GEOMETRIC_REPRESENTATION_CONTEXT(2) 
PARAMETRIC_REPRESENTATION_CONTEXT() REPRESENTATION_CONTEXT('2D SPACE',''
  ) );
#12149 = PCURVE('',#10859,#12150);
#12150 = DEFINITIONAL_REPRESENTATION('',(#12151),#12154);
#12151 = B_SPLINE_CURVE_WITH_KNOTS('',1,(#12152,#12153),.UNSPECIFIED.,
  .F.,.F.,(2,2),(-9.742005632649E-17,0.141421356237),
  .PIECEWISE_BEZIER_KNOTS.);
#12152 = CARTESIAN_POINT('',(-9.742005632649E-17,8.715763992105E-34));
#12153 = CARTESIAN_POINT('',(0.141421356237,8.715763992105E-34));
#12154 = ( GEOMETRIC_REPRESENTATION_CONTEXT(2) 
PARAMETRIC_REPRESENTATION_CONTEXT() REPRESENTATION_CONTEXT('2D SPACE',''
  ) );
#12155 = ORIENTED_EDGE('',*,*,#12085,.T.);
#12156 = ORIENTED_EDGE('',*,*,#10871,.F.);
#12157 = ADVANCED_FACE('',(#12158),#10859,.F.);
#12158 = FACE_BOUND('',#12159,.F.);
#12159 = EDGE_LOOP('',(#12160,#12161,#12162,#12163));
#12160 = ORIENTED_EDGE('',*,*,#11606,.T.);
#12161 = ORIENTED_EDGE('',*,*,#10843,.T.);
#12162 = ORIENTED_EDGE('',*,*,#12137,.F.);
#12163 = ORIENTED_EDGE('',*,*,#12164,.T.);
#12164 = EDGE_CURVE('',#12086,#11475,#12165,.T.);
#12165 = SURFACE_CURVE('',#12166,(#12170,#12177),.PCURVE_S1.);
#12166 = LINE('',#12167,#12168);
#12167 = CARTESIAN_POINT('',(24.4,13.55,2.7));
#12168 = VECTOR('',#12169,1.);
#12169 = DIRECTION('',(-1.,0.,0.));
#12170 = PCURVE('',#10859,#12171);
#12171 = DEFINITIONAL_REPRESENTATION('',(#12172),#12176);
#12172 = LINE('',#12173,#12174);
#12173 = CARTESIAN_POINT('',(0.,0.));
#12174 = VECTOR('',#12175,1.);
#12175 = DIRECTION('',(-6.162975822039E-33,-1.));
#12176 = ( GEOMETRIC_REPRESENTATION_CONTEXT(2) 
PARAMETRIC_REPRESENTATION_CONTEXT() REPRESENTATION_CONTEXT('2D SPACE',''
  ) );
#12177 = PCURVE('',#12178,#12183);
#12178 = PLANE('',#12179);
#12179 = AXIS2_PLACEMENT_3D('',#12180,#12181,#12182);
#12180 = CARTESIAN_POINT('',(22.9,13.55,1.));
#12181 = DIRECTION('',(0.,1.,0.));
#12182 = DIRECTION('',(1.,0.,0.));
#12183 = DEFINITIONAL_REPRESENTATION('',(#12184),#12188);
#12184 = LINE('',#12185,#12186);
#12185 = CARTESIAN_POINT('',(1.5,-1.7));
#12186 = VECTOR('',#12187,1.);
#12187 = DIRECTION('',(-1.,0.));
#12188 = ( GEOMETRIC_REPRESENTATION_CONTEXT(2) 
PARAMETRIC_REPRESENTATION_CONTEXT() REPRESENTATION_CONTEXT('2D SPACE',''
  ) );
#12189 = ADVANCED_FACE('',(#12190),#10809,.F.);
#12190 = FACE_BOUND('',#12191,.T.);
#12191 = EDGE_LOOP('',(#12192,#12193,#12214,#12240));
#12192 = ORIENTED_EDGE('',*,*,#10788,.F.);
#12193 = ORIENTED_EDGE('',*,*,#12194,.T.);
#12194 = EDGE_CURVE('',#10762,#12195,#12197,.T.);
#12195 = VERTEX_POINT('',#12196);
#12196 = CARTESIAN_POINT('',(24.4,39.016381295272,2.79));
#12197 = SURFACE_CURVE('',#12198,(#12202,#12208),.PCURVE_S1.);
#12198 = LINE('',#12199,#12200);
#12199 = CARTESIAN_POINT('',(24.4,39.016381295272,2.79));
#12200 = VECTOR('',#12201,1.);
#12201 = DIRECTION('',(-0.,-0.,-1.));
#12202 = PCURVE('',#10809,#12203);
#12203 = DEFINITIONAL_REPRESENTATION('',(#12204),#12207);
#12204 = B_SPLINE_CURVE_WITH_KNOTS('',1,(#12205,#12206),.UNSPECIFIED.,
  .F.,.F.,(2,2),(-0.19,5.999999999062E-07),.PIECEWISE_BEZIER_KNOTS.);
#12205 = CARTESIAN_POINT('',(-5.400294768404,-0.19));
#12206 = CARTESIAN_POINT('',(-5.400294768404,5.999999999062E-07));
#12207 = ( GEOMETRIC_REPRESENTATION_CONTEXT(2) 
PARAMETRIC_REPRESENTATION_CONTEXT() REPRESENTATION_CONTEXT('2D SPACE',''
  ) );
#12208 = PCURVE('',#10777,#12209);
#12209 = DEFINITIONAL_REPRESENTATION('',(#12210),#12213);
#12210 = B_SPLINE_CURVE_WITH_KNOTS('',1,(#12211,#12212),.UNSPECIFIED.,
  .F.,.F.,(2,2),(-0.19,5.999999999062E-07),.PIECEWISE_BEZIER_KNOTS.);
#12211 = CARTESIAN_POINT('',(81.466381295272,-1.99));
#12212 = CARTESIAN_POINT('',(81.466381295272,-1.7999994));
#12213 = ( GEOMETRIC_REPRESENTATION_CONTEXT(2) 
PARAMETRIC_REPRESENTATION_CONTEXT() REPRESENTATION_CONTEXT('2D SPACE',''
  ) );
#12214 = ORIENTED_EDGE('',*,*,#12215,.T.);
#12215 = EDGE_CURVE('',#12195,#11555,#12216,.T.);
#12216 = SURFACE_CURVE('',#12217,(#12222,#12229),.PCURVE_S1.);
#12217 = CIRCLE('',#12218,3.15);
#12218 = AXIS2_PLACEMENT_3D('',#12219,#12220,#12221);
#12219 = CARTESIAN_POINT('',(22.4,41.45,2.79));
#12220 = DIRECTION('',(0.,0.,-1.));
#12221 = DIRECTION('',(-0.948271557539,0.31746031746,0.));
#12222 = PCURVE('',#10809,#12223);
#12223 = DEFINITIONAL_REPRESENTATION('',(#12224),#12228);
#12224 = LINE('',#12225,#12226);
#12225 = CARTESIAN_POINT('',(-9.101727901257,0.));
#12226 = VECTOR('',#12227,1.);
#12227 = DIRECTION('',(1.,-0.));
#12228 = ( GEOMETRIC_REPRESENTATION_CONTEXT(2) 
PARAMETRIC_REPRESENTATION_CONTEXT() REPRESENTATION_CONTEXT('2D SPACE',''
  ) );
#12229 = PCURVE('',#11569,#12230);
#12230 = DEFINITIONAL_REPRESENTATION('',(#12231),#12239);
#12231 = ( BOUNDED_CURVE() B_SPLINE_CURVE(2,(#12232,#12233,#12234,#12235
    ,#12236,#12237,#12238),.UNSPECIFIED.,.T.,.F.) 
B_SPLINE_CURVE_WITH_KNOTS((1,2,2,2,2,1),(-2.094395102393,0.,
    2.094395102393,4.188790204786,6.28318530718,8.377580409573),
.UNSPECIFIED.) CURVE() GEOMETRIC_REPRESENTATION_ITEM() 
RATIONAL_B_SPLINE_CURVE((1.,0.5,1.,0.5,1.,0.5,1.)) REPRESENTATION_ITEM(
  '') );
#12232 = CARTESIAN_POINT('',(41.812944593751,83.9));
#12233 = CARTESIAN_POINT('',(43.54499540132,89.073731728646));
#12234 = CARTESIAN_POINT('',(47.159553106909,84.986865864323));
#12235 = CARTESIAN_POINT('',(50.774110812498,80.9));
#12236 = CARTESIAN_POINT('',(45.42750229934,79.813134135677));
#12237 = CARTESIAN_POINT('',(40.080893786182,78.726268271354));
#12238 = CARTESIAN_POINT('',(41.812944593751,83.9));
#12239 = ( GEOMETRIC_REPRESENTATION_CONTEXT(2) 
PARAMETRIC_REPRESENTATION_CONTEXT() REPRESENTATION_CONTEXT('2D SPACE',''
  ) );
#12240 = ORIENTED_EDGE('',*,*,#11580,.F.);
#12241 = ADVANCED_FACE('',(#12242),#10777,.T.);
#12242 = FACE_BOUND('',#12243,.T.);
#12243 = EDGE_LOOP('',(#12244,#12265,#12284,#12285));
#12244 = ORIENTED_EDGE('',*,*,#12245,.T.);
#12245 = EDGE_CURVE('',#10733,#12246,#12248,.T.);
#12246 = VERTEX_POINT('',#12247);
#12247 = CARTESIAN_POINT('',(24.4,39.788675227416,2.79));
#12248 = SURFACE_CURVE('',#12249,(#12253,#12259),.PCURVE_S1.);
#12249 = LINE('',#12250,#12251);
#12250 = CARTESIAN_POINT('',(24.4,39.788675227416,1.));
#12251 = VECTOR('',#12252,1.);
#12252 = DIRECTION('',(-0.,-0.,-1.));
#12253 = PCURVE('',#10777,#12254);
#12254 = DEFINITIONAL_REPRESENTATION('',(#12255),#12258);
#12255 = B_SPLINE_CURVE_WITH_KNOTS('',1,(#12256,#12257),.UNSPECIFIED.,
  .F.,.F.,(2,2),(-1.8000006,-1.789),.PIECEWISE_BEZIER_KNOTS.);
#12256 = CARTESIAN_POINT('',(82.238675227416,-1.8100006));
#12257 = CARTESIAN_POINT('',(82.238675227416,-1.799));
#12258 = ( GEOMETRIC_REPRESENTATION_CONTEXT(2) 
PARAMETRIC_REPRESENTATION_CONTEXT() REPRESENTATION_CONTEXT('2D SPACE',''
  ) );
#12259 = PCURVE('',#10749,#12260);
#12260 = DEFINITIONAL_REPRESENTATION('',(#12261),#12264);
#12261 = B_SPLINE_CURVE_WITH_KNOTS('',1,(#12262,#12263),.UNSPECIFIED.,
  .F.,.F.,(2,2),(-1.8000006,-1.789),.PIECEWISE_BEZIER_KNOTS.);
#12262 = CARTESIAN_POINT('',(-5.590025399603,-1.8000006));
#12263 = CARTESIAN_POINT('',(-5.590025399603,-1.789));
#12264 = ( GEOMETRIC_REPRESENTATION_CONTEXT(2) 
PARAMETRIC_REPRESENTATION_CONTEXT() REPRESENTATION_CONTEXT('2D SPACE',''
  ) );
#12265 = ORIENTED_EDGE('',*,*,#12266,.T.);
#12266 = EDGE_CURVE('',#12246,#12195,#12267,.T.);
#12267 = SURFACE_CURVE('',#12268,(#12272,#12278),.PCURVE_S1.);
#12268 = LINE('',#12269,#12270);
#12269 = CARTESIAN_POINT('',(24.4,-41.95,2.79));
#12270 = VECTOR('',#12271,1.);
#12271 = DIRECTION('',(0.,-1.,0.));
#12272 = PCURVE('',#10777,#12273);
#12273 = DEFINITIONAL_REPRESENTATION('',(#12274),#12277);
#12274 = B_SPLINE_CURVE_WITH_KNOTS('',1,(#12275,#12276),.UNSPECIFIED.,
  .F.,.F.,(2,2),(-82.45,-80.28993569198),.PIECEWISE_BEZIER_KNOTS.);
#12275 = CARTESIAN_POINT('',(82.95,-1.8));
#12276 = CARTESIAN_POINT('',(80.789935691983,-1.8));
#12277 = ( GEOMETRIC_REPRESENTATION_CONTEXT(2) 
PARAMETRIC_REPRESENTATION_CONTEXT() REPRESENTATION_CONTEXT('2D SPACE',''
  ) );
#12278 = PCURVE('',#11569,#12279);
#12279 = DEFINITIONAL_REPRESENTATION('',(#12280),#12283);
#12280 = B_SPLINE_CURVE_WITH_KNOTS('',1,(#12281,#12282),.UNSPECIFIED.,
  .F.,.F.,(2,2),(-82.45,-80.28993569198),.PIECEWISE_BEZIER_KNOTS.);
#12281 = CARTESIAN_POINT('',(46.8,81.95));
#12282 = CARTESIAN_POINT('',(46.8,79.789935691983));
#12283 = ( GEOMETRIC_REPRESENTATION_CONTEXT(2) 
PARAMETRIC_REPRESENTATION_CONTEXT() REPRESENTATION_CONTEXT('2D SPACE',''
  ) );
#12284 = ORIENTED_EDGE('',*,*,#12194,.F.);
#12285 = ORIENTED_EDGE('',*,*,#10761,.F.);
#12286 = ADVANCED_FACE('',(#12287),#10749,.T.);
#12287 = FACE_BOUND('',#12288,.F.);
#12288 = EDGE_LOOP('',(#12289,#12290,#12291,#12292));
#12289 = ORIENTED_EDGE('',*,*,#11527,.F.);
#12290 = ORIENTED_EDGE('',*,*,#10732,.T.);
#12291 = ORIENTED_EDGE('',*,*,#12245,.T.);
#12292 = ORIENTED_EDGE('',*,*,#12293,.T.);
#12293 = EDGE_CURVE('',#12246,#11528,#12294,.T.);
#12294 = SURFACE_CURVE('',#12295,(#12300,#12307),.PCURVE_S1.);
#12295 = CIRCLE('',#12296,2.6);
#12296 = AXIS2_PLACEMENT_3D('',#12297,#12298,#12299);
#12297 = CARTESIAN_POINT('',(22.4,41.45,2.79));
#12298 = DIRECTION('',(0.,0.,-1.));
#12299 = DIRECTION('',(1.,0.,0.));
#12300 = PCURVE('',#10749,#12301);
#12301 = DEFINITIONAL_REPRESENTATION('',(#12302),#12306);
#12302 = LINE('',#12303,#12304);
#12303 = CARTESIAN_POINT('',(-6.28318530718,-1.79));
#12304 = VECTOR('',#12305,1.);
#12305 = DIRECTION('',(1.,-0.));
#12306 = ( GEOMETRIC_REPRESENTATION_CONTEXT(2) 
PARAMETRIC_REPRESENTATION_CONTEXT() REPRESENTATION_CONTEXT('2D SPACE',''
  ) );
#12307 = PCURVE('',#11569,#12308);
#12308 = DEFINITIONAL_REPRESENTATION('',(#12309),#12317);
#12309 = ( BOUNDED_CURVE() B_SPLINE_CURVE(2,(#12310,#12311,#12312,#12313
    ,#12314,#12315,#12316),.UNSPECIFIED.,.T.,.F.) 
B_SPLINE_CURVE_WITH_KNOTS((1,2,2,2,2,1),(-2.094395102393,0.,
    2.094395102393,4.188790204786,6.28318530718,8.377580409573),
.UNSPECIFIED.) CURVE() GEOMETRIC_REPRESENTATION_ITEM() 
RATIONAL_B_SPLINE_CURVE((1.,0.5,1.,0.5,1.,0.5,1.)) REPRESENTATION_ITEM(
  '') );
#12310 = CARTESIAN_POINT('',(47.4,82.9));
#12311 = CARTESIAN_POINT('',(47.4,78.396667900321));
#12312 = CARTESIAN_POINT('',(43.5,80.64833395016));
#12313 = CARTESIAN_POINT('',(39.6,82.9));
#12314 = CARTESIAN_POINT('',(43.5,85.15166604984));
#12315 = CARTESIAN_POINT('',(47.4,87.403332099679));
#12316 = CARTESIAN_POINT('',(47.4,82.9));
#12317 = ( GEOMETRIC_REPRESENTATION_CONTEXT(2) 
PARAMETRIC_REPRESENTATION_CONTEXT() REPRESENTATION_CONTEXT('2D SPACE',''
  ) );
#12318 = ADVANCED_FACE('',(#12319),#10674,.F.);
#12319 = FACE_BOUND('',#12320,.T.);
#12320 = EDGE_LOOP('',(#12321,#12340,#12341));
#12321 = ORIENTED_EDGE('',*,*,#12322,.F.);
#12322 = EDGE_CURVE('',#11629,#10626,#12323,.T.);
#12323 = SURFACE_CURVE('',#12324,(#12328,#12334),.PCURVE_S1.);
#12324 = LINE('',#12325,#12326);
#12325 = CARTESIAN_POINT('',(22.9,42.45,2.7));
#12326 = VECTOR('',#12327,1.);
#12327 = DIRECTION('',(8.659560562355E-17,0.707106781187,0.707106781187)
  );
#12328 = PCURVE('',#10674,#12329);
#12329 = DEFINITIONAL_REPRESENTATION('',(#12330),#12333);
#12330 = B_SPLINE_CURVE_WITH_KNOTS('',1,(#12331,#12332),.UNSPECIFIED.,
  .F.,.F.,(2,2),(-2.974559053169E-15,0.141421356237),
  .PIECEWISE_BEZIER_KNOTS.);
#12331 = CARTESIAN_POINT('',(-1.570796326795,0.));
#12332 = CARTESIAN_POINT('',(-1.570796326795,0.1));
#12333 = ( GEOMETRIC_REPRESENTATION_CONTEXT(2) 
PARAMETRIC_REPRESENTATION_CONTEXT() REPRESENTATION_CONTEXT('2D SPACE',''
  ) );
#12334 = PCURVE('',#10641,#12335);
#12335 = DEFINITIONAL_REPRESENTATION('',(#12336),#12339);
#12336 = B_SPLINE_CURVE_WITH_KNOTS('',1,(#12337,#12338),.UNSPECIFIED.,
  .F.,.F.,(2,2),(-2.974559053169E-15,0.141421356237),
  .PIECEWISE_BEZIER_KNOTS.);
#12337 = CARTESIAN_POINT('',(-2.974559053169E-15,8.715763992105E-34));
#12338 = CARTESIAN_POINT('',(0.141421356237,8.715763992105E-34));
#12339 = ( GEOMETRIC_REPRESENTATION_CONTEXT(2) 
PARAMETRIC_REPRESENTATION_CONTEXT() REPRESENTATION_CONTEXT('2D SPACE',''
  ) );
#12340 = ORIENTED_EDGE('',*,*,#11712,.T.);
#12341 = ORIENTED_EDGE('',*,*,#10653,.F.);
#12342 = ADVANCED_FACE('',(#12343),#10641,.F.);
#12343 = FACE_BOUND('',#12344,.F.);
#12344 = EDGE_LOOP('',(#12345,#12364,#12365,#12366,#12367,#12393));
#12345 = ORIENTED_EDGE('',*,*,#12346,.T.);
#12346 = EDGE_CURVE('',#11369,#10593,#12347,.T.);
#12347 = SURFACE_CURVE('',#12348,(#12352,#12358),.PCURVE_S1.);
#12348 = LINE('',#12349,#12350);
#12349 = CARTESIAN_POINT('',(-22.9,42.45,2.7));
#12350 = VECTOR('',#12351,1.);
#12351 = DIRECTION('',(-8.659560562355E-17,0.707106781187,0.707106781187
    ));
#12352 = PCURVE('',#10641,#12353);
#12353 = DEFINITIONAL_REPRESENTATION('',(#12354),#12357);
#12354 = B_SPLINE_CURVE_WITH_KNOTS('',1,(#12355,#12356),.UNSPECIFIED.,
  .F.,.F.,(2,2),(0.,0.141421356237),.PIECEWISE_BEZIER_KNOTS.);
#12355 = CARTESIAN_POINT('',(-2.974559053169E-15,-45.8));
#12356 = CARTESIAN_POINT('',(0.141421356237,-45.8));
#12357 = ( GEOMETRIC_REPRESENTATION_CONTEXT(2) 
PARAMETRIC_REPRESENTATION_CONTEXT() REPRESENTATION_CONTEXT('2D SPACE',''
  ) );
#12358 = PCURVE('',#10613,#12359);
#12359 = DEFINITIONAL_REPRESENTATION('',(#12360),#12363);
#12360 = B_SPLINE_CURVE_WITH_KNOTS('',1,(#12361,#12362),.UNSPECIFIED.,
  .F.,.F.,(2,2),(0.,0.141421356237),.PIECEWISE_BEZIER_KNOTS.);
#12361 = CARTESIAN_POINT('',(-3.14159265359,0.));
#12362 = CARTESIAN_POINT('',(-3.14159265359,0.1));
#12363 = ( GEOMETRIC_REPRESENTATION_CONTEXT(2) 
PARAMETRIC_REPRESENTATION_CONTEXT() REPRESENTATION_CONTEXT('2D SPACE',''
  ) );
#12364 = ORIENTED_EDGE('',*,*,#10625,.T.);
#12365 = ORIENTED_EDGE('',*,*,#12322,.F.);
#12366 = ORIENTED_EDGE('',*,*,#11651,.T.);
#12367 = ORIENTED_EDGE('',*,*,#12368,.T.);
#12368 = EDGE_CURVE('',#11652,#11367,#12369,.T.);
#12369 = SURFACE_CURVE('',#12370,(#12374,#12381),.PCURVE_S1.);
#12370 = LINE('',#12371,#12372);
#12371 = CARTESIAN_POINT('',(22.9,42.45,2.7));
#12372 = VECTOR('',#12373,1.);
#12373 = DIRECTION('',(-1.,0.,0.));
#12374 = PCURVE('',#10641,#12375);
#12375 = DEFINITIONAL_REPRESENTATION('',(#12376),#12380);
#12376 = LINE('',#12377,#12378);
#12377 = CARTESIAN_POINT('',(0.,0.));
#12378 = VECTOR('',#12379,1.);
#12379 = DIRECTION('',(-6.162975822039E-33,-1.));
#12380 = ( GEOMETRIC_REPRESENTATION_CONTEXT(2) 
PARAMETRIC_REPRESENTATION_CONTEXT() REPRESENTATION_CONTEXT('2D SPACE',''
  ) );
#12381 = PCURVE('',#12382,#12387);
#12382 = PLANE('',#12383);
#12383 = AXIS2_PLACEMENT_3D('',#12384,#12385,#12386);
#12384 = CARTESIAN_POINT('',(24.4,42.45,0.99));
#12385 = DIRECTION('',(0.,-1.,0.));
#12386 = DIRECTION('',(-1.,0.,0.));
#12387 = DEFINITIONAL_REPRESENTATION('',(#12388),#12392);
#12388 = LINE('',#12389,#12390);
#12389 = CARTESIAN_POINT('',(1.5,-1.71));
#12390 = VECTOR('',#12391,1.);
#12391 = DIRECTION('',(1.,0.));
#12392 = ( GEOMETRIC_REPRESENTATION_CONTEXT(2) 
PARAMETRIC_REPRESENTATION_CONTEXT() REPRESENTATION_CONTEXT('2D SPACE',''
  ) );
#12393 = ORIENTED_EDGE('',*,*,#11366,.T.);
#12394 = ADVANCED_FACE('',(#12395),#10613,.F.);
#12395 = FACE_BOUND('',#12396,.T.);
#12396 = EDGE_LOOP('',(#12397,#12398,#12399));
#12397 = ORIENTED_EDGE('',*,*,#11451,.F.);
#12398 = ORIENTED_EDGE('',*,*,#12346,.T.);
#12399 = ORIENTED_EDGE('',*,*,#10592,.F.);
#12400 = ADVANCED_FACE('',(#12401),#10484,.F.);
#12401 = FACE_BOUND('',#12402,.T.);
#12402 = EDGE_LOOP('',(#12403,#12404,#12405));
#12403 = ORIENTED_EDGE('',*,*,#11130,.F.);
#12404 = ORIENTED_EDGE('',*,*,#11883,.T.);
#12405 = ORIENTED_EDGE('',*,*,#10463,.F.);
#12406 = ADVANCED_FACE('',(#12407),#10405,.T.);
#12407 = FACE_BOUND('',#12408,.F.);
#12408 = EDGE_LOOP('',(#12409,#12410,#12436,#12437));
#12409 = ORIENTED_EDGE('',*,*,#11336,.F.);
#12410 = ORIENTED_EDGE('',*,*,#12411,.T.);
#12411 = EDGE_CURVE('',#11311,#11934,#12412,.T.);
#12412 = SURFACE_CURVE('',#12413,(#12418,#12425),.PCURVE_S1.);
#12413 = CIRCLE('',#12414,2.6);
#12414 = AXIS2_PLACEMENT_3D('',#12415,#12416,#12417);
#12415 = CARTESIAN_POINT('',(22.4,-41.45,2.79));
#12416 = DIRECTION('',(0.,0.,-1.));
#12417 = DIRECTION('',(1.,0.,0.));
#12418 = PCURVE('',#10405,#12419);
#12419 = DEFINITIONAL_REPRESENTATION('',(#12420),#12424);
#12420 = LINE('',#12421,#12422);
#12421 = CARTESIAN_POINT('',(-6.28318530718,-1.79));
#12422 = VECTOR('',#12423,1.);
#12423 = DIRECTION('',(1.,-0.));
#12424 = ( GEOMETRIC_REPRESENTATION_CONTEXT(2) 
PARAMETRIC_REPRESENTATION_CONTEXT() REPRESENTATION_CONTEXT('2D SPACE',''
  ) );
#12425 = PCURVE('',#11325,#12426);
#12426 = DEFINITIONAL_REPRESENTATION('',(#12427),#12435);
#12427 = ( BOUNDED_CURVE() B_SPLINE_CURVE(2,(#12428,#12429,#12430,#12431
    ,#12432,#12433,#12434),.UNSPECIFIED.,.T.,.F.) 
B_SPLINE_CURVE_WITH_KNOTS((1,2,2,2,2,1),(-2.094395102393,0.,
    2.094395102393,4.188790204786,6.28318530718,8.377580409573),
.UNSPECIFIED.) CURVE() GEOMETRIC_REPRESENTATION_ITEM() 
RATIONAL_B_SPLINE_CURVE((1.,0.5,1.,0.5,1.,0.5,1.)) REPRESENTATION_ITEM(
  '') );
#12428 = CARTESIAN_POINT('',(47.4,7.105427357601E-15));
#12429 = CARTESIAN_POINT('',(47.4,-4.503332099679));
#12430 = CARTESIAN_POINT('',(43.5,-2.25166604984));
#12431 = CARTESIAN_POINT('',(39.6,6.468611022044E-15));
#12432 = CARTESIAN_POINT('',(43.5,2.25166604984));
#12433 = CARTESIAN_POINT('',(47.4,4.503332099679));
#12434 = CARTESIAN_POINT('',(47.4,7.105427357601E-15));
#12435 = ( GEOMETRIC_REPRESENTATION_CONTEXT(2) 
PARAMETRIC_REPRESENTATION_CONTEXT() REPRESENTATION_CONTEXT('2D SPACE',''
  ) );
#12436 = ORIENTED_EDGE('',*,*,#11954,.F.);
#12437 = ORIENTED_EDGE('',*,*,#10388,.T.);
#12438 = ADVANCED_FACE('',(#12439),#11090,.T.);
#12439 = FACE_BOUND('',#12440,.T.);
#12440 = EDGE_LOOP('',(#12441,#12442,#12443,#12466));
#12441 = ORIENTED_EDGE('',*,*,#11076,.T.);
#12442 = ORIENTED_EDGE('',*,*,#11790,.T.);
#12443 = ORIENTED_EDGE('',*,*,#12444,.F.);
#12444 = EDGE_CURVE('',#12445,#11791,#12447,.T.);
#12445 = VERTEX_POINT('',#12446);
#12446 = CARTESIAN_POINT('',(-22.9,38.898529835565,1.));
#12447 = SURFACE_CURVE('',#12448,(#12452,#12459),.PCURVE_S1.);
#12448 = LINE('',#12449,#12450);
#12449 = CARTESIAN_POINT('',(-22.9,42.45,1.));
#12450 = VECTOR('',#12451,1.);
#12451 = DIRECTION('',(0.,-1.,0.));
#12452 = PCURVE('',#11090,#12453);
#12453 = DEFINITIONAL_REPRESENTATION('',(#12454),#12458);
#12454 = LINE('',#12455,#12456);
#12455 = CARTESIAN_POINT('',(0.,-1.E-02));
#12456 = VECTOR('',#12457,1.);
#12457 = DIRECTION('',(1.,0.));
#12458 = ( GEOMETRIC_REPRESENTATION_CONTEXT(2) 
PARAMETRIC_REPRESENTATION_CONTEXT() REPRESENTATION_CONTEXT('2D SPACE',''
  ) );
#12459 = PCURVE('',#11826,#12460);
#12460 = DEFINITIONAL_REPRESENTATION('',(#12461),#12465);
#12461 = LINE('',#12462,#12463);
#12462 = CARTESIAN_POINT('',(-23.65,42.45));
#12463 = VECTOR('',#12464,1.);
#12464 = DIRECTION('',(0.,-1.));
#12465 = ( GEOMETRIC_REPRESENTATION_CONTEXT(2) 
PARAMETRIC_REPRESENTATION_CONTEXT() REPRESENTATION_CONTEXT('2D SPACE',''
  ) );
#12466 = ORIENTED_EDGE('',*,*,#12467,.F.);
#12467 = EDGE_CURVE('',#11054,#12445,#12468,.T.);
#12468 = SURFACE_CURVE('',#12469,(#12473,#12479),.PCURVE_S1.);
#12469 = LINE('',#12470,#12471);
#12470 = CARTESIAN_POINT('',(-22.9,38.898529835565,1.));
#12471 = VECTOR('',#12472,1.);
#12472 = DIRECTION('',(-0.,-0.,-1.));
#12473 = PCURVE('',#11090,#12474);
#12474 = DEFINITIONAL_REPRESENTATION('',(#12475),#12478);
#12475 = B_SPLINE_CURVE_WITH_KNOTS('',1,(#12476,#12477),.UNSPECIFIED.,
  .F.,.F.,(2,2),(-1.8000006,6.000000000173E-07),
  .PIECEWISE_BEZIER_KNOTS.);
#12476 = CARTESIAN_POINT('',(3.551470164435,-1.8100006));
#12477 = CARTESIAN_POINT('',(3.551470164435,-9.9994E-03));
#12478 = ( GEOMETRIC_REPRESENTATION_CONTEXT(2) 
PARAMETRIC_REPRESENTATION_CONTEXT() REPRESENTATION_CONTEXT('2D SPACE',''
  ) );
#12479 = PCURVE('',#11434,#12480);
#12480 = DEFINITIONAL_REPRESENTATION('',(#12481),#12484);
#12481 = B_SPLINE_CURVE_WITH_KNOTS('',1,(#12482,#12483),.UNSPECIFIED.,
  .F.,.F.,(2,2),(-1.8,0.),.PIECEWISE_BEZIER_KNOTS.);
#12482 = CARTESIAN_POINT('',(-4.518875787874,-1.8));
#12483 = CARTESIAN_POINT('',(-4.518875787874,0.));
#12484 = ( GEOMETRIC_REPRESENTATION_CONTEXT(2) 
PARAMETRIC_REPRESENTATION_CONTEXT() REPRESENTATION_CONTEXT('2D SPACE',''
  ) );
#12485 = ADVANCED_FACE('',(#12486),#11175,.T.);
#12486 = FACE_BOUND('',#12487,.F.);
#12487 = EDGE_LOOP('',(#12488,#12514,#12533,#12534));
#12488 = ORIENTED_EDGE('',*,*,#12489,.F.);
#12489 = EDGE_CURVE('',#12490,#12492,#12494,.T.);
#12490 = VERTEX_POINT('',#12491);
#12491 = CARTESIAN_POINT('',(22.9,-38.89852983556,1.));
#12492 = VERTEX_POINT('',#12493);
#12493 = CARTESIAN_POINT('',(20.,-42.45,1.));
#12494 = SURFACE_CURVE('',#12495,(#12500,#12507),.PCURVE_S1.);
#12495 = CIRCLE('',#12496,2.6);
#12496 = AXIS2_PLACEMENT_3D('',#12497,#12498,#12499);
#12497 = CARTESIAN_POINT('',(22.4,-41.45,1.));
#12498 = DIRECTION('',(0.,0.,1.));
#12499 = DIRECTION('',(1.,0.,0.));
#12500 = PCURVE('',#11175,#12501);
#12501 = DEFINITIONAL_REPRESENTATION('',(#12502),#12506);
#12502 = LINE('',#12503,#12504);
#12503 = CARTESIAN_POINT('',(-0.,0.));
#12504 = VECTOR('',#12505,1.);
#12505 = DIRECTION('',(-1.,0.));
#12506 = ( GEOMETRIC_REPRESENTATION_CONTEXT(2) 
PARAMETRIC_REPRESENTATION_CONTEXT() REPRESENTATION_CONTEXT('2D SPACE',''
  ) );
#12507 = PCURVE('',#11826,#12508);
#12508 = DEFINITIONAL_REPRESENTATION('',(#12509),#12513);
#12509 = CIRCLE('',#12510,2.6);
#12510 = AXIS2_PLACEMENT_2D('',#12511,#12512);
#12511 = CARTESIAN_POINT('',(21.65,-41.45));
#12512 = DIRECTION('',(1.,0.));
#12513 = ( GEOMETRIC_REPRESENTATION_CONTEXT(2) 
PARAMETRIC_REPRESENTATION_CONTEXT() REPRESENTATION_CONTEXT('2D SPACE',''
  ) );
#12514 = ORIENTED_EDGE('',*,*,#12515,.F.);
#12515 = EDGE_CURVE('',#11155,#12490,#12516,.T.);
#12516 = SURFACE_CURVE('',#12517,(#12521,#12527),.PCURVE_S1.);
#12517 = LINE('',#12518,#12519);
#12518 = CARTESIAN_POINT('',(22.9,-38.89852983556,1.));
#12519 = VECTOR('',#12520,1.);
#12520 = DIRECTION('',(-0.,-0.,-1.));
#12521 = PCURVE('',#11175,#12522);
#12522 = DEFINITIONAL_REPRESENTATION('',(#12523),#12526);
#12523 = B_SPLINE_CURVE_WITH_KNOTS('',1,(#12524,#12525),.UNSPECIFIED.,
  .F.,.F.,(2,2),(-1.8000006,6.000000000173E-07),
  .PIECEWISE_BEZIER_KNOTS.);
#12524 = CARTESIAN_POINT('',(-1.377283134284,-1.8000006));
#12525 = CARTESIAN_POINT('',(-1.377283134284,6.000000000173E-07));
#12526 = ( GEOMETRIC_REPRESENTATION_CONTEXT(2) 
PARAMETRIC_REPRESENTATION_CONTEXT() REPRESENTATION_CONTEXT('2D SPACE',''
  ) );
#12527 = PCURVE('',#11251,#12528);
#12528 = DEFINITIONAL_REPRESENTATION('',(#12529),#12532);
#12529 = B_SPLINE_CURVE_WITH_KNOTS('',1,(#12530,#12531),.UNSPECIFIED.,
  .F.,.F.,(2,2),(-1.8000006,6.000000000173E-07),
  .PIECEWISE_BEZIER_KNOTS.);
#12530 = CARTESIAN_POINT('',(4.448529835565,-1.8000006));
#12531 = CARTESIAN_POINT('',(4.448529835565,6.000000000173E-07));
#12532 = ( GEOMETRIC_REPRESENTATION_CONTEXT(2) 
PARAMETRIC_REPRESENTATION_CONTEXT() REPRESENTATION_CONTEXT('2D SPACE',''
  ) );
#12533 = ORIENTED_EDGE('',*,*,#11152,.F.);
#12534 = ORIENTED_EDGE('',*,*,#12535,.T.);
#12535 = EDGE_CURVE('',#11153,#12492,#12536,.T.);
#12536 = SURFACE_CURVE('',#12537,(#12541,#12547),.PCURVE_S1.);
#12537 = LINE('',#12538,#12539);
#12538 = CARTESIAN_POINT('',(20.,-42.45,1.));
#12539 = VECTOR('',#12540,1.);
#12540 = DIRECTION('',(-0.,-0.,-1.));
#12541 = PCURVE('',#11175,#12542);
#12542 = DEFINITIONAL_REPRESENTATION('',(#12543),#12546);
#12543 = B_SPLINE_CURVE_WITH_KNOTS('',1,(#12544,#12545),.UNSPECIFIED.,
  .F.,.F.,(2,2),(-1.8000006,6.000000000173E-07),
  .PIECEWISE_BEZIER_KNOTS.);
#12544 = CARTESIAN_POINT('',(-3.53638377329,-1.8000006));
#12545 = CARTESIAN_POINT('',(-3.53638377329,6.000000000173E-07));
#12546 = ( GEOMETRIC_REPRESENTATION_CONTEXT(2) 
PARAMETRIC_REPRESENTATION_CONTEXT() REPRESENTATION_CONTEXT('2D SPACE',''
  ) );
#12547 = PCURVE('',#11778,#12548);
#12548 = DEFINITIONAL_REPRESENTATION('',(#12549),#12552);
#12549 = B_SPLINE_CURVE_WITH_KNOTS('',1,(#12550,#12551),.UNSPECIFIED.,
  .F.,.F.,(2,2),(-1.8000006,6.000000000173E-07),
  .PIECEWISE_BEZIER_KNOTS.);
#12550 = CARTESIAN_POINT('',(42.9,-1.8100006));
#12551 = CARTESIAN_POINT('',(42.9,-9.9994E-03));
#12552 = ( GEOMETRIC_REPRESENTATION_CONTEXT(2) 
PARAMETRIC_REPRESENTATION_CONTEXT() REPRESENTATION_CONTEXT('2D SPACE',''
  ) );
#12553 = ADVANCED_FACE('',(#12554),#11325,.T.);
#12554 = FACE_BOUND('',#12555,.T.);
#12555 = EDGE_LOOP('',(#12556,#12557,#12558,#12559));
#12556 = ORIENTED_EDGE('',*,*,#11980,.F.);
#12557 = ORIENTED_EDGE('',*,*,#11310,.F.);
#12558 = ORIENTED_EDGE('',*,*,#12411,.T.);
#12559 = ORIENTED_EDGE('',*,*,#11933,.F.);
#12560 = ADVANCED_FACE('',(#12561),#11251,.F.);
#12561 = FACE_BOUND('',#12562,.F.);
#12562 = EDGE_LOOP('',(#12563,#12586,#12607,#12608));
#12563 = ORIENTED_EDGE('',*,*,#12564,.F.);
#12564 = EDGE_CURVE('',#12565,#12490,#12567,.T.);
#12565 = VERTEX_POINT('',#12566);
#12566 = CARTESIAN_POINT('',(22.9,-34.45,1.));
#12567 = SURFACE_CURVE('',#12568,(#12572,#12579),.PCURVE_S1.);
#12568 = LINE('',#12569,#12570);
#12569 = CARTESIAN_POINT('',(22.9,-34.45,1.));
#12570 = VECTOR('',#12571,1.);
#12571 = DIRECTION('',(0.,-1.,0.));
#12572 = PCURVE('',#11251,#12573);
#12573 = DEFINITIONAL_REPRESENTATION('',(#12574),#12578);
#12574 = LINE('',#12575,#12576);
#12575 = CARTESIAN_POINT('',(0.,0.));
#12576 = VECTOR('',#12577,1.);
#12577 = DIRECTION('',(1.,0.));
#12578 = ( GEOMETRIC_REPRESENTATION_CONTEXT(2) 
PARAMETRIC_REPRESENTATION_CONTEXT() REPRESENTATION_CONTEXT('2D SPACE',''
  ) );
#12579 = PCURVE('',#11826,#12580);
#12580 = DEFINITIONAL_REPRESENTATION('',(#12581),#12585);
#12581 = LINE('',#12582,#12583);
#12582 = CARTESIAN_POINT('',(22.15,-34.45));
#12583 = VECTOR('',#12584,1.);
#12584 = DIRECTION('',(0.,-1.));
#12585 = ( GEOMETRIC_REPRESENTATION_CONTEXT(2) 
PARAMETRIC_REPRESENTATION_CONTEXT() REPRESENTATION_CONTEXT('2D SPACE',''
  ) );
#12586 = ORIENTED_EDGE('',*,*,#12587,.T.);
#12587 = EDGE_CURVE('',#12565,#11236,#12588,.T.);
#12588 = SURFACE_CURVE('',#12589,(#12593,#12600),.PCURVE_S1.);
#12589 = LINE('',#12590,#12591);
#12590 = CARTESIAN_POINT('',(22.9,-34.45,1.));
#12591 = VECTOR('',#12592,1.);
#12592 = DIRECTION('',(0.,0.,1.));
#12593 = PCURVE('',#11251,#12594);
#12594 = DEFINITIONAL_REPRESENTATION('',(#12595),#12599);
#12595 = LINE('',#12596,#12597);
#12596 = CARTESIAN_POINT('',(0.,0.));
#12597 = VECTOR('',#12598,1.);
#12598 = DIRECTION('',(0.,-1.));
#12599 = ( GEOMETRIC_REPRESENTATION_CONTEXT(2) 
PARAMETRIC_REPRESENTATION_CONTEXT() REPRESENTATION_CONTEXT('2D SPACE',''
  ) );
#12600 = PCURVE('',#12046,#12601);
#12601 = DEFINITIONAL_REPRESENTATION('',(#12602),#12606);
#12602 = LINE('',#12603,#12604);
#12603 = CARTESIAN_POINT('',(1.5,0.));
#12604 = VECTOR('',#12605,1.);
#12605 = DIRECTION('',(0.,-1.));
#12606 = ( GEOMETRIC_REPRESENTATION_CONTEXT(2) 
PARAMETRIC_REPRESENTATION_CONTEXT() REPRESENTATION_CONTEXT('2D SPACE',''
  ) );
#12607 = ORIENTED_EDGE('',*,*,#11235,.F.);
#12608 = ORIENTED_EDGE('',*,*,#12515,.T.);
#12609 = ADVANCED_FACE('',(#12610),#11434,.T.);
#12610 = FACE_BOUND('',#12611,.F.);
#12611 = EDGE_LOOP('',(#12612,#12633,#12659,#12660));
#12612 = ORIENTED_EDGE('',*,*,#12613,.T.);
#12613 = EDGE_CURVE('',#11367,#12614,#12616,.T.);
#12614 = VERTEX_POINT('',#12615);
#12615 = CARTESIAN_POINT('',(-20.,42.45,1.));
#12616 = SURFACE_CURVE('',#12617,(#12621,#12627),.PCURVE_S1.);
#12617 = LINE('',#12618,#12619);
#12618 = CARTESIAN_POINT('',(-20.,42.45,1.));
#12619 = VECTOR('',#12620,1.);
#12620 = DIRECTION('',(-0.,-0.,-1.));
#12621 = PCURVE('',#11434,#12622);
#12622 = DEFINITIONAL_REPRESENTATION('',(#12623),#12626);
#12623 = B_SPLINE_CURVE_WITH_KNOTS('',1,(#12624,#12625),.UNSPECIFIED.,
  .F.,.F.,(2,2),(-1.8,0.),.PIECEWISE_BEZIER_KNOTS.);
#12624 = CARTESIAN_POINT('',(-6.677976426879,-1.8));
#12625 = CARTESIAN_POINT('',(-6.677976426879,0.));
#12626 = ( GEOMETRIC_REPRESENTATION_CONTEXT(2) 
PARAMETRIC_REPRESENTATION_CONTEXT() REPRESENTATION_CONTEXT('2D SPACE',''
  ) );
#12627 = PCURVE('',#12382,#12628);
#12628 = DEFINITIONAL_REPRESENTATION('',(#12629),#12632);
#12629 = B_SPLINE_CURVE_WITH_KNOTS('',1,(#12630,#12631),.UNSPECIFIED.,
  .F.,.F.,(2,2),(-1.8000006,6.000000000173E-07),
  .PIECEWISE_BEZIER_KNOTS.);
#12630 = CARTESIAN_POINT('',(44.4,-1.8100006));
#12631 = CARTESIAN_POINT('',(44.4,-9.9994E-03));
#12632 = ( GEOMETRIC_REPRESENTATION_CONTEXT(2) 
PARAMETRIC_REPRESENTATION_CONTEXT() REPRESENTATION_CONTEXT('2D SPACE',''
  ) );
#12633 = ORIENTED_EDGE('',*,*,#12634,.T.);
#12634 = EDGE_CURVE('',#12614,#12445,#12635,.T.);
#12635 = SURFACE_CURVE('',#12636,(#12641,#12648),.PCURVE_S1.);
#12636 = CIRCLE('',#12637,2.6);
#12637 = AXIS2_PLACEMENT_3D('',#12638,#12639,#12640);
#12638 = CARTESIAN_POINT('',(-22.4,41.45,1.));
#12639 = DIRECTION('',(0.,0.,-1.));
#12640 = DIRECTION('',(0.923076923077,0.384615384615,0.));
#12641 = PCURVE('',#11434,#12642);
#12642 = DEFINITIONAL_REPRESENTATION('',(#12643),#12647);
#12643 = LINE('',#12644,#12645);
#12644 = CARTESIAN_POINT('',(-6.677976426879,0.));
#12645 = VECTOR('',#12646,1.);
#12646 = DIRECTION('',(1.,-0.));
#12647 = ( GEOMETRIC_REPRESENTATION_CONTEXT(2) 
PARAMETRIC_REPRESENTATION_CONTEXT() REPRESENTATION_CONTEXT('2D SPACE',''
  ) );
#12648 = PCURVE('',#11826,#12649);
#12649 = DEFINITIONAL_REPRESENTATION('',(#12650),#12658);
#12650 = ( BOUNDED_CURVE() B_SPLINE_CURVE(2,(#12651,#12652,#12653,#12654
    ,#12655,#12656,#12657),.UNSPECIFIED.,.T.,.F.) 
B_SPLINE_CURVE_WITH_KNOTS((1,2,2,2,2,1),(-2.094395102393,0.,
    2.094395102393,4.188790204786,6.28318530718,8.377580409573),
.UNSPECIFIED.) CURVE() GEOMETRIC_REPRESENTATION_ITEM() 
RATIONAL_B_SPLINE_CURVE((1.,0.5,1.,0.5,1.,0.5,1.)) REPRESENTATION_ITEM(
  '') );
#12651 = CARTESIAN_POINT('',(-20.75,42.45));
#12652 = CARTESIAN_POINT('',(-19.01794919243,38.293078061835));
#12653 = CARTESIAN_POINT('',(-23.48397459621,38.871539030917));
#12654 = CARTESIAN_POINT('',(-27.95,39.45));
#12655 = CARTESIAN_POINT('',(-25.21602540378,43.028460969083));
#12656 = CARTESIAN_POINT('',(-22.48205080756,46.606921938165));
#12657 = CARTESIAN_POINT('',(-20.75,42.45));
#12658 = ( GEOMETRIC_REPRESENTATION_CONTEXT(2) 
PARAMETRIC_REPRESENTATION_CONTEXT() REPRESENTATION_CONTEXT('2D SPACE',''
  ) );
#12659 = ORIENTED_EDGE('',*,*,#12467,.F.);
#12660 = ORIENTED_EDGE('',*,*,#11415,.F.);
#12661 = ADVANCED_FACE('',(#12662),#11492,.F.);
#12662 = FACE_BOUND('',#12663,.F.);
#12663 = EDGE_LOOP('',(#12664,#12689,#12708,#12709));
#12664 = ORIENTED_EDGE('',*,*,#12665,.F.);
#12665 = EDGE_CURVE('',#12666,#12668,#12670,.T.);
#12666 = VERTEX_POINT('',#12667);
#12667 = CARTESIAN_POINT('',(22.9,38.898529835565,1.));
#12668 = VERTEX_POINT('',#12669);
#12669 = CARTESIAN_POINT('',(22.9,13.55,1.));
#12670 = SURFACE_CURVE('',#12671,(#12675,#12682),.PCURVE_S1.);
#12671 = LINE('',#12672,#12673);
#12672 = CARTESIAN_POINT('',(22.9,44.45,1.));
#12673 = VECTOR('',#12674,1.);
#12674 = DIRECTION('',(0.,-1.,0.));
#12675 = PCURVE('',#11492,#12676);
#12676 = DEFINITIONAL_REPRESENTATION('',(#12677),#12681);
#12677 = LINE('',#12678,#12679);
#12678 = CARTESIAN_POINT('',(0.,0.));
#12679 = VECTOR('',#12680,1.);
#12680 = DIRECTION('',(1.,0.));
#12681 = ( GEOMETRIC_REPRESENTATION_CONTEXT(2) 
PARAMETRIC_REPRESENTATION_CONTEXT() REPRESENTATION_CONTEXT('2D SPACE',''
  ) );
#12682 = PCURVE('',#11826,#12683);
#12683 = DEFINITIONAL_REPRESENTATION('',(#12684),#12688);
#12684 = LINE('',#12685,#12686);
#12685 = CARTESIAN_POINT('',(22.15,44.45));
#12686 = VECTOR('',#12687,1.);
#12687 = DIRECTION('',(0.,-1.));
#12688 = ( GEOMETRIC_REPRESENTATION_CONTEXT(2) 
PARAMETRIC_REPRESENTATION_CONTEXT() REPRESENTATION_CONTEXT('2D SPACE',''
  ) );
#12689 = ORIENTED_EDGE('',*,*,#12690,.F.);
#12690 = EDGE_CURVE('',#11477,#12666,#12691,.T.);
#12691 = SURFACE_CURVE('',#12692,(#12696,#12702),.PCURVE_S1.);
#12692 = LINE('',#12693,#12694);
#12693 = CARTESIAN_POINT('',(22.9,38.898529835565,1.));
#12694 = VECTOR('',#12695,1.);
#12695 = DIRECTION('',(-0.,-0.,-1.));
#12696 = PCURVE('',#11492,#12697);
#12697 = DEFINITIONAL_REPRESENTATION('',(#12698),#12701);
#12698 = B_SPLINE_CURVE_WITH_KNOTS('',1,(#12699,#12700),.UNSPECIFIED.,
  .F.,.F.,(2,2),(-1.8000006,6.000000000173E-07),
  .PIECEWISE_BEZIER_KNOTS.);
#12699 = CARTESIAN_POINT('',(5.551470164435,-1.8000006));
#12700 = CARTESIAN_POINT('',(5.551470164435,6.000000000173E-07));
#12701 = ( GEOMETRIC_REPRESENTATION_CONTEXT(2) 
PARAMETRIC_REPRESENTATION_CONTEXT() REPRESENTATION_CONTEXT('2D SPACE',''
  ) );
#12702 = PCURVE('',#11693,#12703);
#12703 = DEFINITIONAL_REPRESENTATION('',(#12704),#12707);
#12704 = B_SPLINE_CURVE_WITH_KNOTS('',1,(#12705,#12706),.UNSPECIFIED.,
  .F.,.F.,(2,2),(-1.8000006,6.000000000173E-07),
  .PIECEWISE_BEZIER_KNOTS.);
#12705 = CARTESIAN_POINT('',(-4.905902172895,-1.8000006));
#12706 = CARTESIAN_POINT('',(-4.905902172895,6.000000000173E-07));
#12707 = ( GEOMETRIC_REPRESENTATION_CONTEXT(2) 
PARAMETRIC_REPRESENTATION_CONTEXT() REPRESENTATION_CONTEXT('2D SPACE',''
  ) );
#12708 = ORIENTED_EDGE('',*,*,#11474,.F.);
#12709 = ORIENTED_EDGE('',*,*,#12710,.F.);
#12710 = EDGE_CURVE('',#12668,#11475,#12711,.T.);
#12711 = SURFACE_CURVE('',#12712,(#12716,#12723),.PCURVE_S1.);
#12712 = LINE('',#12713,#12714);
#12713 = CARTESIAN_POINT('',(22.9,13.55,1.));
#12714 = VECTOR('',#12715,1.);
#12715 = DIRECTION('',(0.,0.,1.));
#12716 = PCURVE('',#11492,#12717);
#12717 = DEFINITIONAL_REPRESENTATION('',(#12718),#12722);
#12718 = LINE('',#12719,#12720);
#12719 = CARTESIAN_POINT('',(30.9,0.));
#12720 = VECTOR('',#12721,1.);
#12721 = DIRECTION('',(0.,-1.));
#12722 = ( GEOMETRIC_REPRESENTATION_CONTEXT(2) 
PARAMETRIC_REPRESENTATION_CONTEXT() REPRESENTATION_CONTEXT('2D SPACE',''
  ) );
#12723 = PCURVE('',#12178,#12724);
#12724 = DEFINITIONAL_REPRESENTATION('',(#12725),#12729);
#12725 = LINE('',#12726,#12727);
#12726 = CARTESIAN_POINT('',(0.,0.));
#12727 = VECTOR('',#12728,1.);
#12728 = DIRECTION('',(0.,-1.));
#12729 = ( GEOMETRIC_REPRESENTATION_CONTEXT(2) 
PARAMETRIC_REPRESENTATION_CONTEXT() REPRESENTATION_CONTEXT('2D SPACE',''
  ) );
#12730 = ADVANCED_FACE('',(#12731),#11569,.T.);
#12731 = FACE_BOUND('',#12732,.T.);
#12732 = EDGE_LOOP('',(#12733,#12734,#12735,#12736));
#12733 = ORIENTED_EDGE('',*,*,#12266,.F.);
#12734 = ORIENTED_EDGE('',*,*,#12293,.T.);
#12735 = ORIENTED_EDGE('',*,*,#11554,.F.);
#12736 = ORIENTED_EDGE('',*,*,#12215,.F.);
#12737 = ADVANCED_FACE('',(#12738),#11693,.T.);
#12738 = FACE_BOUND('',#12739,.F.);
#12739 = EDGE_LOOP('',(#12740,#12764,#12783,#12784));
#12740 = ORIENTED_EDGE('',*,*,#12741,.F.);
#12741 = EDGE_CURVE('',#12742,#12666,#12744,.T.);
#12742 = VERTEX_POINT('',#12743);
#12743 = CARTESIAN_POINT('',(20.,42.45,1.));
#12744 = SURFACE_CURVE('',#12745,(#12750,#12757),.PCURVE_S1.);
#12745 = CIRCLE('',#12746,2.6);
#12746 = AXIS2_PLACEMENT_3D('',#12747,#12748,#12749);
#12747 = CARTESIAN_POINT('',(22.4,41.45,1.));
#12748 = DIRECTION('',(0.,0.,1.));
#12749 = DIRECTION('',(1.,0.,0.));
#12750 = PCURVE('',#11693,#12751);
#12751 = DEFINITIONAL_REPRESENTATION('',(#12752),#12756);
#12752 = LINE('',#12753,#12754);
#12753 = CARTESIAN_POINT('',(-0.,0.));
#12754 = VECTOR('',#12755,1.);
#12755 = DIRECTION('',(-1.,0.));
#12756 = ( GEOMETRIC_REPRESENTATION_CONTEXT(2) 
PARAMETRIC_REPRESENTATION_CONTEXT() REPRESENTATION_CONTEXT('2D SPACE',''
  ) );
#12757 = PCURVE('',#11826,#12758);
#12758 = DEFINITIONAL_REPRESENTATION('',(#12759),#12763);
#12759 = CIRCLE('',#12760,2.6);
#12760 = AXIS2_PLACEMENT_2D('',#12761,#12762);
#12761 = CARTESIAN_POINT('',(21.65,41.45));
#12762 = DIRECTION('',(1.,0.));
#12763 = ( GEOMETRIC_REPRESENTATION_CONTEXT(2) 
PARAMETRIC_REPRESENTATION_CONTEXT() REPRESENTATION_CONTEXT('2D SPACE',''
  ) );
#12764 = ORIENTED_EDGE('',*,*,#12765,.F.);
#12765 = EDGE_CURVE('',#11652,#12742,#12766,.T.);
#12766 = SURFACE_CURVE('',#12767,(#12771,#12777),.PCURVE_S1.);
#12767 = LINE('',#12768,#12769);
#12768 = CARTESIAN_POINT('',(20.,42.45,1.));
#12769 = VECTOR('',#12770,1.);
#12770 = DIRECTION('',(-0.,-0.,-1.));
#12771 = PCURVE('',#11693,#12772);
#12772 = DEFINITIONAL_REPRESENTATION('',(#12773),#12776);
#12773 = B_SPLINE_CURVE_WITH_KNOTS('',1,(#12774,#12775),.UNSPECIFIED.,
  .F.,.F.,(2,2),(-1.8000006,6.000000000173E-07),
  .PIECEWISE_BEZIER_KNOTS.);
#12774 = CARTESIAN_POINT('',(-2.74680153389,-1.8000006));
#12775 = CARTESIAN_POINT('',(-2.74680153389,6.000000000173E-07));
#12776 = ( GEOMETRIC_REPRESENTATION_CONTEXT(2) 
PARAMETRIC_REPRESENTATION_CONTEXT() REPRESENTATION_CONTEXT('2D SPACE',''
  ) );
#12777 = PCURVE('',#12382,#12778);
#12778 = DEFINITIONAL_REPRESENTATION('',(#12779),#12782);
#12779 = B_SPLINE_CURVE_WITH_KNOTS('',1,(#12780,#12781),.UNSPECIFIED.,
  .F.,.F.,(2,2),(-1.8000006,6.000000000173E-07),
  .PIECEWISE_BEZIER_KNOTS.);
#12780 = CARTESIAN_POINT('',(4.4,-1.8100006));
#12781 = CARTESIAN_POINT('',(4.4,-9.9994E-03));
#12782 = ( GEOMETRIC_REPRESENTATION_CONTEXT(2) 
PARAMETRIC_REPRESENTATION_CONTEXT() REPRESENTATION_CONTEXT('2D SPACE',''
  ) );
#12783 = ORIENTED_EDGE('',*,*,#11674,.F.);
#12784 = ORIENTED_EDGE('',*,*,#12690,.T.);
#12785 = ADVANCED_FACE('',(#12786),#11778,.T.);
#12786 = FACE_BOUND('',#12787,.T.);
#12787 = EDGE_LOOP('',(#12788,#12789,#12790,#12811));
#12788 = ORIENTED_EDGE('',*,*,#11861,.T.);
#12789 = ORIENTED_EDGE('',*,*,#12535,.T.);
#12790 = ORIENTED_EDGE('',*,*,#12791,.F.);
#12791 = EDGE_CURVE('',#11764,#12492,#12792,.T.);
#12792 = SURFACE_CURVE('',#12793,(#12797,#12804),.PCURVE_S1.);
#12793 = LINE('',#12794,#12795);
#12794 = CARTESIAN_POINT('',(-22.9,-42.45,1.));
#12795 = VECTOR('',#12796,1.);
#12796 = DIRECTION('',(1.,0.,0.));
#12797 = PCURVE('',#11778,#12798);
#12798 = DEFINITIONAL_REPRESENTATION('',(#12799),#12803);
#12799 = LINE('',#12800,#12801);
#12800 = CARTESIAN_POINT('',(0.,-1.E-02));
#12801 = VECTOR('',#12802,1.);
#12802 = DIRECTION('',(1.,0.));
#12803 = ( GEOMETRIC_REPRESENTATION_CONTEXT(2) 
PARAMETRIC_REPRESENTATION_CONTEXT() REPRESENTATION_CONTEXT('2D SPACE',''
  ) );
#12804 = PCURVE('',#11826,#12805);
#12805 = DEFINITIONAL_REPRESENTATION('',(#12806),#12810);
#12806 = LINE('',#12807,#12808);
#12807 = CARTESIAN_POINT('',(-23.65,-42.45));
#12808 = VECTOR('',#12809,1.);
#12809 = DIRECTION('',(1.,0.));
#12810 = ( GEOMETRIC_REPRESENTATION_CONTEXT(2) 
PARAMETRIC_REPRESENTATION_CONTEXT() REPRESENTATION_CONTEXT('2D SPACE',''
  ) );
#12811 = ORIENTED_EDGE('',*,*,#11763,.F.);
#12812 = ADVANCED_FACE('',(#12813,#12911,#12942,#13164),#11826,.T.);
#12813 = FACE_BOUND('',#12814,.T.);
#12814 = EDGE_LOOP('',(#12815,#12816,#12817,#12818,#12819,#12842,#12865,
    #12886,#12887,#12888,#12909,#12910));
#12815 = ORIENTED_EDGE('',*,*,#11811,.F.);
#12816 = ORIENTED_EDGE('',*,*,#12791,.T.);
#12817 = ORIENTED_EDGE('',*,*,#12489,.F.);
#12818 = ORIENTED_EDGE('',*,*,#12564,.F.);
#12819 = ORIENTED_EDGE('',*,*,#12820,.F.);
#12820 = EDGE_CURVE('',#12821,#12565,#12823,.T.);
#12821 = VERTEX_POINT('',#12822);
#12822 = CARTESIAN_POINT('',(24.4,-34.45,1.));
#12823 = SURFACE_CURVE('',#12824,(#12828,#12835),.PCURVE_S1.);
#12824 = LINE('',#12825,#12826);
#12825 = CARTESIAN_POINT('',(24.4,-34.45,1.));
#12826 = VECTOR('',#12827,1.);
#12827 = DIRECTION('',(-1.,0.,0.));
#12828 = PCURVE('',#11826,#12829);
#12829 = DEFINITIONAL_REPRESENTATION('',(#12830),#12834);
#12830 = LINE('',#12831,#12832);
#12831 = CARTESIAN_POINT('',(23.65,-34.45));
#12832 = VECTOR('',#12833,1.);
#12833 = DIRECTION('',(-1.,0.));
#12834 = ( GEOMETRIC_REPRESENTATION_CONTEXT(2) 
PARAMETRIC_REPRESENTATION_CONTEXT() REPRESENTATION_CONTEXT('2D SPACE',''
  ) );
#12835 = PCURVE('',#12046,#12836);
#12836 = DEFINITIONAL_REPRESENTATION('',(#12837),#12841);
#12837 = LINE('',#12838,#12839);
#12838 = CARTESIAN_POINT('',(0.,-0.));
#12839 = VECTOR('',#12840,1.);
#12840 = DIRECTION('',(1.,0.));
#12841 = ( GEOMETRIC_REPRESENTATION_CONTEXT(2) 
PARAMETRIC_REPRESENTATION_CONTEXT() REPRESENTATION_CONTEXT('2D SPACE',''
  ) );
#12842 = ORIENTED_EDGE('',*,*,#12843,.T.);
#12843 = EDGE_CURVE('',#12821,#12844,#12846,.T.);
#12844 = VERTEX_POINT('',#12845);
#12845 = CARTESIAN_POINT('',(24.4,13.55,1.));
#12846 = SURFACE_CURVE('',#12847,(#12851,#12858),.PCURVE_S1.);
#12847 = LINE('',#12848,#12849);
#12848 = CARTESIAN_POINT('',(24.4,-42.45,1.));
#12849 = VECTOR('',#12850,1.);
#12850 = DIRECTION('',(0.,1.,0.));
#12851 = PCURVE('',#11826,#12852);
#12852 = DEFINITIONAL_REPRESENTATION('',(#12853),#12857);
#12853 = LINE('',#12854,#12855);
#12854 = CARTESIAN_POINT('',(23.65,-42.45));
#12855 = VECTOR('',#12856,1.);
#12856 = DIRECTION('',(0.,1.));
#12857 = ( GEOMETRIC_REPRESENTATION_CONTEXT(2) 
PARAMETRIC_REPRESENTATION_CONTEXT() REPRESENTATION_CONTEXT('2D SPACE',''
  ) );
#12858 = PCURVE('',#12122,#12859);
#12859 = DEFINITIONAL_REPRESENTATION('',(#12860),#12864);
#12860 = LINE('',#12861,#12862);
#12861 = CARTESIAN_POINT('',(0.,0.));
#12862 = VECTOR('',#12863,1.);
#12863 = DIRECTION('',(1.,0.));
#12864 = ( GEOMETRIC_REPRESENTATION_CONTEXT(2) 
PARAMETRIC_REPRESENTATION_CONTEXT() REPRESENTATION_CONTEXT('2D SPACE',''
  ) );
#12865 = ORIENTED_EDGE('',*,*,#12866,.F.);
#12866 = EDGE_CURVE('',#12668,#12844,#12867,.T.);
#12867 = SURFACE_CURVE('',#12868,(#12872,#12879),.PCURVE_S1.);
#12868 = LINE('',#12869,#12870);
#12869 = CARTESIAN_POINT('',(22.9,13.55,1.));
#12870 = VECTOR('',#12871,1.);
#12871 = DIRECTION('',(1.,0.,0.));
#12872 = PCURVE('',#11826,#12873);
#12873 = DEFINITIONAL_REPRESENTATION('',(#12874),#12878);
#12874 = LINE('',#12875,#12876);
#12875 = CARTESIAN_POINT('',(22.15,13.55));
#12876 = VECTOR('',#12877,1.);
#12877 = DIRECTION('',(1.,0.));
#12878 = ( GEOMETRIC_REPRESENTATION_CONTEXT(2) 
PARAMETRIC_REPRESENTATION_CONTEXT() REPRESENTATION_CONTEXT('2D SPACE',''
  ) );
#12879 = PCURVE('',#12178,#12880);
#12880 = DEFINITIONAL_REPRESENTATION('',(#12881),#12885);
#12881 = LINE('',#12882,#12883);
#12882 = CARTESIAN_POINT('',(0.,0.));
#12883 = VECTOR('',#12884,1.);
#12884 = DIRECTION('',(1.,0.));
#12885 = ( GEOMETRIC_REPRESENTATION_CONTEXT(2) 
PARAMETRIC_REPRESENTATION_CONTEXT() REPRESENTATION_CONTEXT('2D SPACE',''
  ) );
#12886 = ORIENTED_EDGE('',*,*,#12665,.F.);
#12887 = ORIENTED_EDGE('',*,*,#12741,.F.);
#12888 = ORIENTED_EDGE('',*,*,#12889,.T.);
#12889 = EDGE_CURVE('',#12742,#12614,#12890,.T.);
#12890 = SURFACE_CURVE('',#12891,(#12895,#12902),.PCURVE_S1.);
#12891 = LINE('',#12892,#12893);
#12892 = CARTESIAN_POINT('',(24.4,42.45,1.));
#12893 = VECTOR('',#12894,1.);
#12894 = DIRECTION('',(-1.,0.,0.));
#12895 = PCURVE('',#11826,#12896);
#12896 = DEFINITIONAL_REPRESENTATION('',(#12897),#12901);
#12897 = LINE('',#12898,#12899);
#12898 = CARTESIAN_POINT('',(23.65,42.45));
#12899 = VECTOR('',#12900,1.);
#12900 = DIRECTION('',(-1.,0.));
#12901 = ( GEOMETRIC_REPRESENTATION_CONTEXT(2) 
PARAMETRIC_REPRESENTATION_CONTEXT() REPRESENTATION_CONTEXT('2D SPACE',''
  ) );
#12902 = PCURVE('',#12382,#12903);
#12903 = DEFINITIONAL_REPRESENTATION('',(#12904),#12908);
#12904 = LINE('',#12905,#12906);
#12905 = CARTESIAN_POINT('',(0.,-1.E-02));
#12906 = VECTOR('',#12907,1.);
#12907 = DIRECTION('',(1.,0.));
#12908 = ( GEOMETRIC_REPRESENTATION_CONTEXT(2) 
PARAMETRIC_REPRESENTATION_CONTEXT() REPRESENTATION_CONTEXT('2D SPACE',''
  ) );
#12909 = ORIENTED_EDGE('',*,*,#12634,.T.);
#12910 = ORIENTED_EDGE('',*,*,#12444,.T.);
#12911 = FACE_BOUND('',#12912,.T.);
#12912 = EDGE_LOOP('',(#12913));
#12913 = ORIENTED_EDGE('',*,*,#12914,.F.);
#12914 = EDGE_CURVE('',#12915,#12915,#12917,.T.);
#12915 = VERTEX_POINT('',#12916);
#12916 = CARTESIAN_POINT('',(-10.9,-9.45,1.));
#12917 = SURFACE_CURVE('',#12918,(#12923,#12930),.PCURVE_S1.);
#12918 = CIRCLE('',#12919,1.5);
#12919 = AXIS2_PLACEMENT_3D('',#12920,#12921,#12922);
#12920 = CARTESIAN_POINT('',(-12.4,-9.45,1.));
#12921 = DIRECTION('',(0.,0.,1.));
#12922 = DIRECTION('',(1.,0.,0.));
#12923 = PCURVE('',#11826,#12924);
#12924 = DEFINITIONAL_REPRESENTATION('',(#12925),#12929);
#12925 = CIRCLE('',#12926,1.5);
#12926 = AXIS2_PLACEMENT_2D('',#12927,#12928);
#12927 = CARTESIAN_POINT('',(-13.15,-9.45));
#12928 = DIRECTION('',(1.,0.));
#12929 = ( GEOMETRIC_REPRESENTATION_CONTEXT(2) 
PARAMETRIC_REPRESENTATION_CONTEXT() REPRESENTATION_CONTEXT('2D SPACE',''
  ) );
#12930 = PCURVE('',#12931,#12936);
#12931 = CYLINDRICAL_SURFACE('',#12932,1.5);
#12932 = AXIS2_PLACEMENT_3D('',#12933,#12934,#12935);
#12933 = CARTESIAN_POINT('',(-12.4,-9.45,1.));
#12934 = DIRECTION('',(-0.,-0.,-1.));
#12935 = DIRECTION('',(1.,0.,0.));
#12936 = DEFINITIONAL_REPRESENTATION('',(#12937),#12941);
#12937 = LINE('',#12938,#12939);
#12938 = CARTESIAN_POINT('',(-0.,0.));
#12939 = VECTOR('',#12940,1.);
#12940 = DIRECTION('',(-1.,0.));
#12941 = ( GEOMETRIC_REPRESENTATION_CONTEXT(2) 
PARAMETRIC_REPRESENTATION_CONTEXT() REPRESENTATION_CONTEXT('2D SPACE',''
  ) );
#12942 = FACE_BOUND('',#12943,.T.);
#12943 = EDGE_LOOP('',(#12944,#12975,#13001,#13030,#13056,#13085,#13111,
    #13140));
#12944 = ORIENTED_EDGE('',*,*,#12945,.F.);
#12945 = EDGE_CURVE('',#12946,#12948,#12950,.T.);
#12946 = VERTEX_POINT('',#12947);
#12947 = CARTESIAN_POINT('',(6.,-10.15,1.));
#12948 = VERTEX_POINT('',#12949);
#12949 = CARTESIAN_POINT('',(7.,-9.15,1.));
#12950 = SURFACE_CURVE('',#12951,(#12956,#12963),.PCURVE_S1.);
#12951 = CIRCLE('',#12952,1.);
#12952 = AXIS2_PLACEMENT_3D('',#12953,#12954,#12955);
#12953 = CARTESIAN_POINT('',(6.,-9.15,1.));
#12954 = DIRECTION('',(0.,0.,1.));
#12955 = DIRECTION('',(0.,-1.,0.));
#12956 = PCURVE('',#11826,#12957);
#12957 = DEFINITIONAL_REPRESENTATION('',(#12958),#12962);
#12958 = CIRCLE('',#12959,1.);
#12959 = AXIS2_PLACEMENT_2D('',#12960,#12961);
#12960 = CARTESIAN_POINT('',(5.25,-9.15));
#12961 = DIRECTION('',(0.,-1.));
#12962 = ( GEOMETRIC_REPRESENTATION_CONTEXT(2) 
PARAMETRIC_REPRESENTATION_CONTEXT() REPRESENTATION_CONTEXT('2D SPACE',''
  ) );
#12963 = PCURVE('',#12964,#12969);
#12964 = CYLINDRICAL_SURFACE('',#12965,1.);
#12965 = AXIS2_PLACEMENT_3D('',#12966,#12967,#12968);
#12966 = CARTESIAN_POINT('',(6.,-9.15,0.95));
#12967 = DIRECTION('',(0.,0.,1.));
#12968 = DIRECTION('',(0.,-1.,0.));
#12969 = DEFINITIONAL_REPRESENTATION('',(#12970),#12974);
#12970 = LINE('',#12971,#12972);
#12971 = CARTESIAN_POINT('',(0.,5.E-02));
#12972 = VECTOR('',#12973,1.);
#12973 = DIRECTION('',(1.,0.));
#12974 = ( GEOMETRIC_REPRESENTATION_CONTEXT(2) 
PARAMETRIC_REPRESENTATION_CONTEXT() REPRESENTATION_CONTEXT('2D SPACE',''
  ) );
#12975 = ORIENTED_EDGE('',*,*,#12976,.T.);
#12976 = EDGE_CURVE('',#12946,#12977,#12979,.T.);
#12977 = VERTEX_POINT('',#12978);
#12978 = CARTESIAN_POINT('',(0.2,-10.15,1.));
#12979 = SURFACE_CURVE('',#12980,(#12984,#12990),.PCURVE_S1.);
#12980 = LINE('',#12981,#12982);
#12981 = CARTESIAN_POINT('',(-2.5E-02,-10.15,1.));
#12982 = VECTOR('',#12983,1.);
#12983 = DIRECTION('',(-1.,0.,0.));
#12984 = PCURVE('',#11826,#12985);
#12985 = DEFINITIONAL_REPRESENTATION('',(#12986),#12989);
#12986 = B_SPLINE_CURVE_WITH_KNOTS('',1,(#12987,#12988),.UNSPECIFIED.,
  .F.,.F.,(2,2),(-6.025,-0.225),.PIECEWISE_BEZIER_KNOTS.);
#12987 = CARTESIAN_POINT('',(5.25,-10.15));
#12988 = CARTESIAN_POINT('',(-0.55,-10.15));
#12989 = ( GEOMETRIC_REPRESENTATION_CONTEXT(2) 
PARAMETRIC_REPRESENTATION_CONTEXT() REPRESENTATION_CONTEXT('2D SPACE',''
  ) );
#12990 = PCURVE('',#12991,#12996);
#12991 = PLANE('',#12992);
#12992 = AXIS2_PLACEMENT_3D('',#12993,#12994,#12995);
#12993 = CARTESIAN_POINT('',(-0.8,-10.15,0.95));
#12994 = DIRECTION('',(0.,1.,0.));
#12995 = DIRECTION('',(1.,0.,0.));
#12996 = DEFINITIONAL_REPRESENTATION('',(#12997),#13000);
#12997 = B_SPLINE_CURVE_WITH_KNOTS('',1,(#12998,#12999),.UNSPECIFIED.,
  .F.,.F.,(2,2),(-6.025,-0.225),.PIECEWISE_BEZIER_KNOTS.);
#12998 = CARTESIAN_POINT('',(6.8,-5.E-02));
#12999 = CARTESIAN_POINT('',(1.,-5.E-02));
#13000 = ( GEOMETRIC_REPRESENTATION_CONTEXT(2) 
PARAMETRIC_REPRESENTATION_CONTEXT() REPRESENTATION_CONTEXT('2D SPACE',''
  ) );
#13001 = ORIENTED_EDGE('',*,*,#13002,.F.);
#13002 = EDGE_CURVE('',#13003,#12977,#13005,.T.);
#13003 = VERTEX_POINT('',#13004);
#13004 = CARTESIAN_POINT('',(-0.8,-9.15,1.));
#13005 = SURFACE_CURVE('',#13006,(#13011,#13018),.PCURVE_S1.);
#13006 = CIRCLE('',#13007,1.);
#13007 = AXIS2_PLACEMENT_3D('',#13008,#13009,#13010);
#13008 = CARTESIAN_POINT('',(0.2,-9.15,1.));
#13009 = DIRECTION('',(0.,0.,1.));
#13010 = DIRECTION('',(0.,-1.,0.));
#13011 = PCURVE('',#11826,#13012);
#13012 = DEFINITIONAL_REPRESENTATION('',(#13013),#13017);
#13013 = CIRCLE('',#13014,1.);
#13014 = AXIS2_PLACEMENT_2D('',#13015,#13016);
#13015 = CARTESIAN_POINT('',(-0.55,-9.15));
#13016 = DIRECTION('',(0.,-1.));
#13017 = ( GEOMETRIC_REPRESENTATION_CONTEXT(2) 
PARAMETRIC_REPRESENTATION_CONTEXT() REPRESENTATION_CONTEXT('2D SPACE',''
  ) );
#13018 = PCURVE('',#13019,#13024);
#13019 = CYLINDRICAL_SURFACE('',#13020,1.);
#13020 = AXIS2_PLACEMENT_3D('',#13021,#13022,#13023);
#13021 = CARTESIAN_POINT('',(0.2,-9.15,0.95));
#13022 = DIRECTION('',(0.,0.,1.));
#13023 = DIRECTION('',(0.,-1.,0.));
#13024 = DEFINITIONAL_REPRESENTATION('',(#13025),#13029);
#13025 = LINE('',#13026,#13027);
#13026 = CARTESIAN_POINT('',(-6.28318530718,5.E-02));
#13027 = VECTOR('',#13028,1.);
#13028 = DIRECTION('',(1.,-0.));
#13029 = ( GEOMETRIC_REPRESENTATION_CONTEXT(2) 
PARAMETRIC_REPRESENTATION_CONTEXT() REPRESENTATION_CONTEXT('2D SPACE',''
  ) );
#13030 = ORIENTED_EDGE('',*,*,#13031,.T.);
#13031 = EDGE_CURVE('',#13003,#13032,#13034,.T.);
#13032 = VERTEX_POINT('',#13033);
#13033 = CARTESIAN_POINT('',(-0.8,-5.75,1.));
#13034 = SURFACE_CURVE('',#13035,(#13039,#13045),.PCURVE_S1.);
#13035 = LINE('',#13036,#13037);
#13036 = CARTESIAN_POINT('',(-0.8,-2.375,1.));
#13037 = VECTOR('',#13038,1.);
#13038 = DIRECTION('',(-0.,1.,0.));
#13039 = PCURVE('',#11826,#13040);
#13040 = DEFINITIONAL_REPRESENTATION('',(#13041),#13044);
#13041 = B_SPLINE_CURVE_WITH_KNOTS('',1,(#13042,#13043),.UNSPECIFIED.,
  .F.,.F.,(2,2),(-6.775,-3.375),.PIECEWISE_BEZIER_KNOTS.);
#13042 = CARTESIAN_POINT('',(-1.55,-9.15));
#13043 = CARTESIAN_POINT('',(-1.55,-5.75));
#13044 = ( GEOMETRIC_REPRESENTATION_CONTEXT(2) 
PARAMETRIC_REPRESENTATION_CONTEXT() REPRESENTATION_CONTEXT('2D SPACE',''
  ) );
#13045 = PCURVE('',#13046,#13051);
#13046 = PLANE('',#13047);
#13047 = AXIS2_PLACEMENT_3D('',#13048,#13049,#13050);
#13048 = CARTESIAN_POINT('',(-0.8,-4.75,0.95));
#13049 = DIRECTION('',(1.,0.,-0.));
#13050 = DIRECTION('',(0.,-1.,0.));
#13051 = DEFINITIONAL_REPRESENTATION('',(#13052),#13055);
#13052 = B_SPLINE_CURVE_WITH_KNOTS('',1,(#13053,#13054),.UNSPECIFIED.,
  .F.,.F.,(2,2),(-6.775,-3.375),.PIECEWISE_BEZIER_KNOTS.);
#13053 = CARTESIAN_POINT('',(4.4,-5.E-02));
#13054 = CARTESIAN_POINT('',(1.,-5.E-02));
#13055 = ( GEOMETRIC_REPRESENTATION_CONTEXT(2) 
PARAMETRIC_REPRESENTATION_CONTEXT() REPRESENTATION_CONTEXT('2D SPACE',''
  ) );
#13056 = ORIENTED_EDGE('',*,*,#13057,.F.);
#13057 = EDGE_CURVE('',#13058,#13032,#13060,.T.);
#13058 = VERTEX_POINT('',#13059);
#13059 = CARTESIAN_POINT('',(0.2,-4.75,1.));
#13060 = SURFACE_CURVE('',#13061,(#13066,#13073),.PCURVE_S1.);
#13061 = CIRCLE('',#13062,1.);
#13062 = AXIS2_PLACEMENT_3D('',#13063,#13064,#13065);
#13063 = CARTESIAN_POINT('',(0.2,-5.75,1.));
#13064 = DIRECTION('',(0.,0.,1.));
#13065 = DIRECTION('',(-0.,1.,0.));
#13066 = PCURVE('',#11826,#13067);
#13067 = DEFINITIONAL_REPRESENTATION('',(#13068),#13072);
#13068 = CIRCLE('',#13069,1.);
#13069 = AXIS2_PLACEMENT_2D('',#13070,#13071);
#13070 = CARTESIAN_POINT('',(-0.55,-5.75));
#13071 = DIRECTION('',(0.,1.));
#13072 = ( GEOMETRIC_REPRESENTATION_CONTEXT(2) 
PARAMETRIC_REPRESENTATION_CONTEXT() REPRESENTATION_CONTEXT('2D SPACE',''
  ) );
#13073 = PCURVE('',#13074,#13079);
#13074 = CYLINDRICAL_SURFACE('',#13075,1.);
#13075 = AXIS2_PLACEMENT_3D('',#13076,#13077,#13078);
#13076 = CARTESIAN_POINT('',(0.2,-5.75,0.95));
#13077 = DIRECTION('',(0.,0.,1.));
#13078 = DIRECTION('',(-0.,1.,0.));
#13079 = DEFINITIONAL_REPRESENTATION('',(#13080),#13084);
#13080 = LINE('',#13081,#13082);
#13081 = CARTESIAN_POINT('',(0.,5.E-02));
#13082 = VECTOR('',#13083,1.);
#13083 = DIRECTION('',(1.,0.));
#13084 = ( GEOMETRIC_REPRESENTATION_CONTEXT(2) 
PARAMETRIC_REPRESENTATION_CONTEXT() REPRESENTATION_CONTEXT('2D SPACE',''
  ) );
#13085 = ORIENTED_EDGE('',*,*,#13086,.T.);
#13086 = EDGE_CURVE('',#13058,#13087,#13089,.T.);
#13087 = VERTEX_POINT('',#13088);
#13088 = CARTESIAN_POINT('',(6.,-4.75,1.));
#13089 = SURFACE_CURVE('',#13090,(#13094,#13100),.PCURVE_S1.);
#13090 = LINE('',#13091,#13092);
#13091 = CARTESIAN_POINT('',(3.875,-4.75,1.));
#13092 = VECTOR('',#13093,1.);
#13093 = DIRECTION('',(1.,0.,-0.));
#13094 = PCURVE('',#11826,#13095);
#13095 = DEFINITIONAL_REPRESENTATION('',(#13096),#13099);
#13096 = B_SPLINE_CURVE_WITH_KNOTS('',1,(#13097,#13098),.UNSPECIFIED.,
  .F.,.F.,(2,2),(-3.675,2.125),.PIECEWISE_BEZIER_KNOTS.);
#13097 = CARTESIAN_POINT('',(-0.55,-4.75));
#13098 = CARTESIAN_POINT('',(5.25,-4.75));
#13099 = ( GEOMETRIC_REPRESENTATION_CONTEXT(2) 
PARAMETRIC_REPRESENTATION_CONTEXT() REPRESENTATION_CONTEXT('2D SPACE',''
  ) );
#13100 = PCURVE('',#13101,#13106);
#13101 = PLANE('',#13102);
#13102 = AXIS2_PLACEMENT_3D('',#13103,#13104,#13105);
#13103 = CARTESIAN_POINT('',(7.,-4.75,0.95));
#13104 = DIRECTION('',(0.,-1.,0.));
#13105 = DIRECTION('',(-1.,0.,0.));
#13106 = DEFINITIONAL_REPRESENTATION('',(#13107),#13110);
#13107 = B_SPLINE_CURVE_WITH_KNOTS('',1,(#13108,#13109),.UNSPECIFIED.,
  .F.,.F.,(2,2),(-3.675,2.125),.PIECEWISE_BEZIER_KNOTS.);
#13108 = CARTESIAN_POINT('',(6.8,-5.E-02));
#13109 = CARTESIAN_POINT('',(1.,-5.E-02));
#13110 = ( GEOMETRIC_REPRESENTATION_CONTEXT(2) 
PARAMETRIC_REPRESENTATION_CONTEXT() REPRESENTATION_CONTEXT('2D SPACE',''
  ) );
#13111 = ORIENTED_EDGE('',*,*,#13112,.F.);
#13112 = EDGE_CURVE('',#13113,#13087,#13115,.T.);
#13113 = VERTEX_POINT('',#13114);
#13114 = CARTESIAN_POINT('',(7.,-5.75,1.));
#13115 = SURFACE_CURVE('',#13116,(#13121,#13128),.PCURVE_S1.);
#13116 = CIRCLE('',#13117,1.);
#13117 = AXIS2_PLACEMENT_3D('',#13118,#13119,#13120);
#13118 = CARTESIAN_POINT('',(6.,-5.75,1.));
#13119 = DIRECTION('',(0.,0.,1.));
#13120 = DIRECTION('',(1.,0.,-0.));
#13121 = PCURVE('',#11826,#13122);
#13122 = DEFINITIONAL_REPRESENTATION('',(#13123),#13127);
#13123 = CIRCLE('',#13124,1.);
#13124 = AXIS2_PLACEMENT_2D('',#13125,#13126);
#13125 = CARTESIAN_POINT('',(5.25,-5.75));
#13126 = DIRECTION('',(1.,0.));
#13127 = ( GEOMETRIC_REPRESENTATION_CONTEXT(2) 
PARAMETRIC_REPRESENTATION_CONTEXT() REPRESENTATION_CONTEXT('2D SPACE',''
  ) );
#13128 = PCURVE('',#13129,#13134);
#13129 = CYLINDRICAL_SURFACE('',#13130,1.);
#13130 = AXIS2_PLACEMENT_3D('',#13131,#13132,#13133);
#13131 = CARTESIAN_POINT('',(6.,-5.75,0.95));
#13132 = DIRECTION('',(0.,0.,1.));
#13133 = DIRECTION('',(1.,0.,-0.));
#13134 = DEFINITIONAL_REPRESENTATION('',(#13135),#13139);
#13135 = LINE('',#13136,#13137);
#13136 = CARTESIAN_POINT('',(0.,5.E-02));
#13137 = VECTOR('',#13138,1.);
#13138 = DIRECTION('',(1.,0.));
#13139 = ( GEOMETRIC_REPRESENTATION_CONTEXT(2) 
PARAMETRIC_REPRESENTATION_CONTEXT() REPRESENTATION_CONTEXT('2D SPACE',''
  ) );
#13140 = ORIENTED_EDGE('',*,*,#13141,.T.);
#13141 = EDGE_CURVE('',#13113,#12948,#13142,.T.);
#13142 = SURFACE_CURVE('',#13143,(#13147,#13153),.PCURVE_S1.);
#13143 = LINE('',#13144,#13145);
#13144 = CARTESIAN_POINT('',(7.,-5.075,1.));
#13145 = VECTOR('',#13146,1.);
#13146 = DIRECTION('',(0.,-1.,0.));
#13147 = PCURVE('',#11826,#13148);
#13148 = DEFINITIONAL_REPRESENTATION('',(#13149),#13152);
#13149 = B_SPLINE_CURVE_WITH_KNOTS('',1,(#13150,#13151),.UNSPECIFIED.,
  .F.,.F.,(2,2),(0.675,4.075),.PIECEWISE_BEZIER_KNOTS.);
#13150 = CARTESIAN_POINT('',(6.25,-5.75));
#13151 = CARTESIAN_POINT('',(6.25,-9.15));
#13152 = ( GEOMETRIC_REPRESENTATION_CONTEXT(2) 
PARAMETRIC_REPRESENTATION_CONTEXT() REPRESENTATION_CONTEXT('2D SPACE',''
  ) );
#13153 = PCURVE('',#13154,#13159);
#13154 = PLANE('',#13155);
#13155 = AXIS2_PLACEMENT_3D('',#13156,#13157,#13158);
#13156 = CARTESIAN_POINT('',(7.,-10.15,0.95));
#13157 = DIRECTION('',(-1.,0.,0.));
#13158 = DIRECTION('',(0.,1.,0.));
#13159 = DEFINITIONAL_REPRESENTATION('',(#13160),#13163);
#13160 = B_SPLINE_CURVE_WITH_KNOTS('',1,(#13161,#13162),.UNSPECIFIED.,
  .F.,.F.,(2,2),(0.675,4.075),.PIECEWISE_BEZIER_KNOTS.);
#13161 = CARTESIAN_POINT('',(4.4,-5.E-02));
#13162 = CARTESIAN_POINT('',(1.,-5.E-02));
#13163 = ( GEOMETRIC_REPRESENTATION_CONTEXT(2) 
PARAMETRIC_REPRESENTATION_CONTEXT() REPRESENTATION_CONTEXT('2D SPACE',''
  ) );
#13164 = FACE_BOUND('',#13165,.T.);
#13165 = EDGE_LOOP('',(#13166));
#13166 = ORIENTED_EDGE('',*,*,#13167,.F.);
#13167 = EDGE_CURVE('',#13168,#13168,#13170,.T.);
#13168 = VERTEX_POINT('',#13169);
#13169 = CARTESIAN_POINT('',(9.1,10.55,1.));
#13170 = SURFACE_CURVE('',#13171,(#13176,#13183),.PCURVE_S1.);
#13171 = CIRCLE('',#13172,1.5);
#13172 = AXIS2_PLACEMENT_3D('',#13173,#13174,#13175);
#13173 = CARTESIAN_POINT('',(7.6,10.55,1.));
#13174 = DIRECTION('',(0.,0.,1.));
#13175 = DIRECTION('',(1.,0.,0.));
#13176 = PCURVE('',#11826,#13177);
#13177 = DEFINITIONAL_REPRESENTATION('',(#13178),#13182);
#13178 = CIRCLE('',#13179,1.5);
#13179 = AXIS2_PLACEMENT_2D('',#13180,#13181);
#13180 = CARTESIAN_POINT('',(6.85,10.55));
#13181 = DIRECTION('',(1.,0.));
#13182 = ( GEOMETRIC_REPRESENTATION_CONTEXT(2) 
PARAMETRIC_REPRESENTATION_CONTEXT() REPRESENTATION_CONTEXT('2D SPACE',''
  ) );
#13183 = PCURVE('',#13184,#13189);
#13184 = CYLINDRICAL_SURFACE('',#13185,1.5);
#13185 = AXIS2_PLACEMENT_3D('',#13186,#13187,#13188);
#13186 = CARTESIAN_POINT('',(7.6,10.55,1.));
#13187 = DIRECTION('',(-0.,-0.,-1.));
#13188 = DIRECTION('',(1.,0.,0.));
#13189 = DEFINITIONAL_REPRESENTATION('',(#13190),#13194);
#13190 = LINE('',#13191,#13192);
#13191 = CARTESIAN_POINT('',(-0.,0.));
#13192 = VECTOR('',#13193,1.);
#13193 = DIRECTION('',(-1.,0.));
#13194 = ( GEOMETRIC_REPRESENTATION_CONTEXT(2) 
PARAMETRIC_REPRESENTATION_CONTEXT() REPRESENTATION_CONTEXT('2D SPACE',''
  ) );
#13195 = ADVANCED_FACE('',(#13196),#12046,.F.);
#13196 = FACE_BOUND('',#13197,.F.);
#13197 = EDGE_LOOP('',(#13198,#13199,#13220,#13221));
#13198 = ORIENTED_EDGE('',*,*,#12820,.F.);
#13199 = ORIENTED_EDGE('',*,*,#13200,.T.);
#13200 = EDGE_CURVE('',#12821,#12010,#13201,.T.);
#13201 = SURFACE_CURVE('',#13202,(#13206,#13213),.PCURVE_S1.);
#13202 = LINE('',#13203,#13204);
#13203 = CARTESIAN_POINT('',(24.4,-34.45,1.));
#13204 = VECTOR('',#13205,1.);
#13205 = DIRECTION('',(0.,0.,1.));
#13206 = PCURVE('',#12046,#13207);
#13207 = DEFINITIONAL_REPRESENTATION('',(#13208),#13212);
#13208 = LINE('',#13209,#13210);
#13209 = CARTESIAN_POINT('',(0.,-0.));
#13210 = VECTOR('',#13211,1.);
#13211 = DIRECTION('',(0.,-1.));
#13212 = ( GEOMETRIC_REPRESENTATION_CONTEXT(2) 
PARAMETRIC_REPRESENTATION_CONTEXT() REPRESENTATION_CONTEXT('2D SPACE',''
  ) );
#13213 = PCURVE('',#12122,#13214);
#13214 = DEFINITIONAL_REPRESENTATION('',(#13215),#13219);
#13215 = LINE('',#13216,#13217);
#13216 = CARTESIAN_POINT('',(8.,0.));
#13217 = VECTOR('',#13218,1.);
#13218 = DIRECTION('',(0.,-1.));
#13219 = ( GEOMETRIC_REPRESENTATION_CONTEXT(2) 
PARAMETRIC_REPRESENTATION_CONTEXT() REPRESENTATION_CONTEXT('2D SPACE',''
  ) );
#13220 = ORIENTED_EDGE('',*,*,#12032,.F.);
#13221 = ORIENTED_EDGE('',*,*,#12587,.F.);
#13222 = ADVANCED_FACE('',(#13223),#12122,.T.);
#13223 = FACE_BOUND('',#13224,.T.);
#13224 = EDGE_LOOP('',(#13225,#13226,#13227,#13228));
#13225 = ORIENTED_EDGE('',*,*,#12843,.F.);
#13226 = ORIENTED_EDGE('',*,*,#13200,.T.);
#13227 = ORIENTED_EDGE('',*,*,#12108,.T.);
#13228 = ORIENTED_EDGE('',*,*,#13229,.F.);
#13229 = EDGE_CURVE('',#12844,#12086,#13230,.T.);
#13230 = SURFACE_CURVE('',#13231,(#13235,#13242),.PCURVE_S1.);
#13231 = LINE('',#13232,#13233);
#13232 = CARTESIAN_POINT('',(24.4,13.55,1.));
#13233 = VECTOR('',#13234,1.);
#13234 = DIRECTION('',(0.,0.,1.));
#13235 = PCURVE('',#12122,#13236);
#13236 = DEFINITIONAL_REPRESENTATION('',(#13237),#13241);
#13237 = LINE('',#13238,#13239);
#13238 = CARTESIAN_POINT('',(56.,0.));
#13239 = VECTOR('',#13240,1.);
#13240 = DIRECTION('',(0.,-1.));
#13241 = ( GEOMETRIC_REPRESENTATION_CONTEXT(2) 
PARAMETRIC_REPRESENTATION_CONTEXT() REPRESENTATION_CONTEXT('2D SPACE',''
  ) );
#13242 = PCURVE('',#12178,#13243);
#13243 = DEFINITIONAL_REPRESENTATION('',(#13244),#13248);
#13244 = LINE('',#13245,#13246);
#13245 = CARTESIAN_POINT('',(1.5,0.));
#13246 = VECTOR('',#13247,1.);
#13247 = DIRECTION('',(0.,-1.));
#13248 = ( GEOMETRIC_REPRESENTATION_CONTEXT(2) 
PARAMETRIC_REPRESENTATION_CONTEXT() REPRESENTATION_CONTEXT('2D SPACE',''
  ) );
#13249 = ADVANCED_FACE('',(#13250),#12178,.F.);
#13250 = FACE_BOUND('',#13251,.F.);
#13251 = EDGE_LOOP('',(#13252,#13253,#13254,#13255));
#13252 = ORIENTED_EDGE('',*,*,#12866,.F.);
#13253 = ORIENTED_EDGE('',*,*,#12710,.T.);
#13254 = ORIENTED_EDGE('',*,*,#12164,.F.);
#13255 = ORIENTED_EDGE('',*,*,#13229,.F.);
#13256 = ADVANCED_FACE('',(#13257),#12382,.T.);
#13257 = FACE_BOUND('',#13258,.T.);
#13258 = EDGE_LOOP('',(#13259,#13260,#13261,#13262));
#13259 = ORIENTED_EDGE('',*,*,#12368,.T.);
#13260 = ORIENTED_EDGE('',*,*,#12613,.T.);
#13261 = ORIENTED_EDGE('',*,*,#12889,.F.);
#13262 = ORIENTED_EDGE('',*,*,#12765,.F.);
#13263 = ADVANCED_FACE('',(#13264),#12931,.T.);
#13264 = FACE_BOUND('',#13265,.F.);
#13265 = EDGE_LOOP('',(#13266,#13289,#13316,#13317));
#13266 = ORIENTED_EDGE('',*,*,#13267,.T.);
#13267 = EDGE_CURVE('',#12915,#13268,#13270,.T.);
#13268 = VERTEX_POINT('',#13269);
#13269 = CARTESIAN_POINT('',(-10.9,-9.45,1.4));
#13270 = SEAM_CURVE('',#13271,(#13275,#13282),.PCURVE_S1.);
#13271 = LINE('',#13272,#13273);
#13272 = CARTESIAN_POINT('',(-10.9,-9.45,1.));
#13273 = VECTOR('',#13274,1.);
#13274 = DIRECTION('',(0.,0.,1.));
#13275 = PCURVE('',#12931,#13276);
#13276 = DEFINITIONAL_REPRESENTATION('',(#13277),#13281);
#13277 = LINE('',#13278,#13279);
#13278 = CARTESIAN_POINT('',(-0.,0.));
#13279 = VECTOR('',#13280,1.);
#13280 = DIRECTION('',(-0.,-1.));
#13281 = ( GEOMETRIC_REPRESENTATION_CONTEXT(2) 
PARAMETRIC_REPRESENTATION_CONTEXT() REPRESENTATION_CONTEXT('2D SPACE',''
  ) );
#13282 = PCURVE('',#12931,#13283);
#13283 = DEFINITIONAL_REPRESENTATION('',(#13284),#13288);
#13284 = LINE('',#13285,#13286);
#13285 = CARTESIAN_POINT('',(-6.28318530718,0.));
#13286 = VECTOR('',#13287,1.);
#13287 = DIRECTION('',(-0.,-1.));
#13288 = ( GEOMETRIC_REPRESENTATION_CONTEXT(2) 
PARAMETRIC_REPRESENTATION_CONTEXT() REPRESENTATION_CONTEXT('2D SPACE',''
  ) );
#13289 = ORIENTED_EDGE('',*,*,#13290,.T.);
#13290 = EDGE_CURVE('',#13268,#13268,#13291,.T.);
#13291 = SURFACE_CURVE('',#13292,(#13297,#13304),.PCURVE_S1.);
#13292 = CIRCLE('',#13293,1.5);
#13293 = AXIS2_PLACEMENT_3D('',#13294,#13295,#13296);
#13294 = CARTESIAN_POINT('',(-12.4,-9.45,1.4));
#13295 = DIRECTION('',(0.,0.,1.));
#13296 = DIRECTION('',(1.,0.,0.));
#13297 = PCURVE('',#12931,#13298);
#13298 = DEFINITIONAL_REPRESENTATION('',(#13299),#13303);
#13299 = LINE('',#13300,#13301);
#13300 = CARTESIAN_POINT('',(-0.,-0.4));
#13301 = VECTOR('',#13302,1.);
#13302 = DIRECTION('',(-1.,0.));
#13303 = ( GEOMETRIC_REPRESENTATION_CONTEXT(2) 
PARAMETRIC_REPRESENTATION_CONTEXT() REPRESENTATION_CONTEXT('2D SPACE',''
  ) );
#13304 = PCURVE('',#13305,#13310);
#13305 = PLANE('',#13306);
#13306 = AXIS2_PLACEMENT_3D('',#13307,#13308,#13309);
#13307 = CARTESIAN_POINT('',(-12.4,-9.45,1.4));
#13308 = DIRECTION('',(0.,0.,1.));
#13309 = DIRECTION('',(1.,0.,-0.));
#13310 = DEFINITIONAL_REPRESENTATION('',(#13311),#13315);
#13311 = CIRCLE('',#13312,1.5);
#13312 = AXIS2_PLACEMENT_2D('',#13313,#13314);
#13313 = CARTESIAN_POINT('',(0.,0.));
#13314 = DIRECTION('',(1.,0.));
#13315 = ( GEOMETRIC_REPRESENTATION_CONTEXT(2) 
PARAMETRIC_REPRESENTATION_CONTEXT() REPRESENTATION_CONTEXT('2D SPACE',''
  ) );
#13316 = ORIENTED_EDGE('',*,*,#13267,.F.);
#13317 = ORIENTED_EDGE('',*,*,#12914,.F.);
#13318 = ADVANCED_FACE('',(#13319),#12964,.F.);
#13319 = FACE_BOUND('',#13320,.F.);
#13320 = EDGE_LOOP('',(#13321,#13344,#13373,#13394));
#13321 = ORIENTED_EDGE('',*,*,#13322,.F.);
#13322 = EDGE_CURVE('',#13323,#12946,#13325,.T.);
#13323 = VERTEX_POINT('',#13324);
#13324 = CARTESIAN_POINT('',(6.,-10.15,0.95));
#13325 = SURFACE_CURVE('',#13326,(#13330,#13337),.PCURVE_S1.);
#13326 = LINE('',#13327,#13328);
#13327 = CARTESIAN_POINT('',(6.,-10.15,0.95));
#13328 = VECTOR('',#13329,1.);
#13329 = DIRECTION('',(0.,0.,1.));
#13330 = PCURVE('',#12964,#13331);
#13331 = DEFINITIONAL_REPRESENTATION('',(#13332),#13336);
#13332 = LINE('',#13333,#13334);
#13333 = CARTESIAN_POINT('',(0.,0.));
#13334 = VECTOR('',#13335,1.);
#13335 = DIRECTION('',(0.,1.));
#13336 = ( GEOMETRIC_REPRESENTATION_CONTEXT(2) 
PARAMETRIC_REPRESENTATION_CONTEXT() REPRESENTATION_CONTEXT('2D SPACE',''
  ) );
#13337 = PCURVE('',#12991,#13338);
#13338 = DEFINITIONAL_REPRESENTATION('',(#13339),#13343);
#13339 = LINE('',#13340,#13341);
#13340 = CARTESIAN_POINT('',(6.8,0.));
#13341 = VECTOR('',#13342,1.);
#13342 = DIRECTION('',(0.,-1.));
#13343 = ( GEOMETRIC_REPRESENTATION_CONTEXT(2) 
PARAMETRIC_REPRESENTATION_CONTEXT() REPRESENTATION_CONTEXT('2D SPACE',''
  ) );
#13344 = ORIENTED_EDGE('',*,*,#13345,.T.);
#13345 = EDGE_CURVE('',#13323,#13346,#13348,.T.);
#13346 = VERTEX_POINT('',#13347);
#13347 = CARTESIAN_POINT('',(7.,-9.15,0.95));
#13348 = SURFACE_CURVE('',#13349,(#13354,#13361),.PCURVE_S1.);
#13349 = CIRCLE('',#13350,1.);
#13350 = AXIS2_PLACEMENT_3D('',#13351,#13352,#13353);
#13351 = CARTESIAN_POINT('',(6.,-9.15,0.95));
#13352 = DIRECTION('',(0.,0.,1.));
#13353 = DIRECTION('',(0.,-1.,0.));
#13354 = PCURVE('',#12964,#13355);
#13355 = DEFINITIONAL_REPRESENTATION('',(#13356),#13360);
#13356 = LINE('',#13357,#13358);
#13357 = CARTESIAN_POINT('',(0.,-2.22044604925E-16));
#13358 = VECTOR('',#13359,1.);
#13359 = DIRECTION('',(1.,0.));
#13360 = ( GEOMETRIC_REPRESENTATION_CONTEXT(2) 
PARAMETRIC_REPRESENTATION_CONTEXT() REPRESENTATION_CONTEXT('2D SPACE',''
  ) );
#13361 = PCURVE('',#13362,#13367);
#13362 = PLANE('',#13363);
#13363 = AXIS2_PLACEMENT_3D('',#13364,#13365,#13366);
#13364 = CARTESIAN_POINT('',(3.1,-7.45,0.95));
#13365 = DIRECTION('',(0.,0.,1.));
#13366 = DIRECTION('',(1.,0.,-0.));
#13367 = DEFINITIONAL_REPRESENTATION('',(#13368),#13372);
#13368 = CIRCLE('',#13369,1.);
#13369 = AXIS2_PLACEMENT_2D('',#13370,#13371);
#13370 = CARTESIAN_POINT('',(2.9,-1.7));
#13371 = DIRECTION('',(0.,-1.));
#13372 = ( GEOMETRIC_REPRESENTATION_CONTEXT(2) 
PARAMETRIC_REPRESENTATION_CONTEXT() REPRESENTATION_CONTEXT('2D SPACE',''
  ) );
#13373 = ORIENTED_EDGE('',*,*,#13374,.T.);
#13374 = EDGE_CURVE('',#13346,#12948,#13375,.T.);
#13375 = SURFACE_CURVE('',#13376,(#13380,#13387),.PCURVE_S1.);
#13376 = LINE('',#13377,#13378);
#13377 = CARTESIAN_POINT('',(7.,-9.15,0.95));
#13378 = VECTOR('',#13379,1.);
#13379 = DIRECTION('',(0.,0.,1.));
#13380 = PCURVE('',#12964,#13381);
#13381 = DEFINITIONAL_REPRESENTATION('',(#13382),#13386);
#13382 = LINE('',#13383,#13384);
#13383 = CARTESIAN_POINT('',(1.570796326795,0.));
#13384 = VECTOR('',#13385,1.);
#13385 = DIRECTION('',(0.,1.));
#13386 = ( GEOMETRIC_REPRESENTATION_CONTEXT(2) 
PARAMETRIC_REPRESENTATION_CONTEXT() REPRESENTATION_CONTEXT('2D SPACE',''
  ) );
#13387 = PCURVE('',#13154,#13388);
#13388 = DEFINITIONAL_REPRESENTATION('',(#13389),#13393);
#13389 = LINE('',#13390,#13391);
#13390 = CARTESIAN_POINT('',(1.,0.));
#13391 = VECTOR('',#13392,1.);
#13392 = DIRECTION('',(0.,-1.));
#13393 = ( GEOMETRIC_REPRESENTATION_CONTEXT(2) 
PARAMETRIC_REPRESENTATION_CONTEXT() REPRESENTATION_CONTEXT('2D SPACE',''
  ) );
#13394 = ORIENTED_EDGE('',*,*,#12945,.F.);
#13395 = ADVANCED_FACE('',(#13396),#13154,.T.);
#13396 = FACE_BOUND('',#13397,.T.);
#13397 = EDGE_LOOP('',(#13398,#13421,#13422,#13423));
#13398 = ORIENTED_EDGE('',*,*,#13399,.F.);
#13399 = EDGE_CURVE('',#13346,#13400,#13402,.T.);
#13400 = VERTEX_POINT('',#13401);
#13401 = CARTESIAN_POINT('',(7.,-5.75,0.95));
#13402 = SURFACE_CURVE('',#13403,(#13407,#13414),.PCURVE_S1.);
#13403 = LINE('',#13404,#13405);
#13404 = CARTESIAN_POINT('',(7.,-10.15,0.95));
#13405 = VECTOR('',#13406,1.);
#13406 = DIRECTION('',(0.,1.,0.));
#13407 = PCURVE('',#13154,#13408);
#13408 = DEFINITIONAL_REPRESENTATION('',(#13409),#13413);
#13409 = LINE('',#13410,#13411);
#13410 = CARTESIAN_POINT('',(0.,0.));
#13411 = VECTOR('',#13412,1.);
#13412 = DIRECTION('',(1.,0.));
#13413 = ( GEOMETRIC_REPRESENTATION_CONTEXT(2) 
PARAMETRIC_REPRESENTATION_CONTEXT() REPRESENTATION_CONTEXT('2D SPACE',''
  ) );
#13414 = PCURVE('',#13362,#13415);
#13415 = DEFINITIONAL_REPRESENTATION('',(#13416),#13420);
#13416 = LINE('',#13417,#13418);
#13417 = CARTESIAN_POINT('',(3.9,-2.7));
#13418 = VECTOR('',#13419,1.);
#13419 = DIRECTION('',(0.,1.));
#13420 = ( GEOMETRIC_REPRESENTATION_CONTEXT(2) 
PARAMETRIC_REPRESENTATION_CONTEXT() REPRESENTATION_CONTEXT('2D SPACE',''
  ) );
#13421 = ORIENTED_EDGE('',*,*,#13374,.T.);
#13422 = ORIENTED_EDGE('',*,*,#13141,.F.);
#13423 = ORIENTED_EDGE('',*,*,#13424,.F.);
#13424 = EDGE_CURVE('',#13400,#13113,#13425,.T.);
#13425 = SURFACE_CURVE('',#13426,(#13430,#13437),.PCURVE_S1.);
#13426 = LINE('',#13427,#13428);
#13427 = CARTESIAN_POINT('',(7.,-5.75,0.95));
#13428 = VECTOR('',#13429,1.);
#13429 = DIRECTION('',(0.,0.,1.));
#13430 = PCURVE('',#13154,#13431);
#13431 = DEFINITIONAL_REPRESENTATION('',(#13432),#13436);
#13432 = LINE('',#13433,#13434);
#13433 = CARTESIAN_POINT('',(4.4,0.));
#13434 = VECTOR('',#13435,1.);
#13435 = DIRECTION('',(0.,-1.));
#13436 = ( GEOMETRIC_REPRESENTATION_CONTEXT(2) 
PARAMETRIC_REPRESENTATION_CONTEXT() REPRESENTATION_CONTEXT('2D SPACE',''
  ) );
#13437 = PCURVE('',#13129,#13438);
#13438 = DEFINITIONAL_REPRESENTATION('',(#13439),#13443);
#13439 = LINE('',#13440,#13441);
#13440 = CARTESIAN_POINT('',(0.,0.));
#13441 = VECTOR('',#13442,1.);
#13442 = DIRECTION('',(0.,1.));
#13443 = ( GEOMETRIC_REPRESENTATION_CONTEXT(2) 
PARAMETRIC_REPRESENTATION_CONTEXT() REPRESENTATION_CONTEXT('2D SPACE',''
  ) );
#13444 = ADVANCED_FACE('',(#13445),#13129,.F.);
#13445 = FACE_BOUND('',#13446,.F.);
#13446 = EDGE_LOOP('',(#13447,#13448,#13472,#13493));
#13447 = ORIENTED_EDGE('',*,*,#13424,.F.);
#13448 = ORIENTED_EDGE('',*,*,#13449,.T.);
#13449 = EDGE_CURVE('',#13400,#13450,#13452,.T.);
#13450 = VERTEX_POINT('',#13451);
#13451 = CARTESIAN_POINT('',(6.,-4.75,0.95));
#13452 = SURFACE_CURVE('',#13453,(#13458,#13465),.PCURVE_S1.);
#13453 = CIRCLE('',#13454,1.);
#13454 = AXIS2_PLACEMENT_3D('',#13455,#13456,#13457);
#13455 = CARTESIAN_POINT('',(6.,-5.75,0.95));
#13456 = DIRECTION('',(0.,0.,1.));
#13457 = DIRECTION('',(0.,-1.,0.));
#13458 = PCURVE('',#13129,#13459);
#13459 = DEFINITIONAL_REPRESENTATION('',(#13460),#13464);
#13460 = LINE('',#13461,#13462);
#13461 = CARTESIAN_POINT('',(-1.570796326795,-2.22044604925E-16));
#13462 = VECTOR('',#13463,1.);
#13463 = DIRECTION('',(1.,0.));
#13464 = ( GEOMETRIC_REPRESENTATION_CONTEXT(2) 
PARAMETRIC_REPRESENTATION_CONTEXT() REPRESENTATION_CONTEXT('2D SPACE',''
  ) );
#13465 = PCURVE('',#13362,#13466);
#13466 = DEFINITIONAL_REPRESENTATION('',(#13467),#13471);
#13467 = CIRCLE('',#13468,1.);
#13468 = AXIS2_PLACEMENT_2D('',#13469,#13470);
#13469 = CARTESIAN_POINT('',(2.9,1.7));
#13470 = DIRECTION('',(0.,-1.));
#13471 = ( GEOMETRIC_REPRESENTATION_CONTEXT(2) 
PARAMETRIC_REPRESENTATION_CONTEXT() REPRESENTATION_CONTEXT('2D SPACE',''
  ) );
#13472 = ORIENTED_EDGE('',*,*,#13473,.T.);
#13473 = EDGE_CURVE('',#13450,#13087,#13474,.T.);
#13474 = SURFACE_CURVE('',#13475,(#13479,#13486),.PCURVE_S1.);
#13475 = LINE('',#13476,#13477);
#13476 = CARTESIAN_POINT('',(6.,-4.75,0.95));
#13477 = VECTOR('',#13478,1.);
#13478 = DIRECTION('',(0.,0.,1.));
#13479 = PCURVE('',#13129,#13480);
#13480 = DEFINITIONAL_REPRESENTATION('',(#13481),#13485);
#13481 = LINE('',#13482,#13483);
#13482 = CARTESIAN_POINT('',(1.570796326795,0.));
#13483 = VECTOR('',#13484,1.);
#13484 = DIRECTION('',(0.,1.));
#13485 = ( GEOMETRIC_REPRESENTATION_CONTEXT(2) 
PARAMETRIC_REPRESENTATION_CONTEXT() REPRESENTATION_CONTEXT('2D SPACE',''
  ) );
#13486 = PCURVE('',#13101,#13487);
#13487 = DEFINITIONAL_REPRESENTATION('',(#13488),#13492);
#13488 = LINE('',#13489,#13490);
#13489 = CARTESIAN_POINT('',(1.,0.));
#13490 = VECTOR('',#13491,1.);
#13491 = DIRECTION('',(0.,-1.));
#13492 = ( GEOMETRIC_REPRESENTATION_CONTEXT(2) 
PARAMETRIC_REPRESENTATION_CONTEXT() REPRESENTATION_CONTEXT('2D SPACE',''
  ) );
#13493 = ORIENTED_EDGE('',*,*,#13112,.F.);
#13494 = ADVANCED_FACE('',(#13495),#13101,.T.);
#13495 = FACE_BOUND('',#13496,.T.);
#13496 = EDGE_LOOP('',(#13497,#13520,#13521,#13522));
#13497 = ORIENTED_EDGE('',*,*,#13498,.F.);
#13498 = EDGE_CURVE('',#13450,#13499,#13501,.T.);
#13499 = VERTEX_POINT('',#13500);
#13500 = CARTESIAN_POINT('',(0.2,-4.75,0.95));
#13501 = SURFACE_CURVE('',#13502,(#13506,#13513),.PCURVE_S1.);
#13502 = LINE('',#13503,#13504);
#13503 = CARTESIAN_POINT('',(7.,-4.75,0.95));
#13504 = VECTOR('',#13505,1.);
#13505 = DIRECTION('',(-1.,0.,0.));
#13506 = PCURVE('',#13101,#13507);
#13507 = DEFINITIONAL_REPRESENTATION('',(#13508),#13512);
#13508 = LINE('',#13509,#13510);
#13509 = CARTESIAN_POINT('',(0.,-0.));
#13510 = VECTOR('',#13511,1.);
#13511 = DIRECTION('',(1.,0.));
#13512 = ( GEOMETRIC_REPRESENTATION_CONTEXT(2) 
PARAMETRIC_REPRESENTATION_CONTEXT() REPRESENTATION_CONTEXT('2D SPACE',''
  ) );
#13513 = PCURVE('',#13362,#13514);
#13514 = DEFINITIONAL_REPRESENTATION('',(#13515),#13519);
#13515 = LINE('',#13516,#13517);
#13516 = CARTESIAN_POINT('',(3.9,2.7));
#13517 = VECTOR('',#13518,1.);
#13518 = DIRECTION('',(-1.,0.));
#13519 = ( GEOMETRIC_REPRESENTATION_CONTEXT(2) 
PARAMETRIC_REPRESENTATION_CONTEXT() REPRESENTATION_CONTEXT('2D SPACE',''
  ) );
#13520 = ORIENTED_EDGE('',*,*,#13473,.T.);
#13521 = ORIENTED_EDGE('',*,*,#13086,.F.);
#13522 = ORIENTED_EDGE('',*,*,#13523,.F.);
#13523 = EDGE_CURVE('',#13499,#13058,#13524,.T.);
#13524 = SURFACE_CURVE('',#13525,(#13529,#13536),.PCURVE_S1.);
#13525 = LINE('',#13526,#13527);
#13526 = CARTESIAN_POINT('',(0.2,-4.75,0.95));
#13527 = VECTOR('',#13528,1.);
#13528 = DIRECTION('',(0.,0.,1.));
#13529 = PCURVE('',#13101,#13530);
#13530 = DEFINITIONAL_REPRESENTATION('',(#13531),#13535);
#13531 = LINE('',#13532,#13533);
#13532 = CARTESIAN_POINT('',(6.8,0.));
#13533 = VECTOR('',#13534,1.);
#13534 = DIRECTION('',(0.,-1.));
#13535 = ( GEOMETRIC_REPRESENTATION_CONTEXT(2) 
PARAMETRIC_REPRESENTATION_CONTEXT() REPRESENTATION_CONTEXT('2D SPACE',''
  ) );
#13536 = PCURVE('',#13074,#13537);
#13537 = DEFINITIONAL_REPRESENTATION('',(#13538),#13542);
#13538 = LINE('',#13539,#13540);
#13539 = CARTESIAN_POINT('',(0.,0.));
#13540 = VECTOR('',#13541,1.);
#13541 = DIRECTION('',(0.,1.));
#13542 = ( GEOMETRIC_REPRESENTATION_CONTEXT(2) 
PARAMETRIC_REPRESENTATION_CONTEXT() REPRESENTATION_CONTEXT('2D SPACE',''
  ) );
#13543 = ADVANCED_FACE('',(#13544),#13074,.F.);
#13544 = FACE_BOUND('',#13545,.F.);
#13545 = EDGE_LOOP('',(#13546,#13547,#13571,#13592));
#13546 = ORIENTED_EDGE('',*,*,#13523,.F.);
#13547 = ORIENTED_EDGE('',*,*,#13548,.T.);
#13548 = EDGE_CURVE('',#13499,#13549,#13551,.T.);
#13549 = VERTEX_POINT('',#13550);
#13550 = CARTESIAN_POINT('',(-0.8,-5.75,0.95));
#13551 = SURFACE_CURVE('',#13552,(#13557,#13564),.PCURVE_S1.);
#13552 = CIRCLE('',#13553,1.);
#13553 = AXIS2_PLACEMENT_3D('',#13554,#13555,#13556);
#13554 = CARTESIAN_POINT('',(0.2,-5.75,0.95));
#13555 = DIRECTION('',(0.,0.,1.));
#13556 = DIRECTION('',(0.,-1.,0.));
#13557 = PCURVE('',#13074,#13558);
#13558 = DEFINITIONAL_REPRESENTATION('',(#13559),#13563);
#13559 = LINE('',#13560,#13561);
#13560 = CARTESIAN_POINT('',(-3.14159265359,-2.22044604925E-16));
#13561 = VECTOR('',#13562,1.);
#13562 = DIRECTION('',(1.,0.));
#13563 = ( GEOMETRIC_REPRESENTATION_CONTEXT(2) 
PARAMETRIC_REPRESENTATION_CONTEXT() REPRESENTATION_CONTEXT('2D SPACE',''
  ) );
#13564 = PCURVE('',#13362,#13565);
#13565 = DEFINITIONAL_REPRESENTATION('',(#13566),#13570);
#13566 = CIRCLE('',#13567,1.);
#13567 = AXIS2_PLACEMENT_2D('',#13568,#13569);
#13568 = CARTESIAN_POINT('',(-2.9,1.7));
#13569 = DIRECTION('',(0.,-1.));
#13570 = ( GEOMETRIC_REPRESENTATION_CONTEXT(2) 
PARAMETRIC_REPRESENTATION_CONTEXT() REPRESENTATION_CONTEXT('2D SPACE',''
  ) );
#13571 = ORIENTED_EDGE('',*,*,#13572,.T.);
#13572 = EDGE_CURVE('',#13549,#13032,#13573,.T.);
#13573 = SURFACE_CURVE('',#13574,(#13578,#13585),.PCURVE_S1.);
#13574 = LINE('',#13575,#13576);
#13575 = CARTESIAN_POINT('',(-0.8,-5.75,0.95));
#13576 = VECTOR('',#13577,1.);
#13577 = DIRECTION('',(0.,0.,1.));
#13578 = PCURVE('',#13074,#13579);
#13579 = DEFINITIONAL_REPRESENTATION('',(#13580),#13584);
#13580 = LINE('',#13581,#13582);
#13581 = CARTESIAN_POINT('',(1.570796326795,0.));
#13582 = VECTOR('',#13583,1.);
#13583 = DIRECTION('',(0.,1.));
#13584 = ( GEOMETRIC_REPRESENTATION_CONTEXT(2) 
PARAMETRIC_REPRESENTATION_CONTEXT() REPRESENTATION_CONTEXT('2D SPACE',''
  ) );
#13585 = PCURVE('',#13046,#13586);
#13586 = DEFINITIONAL_REPRESENTATION('',(#13587),#13591);
#13587 = LINE('',#13588,#13589);
#13588 = CARTESIAN_POINT('',(1.,0.));
#13589 = VECTOR('',#13590,1.);
#13590 = DIRECTION('',(0.,-1.));
#13591 = ( GEOMETRIC_REPRESENTATION_CONTEXT(2) 
PARAMETRIC_REPRESENTATION_CONTEXT() REPRESENTATION_CONTEXT('2D SPACE',''
  ) );
#13592 = ORIENTED_EDGE('',*,*,#13057,.F.);
#13593 = ADVANCED_FACE('',(#13594),#13046,.T.);
#13594 = FACE_BOUND('',#13595,.T.);
#13595 = EDGE_LOOP('',(#13596,#13619,#13620,#13621));
#13596 = ORIENTED_EDGE('',*,*,#13597,.F.);
#13597 = EDGE_CURVE('',#13549,#13598,#13600,.T.);
#13598 = VERTEX_POINT('',#13599);
#13599 = CARTESIAN_POINT('',(-0.8,-9.15,0.95));
#13600 = SURFACE_CURVE('',#13601,(#13605,#13612),.PCURVE_S1.);
#13601 = LINE('',#13602,#13603);
#13602 = CARTESIAN_POINT('',(-0.8,-4.75,0.95));
#13603 = VECTOR('',#13604,1.);
#13604 = DIRECTION('',(0.,-1.,0.));
#13605 = PCURVE('',#13046,#13606);
#13606 = DEFINITIONAL_REPRESENTATION('',(#13607),#13611);
#13607 = LINE('',#13608,#13609);
#13608 = CARTESIAN_POINT('',(0.,0.));
#13609 = VECTOR('',#13610,1.);
#13610 = DIRECTION('',(1.,0.));
#13611 = ( GEOMETRIC_REPRESENTATION_CONTEXT(2) 
PARAMETRIC_REPRESENTATION_CONTEXT() REPRESENTATION_CONTEXT('2D SPACE',''
  ) );
#13612 = PCURVE('',#13362,#13613);
#13613 = DEFINITIONAL_REPRESENTATION('',(#13614),#13618);
#13614 = LINE('',#13615,#13616);
#13615 = CARTESIAN_POINT('',(-3.9,2.7));
#13616 = VECTOR('',#13617,1.);
#13617 = DIRECTION('',(0.,-1.));
#13618 = ( GEOMETRIC_REPRESENTATION_CONTEXT(2) 
PARAMETRIC_REPRESENTATION_CONTEXT() REPRESENTATION_CONTEXT('2D SPACE',''
  ) );
#13619 = ORIENTED_EDGE('',*,*,#13572,.T.);
#13620 = ORIENTED_EDGE('',*,*,#13031,.F.);
#13621 = ORIENTED_EDGE('',*,*,#13622,.F.);
#13622 = EDGE_CURVE('',#13598,#13003,#13623,.T.);
#13623 = SURFACE_CURVE('',#13624,(#13628,#13635),.PCURVE_S1.);
#13624 = LINE('',#13625,#13626);
#13625 = CARTESIAN_POINT('',(-0.8,-9.15,0.95));
#13626 = VECTOR('',#13627,1.);
#13627 = DIRECTION('',(0.,0.,1.));
#13628 = PCURVE('',#13046,#13629);
#13629 = DEFINITIONAL_REPRESENTATION('',(#13630),#13634);
#13630 = LINE('',#13631,#13632);
#13631 = CARTESIAN_POINT('',(4.4,0.));
#13632 = VECTOR('',#13633,1.);
#13633 = DIRECTION('',(0.,-1.));
#13634 = ( GEOMETRIC_REPRESENTATION_CONTEXT(2) 
PARAMETRIC_REPRESENTATION_CONTEXT() REPRESENTATION_CONTEXT('2D SPACE',''
  ) );
#13635 = PCURVE('',#13019,#13636);
#13636 = DEFINITIONAL_REPRESENTATION('',(#13637),#13641);
#13637 = LINE('',#13638,#13639);
#13638 = CARTESIAN_POINT('',(-1.570796326795,0.));
#13639 = VECTOR('',#13640,1.);
#13640 = DIRECTION('',(-0.,1.));
#13641 = ( GEOMETRIC_REPRESENTATION_CONTEXT(2) 
PARAMETRIC_REPRESENTATION_CONTEXT() REPRESENTATION_CONTEXT('2D SPACE',''
  ) );
#13642 = ADVANCED_FACE('',(#13643),#13019,.F.);
#13643 = FACE_BOUND('',#13644,.T.);
#13644 = EDGE_LOOP('',(#13645,#13668,#13694,#13695));
#13645 = ORIENTED_EDGE('',*,*,#13646,.F.);
#13646 = EDGE_CURVE('',#13647,#12977,#13649,.T.);
#13647 = VERTEX_POINT('',#13648);
#13648 = CARTESIAN_POINT('',(0.2,-10.15,0.95));
#13649 = SURFACE_CURVE('',#13650,(#13654,#13661),.PCURVE_S1.);
#13650 = LINE('',#13651,#13652);
#13651 = CARTESIAN_POINT('',(0.2,-10.15,0.95));
#13652 = VECTOR('',#13653,1.);
#13653 = DIRECTION('',(0.,0.,1.));
#13654 = PCURVE('',#13019,#13655);
#13655 = DEFINITIONAL_REPRESENTATION('',(#13656),#13660);
#13656 = LINE('',#13657,#13658);
#13657 = CARTESIAN_POINT('',(-0.,0.));
#13658 = VECTOR('',#13659,1.);
#13659 = DIRECTION('',(-0.,1.));
#13660 = ( GEOMETRIC_REPRESENTATION_CONTEXT(2) 
PARAMETRIC_REPRESENTATION_CONTEXT() REPRESENTATION_CONTEXT('2D SPACE',''
  ) );
#13661 = PCURVE('',#12991,#13662);
#13662 = DEFINITIONAL_REPRESENTATION('',(#13663),#13667);
#13663 = LINE('',#13664,#13665);
#13664 = CARTESIAN_POINT('',(1.,0.));
#13665 = VECTOR('',#13666,1.);
#13666 = DIRECTION('',(0.,-1.));
#13667 = ( GEOMETRIC_REPRESENTATION_CONTEXT(2) 
PARAMETRIC_REPRESENTATION_CONTEXT() REPRESENTATION_CONTEXT('2D SPACE',''
  ) );
#13668 = ORIENTED_EDGE('',*,*,#13669,.T.);
#13669 = EDGE_CURVE('',#13647,#13598,#13670,.T.);
#13670 = SURFACE_CURVE('',#13671,(#13676,#13683),.PCURVE_S1.);
#13671 = CIRCLE('',#13672,1.);
#13672 = AXIS2_PLACEMENT_3D('',#13673,#13674,#13675);
#13673 = CARTESIAN_POINT('',(0.2,-9.15,0.95));
#13674 = DIRECTION('',(-0.,-0.,-1.));
#13675 = DIRECTION('',(0.,-1.,0.));
#13676 = PCURVE('',#13019,#13677);
#13677 = DEFINITIONAL_REPRESENTATION('',(#13678),#13682);
#13678 = LINE('',#13679,#13680);
#13679 = CARTESIAN_POINT('',(-0.,-2.22044604925E-16));
#13680 = VECTOR('',#13681,1.);
#13681 = DIRECTION('',(-1.,0.));
#13682 = ( GEOMETRIC_REPRESENTATION_CONTEXT(2) 
PARAMETRIC_REPRESENTATION_CONTEXT() REPRESENTATION_CONTEXT('2D SPACE',''
  ) );
#13683 = PCURVE('',#13362,#13684);
#13684 = DEFINITIONAL_REPRESENTATION('',(#13685),#13693);
#13685 = ( BOUNDED_CURVE() B_SPLINE_CURVE(2,(#13686,#13687,#13688,#13689
    ,#13690,#13691,#13692),.UNSPECIFIED.,.T.,.F.) 
B_SPLINE_CURVE_WITH_KNOTS((1,2,2,2,2,1),(-2.094395102393,0.,
    2.094395102393,4.188790204786,6.28318530718,8.377580409573),
.UNSPECIFIED.) CURVE() GEOMETRIC_REPRESENTATION_ITEM() 
RATIONAL_B_SPLINE_CURVE((1.,0.5,1.,0.5,1.,0.5,1.)) REPRESENTATION_ITEM(
  '') );
#13686 = CARTESIAN_POINT('',(-2.9,-2.7));
#13687 = CARTESIAN_POINT('',(-4.632050807569,-2.7));
#13688 = CARTESIAN_POINT('',(-3.766025403784,-1.2));
#13689 = CARTESIAN_POINT('',(-2.9,0.3));
#13690 = CARTESIAN_POINT('',(-2.033974596216,-1.2));
#13691 = CARTESIAN_POINT('',(-1.167949192431,-2.7));
#13692 = CARTESIAN_POINT('',(-2.9,-2.7));
#13693 = ( GEOMETRIC_REPRESENTATION_CONTEXT(2) 
PARAMETRIC_REPRESENTATION_CONTEXT() REPRESENTATION_CONTEXT('2D SPACE',''
  ) );
#13694 = ORIENTED_EDGE('',*,*,#13622,.T.);
#13695 = ORIENTED_EDGE('',*,*,#13002,.T.);
#13696 = ADVANCED_FACE('',(#13697),#12991,.T.);
#13697 = FACE_BOUND('',#13698,.T.);
#13698 = EDGE_LOOP('',(#13699,#13720,#13721,#13722));
#13699 = ORIENTED_EDGE('',*,*,#13700,.F.);
#13700 = EDGE_CURVE('',#13647,#13323,#13701,.T.);
#13701 = SURFACE_CURVE('',#13702,(#13706,#13713),.PCURVE_S1.);
#13702 = LINE('',#13703,#13704);
#13703 = CARTESIAN_POINT('',(-0.8,-10.15,0.95));
#13704 = VECTOR('',#13705,1.);
#13705 = DIRECTION('',(1.,0.,0.));
#13706 = PCURVE('',#12991,#13707);
#13707 = DEFINITIONAL_REPRESENTATION('',(#13708),#13712);
#13708 = LINE('',#13709,#13710);
#13709 = CARTESIAN_POINT('',(0.,0.));
#13710 = VECTOR('',#13711,1.);
#13711 = DIRECTION('',(1.,0.));
#13712 = ( GEOMETRIC_REPRESENTATION_CONTEXT(2) 
PARAMETRIC_REPRESENTATION_CONTEXT() REPRESENTATION_CONTEXT('2D SPACE',''
  ) );
#13713 = PCURVE('',#13362,#13714);
#13714 = DEFINITIONAL_REPRESENTATION('',(#13715),#13719);
#13715 = LINE('',#13716,#13717);
#13716 = CARTESIAN_POINT('',(-3.9,-2.7));
#13717 = VECTOR('',#13718,1.);
#13718 = DIRECTION('',(1.,0.));
#13719 = ( GEOMETRIC_REPRESENTATION_CONTEXT(2) 
PARAMETRIC_REPRESENTATION_CONTEXT() REPRESENTATION_CONTEXT('2D SPACE',''
  ) );
#13720 = ORIENTED_EDGE('',*,*,#13646,.T.);
#13721 = ORIENTED_EDGE('',*,*,#12976,.F.);
#13722 = ORIENTED_EDGE('',*,*,#13322,.F.);
#13723 = ADVANCED_FACE('',(#13724),#13184,.T.);
#13724 = FACE_BOUND('',#13725,.F.);
#13725 = EDGE_LOOP('',(#13726,#13749,#13776,#13777));
#13726 = ORIENTED_EDGE('',*,*,#13727,.T.);
#13727 = EDGE_CURVE('',#13168,#13728,#13730,.T.);
#13728 = VERTEX_POINT('',#13729);
#13729 = CARTESIAN_POINT('',(9.1,10.55,1.4));
#13730 = SEAM_CURVE('',#13731,(#13735,#13742),.PCURVE_S1.);
#13731 = LINE('',#13732,#13733);
#13732 = CARTESIAN_POINT('',(9.1,10.55,1.));
#13733 = VECTOR('',#13734,1.);
#13734 = DIRECTION('',(0.,0.,1.));
#13735 = PCURVE('',#13184,#13736);
#13736 = DEFINITIONAL_REPRESENTATION('',(#13737),#13741);
#13737 = LINE('',#13738,#13739);
#13738 = CARTESIAN_POINT('',(-0.,0.));
#13739 = VECTOR('',#13740,1.);
#13740 = DIRECTION('',(-0.,-1.));
#13741 = ( GEOMETRIC_REPRESENTATION_CONTEXT(2) 
PARAMETRIC_REPRESENTATION_CONTEXT() REPRESENTATION_CONTEXT('2D SPACE',''
  ) );
#13742 = PCURVE('',#13184,#13743);
#13743 = DEFINITIONAL_REPRESENTATION('',(#13744),#13748);
#13744 = LINE('',#13745,#13746);
#13745 = CARTESIAN_POINT('',(-6.28318530718,0.));
#13746 = VECTOR('',#13747,1.);
#13747 = DIRECTION('',(-0.,-1.));
#13748 = ( GEOMETRIC_REPRESENTATION_CONTEXT(2) 
PARAMETRIC_REPRESENTATION_CONTEXT() REPRESENTATION_CONTEXT('2D SPACE',''
  ) );
#13749 = ORIENTED_EDGE('',*,*,#13750,.T.);
#13750 = EDGE_CURVE('',#13728,#13728,#13751,.T.);
#13751 = SURFACE_CURVE('',#13752,(#13757,#13764),.PCURVE_S1.);
#13752 = CIRCLE('',#13753,1.5);
#13753 = AXIS2_PLACEMENT_3D('',#13754,#13755,#13756);
#13754 = CARTESIAN_POINT('',(7.6,10.55,1.4));
#13755 = DIRECTION('',(0.,0.,1.));
#13756 = DIRECTION('',(1.,0.,0.));
#13757 = PCURVE('',#13184,#13758);
#13758 = DEFINITIONAL_REPRESENTATION('',(#13759),#13763);
#13759 = LINE('',#13760,#13761);
#13760 = CARTESIAN_POINT('',(-0.,-0.4));
#13761 = VECTOR('',#13762,1.);
#13762 = DIRECTION('',(-1.,0.));
#13763 = ( GEOMETRIC_REPRESENTATION_CONTEXT(2) 
PARAMETRIC_REPRESENTATION_CONTEXT() REPRESENTATION_CONTEXT('2D SPACE',''
  ) );
#13764 = PCURVE('',#13765,#13770);
#13765 = PLANE('',#13766);
#13766 = AXIS2_PLACEMENT_3D('',#13767,#13768,#13769);
#13767 = CARTESIAN_POINT('',(7.6,10.55,1.4));
#13768 = DIRECTION('',(0.,0.,1.));
#13769 = DIRECTION('',(1.,0.,-0.));
#13770 = DEFINITIONAL_REPRESENTATION('',(#13771),#13775);
#13771 = CIRCLE('',#13772,1.5);
#13772 = AXIS2_PLACEMENT_2D('',#13773,#13774);
#13773 = CARTESIAN_POINT('',(-8.881784197001E-16,-1.7763568394E-15));
#13774 = DIRECTION('',(1.,0.));
#13775 = ( GEOMETRIC_REPRESENTATION_CONTEXT(2) 
PARAMETRIC_REPRESENTATION_CONTEXT() REPRESENTATION_CONTEXT('2D SPACE',''
  ) );
#13776 = ORIENTED_EDGE('',*,*,#13727,.F.);
#13777 = ORIENTED_EDGE('',*,*,#13167,.F.);
#13778 = ADVANCED_FACE('',(#13779),#13305,.T.);
#13779 = FACE_BOUND('',#13780,.T.);
#13780 = EDGE_LOOP('',(#13781));
#13781 = ORIENTED_EDGE('',*,*,#13290,.T.);
#13782 = ADVANCED_FACE('',(#13783),#13362,.T.);
#13783 = FACE_BOUND('',#13784,.T.);
#13784 = EDGE_LOOP('',(#13785,#13786,#13787,#13788,#13789,#13790,#13791,
    #13792));
#13785 = ORIENTED_EDGE('',*,*,#13700,.T.);
#13786 = ORIENTED_EDGE('',*,*,#13345,.T.);
#13787 = ORIENTED_EDGE('',*,*,#13399,.T.);
#13788 = ORIENTED_EDGE('',*,*,#13449,.T.);
#13789 = ORIENTED_EDGE('',*,*,#13498,.T.);
#13790 = ORIENTED_EDGE('',*,*,#13548,.T.);
#13791 = ORIENTED_EDGE('',*,*,#13597,.T.);
#13792 = ORIENTED_EDGE('',*,*,#13669,.F.);
#13793 = ADVANCED_FACE('',(#13794),#13765,.T.);
#13794 = FACE_BOUND('',#13795,.T.);
#13795 = EDGE_LOOP('',(#13796));
#13796 = ORIENTED_EDGE('',*,*,#13750,.T.);
#13797 = ( GEOMETRIC_REPRESENTATION_CONTEXT(3) 
GLOBAL_UNCERTAINTY_ASSIGNED_CONTEXT((#13801)) 
GLOBAL_UNIT_ASSIGNED_CONTEXT((#13798,#13799,#13800)) 
REPRESENTATION_CONTEXT('Context #1',
  '3D Context with UNIT and UNCERTAINTY') );
#13798 = ( LENGTH_UNIT() NAMED_UNIT(*) SI_UNIT(.MILLI.,.METRE.) );
#13799 = ( NAMED_UNIT(*) PLANE_ANGLE_UNIT() SI_UNIT($,.RADIAN.) );
#13800 = ( NAMED_UNIT(*) SI_UNIT($,.STERADIAN.) SOLID_ANGLE_UNIT() );
#13801 = UNCERTAINTY_MEASURE_WITH_UNIT(LENGTH_MEASURE(5.E-06),#13798,
  'distance_accuracy_value','confusion accuracy');
#13802 = PRODUCT_RELATED_PRODUCT_CATEGORY('part',$,(#7));
ENDSEC;
END-ISO-10303-21;
