ISO-10303-21;
HEADER;
FILE_DESCRIPTION(('Open CASCADE Model'),'2;1');
FILE_NAME('Open CASCADE Shape Model','2026-07-04T01:25:14',('Author'),(
    'Open CASCADE'),'Open CASCADE STEP processor 7.9','Open CASCADE 7.9'
  ,'Unknown');
FILE_SCHEMA(('AUTOMOTIVE_DESIGN { 1 0 10303 214 1 1 1 1 }'));
ENDSEC;
DATA;
#1 = APPLICATION_PROTOCOL_DEFINITION('international standard',
  'automotive_design',2000,#2);
#2 = APPLICATION_CONTEXT(
  'core data for automotive mechanical design processes');
#3 = SHAPE_DEFINITION_REPRESENTATION(#4,#10);
#4 = PRODUCT_DEFINITION_SHAPE('','',#5);
#5 = PRODUCT_DEFINITION('design','',#6,#9);
#6 = PRODUCT_DEFINITION_FORMATION('','',#7);
#7 = PRODUCT('Open CASCADE STEP translator 7.9 2',
  'Open CASCADE STEP translator 7.9 2','',(#8));
#8 = PRODUCT_CONTEXT('',#2,'mechanical');
#9 = PRODUCT_DEFINITION_CONTEXT('part definition',#2,'design');
#10 = ADVANCED_BREP_SHAPE_REPRESENTATION('',(#11,#15),#12413);
#11 = AXIS2_PLACEMENT_3D('',#12,#13,#14);
#12 = CARTESIAN_POINT('',(0.,0.,0.));
#13 = DIRECTION('',(0.,0.,1.));
#14 = DIRECTION('',(1.,0.,-0.));
#15 = MANIFOLD_SOLID_BREP('',#16);
#16 = CLOSED_SHELL('',(#17,#133,#219,#296,#377,#453,#537,#585,#640,#1042
    ,#1067,#1144,#1199,#1273,#1354,#1379,#1433,#1481,#1547,#1554,#1599,
    #1606,#1691,#1749,#1807,#1866,#1925,#1983,#2041,#2074,#2698,#2723,
    #2777,#2825,#2857,#2907,#2932,#3017,#3075,#3133,#3192,#3251,#3309,
    #3367,#3400,#3425,#3450,#3498,#3525,#3601,#3654,#3708,#3762,#3814,
    #3869,#3923,#3976,#4030,#4084,#4136,#4191,#4245,#4300,#4354,#4387,
    #4414,#4421,#4546,#4598,#4645,#4754,#4859,#4906,#4953,#5042,#5114,
    #5172,#5221,#5270,#5323,#5371,#5418,#5472,#5521,#5570,#5623,#5675,
    #5722,#5774,#5821,#5853,#5926,#5975,#6024,#6944,#6991,#7038,#7066,
    #7134,#7161,#7188,#7235,#7282,#7310,#7819,#7826,#7833,#7840,#7847,
    #7906,#7965,#8024,#8155,#8207,#8259,#8283,#8334,#8386,#8468,#8492,
    #8550,#8602,#8661,#8772,#8830,#8882,#8941,#8992,#9050,#9106,#9165,
    #9218,#9271,#9324,#9408,#9467,#9526,#9584,#9638,#9697,#9751,#9809,
    #9863,#9922,#9976,#10008,#10061,#10091,#10121,#10151,#10158,#10232,
    #10281,#10330,#10378,#10425,#10474,#10526,#10533,#10580,#10627,
    #10679,#10726,#10754,#10784,#10811,#10838,#10865,#10936,#10988,
    #11036,#11082,#11131,#11179,#11228,#11274,#11322,#11370,#11419,
    #11446,#11473,#11807,#11852,#11879,#11934,#12011,#12060,#12110,
    #12159,#12209,#12258,#12312,#12339,#12394,#12398,#12409));
#17 = ADVANCED_FACE('',(#18),#32,.F.);
#18 = FACE_BOUND('',#19,.F.);
#19 = EDGE_LOOP('',(#20,#53,#81,#107));
#20 = ORIENTED_EDGE('',*,*,#21,.F.);
#21 = EDGE_CURVE('',#22,#24,#26,.T.);
#22 = VERTEX_POINT('',#23);
#23 = CARTESIAN_POINT('',(-22.4,-45.37071067811,3.329289321881));
#24 = VERTEX_POINT('',#25);
#25 = CARTESIAN_POINT('',(-22.4,-45.4,3.3));
#26 = SURFACE_CURVE('',#27,(#31,#42),.PCURVE_S1.);
#27 = LINE('',#28,#29);
#28 = CARTESIAN_POINT('',(-22.4,-45.4,3.3));
#29 = VECTOR('',#30,1.);
#30 = DIRECTION('',(-4.329780281177E-17,-0.707106781187,-0.707106781187)
  );
#31 = PCURVE('',#32,#37);
#32 = PLANE('',#33);
#33 = AXIS2_PLACEMENT_3D('',#34,#35,#36);
#34 = CARTESIAN_POINT('',(-22.4,-45.35,3.35));
#35 = DIRECTION('',(-8.674484698258E-19,0.707106781187,-0.707106781187)
  );
#36 = DIRECTION('',(1.,6.133786953437E-19,-6.133786953437E-19));
#37 = DEFINITIONAL_REPRESENTATION('',(#38),#41);
#38 = B_SPLINE_CURVE_WITH_KNOTS('',1,(#39,#40),.UNSPECIFIED.,.F.,.F.,(2,
    2),(-0.141421356237,0.),.PIECEWISE_BEZIER_KNOTS.);
#39 = CARTESIAN_POINT('',(0.,-7.071067811866E-02));
#40 = CARTESIAN_POINT('',(0.,7.071067811865E-02));
#41 = ( GEOMETRIC_REPRESENTATION_CONTEXT(2) 
PARAMETRIC_REPRESENTATION_CONTEXT() REPRESENTATION_CONTEXT('2D SPACE',''
  ) );
#42 = PCURVE('',#43,#48);
#43 = CONICAL_SURFACE('',#44,3.95,0.785398163397);
#44 = AXIS2_PLACEMENT_3D('',#45,#46,#47);
#45 = CARTESIAN_POINT('',(-22.4,-41.45,3.3));
#46 = DIRECTION('',(-0.,-0.,-1.));
#47 = DIRECTION('',(-1.,0.,0.));
#48 = DEFINITIONAL_REPRESENTATION('',(#49),#52);
#49 = B_SPLINE_CURVE_WITH_KNOTS('',1,(#50,#51),.UNSPECIFIED.,.F.,.F.,(2,
    2),(-0.141421356237,0.),.PIECEWISE_BEZIER_KNOTS.);
#50 = CARTESIAN_POINT('',(-1.570796326795,-1.E-01));
#51 = CARTESIAN_POINT('',(-1.570796326795,0.));
#52 = ( GEOMETRIC_REPRESENTATION_CONTEXT(2) 
PARAMETRIC_REPRESENTATION_CONTEXT() REPRESENTATION_CONTEXT('2D SPACE',''
  ) );
#53 = ORIENTED_EDGE('',*,*,#54,.T.);
#54 = EDGE_CURVE('',#22,#55,#57,.T.);
#55 = VERTEX_POINT('',#56);
#56 = CARTESIAN_POINT('',(22.4,-45.37071067811,3.329289321881));
#57 = SURFACE_CURVE('',#58,(#62,#69),.PCURVE_S1.);
#58 = LINE('',#59,#60);
#59 = CARTESIAN_POINT('',(-22.4,-45.37071067811,3.329289321881));
#60 = VECTOR('',#61,1.);
#61 = DIRECTION('',(1.,0.,0.));
#62 = PCURVE('',#32,#63);
#63 = DEFINITIONAL_REPRESENTATION('',(#64),#68);
#64 = LINE('',#65,#66);
#65 = CARTESIAN_POINT('',(0.,2.928932188135E-02));
#66 = VECTOR('',#67,1.);
#67 = DIRECTION('',(1.,0.));
#68 = ( GEOMETRIC_REPRESENTATION_CONTEXT(2) 
PARAMETRIC_REPRESENTATION_CONTEXT() REPRESENTATION_CONTEXT('2D SPACE',''
  ) );
#69 = PCURVE('',#70,#75);
#70 = PLANE('',#71);
#71 = AXIS2_PLACEMENT_3D('',#72,#73,#74);
#72 = CARTESIAN_POINT('',(-22.4,-45.28535533905,3.364644660941));
#73 = DIRECTION('',(0.,0.382683432365,-0.923879532511));
#74 = DIRECTION('',(-1.,-0.,-0.));
#75 = DEFINITIONAL_REPRESENTATION('',(#76),#80);
#76 = LINE('',#77,#78);
#77 = CARTESIAN_POINT('',(-0.,-9.238795325113E-02));
#78 = VECTOR('',#79,1.);
#79 = DIRECTION('',(-1.,0.));
#80 = ( GEOMETRIC_REPRESENTATION_CONTEXT(2) 
PARAMETRIC_REPRESENTATION_CONTEXT() REPRESENTATION_CONTEXT('2D SPACE',''
  ) );
#81 = ORIENTED_EDGE('',*,*,#82,.T.);
#82 = EDGE_CURVE('',#55,#83,#85,.T.);
#83 = VERTEX_POINT('',#84);
#84 = CARTESIAN_POINT('',(22.4,-45.4,3.3));
#85 = SURFACE_CURVE('',#86,(#90,#96),.PCURVE_S1.);
#86 = LINE('',#87,#88);
#87 = CARTESIAN_POINT('',(22.4,-45.35,3.35));
#88 = VECTOR('',#89,1.);
#89 = DIRECTION('',(0.,-0.707106781187,-0.707106781187));
#90 = PCURVE('',#32,#91);
#91 = DEFINITIONAL_REPRESENTATION('',(#92),#95);
#92 = B_SPLINE_CURVE_WITH_KNOTS('',1,(#93,#94),.UNSPECIFIED.,.F.,.F.,(2,
    2),(-7.071067811866E-02,7.071067811865E-02),
  .PIECEWISE_BEZIER_KNOTS.);
#93 = CARTESIAN_POINT('',(44.8,-7.071067811866E-02));
#94 = CARTESIAN_POINT('',(44.8,7.071067811865E-02));
#95 = ( GEOMETRIC_REPRESENTATION_CONTEXT(2) 
PARAMETRIC_REPRESENTATION_CONTEXT() REPRESENTATION_CONTEXT('2D SPACE',''
  ) );
#96 = PCURVE('',#97,#102);
#97 = CONICAL_SURFACE('',#98,3.95,0.785398163397);
#98 = AXIS2_PLACEMENT_3D('',#99,#100,#101);
#99 = CARTESIAN_POINT('',(22.4,-41.45,3.3));
#100 = DIRECTION('',(-0.,-0.,-1.));
#101 = DIRECTION('',(0.,-1.,0.));
#102 = DEFINITIONAL_REPRESENTATION('',(#103),#106);
#103 = B_SPLINE_CURVE_WITH_KNOTS('',1,(#104,#105),.UNSPECIFIED.,.F.,.F.,
  (2,2),(-7.071067811866E-02,7.071067811865E-02),
  .PIECEWISE_BEZIER_KNOTS.);
#104 = CARTESIAN_POINT('',(0.,-1.E-01));
#105 = CARTESIAN_POINT('',(0.,2.296260220825E-15));
#106 = ( GEOMETRIC_REPRESENTATION_CONTEXT(2) 
PARAMETRIC_REPRESENTATION_CONTEXT() REPRESENTATION_CONTEXT('2D SPACE',''
  ) );
#107 = ORIENTED_EDGE('',*,*,#108,.F.);
#108 = EDGE_CURVE('',#24,#83,#109,.T.);
#109 = SURFACE_CURVE('',#110,(#114,#121),.PCURVE_S1.);
#110 = LINE('',#111,#112);
#111 = CARTESIAN_POINT('',(-22.4,-45.4,3.3));
#112 = VECTOR('',#113,1.);
#113 = DIRECTION('',(1.,0.,0.));
#114 = PCURVE('',#32,#115);
#115 = DEFINITIONAL_REPRESENTATION('',(#116),#120);
#116 = LINE('',#117,#118);
#117 = CARTESIAN_POINT('',(0.,7.071067811865E-02));
#118 = VECTOR('',#119,1.);
#119 = DIRECTION('',(1.,0.));
#120 = ( GEOMETRIC_REPRESENTATION_CONTEXT(2) 
PARAMETRIC_REPRESENTATION_CONTEXT() REPRESENTATION_CONTEXT('2D SPACE',''
  ) );
#121 = PCURVE('',#122,#127);
#122 = PLANE('',#123);
#123 = AXIS2_PLACEMENT_3D('',#124,#125,#126);
#124 = CARTESIAN_POINT('',(-26.35,-45.4,0.));
#125 = DIRECTION('',(0.,1.,0.));
#126 = DIRECTION('',(1.,0.,0.));
#127 = DEFINITIONAL_REPRESENTATION('',(#128),#132);
#128 = LINE('',#129,#130);
#129 = CARTESIAN_POINT('',(3.95,-3.3));
#130 = VECTOR('',#131,1.);
#131 = DIRECTION('',(1.,0.));
#132 = ( GEOMETRIC_REPRESENTATION_CONTEXT(2) 
PARAMETRIC_REPRESENTATION_CONTEXT() REPRESENTATION_CONTEXT('2D SPACE',''
  ) );
#133 = ADVANCED_FACE('',(#134),#43,.T.);
#134 = FACE_BOUND('',#135,.F.);
#135 = EDGE_LOOP('',(#136,#164,#191,#192));
#136 = ORIENTED_EDGE('',*,*,#137,.F.);
#137 = EDGE_CURVE('',#138,#140,#142,.T.);
#138 = VERTEX_POINT('',#139);
#139 = CARTESIAN_POINT('',(-26.32071067811,-41.45,3.329289321881));
#140 = VERTEX_POINT('',#141);
#141 = CARTESIAN_POINT('',(-26.35,-41.45,3.3));
#142 = SURFACE_CURVE('',#143,(#147,#153),.PCURVE_S1.);
#143 = LINE('',#144,#145);
#144 = CARTESIAN_POINT('',(-26.3,-41.45,3.35));
#145 = VECTOR('',#146,1.);
#146 = DIRECTION('',(-0.707106781187,0.,-0.707106781187));
#147 = PCURVE('',#43,#148);
#148 = DEFINITIONAL_REPRESENTATION('',(#149),#152);
#149 = B_SPLINE_CURVE_WITH_KNOTS('',1,(#150,#151),.UNSPECIFIED.,.F.,.F.,
  (2,2),(-7.071067811866E-02,7.071067811865E-02),
  .PIECEWISE_BEZIER_KNOTS.);
#150 = CARTESIAN_POINT('',(0.,-1.E-01));
#151 = CARTESIAN_POINT('',(0.,-2.15887713069E-16));
#152 = ( GEOMETRIC_REPRESENTATION_CONTEXT(2) 
PARAMETRIC_REPRESENTATION_CONTEXT() REPRESENTATION_CONTEXT('2D SPACE',''
  ) );
#153 = PCURVE('',#154,#159);
#154 = PLANE('',#155);
#155 = AXIS2_PLACEMENT_3D('',#156,#157,#158);
#156 = CARTESIAN_POINT('',(-26.3,41.45,3.35));
#157 = DIRECTION('',(0.707106781187,8.674484698258E-19,-0.707106781187)
  );
#158 = DIRECTION('',(6.133786953437E-19,-1.,-6.133786953437E-19));
#159 = DEFINITIONAL_REPRESENTATION('',(#160),#163);
#160 = B_SPLINE_CURVE_WITH_KNOTS('',1,(#161,#162),.UNSPECIFIED.,.F.,.F.,
  (2,2),(-7.071067811866E-02,7.071067811865E-02),
  .PIECEWISE_BEZIER_KNOTS.);
#161 = CARTESIAN_POINT('',(82.9,-7.071067811866E-02));
#162 = CARTESIAN_POINT('',(82.9,7.071067811865E-02));
#163 = ( GEOMETRIC_REPRESENTATION_CONTEXT(2) 
PARAMETRIC_REPRESENTATION_CONTEXT() REPRESENTATION_CONTEXT('2D SPACE',''
  ) );
#164 = ORIENTED_EDGE('',*,*,#165,.T.);
#165 = EDGE_CURVE('',#138,#22,#166,.T.);
#166 = SURFACE_CURVE('',#167,(#172,#179),.PCURVE_S1.);
#167 = CIRCLE('',#168,3.920710678119);
#168 = AXIS2_PLACEMENT_3D('',#169,#170,#171);
#169 = CARTESIAN_POINT('',(-22.4,-41.45,3.329289321881));
#170 = DIRECTION('',(0.,0.,1.));
#171 = DIRECTION('',(-1.,0.,0.));
#172 = PCURVE('',#43,#173);
#173 = DEFINITIONAL_REPRESENTATION('',(#174),#178);
#174 = LINE('',#175,#176);
#175 = CARTESIAN_POINT('',(-0.,-2.928932188134E-02));
#176 = VECTOR('',#177,1.);
#177 = DIRECTION('',(-1.,0.));
#178 = ( GEOMETRIC_REPRESENTATION_CONTEXT(2) 
PARAMETRIC_REPRESENTATION_CONTEXT() REPRESENTATION_CONTEXT('2D SPACE',''
  ) );
#179 = PCURVE('',#180,#185);
#180 = CONICAL_SURFACE('',#181,3.75,1.178097245096);
#181 = AXIS2_PLACEMENT_3D('',#182,#183,#184);
#182 = CARTESIAN_POINT('',(-22.4,-41.45,3.4));
#183 = DIRECTION('',(-0.,-0.,-1.));
#184 = DIRECTION('',(-1.,0.,0.));
#185 = DEFINITIONAL_REPRESENTATION('',(#186),#190);
#186 = LINE('',#187,#188);
#187 = CARTESIAN_POINT('',(0.,7.071067811865E-02));
#188 = VECTOR('',#189,1.);
#189 = DIRECTION('',(-1.,-0.));
#190 = ( GEOMETRIC_REPRESENTATION_CONTEXT(2) 
PARAMETRIC_REPRESENTATION_CONTEXT() REPRESENTATION_CONTEXT('2D SPACE',''
  ) );
#191 = ORIENTED_EDGE('',*,*,#21,.T.);
#192 = ORIENTED_EDGE('',*,*,#193,.F.);
#193 = EDGE_CURVE('',#140,#24,#194,.T.);
#194 = SURFACE_CURVE('',#195,(#200,#207),.PCURVE_S1.);
#195 = CIRCLE('',#196,3.95);
#196 = AXIS2_PLACEMENT_3D('',#197,#198,#199);
#197 = CARTESIAN_POINT('',(-22.4,-41.45,3.3));
#198 = DIRECTION('',(0.,0.,1.));
#199 = DIRECTION('',(-1.,0.,0.));
#200 = PCURVE('',#43,#201);
#201 = DEFINITIONAL_REPRESENTATION('',(#202),#206);
#202 = LINE('',#203,#204);
#203 = CARTESIAN_POINT('',(-0.,0.));
#204 = VECTOR('',#205,1.);
#205 = DIRECTION('',(-1.,0.));
#206 = ( GEOMETRIC_REPRESENTATION_CONTEXT(2) 
PARAMETRIC_REPRESENTATION_CONTEXT() REPRESENTATION_CONTEXT('2D SPACE',''
  ) );
#207 = PCURVE('',#208,#213);
#208 = CYLINDRICAL_SURFACE('',#209,3.95);
#209 = AXIS2_PLACEMENT_3D('',#210,#211,#212);
#210 = CARTESIAN_POINT('',(-22.4,-41.45,0.));
#211 = DIRECTION('',(0.,0.,1.));
#212 = DIRECTION('',(0.,-1.,0.));
#213 = DEFINITIONAL_REPRESENTATION('',(#214),#218);
#214 = LINE('',#215,#216);
#215 = CARTESIAN_POINT('',(-1.570796326795,3.3));
#216 = VECTOR('',#217,1.);
#217 = DIRECTION('',(1.,-0.));
#218 = ( GEOMETRIC_REPRESENTATION_CONTEXT(2) 
PARAMETRIC_REPRESENTATION_CONTEXT() REPRESENTATION_CONTEXT('2D SPACE',''
  ) );
#219 = ADVANCED_FACE('',(#220),#70,.F.);
#220 = FACE_BOUND('',#221,.T.);
#221 = EDGE_LOOP('',(#222,#243,#244,#270));
#222 = ORIENTED_EDGE('',*,*,#223,.F.);
#223 = EDGE_CURVE('',#22,#224,#226,.T.);
#224 = VERTEX_POINT('',#225);
#225 = CARTESIAN_POINT('',(-22.4,-45.2,3.4));
#226 = SURFACE_CURVE('',#227,(#231,#237),.PCURVE_S1.);
#227 = LINE('',#228,#229);
#228 = CARTESIAN_POINT('',(-22.4,-45.2,3.4));
#229 = VECTOR('',#230,1.);
#230 = DIRECTION('',(5.657130561439E-17,0.923879532511,0.382683432365));
#231 = PCURVE('',#70,#232);
#232 = DEFINITIONAL_REPRESENTATION('',(#233),#236);
#233 = B_SPLINE_CURVE_WITH_KNOTS('',1,(#234,#235),.UNSPECIFIED.,.F.,.F.,
  (2,2),(-0.184775906502,0.),.PIECEWISE_BEZIER_KNOTS.);
#234 = CARTESIAN_POINT('',(0.,-9.238795325113E-02));
#235 = CARTESIAN_POINT('',(0.,9.238795325112E-02));
#236 = ( GEOMETRIC_REPRESENTATION_CONTEXT(2) 
PARAMETRIC_REPRESENTATION_CONTEXT() REPRESENTATION_CONTEXT('2D SPACE',''
  ) );
#237 = PCURVE('',#180,#238);
#238 = DEFINITIONAL_REPRESENTATION('',(#239),#242);
#239 = B_SPLINE_CURVE_WITH_KNOTS('',1,(#240,#241),.UNSPECIFIED.,.F.,.F.,
  (2,2),(-0.184775906502,0.),.PIECEWISE_BEZIER_KNOTS.);
#240 = CARTESIAN_POINT('',(-1.570796326795,7.071067811865E-02));
#241 = CARTESIAN_POINT('',(-1.570796326795,0.));
#242 = ( GEOMETRIC_REPRESENTATION_CONTEXT(2) 
PARAMETRIC_REPRESENTATION_CONTEXT() REPRESENTATION_CONTEXT('2D SPACE',''
  ) );
#243 = ORIENTED_EDGE('',*,*,#54,.T.);
#244 = ORIENTED_EDGE('',*,*,#245,.T.);
#245 = EDGE_CURVE('',#55,#246,#248,.T.);
#246 = VERTEX_POINT('',#247);
#247 = CARTESIAN_POINT('',(22.4,-45.2,3.4));
#248 = SURFACE_CURVE('',#249,(#253,#259),.PCURVE_S1.);
#249 = LINE('',#250,#251);
#250 = CARTESIAN_POINT('',(22.4,-45.28535533905,3.364644660941));
#251 = VECTOR('',#252,1.);
#252 = DIRECTION('',(-0.,0.923879532511,0.382683432365));
#253 = PCURVE('',#70,#254);
#254 = DEFINITIONAL_REPRESENTATION('',(#255),#258);
#255 = B_SPLINE_CURVE_WITH_KNOTS('',1,(#256,#257),.UNSPECIFIED.,.F.,.F.,
  (2,2),(-9.238795325113E-02,9.238795325113E-02),
  .PIECEWISE_BEZIER_KNOTS.);
#256 = CARTESIAN_POINT('',(-44.8,-9.238795325113E-02));
#257 = CARTESIAN_POINT('',(-44.8,9.238795325113E-02));
#258 = ( GEOMETRIC_REPRESENTATION_CONTEXT(2) 
PARAMETRIC_REPRESENTATION_CONTEXT() REPRESENTATION_CONTEXT('2D SPACE',''
  ) );
#259 = PCURVE('',#260,#265);
#260 = CONICAL_SURFACE('',#261,3.75,1.178097245096);
#261 = AXIS2_PLACEMENT_3D('',#262,#263,#264);
#262 = CARTESIAN_POINT('',(22.4,-41.45,3.4));
#263 = DIRECTION('',(-0.,-0.,-1.));
#264 = DIRECTION('',(0.,-1.,0.));
#265 = DEFINITIONAL_REPRESENTATION('',(#266),#269);
#266 = B_SPLINE_CURVE_WITH_KNOTS('',1,(#267,#268),.UNSPECIFIED.,.F.,.F.,
  (2,2),(-9.238795325113E-02,9.238795325113E-02),
  .PIECEWISE_BEZIER_KNOTS.);
#267 = CARTESIAN_POINT('',(0.,7.071067811865E-02));
#268 = CARTESIAN_POINT('',(0.,-9.240791081156E-16));
#269 = ( GEOMETRIC_REPRESENTATION_CONTEXT(2) 
PARAMETRIC_REPRESENTATION_CONTEXT() REPRESENTATION_CONTEXT('2D SPACE',''
  ) );
#270 = ORIENTED_EDGE('',*,*,#271,.F.);
#271 = EDGE_CURVE('',#224,#246,#272,.T.);
#272 = SURFACE_CURVE('',#273,(#277,#284),.PCURVE_S1.);
#273 = LINE('',#274,#275);
#274 = CARTESIAN_POINT('',(-22.4,-45.2,3.4));
#275 = VECTOR('',#276,1.);
#276 = DIRECTION('',(1.,0.,0.));
#277 = PCURVE('',#70,#278);
#278 = DEFINITIONAL_REPRESENTATION('',(#279),#283);
#279 = LINE('',#280,#281);
#280 = CARTESIAN_POINT('',(-0.,9.238795325113E-02));
#281 = VECTOR('',#282,1.);
#282 = DIRECTION('',(-1.,0.));
#283 = ( GEOMETRIC_REPRESENTATION_CONTEXT(2) 
PARAMETRIC_REPRESENTATION_CONTEXT() REPRESENTATION_CONTEXT('2D SPACE',''
  ) );
#284 = PCURVE('',#285,#290);
#285 = PLANE('',#286);
#286 = AXIS2_PLACEMENT_3D('',#287,#288,#289);
#287 = CARTESIAN_POINT('',(0.,1.584485543158E-15,3.4));
#288 = DIRECTION('',(0.,0.,1.));
#289 = DIRECTION('',(1.,0.,-0.));
#290 = DEFINITIONAL_REPRESENTATION('',(#291),#295);
#291 = LINE('',#292,#293);
#292 = CARTESIAN_POINT('',(-22.4,-45.2));
#293 = VECTOR('',#294,1.);
#294 = DIRECTION('',(1.,0.));
#295 = ( GEOMETRIC_REPRESENTATION_CONTEXT(2) 
PARAMETRIC_REPRESENTATION_CONTEXT() REPRESENTATION_CONTEXT('2D SPACE',''
  ) );
#296 = ADVANCED_FACE('',(#297),#122,.F.);
#297 = FACE_BOUND('',#298,.F.);
#298 = EDGE_LOOP('',(#299,#322,#323,#351));
#299 = ORIENTED_EDGE('',*,*,#300,.T.);
#300 = EDGE_CURVE('',#301,#24,#303,.T.);
#301 = VERTEX_POINT('',#302);
#302 = CARTESIAN_POINT('',(-22.4,-45.4,1.E-01));
#303 = SURFACE_CURVE('',#304,(#308,#315),.PCURVE_S1.);
#304 = LINE('',#305,#306);
#305 = CARTESIAN_POINT('',(-22.4,-45.4,0.));
#306 = VECTOR('',#307,1.);
#307 = DIRECTION('',(0.,0.,1.));
#308 = PCURVE('',#122,#309);
#309 = DEFINITIONAL_REPRESENTATION('',(#310),#314);
#310 = LINE('',#311,#312);
#311 = CARTESIAN_POINT('',(3.95,0.));
#312 = VECTOR('',#313,1.);
#313 = DIRECTION('',(0.,-1.));
#314 = ( GEOMETRIC_REPRESENTATION_CONTEXT(2) 
PARAMETRIC_REPRESENTATION_CONTEXT() REPRESENTATION_CONTEXT('2D SPACE',''
  ) );
#315 = PCURVE('',#208,#316);
#316 = DEFINITIONAL_REPRESENTATION('',(#317),#321);
#317 = LINE('',#318,#319);
#318 = CARTESIAN_POINT('',(-0.,0.));
#319 = VECTOR('',#320,1.);
#320 = DIRECTION('',(-0.,1.));
#321 = ( GEOMETRIC_REPRESENTATION_CONTEXT(2) 
PARAMETRIC_REPRESENTATION_CONTEXT() REPRESENTATION_CONTEXT('2D SPACE',''
  ) );
#322 = ORIENTED_EDGE('',*,*,#108,.T.);
#323 = ORIENTED_EDGE('',*,*,#324,.F.);
#324 = EDGE_CURVE('',#325,#83,#327,.T.);
#325 = VERTEX_POINT('',#326);
#326 = CARTESIAN_POINT('',(22.4,-45.4,1.E-01));
#327 = SURFACE_CURVE('',#328,(#332,#339),.PCURVE_S1.);
#328 = LINE('',#329,#330);
#329 = CARTESIAN_POINT('',(22.4,-45.4,0.));
#330 = VECTOR('',#331,1.);
#331 = DIRECTION('',(0.,0.,1.));
#332 = PCURVE('',#122,#333);
#333 = DEFINITIONAL_REPRESENTATION('',(#334),#338);
#334 = LINE('',#335,#336);
#335 = CARTESIAN_POINT('',(48.75,0.));
#336 = VECTOR('',#337,1.);
#337 = DIRECTION('',(0.,-1.));
#338 = ( GEOMETRIC_REPRESENTATION_CONTEXT(2) 
PARAMETRIC_REPRESENTATION_CONTEXT() REPRESENTATION_CONTEXT('2D SPACE',''
  ) );
#339 = PCURVE('',#340,#345);
#340 = CYLINDRICAL_SURFACE('',#341,3.95);
#341 = AXIS2_PLACEMENT_3D('',#342,#343,#344);
#342 = CARTESIAN_POINT('',(22.4,-41.45,0.));
#343 = DIRECTION('',(0.,0.,1.));
#344 = DIRECTION('',(0.,-1.,0.));
#345 = DEFINITIONAL_REPRESENTATION('',(#346),#350);
#346 = LINE('',#347,#348);
#347 = CARTESIAN_POINT('',(0.,0.));
#348 = VECTOR('',#349,1.);
#349 = DIRECTION('',(0.,1.));
#350 = ( GEOMETRIC_REPRESENTATION_CONTEXT(2) 
PARAMETRIC_REPRESENTATION_CONTEXT() REPRESENTATION_CONTEXT('2D SPACE',''
  ) );
#351 = ORIENTED_EDGE('',*,*,#352,.F.);
#352 = EDGE_CURVE('',#301,#325,#353,.T.);
#353 = SURFACE_CURVE('',#354,(#358,#365),.PCURVE_S1.);
#354 = LINE('',#355,#356);
#355 = CARTESIAN_POINT('',(-22.4,-45.4,0.1));
#356 = VECTOR('',#357,1.);
#357 = DIRECTION('',(1.,0.,0.));
#358 = PCURVE('',#122,#359);
#359 = DEFINITIONAL_REPRESENTATION('',(#360),#364);
#360 = LINE('',#361,#362);
#361 = CARTESIAN_POINT('',(3.95,-0.1));
#362 = VECTOR('',#363,1.);
#363 = DIRECTION('',(1.,0.));
#364 = ( GEOMETRIC_REPRESENTATION_CONTEXT(2) 
PARAMETRIC_REPRESENTATION_CONTEXT() REPRESENTATION_CONTEXT('2D SPACE',''
  ) );
#365 = PCURVE('',#366,#371);
#366 = PLANE('',#367);
#367 = AXIS2_PLACEMENT_3D('',#368,#369,#370);
#368 = CARTESIAN_POINT('',(-22.4,-45.35,5.E-02));
#369 = DIRECTION('',(0.,-0.707106781187,-0.707106781187));
#370 = DIRECTION('',(-1.,-0.,-0.));
#371 = DEFINITIONAL_REPRESENTATION('',(#372),#376);
#372 = LINE('',#373,#374);
#373 = CARTESIAN_POINT('',(-0.,-7.071067811865E-02));
#374 = VECTOR('',#375,1.);
#375 = DIRECTION('',(-1.,0.));
#376 = ( GEOMETRIC_REPRESENTATION_CONTEXT(2) 
PARAMETRIC_REPRESENTATION_CONTEXT() REPRESENTATION_CONTEXT('2D SPACE',''
  ) );
#377 = ADVANCED_FACE('',(#378),#97,.T.);
#378 = FACE_BOUND('',#379,.F.);
#379 = EDGE_LOOP('',(#380,#381,#405,#431));
#380 = ORIENTED_EDGE('',*,*,#82,.F.);
#381 = ORIENTED_EDGE('',*,*,#382,.T.);
#382 = EDGE_CURVE('',#55,#383,#385,.T.);
#383 = VERTEX_POINT('',#384);
#384 = CARTESIAN_POINT('',(26.320710678119,-41.45,3.329289321881));
#385 = SURFACE_CURVE('',#386,(#391,#398),.PCURVE_S1.);
#386 = CIRCLE('',#387,3.920710678119);
#387 = AXIS2_PLACEMENT_3D('',#388,#389,#390);
#388 = CARTESIAN_POINT('',(22.4,-41.45,3.329289321881));
#389 = DIRECTION('',(0.,0.,1.));
#390 = DIRECTION('',(0.,-1.,0.));
#391 = PCURVE('',#97,#392);
#392 = DEFINITIONAL_REPRESENTATION('',(#393),#397);
#393 = LINE('',#394,#395);
#394 = CARTESIAN_POINT('',(-0.,-2.928932188135E-02));
#395 = VECTOR('',#396,1.);
#396 = DIRECTION('',(-1.,0.));
#397 = ( GEOMETRIC_REPRESENTATION_CONTEXT(2) 
PARAMETRIC_REPRESENTATION_CONTEXT() REPRESENTATION_CONTEXT('2D SPACE',''
  ) );
#398 = PCURVE('',#260,#399);
#399 = DEFINITIONAL_REPRESENTATION('',(#400),#404);
#400 = LINE('',#401,#402);
#401 = CARTESIAN_POINT('',(0.,7.071067811865E-02));
#402 = VECTOR('',#403,1.);
#403 = DIRECTION('',(-1.,-0.));
#404 = ( GEOMETRIC_REPRESENTATION_CONTEXT(2) 
PARAMETRIC_REPRESENTATION_CONTEXT() REPRESENTATION_CONTEXT('2D SPACE',''
  ) );
#405 = ORIENTED_EDGE('',*,*,#406,.T.);
#406 = EDGE_CURVE('',#383,#407,#409,.T.);
#407 = VERTEX_POINT('',#408);
#408 = CARTESIAN_POINT('',(26.35,-41.45,3.3));
#409 = SURFACE_CURVE('',#410,(#414,#420),.PCURVE_S1.);
#410 = LINE('',#411,#412);
#411 = CARTESIAN_POINT('',(26.35,-41.45,3.3));
#412 = VECTOR('',#413,1.);
#413 = DIRECTION('',(0.707106781187,-4.329780281177E-17,-0.707106781187)
  );
#414 = PCURVE('',#97,#415);
#415 = DEFINITIONAL_REPRESENTATION('',(#416),#419);
#416 = B_SPLINE_CURVE_WITH_KNOTS('',1,(#417,#418),.UNSPECIFIED.,.F.,.F.,
  (2,2),(-0.141421356237,0.),.PIECEWISE_BEZIER_KNOTS.);
#417 = CARTESIAN_POINT('',(-1.570796326795,-1.E-01));
#418 = CARTESIAN_POINT('',(-1.570796326795,0.));
#419 = ( GEOMETRIC_REPRESENTATION_CONTEXT(2) 
PARAMETRIC_REPRESENTATION_CONTEXT() REPRESENTATION_CONTEXT('2D SPACE',''
  ) );
#420 = PCURVE('',#421,#426);
#421 = PLANE('',#422);
#422 = AXIS2_PLACEMENT_3D('',#423,#424,#425);
#423 = CARTESIAN_POINT('',(26.3,-41.45,3.35));
#424 = DIRECTION('',(-0.707106781187,-8.674484698258E-19,-0.707106781187
    ));
#425 = DIRECTION('',(-6.133786953437E-19,1.,-6.133786953437E-19));
#426 = DEFINITIONAL_REPRESENTATION('',(#427),#430);
#427 = B_SPLINE_CURVE_WITH_KNOTS('',1,(#428,#429),.UNSPECIFIED.,.F.,.F.,
  (2,2),(-0.141421356237,0.),.PIECEWISE_BEZIER_KNOTS.);
#428 = CARTESIAN_POINT('',(0.,-7.071067811866E-02));
#429 = CARTESIAN_POINT('',(0.,7.071067811865E-02));
#430 = ( GEOMETRIC_REPRESENTATION_CONTEXT(2) 
PARAMETRIC_REPRESENTATION_CONTEXT() REPRESENTATION_CONTEXT('2D SPACE',''
  ) );
#431 = ORIENTED_EDGE('',*,*,#432,.F.);
#432 = EDGE_CURVE('',#83,#407,#433,.T.);
#433 = SURFACE_CURVE('',#434,(#439,#446),.PCURVE_S1.);
#434 = CIRCLE('',#435,3.95);
#435 = AXIS2_PLACEMENT_3D('',#436,#437,#438);
#436 = CARTESIAN_POINT('',(22.4,-41.45,3.3));
#437 = DIRECTION('',(0.,0.,1.));
#438 = DIRECTION('',(0.,-1.,0.));
#439 = PCURVE('',#97,#440);
#440 = DEFINITIONAL_REPRESENTATION('',(#441),#445);
#441 = LINE('',#442,#443);
#442 = CARTESIAN_POINT('',(-0.,0.));
#443 = VECTOR('',#444,1.);
#444 = DIRECTION('',(-1.,0.));
#445 = ( GEOMETRIC_REPRESENTATION_CONTEXT(2) 
PARAMETRIC_REPRESENTATION_CONTEXT() REPRESENTATION_CONTEXT('2D SPACE',''
  ) );
#446 = PCURVE('',#340,#447);
#447 = DEFINITIONAL_REPRESENTATION('',(#448),#452);
#448 = LINE('',#449,#450);
#449 = CARTESIAN_POINT('',(0.,3.3));
#450 = VECTOR('',#451,1.);
#451 = DIRECTION('',(1.,0.));
#452 = ( GEOMETRIC_REPRESENTATION_CONTEXT(2) 
PARAMETRIC_REPRESENTATION_CONTEXT() REPRESENTATION_CONTEXT('2D SPACE',''
  ) );
#453 = ADVANCED_FACE('',(#454),#154,.F.);
#454 = FACE_BOUND('',#455,.F.);
#455 = EDGE_LOOP('',(#456,#484,#510,#511));
#456 = ORIENTED_EDGE('',*,*,#457,.F.);
#457 = EDGE_CURVE('',#458,#460,#462,.T.);
#458 = VERTEX_POINT('',#459);
#459 = CARTESIAN_POINT('',(-26.32071067811,41.45,3.329289321881));
#460 = VERTEX_POINT('',#461);
#461 = CARTESIAN_POINT('',(-26.35,41.45,3.3));
#462 = SURFACE_CURVE('',#463,(#467,#473),.PCURVE_S1.);
#463 = LINE('',#464,#465);
#464 = CARTESIAN_POINT('',(-26.35,41.45,3.3));
#465 = VECTOR('',#466,1.);
#466 = DIRECTION('',(-0.707106781187,4.329780281177E-17,-0.707106781187)
  );
#467 = PCURVE('',#154,#468);
#468 = DEFINITIONAL_REPRESENTATION('',(#469),#472);
#469 = B_SPLINE_CURVE_WITH_KNOTS('',1,(#470,#471),.UNSPECIFIED.,.F.,.F.,
  (2,2),(-0.141421356237,0.),.PIECEWISE_BEZIER_KNOTS.);
#470 = CARTESIAN_POINT('',(0.,-7.071067811866E-02));
#471 = CARTESIAN_POINT('',(0.,7.071067811865E-02));
#472 = ( GEOMETRIC_REPRESENTATION_CONTEXT(2) 
PARAMETRIC_REPRESENTATION_CONTEXT() REPRESENTATION_CONTEXT('2D SPACE',''
  ) );
#473 = PCURVE('',#474,#479);
#474 = CONICAL_SURFACE('',#475,3.95,0.785398163397);
#475 = AXIS2_PLACEMENT_3D('',#476,#477,#478);
#476 = CARTESIAN_POINT('',(-22.4,41.45,3.3));
#477 = DIRECTION('',(-0.,-0.,-1.));
#478 = DIRECTION('',(0.,1.,-0.));
#479 = DEFINITIONAL_REPRESENTATION('',(#480),#483);
#480 = B_SPLINE_CURVE_WITH_KNOTS('',1,(#481,#482),.UNSPECIFIED.,.F.,.F.,
  (2,2),(-0.141421356237,0.),.PIECEWISE_BEZIER_KNOTS.);
#481 = CARTESIAN_POINT('',(-1.570796326795,-1.E-01));
#482 = CARTESIAN_POINT('',(-1.570796326795,0.));
#483 = ( GEOMETRIC_REPRESENTATION_CONTEXT(2) 
PARAMETRIC_REPRESENTATION_CONTEXT() REPRESENTATION_CONTEXT('2D SPACE',''
  ) );
#484 = ORIENTED_EDGE('',*,*,#485,.T.);
#485 = EDGE_CURVE('',#458,#138,#486,.T.);
#486 = SURFACE_CURVE('',#487,(#491,#498),.PCURVE_S1.);
#487 = LINE('',#488,#489);
#488 = CARTESIAN_POINT('',(-26.32071067811,41.45,3.329289321881));
#489 = VECTOR('',#490,1.);
#490 = DIRECTION('',(0.,-1.,0.));
#491 = PCURVE('',#154,#492);
#492 = DEFINITIONAL_REPRESENTATION('',(#493),#497);
#493 = LINE('',#494,#495);
#494 = CARTESIAN_POINT('',(0.,2.928932188134E-02));
#495 = VECTOR('',#496,1.);
#496 = DIRECTION('',(1.,-0.));
#497 = ( GEOMETRIC_REPRESENTATION_CONTEXT(2) 
PARAMETRIC_REPRESENTATION_CONTEXT() REPRESENTATION_CONTEXT('2D SPACE',''
  ) );
#498 = PCURVE('',#499,#504);
#499 = PLANE('',#500);
#500 = AXIS2_PLACEMENT_3D('',#501,#502,#503);
#501 = CARTESIAN_POINT('',(-26.23535533905,41.45,3.364644660941));
#502 = DIRECTION('',(0.382683432365,0.,-0.923879532511));
#503 = DIRECTION('',(-0.,1.,-0.));
#504 = DEFINITIONAL_REPRESENTATION('',(#505),#509);
#505 = LINE('',#506,#507);
#506 = CARTESIAN_POINT('',(-0.,-9.238795325113E-02));
#507 = VECTOR('',#508,1.);
#508 = DIRECTION('',(-1.,0.));
#509 = ( GEOMETRIC_REPRESENTATION_CONTEXT(2) 
PARAMETRIC_REPRESENTATION_CONTEXT() REPRESENTATION_CONTEXT('2D SPACE',''
  ) );
#510 = ORIENTED_EDGE('',*,*,#137,.T.);
#511 = ORIENTED_EDGE('',*,*,#512,.F.);
#512 = EDGE_CURVE('',#460,#140,#513,.T.);
#513 = SURFACE_CURVE('',#514,(#518,#525),.PCURVE_S1.);
#514 = LINE('',#515,#516);
#515 = CARTESIAN_POINT('',(-26.35,41.45,3.3));
#516 = VECTOR('',#517,1.);
#517 = DIRECTION('',(0.,-1.,0.));
#518 = PCURVE('',#154,#519);
#519 = DEFINITIONAL_REPRESENTATION('',(#520),#524);
#520 = LINE('',#521,#522);
#521 = CARTESIAN_POINT('',(0.,7.071067811865E-02));
#522 = VECTOR('',#523,1.);
#523 = DIRECTION('',(1.,0.));
#524 = ( GEOMETRIC_REPRESENTATION_CONTEXT(2) 
PARAMETRIC_REPRESENTATION_CONTEXT() REPRESENTATION_CONTEXT('2D SPACE',''
  ) );
#525 = PCURVE('',#526,#531);
#526 = PLANE('',#527);
#527 = AXIS2_PLACEMENT_3D('',#528,#529,#530);
#528 = CARTESIAN_POINT('',(-26.35,45.4,0.));
#529 = DIRECTION('',(1.,0.,-0.));
#530 = DIRECTION('',(0.,-1.,0.));
#531 = DEFINITIONAL_REPRESENTATION('',(#532),#536);
#532 = LINE('',#533,#534);
#533 = CARTESIAN_POINT('',(3.95,-3.3));
#534 = VECTOR('',#535,1.);
#535 = DIRECTION('',(1.,0.));
#536 = ( GEOMETRIC_REPRESENTATION_CONTEXT(2) 
PARAMETRIC_REPRESENTATION_CONTEXT() REPRESENTATION_CONTEXT('2D SPACE',''
  ) );
#537 = ADVANCED_FACE('',(#538),#180,.T.);
#538 = FACE_BOUND('',#539,.T.);
#539 = EDGE_LOOP('',(#540,#561,#562,#563));
#540 = ORIENTED_EDGE('',*,*,#541,.F.);
#541 = EDGE_CURVE('',#138,#542,#544,.T.);
#542 = VERTEX_POINT('',#543);
#543 = CARTESIAN_POINT('',(-26.15,-41.45,3.4));
#544 = SURFACE_CURVE('',#545,(#549,#555),.PCURVE_S1.);
#545 = LINE('',#546,#547);
#546 = CARTESIAN_POINT('',(-26.23535533905,-41.45,3.364644660941));
#547 = VECTOR('',#548,1.);
#548 = DIRECTION('',(0.923879532511,0.,0.382683432365));
#549 = PCURVE('',#180,#550);
#550 = DEFINITIONAL_REPRESENTATION('',(#551),#554);
#551 = B_SPLINE_CURVE_WITH_KNOTS('',1,(#552,#553),.UNSPECIFIED.,.F.,.F.,
  (2,2),(-9.238795325113E-02,9.238795325113E-02),
  .PIECEWISE_BEZIER_KNOTS.);
#552 = CARTESIAN_POINT('',(0.,7.071067811865E-02));
#553 = CARTESIAN_POINT('',(0.,-9.240791081156E-16));
#554 = ( GEOMETRIC_REPRESENTATION_CONTEXT(2) 
PARAMETRIC_REPRESENTATION_CONTEXT() REPRESENTATION_CONTEXT('2D SPACE',''
  ) );
#555 = PCURVE('',#499,#556);
#556 = DEFINITIONAL_REPRESENTATION('',(#557),#560);
#557 = B_SPLINE_CURVE_WITH_KNOTS('',1,(#558,#559),.UNSPECIFIED.,.F.,.F.,
  (2,2),(-9.238795325113E-02,9.238795325113E-02),
  .PIECEWISE_BEZIER_KNOTS.);
#558 = CARTESIAN_POINT('',(-82.9,-9.238795325113E-02));
#559 = CARTESIAN_POINT('',(-82.9,9.238795325113E-02));
#560 = ( GEOMETRIC_REPRESENTATION_CONTEXT(2) 
PARAMETRIC_REPRESENTATION_CONTEXT() REPRESENTATION_CONTEXT('2D SPACE',''
  ) );
#561 = ORIENTED_EDGE('',*,*,#165,.T.);
#562 = ORIENTED_EDGE('',*,*,#223,.T.);
#563 = ORIENTED_EDGE('',*,*,#564,.F.);
#564 = EDGE_CURVE('',#542,#224,#565,.T.);
#565 = SURFACE_CURVE('',#566,(#571,#578),.PCURVE_S1.);
#566 = CIRCLE('',#567,3.75);
#567 = AXIS2_PLACEMENT_3D('',#568,#569,#570);
#568 = CARTESIAN_POINT('',(-22.4,-41.45,3.4));
#569 = DIRECTION('',(0.,0.,1.));
#570 = DIRECTION('',(-1.,0.,0.));
#571 = PCURVE('',#180,#572);
#572 = DEFINITIONAL_REPRESENTATION('',(#573),#577);
#573 = LINE('',#574,#575);
#574 = CARTESIAN_POINT('',(-0.,-0.));
#575 = VECTOR('',#576,1.);
#576 = DIRECTION('',(-1.,-0.));
#577 = ( GEOMETRIC_REPRESENTATION_CONTEXT(2) 
PARAMETRIC_REPRESENTATION_CONTEXT() REPRESENTATION_CONTEXT('2D SPACE',''
  ) );
#578 = PCURVE('',#285,#579);
#579 = DEFINITIONAL_REPRESENTATION('',(#580),#584);
#580 = CIRCLE('',#581,3.75);
#581 = AXIS2_PLACEMENT_2D('',#582,#583);
#582 = CARTESIAN_POINT('',(-22.4,-41.45));
#583 = DIRECTION('',(-1.,0.));
#584 = ( GEOMETRIC_REPRESENTATION_CONTEXT(2) 
PARAMETRIC_REPRESENTATION_CONTEXT() REPRESENTATION_CONTEXT('2D SPACE',''
  ) );
#585 = ADVANCED_FACE('',(#586),#208,.T.);
#586 = FACE_BOUND('',#587,.F.);
#587 = EDGE_LOOP('',(#588,#589,#618,#639));
#588 = ORIENTED_EDGE('',*,*,#300,.F.);
#589 = ORIENTED_EDGE('',*,*,#590,.F.);
#590 = EDGE_CURVE('',#591,#301,#593,.T.);
#591 = VERTEX_POINT('',#592);
#592 = CARTESIAN_POINT('',(-26.35,-41.45,0.1));
#593 = SURFACE_CURVE('',#594,(#599,#606),.PCURVE_S1.);
#594 = CIRCLE('',#595,3.95);
#595 = AXIS2_PLACEMENT_3D('',#596,#597,#598);
#596 = CARTESIAN_POINT('',(-22.4,-41.45,0.1));
#597 = DIRECTION('',(0.,0.,1.));
#598 = DIRECTION('',(-1.,0.,0.));
#599 = PCURVE('',#208,#600);
#600 = DEFINITIONAL_REPRESENTATION('',(#601),#605);
#601 = LINE('',#602,#603);
#602 = CARTESIAN_POINT('',(-1.570796326795,0.1));
#603 = VECTOR('',#604,1.);
#604 = DIRECTION('',(1.,-0.));
#605 = ( GEOMETRIC_REPRESENTATION_CONTEXT(2) 
PARAMETRIC_REPRESENTATION_CONTEXT() REPRESENTATION_CONTEXT('2D SPACE',''
  ) );
#606 = PCURVE('',#607,#612);
#607 = CONICAL_SURFACE('',#608,3.95,0.785398163397);
#608 = AXIS2_PLACEMENT_3D('',#609,#610,#611);
#609 = CARTESIAN_POINT('',(-22.4,-41.45,0.1));
#610 = DIRECTION('',(0.,0.,1.));
#611 = DIRECTION('',(-1.,0.,0.));
#612 = DEFINITIONAL_REPRESENTATION('',(#613),#617);
#613 = LINE('',#614,#615);
#614 = CARTESIAN_POINT('',(0.,-0.));
#615 = VECTOR('',#616,1.);
#616 = DIRECTION('',(1.,-0.));
#617 = ( GEOMETRIC_REPRESENTATION_CONTEXT(2) 
PARAMETRIC_REPRESENTATION_CONTEXT() REPRESENTATION_CONTEXT('2D SPACE',''
  ) );
#618 = ORIENTED_EDGE('',*,*,#619,.T.);
#619 = EDGE_CURVE('',#591,#140,#620,.T.);
#620 = SURFACE_CURVE('',#621,(#625,#632),.PCURVE_S1.);
#621 = LINE('',#622,#623);
#622 = CARTESIAN_POINT('',(-26.35,-41.45,0.));
#623 = VECTOR('',#624,1.);
#624 = DIRECTION('',(0.,0.,1.));
#625 = PCURVE('',#208,#626);
#626 = DEFINITIONAL_REPRESENTATION('',(#627),#631);
#627 = LINE('',#628,#629);
#628 = CARTESIAN_POINT('',(-1.570796326795,0.));
#629 = VECTOR('',#630,1.);
#630 = DIRECTION('',(-0.,1.));
#631 = ( GEOMETRIC_REPRESENTATION_CONTEXT(2) 
PARAMETRIC_REPRESENTATION_CONTEXT() REPRESENTATION_CONTEXT('2D SPACE',''
  ) );
#632 = PCURVE('',#526,#633);
#633 = DEFINITIONAL_REPRESENTATION('',(#634),#638);
#634 = LINE('',#635,#636);
#635 = CARTESIAN_POINT('',(86.85,0.));
#636 = VECTOR('',#637,1.);
#637 = DIRECTION('',(0.,-1.));
#638 = ( GEOMETRIC_REPRESENTATION_CONTEXT(2) 
PARAMETRIC_REPRESENTATION_CONTEXT() REPRESENTATION_CONTEXT('2D SPACE',''
  ) );
#639 = ORIENTED_EDGE('',*,*,#193,.T.);
#640 = ADVANCED_FACE('',(#641,#804),#285,.T.);
#641 = FACE_BOUND('',#642,.T.);
#642 = EDGE_LOOP('',(#643,#674,#702,#731,#752,#753,#754,#778));
#643 = ORIENTED_EDGE('',*,*,#644,.T.);
#644 = EDGE_CURVE('',#645,#647,#649,.T.);
#645 = VERTEX_POINT('',#646);
#646 = CARTESIAN_POINT('',(26.15,41.45,3.4));
#647 = VERTEX_POINT('',#648);
#648 = CARTESIAN_POINT('',(22.4,45.2,3.4));
#649 = SURFACE_CURVE('',#650,(#655,#662),.PCURVE_S1.);
#650 = CIRCLE('',#651,3.75);
#651 = AXIS2_PLACEMENT_3D('',#652,#653,#654);
#652 = CARTESIAN_POINT('',(22.4,41.45,3.4));
#653 = DIRECTION('',(0.,0.,1.));
#654 = DIRECTION('',(1.,0.,-0.));
#655 = PCURVE('',#285,#656);
#656 = DEFINITIONAL_REPRESENTATION('',(#657),#661);
#657 = CIRCLE('',#658,3.75);
#658 = AXIS2_PLACEMENT_2D('',#659,#660);
#659 = CARTESIAN_POINT('',(22.4,41.45));
#660 = DIRECTION('',(1.,0.));
#661 = ( GEOMETRIC_REPRESENTATION_CONTEXT(2) 
PARAMETRIC_REPRESENTATION_CONTEXT() REPRESENTATION_CONTEXT('2D SPACE',''
  ) );
#662 = PCURVE('',#663,#668);
#663 = CONICAL_SURFACE('',#664,3.75,1.178097245096);
#664 = AXIS2_PLACEMENT_3D('',#665,#666,#667);
#665 = CARTESIAN_POINT('',(22.4,41.45,3.4));
#666 = DIRECTION('',(-0.,-0.,-1.));
#667 = DIRECTION('',(1.,0.,0.));
#668 = DEFINITIONAL_REPRESENTATION('',(#669),#673);
#669 = LINE('',#670,#671);
#670 = CARTESIAN_POINT('',(-0.,-0.));
#671 = VECTOR('',#672,1.);
#672 = DIRECTION('',(-1.,-0.));
#673 = ( GEOMETRIC_REPRESENTATION_CONTEXT(2) 
PARAMETRIC_REPRESENTATION_CONTEXT() REPRESENTATION_CONTEXT('2D SPACE',''
  ) );
#674 = ORIENTED_EDGE('',*,*,#675,.T.);
#675 = EDGE_CURVE('',#647,#676,#678,.T.);
#676 = VERTEX_POINT('',#677);
#677 = CARTESIAN_POINT('',(-22.4,45.2,3.4));
#678 = SURFACE_CURVE('',#679,(#683,#690),.PCURVE_S1.);
#679 = LINE('',#680,#681);
#680 = CARTESIAN_POINT('',(22.4,45.2,3.4));
#681 = VECTOR('',#682,1.);
#682 = DIRECTION('',(-1.,0.,0.));
#683 = PCURVE('',#285,#684);
#684 = DEFINITIONAL_REPRESENTATION('',(#685),#689);
#685 = LINE('',#686,#687);
#686 = CARTESIAN_POINT('',(22.4,45.2));
#687 = VECTOR('',#688,1.);
#688 = DIRECTION('',(-1.,0.));
#689 = ( GEOMETRIC_REPRESENTATION_CONTEXT(2) 
PARAMETRIC_REPRESENTATION_CONTEXT() REPRESENTATION_CONTEXT('2D SPACE',''
  ) );
#690 = PCURVE('',#691,#696);
#691 = PLANE('',#692);
#692 = AXIS2_PLACEMENT_3D('',#693,#694,#695);
#693 = CARTESIAN_POINT('',(22.4,45.285355339059,3.364644660941));
#694 = DIRECTION('',(0.,-0.382683432365,-0.923879532511));
#695 = DIRECTION('',(1.,0.,-0.));
#696 = DEFINITIONAL_REPRESENTATION('',(#697),#701);
#697 = LINE('',#698,#699);
#698 = CARTESIAN_POINT('',(-0.,9.238795325113E-02));
#699 = VECTOR('',#700,1.);
#700 = DIRECTION('',(-1.,0.));
#701 = ( GEOMETRIC_REPRESENTATION_CONTEXT(2) 
PARAMETRIC_REPRESENTATION_CONTEXT() REPRESENTATION_CONTEXT('2D SPACE',''
  ) );
#702 = ORIENTED_EDGE('',*,*,#703,.T.);
#703 = EDGE_CURVE('',#676,#704,#706,.T.);
#704 = VERTEX_POINT('',#705);
#705 = CARTESIAN_POINT('',(-26.15,41.45,3.4));
#706 = SURFACE_CURVE('',#707,(#712,#719),.PCURVE_S1.);
#707 = CIRCLE('',#708,3.75);
#708 = AXIS2_PLACEMENT_3D('',#709,#710,#711);
#709 = CARTESIAN_POINT('',(-22.4,41.45,3.4));
#710 = DIRECTION('',(0.,0.,1.));
#711 = DIRECTION('',(0.,1.,-0.));
#712 = PCURVE('',#285,#713);
#713 = DEFINITIONAL_REPRESENTATION('',(#714),#718);
#714 = CIRCLE('',#715,3.75);
#715 = AXIS2_PLACEMENT_2D('',#716,#717);
#716 = CARTESIAN_POINT('',(-22.4,41.45));
#717 = DIRECTION('',(0.,1.));
#718 = ( GEOMETRIC_REPRESENTATION_CONTEXT(2) 
PARAMETRIC_REPRESENTATION_CONTEXT() REPRESENTATION_CONTEXT('2D SPACE',''
  ) );
#719 = PCURVE('',#720,#725);
#720 = CONICAL_SURFACE('',#721,3.75,1.178097245096);
#721 = AXIS2_PLACEMENT_3D('',#722,#723,#724);
#722 = CARTESIAN_POINT('',(-22.4,41.45,3.4));
#723 = DIRECTION('',(-0.,-0.,-1.));
#724 = DIRECTION('',(0.,1.,-0.));
#725 = DEFINITIONAL_REPRESENTATION('',(#726),#730);
#726 = LINE('',#727,#728);
#727 = CARTESIAN_POINT('',(-0.,-0.));
#728 = VECTOR('',#729,1.);
#729 = DIRECTION('',(-1.,-0.));
#730 = ( GEOMETRIC_REPRESENTATION_CONTEXT(2) 
PARAMETRIC_REPRESENTATION_CONTEXT() REPRESENTATION_CONTEXT('2D SPACE',''
  ) );
#731 = ORIENTED_EDGE('',*,*,#732,.T.);
#732 = EDGE_CURVE('',#704,#542,#733,.T.);
#733 = SURFACE_CURVE('',#734,(#738,#745),.PCURVE_S1.);
#734 = LINE('',#735,#736);
#735 = CARTESIAN_POINT('',(-26.15,41.45,3.4));
#736 = VECTOR('',#737,1.);
#737 = DIRECTION('',(0.,-1.,0.));
#738 = PCURVE('',#285,#739);
#739 = DEFINITIONAL_REPRESENTATION('',(#740),#744);
#740 = LINE('',#741,#742);
#741 = CARTESIAN_POINT('',(-26.15,41.45));
#742 = VECTOR('',#743,1.);
#743 = DIRECTION('',(0.,-1.));
#744 = ( GEOMETRIC_REPRESENTATION_CONTEXT(2) 
PARAMETRIC_REPRESENTATION_CONTEXT() REPRESENTATION_CONTEXT('2D SPACE',''
  ) );
#745 = PCURVE('',#499,#746);
#746 = DEFINITIONAL_REPRESENTATION('',(#747),#751);
#747 = LINE('',#748,#749);
#748 = CARTESIAN_POINT('',(-0.,9.238795325113E-02));
#749 = VECTOR('',#750,1.);
#750 = DIRECTION('',(-1.,0.));
#751 = ( GEOMETRIC_REPRESENTATION_CONTEXT(2) 
PARAMETRIC_REPRESENTATION_CONTEXT() REPRESENTATION_CONTEXT('2D SPACE',''
  ) );
#752 = ORIENTED_EDGE('',*,*,#564,.T.);
#753 = ORIENTED_EDGE('',*,*,#271,.T.);
#754 = ORIENTED_EDGE('',*,*,#755,.T.);
#755 = EDGE_CURVE('',#246,#756,#758,.T.);
#756 = VERTEX_POINT('',#757);
#757 = CARTESIAN_POINT('',(26.15,-41.45,3.4));
#758 = SURFACE_CURVE('',#759,(#764,#771),.PCURVE_S1.);
#759 = CIRCLE('',#760,3.75);
#760 = AXIS2_PLACEMENT_3D('',#761,#762,#763);
#761 = CARTESIAN_POINT('',(22.4,-41.45,3.4));
#762 = DIRECTION('',(0.,0.,1.));
#763 = DIRECTION('',(0.,-1.,0.));
#764 = PCURVE('',#285,#765);
#765 = DEFINITIONAL_REPRESENTATION('',(#766),#770);
#766 = CIRCLE('',#767,3.75);
#767 = AXIS2_PLACEMENT_2D('',#768,#769);
#768 = CARTESIAN_POINT('',(22.4,-41.45));
#769 = DIRECTION('',(0.,-1.));
#770 = ( GEOMETRIC_REPRESENTATION_CONTEXT(2) 
PARAMETRIC_REPRESENTATION_CONTEXT() REPRESENTATION_CONTEXT('2D SPACE',''
  ) );
#771 = PCURVE('',#260,#772);
#772 = DEFINITIONAL_REPRESENTATION('',(#773),#777);
#773 = LINE('',#774,#775);
#774 = CARTESIAN_POINT('',(-0.,-0.));
#775 = VECTOR('',#776,1.);
#776 = DIRECTION('',(-1.,-0.));
#777 = ( GEOMETRIC_REPRESENTATION_CONTEXT(2) 
PARAMETRIC_REPRESENTATION_CONTEXT() REPRESENTATION_CONTEXT('2D SPACE',''
  ) );
#778 = ORIENTED_EDGE('',*,*,#779,.T.);
#779 = EDGE_CURVE('',#756,#645,#780,.T.);
#780 = SURFACE_CURVE('',#781,(#785,#792),.PCURVE_S1.);
#781 = LINE('',#782,#783);
#782 = CARTESIAN_POINT('',(26.15,-41.45,3.4));
#783 = VECTOR('',#784,1.);
#784 = DIRECTION('',(0.,1.,0.));
#785 = PCURVE('',#285,#786);
#786 = DEFINITIONAL_REPRESENTATION('',(#787),#791);
#787 = LINE('',#788,#789);
#788 = CARTESIAN_POINT('',(26.15,-41.45));
#789 = VECTOR('',#790,1.);
#790 = DIRECTION('',(0.,1.));
#791 = ( GEOMETRIC_REPRESENTATION_CONTEXT(2) 
PARAMETRIC_REPRESENTATION_CONTEXT() REPRESENTATION_CONTEXT('2D SPACE',''
  ) );
#792 = PCURVE('',#793,#798);
#793 = PLANE('',#794);
#794 = AXIS2_PLACEMENT_3D('',#795,#796,#797);
#795 = CARTESIAN_POINT('',(26.235355339059,-41.45,3.364644660941));
#796 = DIRECTION('',(-0.382683432365,0.,-0.923879532511));
#797 = DIRECTION('',(-0.,-1.,-0.));
#798 = DEFINITIONAL_REPRESENTATION('',(#799),#803);
#799 = LINE('',#800,#801);
#800 = CARTESIAN_POINT('',(-0.,9.238795325113E-02));
#801 = VECTOR('',#802,1.);
#802 = DIRECTION('',(-1.,0.));
#803 = ( GEOMETRIC_REPRESENTATION_CONTEXT(2) 
PARAMETRIC_REPRESENTATION_CONTEXT() REPRESENTATION_CONTEXT('2D SPACE',''
  ) );
#804 = FACE_BOUND('',#805,.T.);
#805 = EDGE_LOOP('',(#806,#841,#869,#902,#930,#959,#987,#1016));
#806 = ORIENTED_EDGE('',*,*,#807,.T.);
#807 = EDGE_CURVE('',#808,#810,#812,.T.);
#808 = VERTEX_POINT('',#809);
#809 = CARTESIAN_POINT('',(-21.2598245749,-44.6,3.4));
#810 = VERTEX_POINT('',#811);
#811 = CARTESIAN_POINT('',(-25.55,-40.3098245749,3.4));
#812 = SURFACE_CURVE('',#813,(#818,#829),.PCURVE_S1.);
#813 = CIRCLE('',#814,3.35);
#814 = AXIS2_PLACEMENT_3D('',#815,#816,#817);
#815 = CARTESIAN_POINT('',(-22.4,-41.45,3.4));
#816 = DIRECTION('',(0.,-0.,-1.));
#817 = DIRECTION('',(0.345383758779,-0.938461538462,0.));
#818 = PCURVE('',#285,#819);
#819 = DEFINITIONAL_REPRESENTATION('',(#820),#828);
#820 = ( BOUNDED_CURVE() B_SPLINE_CURVE(2,(#821,#822,#823,#824,#825,#826
,#827),.UNSPECIFIED.,.T.,.F.) B_SPLINE_CURVE_WITH_KNOTS((1,2,2,2,2,1),(
    -2.094395102393,0.,2.094395102393,4.188790204786,6.28318530718,
8.377580409573),.UNSPECIFIED.) CURVE() GEOMETRIC_REPRESENTATION_ITEM() 
RATIONAL_B_SPLINE_CURVE((1.,0.5,1.,0.5,1.,0.5,1.)) REPRESENTATION_ITEM(
  '') );
#821 = CARTESIAN_POINT('',(-21.24296440809,-44.59384615384));
#822 = CARTESIAN_POINT('',(-26.68826567773,-46.5978905852));
#823 = CARTESIAN_POINT('',(-25.70116843077,-40.88009913875));
#824 = CARTESIAN_POINT('',(-24.71407118382,-35.1623076923));
#825 = CARTESIAN_POINT('',(-20.25586716113,-38.8760547074));
#826 = CARTESIAN_POINT('',(-15.79766313844,-42.58980172249));
#827 = CARTESIAN_POINT('',(-21.24296440809,-44.59384615384));
#828 = ( GEOMETRIC_REPRESENTATION_CONTEXT(2) 
PARAMETRIC_REPRESENTATION_CONTEXT() REPRESENTATION_CONTEXT('2D SPACE',''
  ) );
#829 = PCURVE('',#830,#835);
#830 = CONICAL_SURFACE('',#831,3.35,1.178097245096);
#831 = AXIS2_PLACEMENT_3D('',#832,#833,#834);
#832 = CARTESIAN_POINT('',(-22.4,-41.45,3.4));
#833 = DIRECTION('',(0.,0.,1.));
#834 = DIRECTION('',(0.345383758779,-0.938461538462,0.));
#835 = DEFINITIONAL_REPRESENTATION('',(#836),#840);
#836 = LINE('',#837,#838);
#837 = CARTESIAN_POINT('',(-0.,-0.));
#838 = VECTOR('',#839,1.);
#839 = DIRECTION('',(-1.,-0.));
#840 = ( GEOMETRIC_REPRESENTATION_CONTEXT(2) 
PARAMETRIC_REPRESENTATION_CONTEXT() REPRESENTATION_CONTEXT('2D SPACE',''
  ) );
#841 = ORIENTED_EDGE('',*,*,#842,.T.);
#842 = EDGE_CURVE('',#810,#843,#845,.T.);
#843 = VERTEX_POINT('',#844);
#844 = CARTESIAN_POINT('',(-25.55,40.309824574901,3.4));
#845 = SURFACE_CURVE('',#846,(#850,#857),.PCURVE_S1.);
#846 = LINE('',#847,#848);
#847 = CARTESIAN_POINT('',(-25.55,-40.32750278396,3.4));
#848 = VECTOR('',#849,1.);
#849 = DIRECTION('',(6.123233995737E-17,1.,-6.123233995737E-17));
#850 = PCURVE('',#285,#851);
#851 = DEFINITIONAL_REPRESENTATION('',(#852),#856);
#852 = LINE('',#853,#854);
#853 = CARTESIAN_POINT('',(-25.55,-40.32750278396));
#854 = VECTOR('',#855,1.);
#855 = DIRECTION('',(6.123233995737E-17,1.));
#856 = ( GEOMETRIC_REPRESENTATION_CONTEXT(2) 
PARAMETRIC_REPRESENTATION_CONTEXT() REPRESENTATION_CONTEXT('2D SPACE',''
  ) );
#857 = PCURVE('',#858,#863);
#858 = PLANE('',#859);
#859 = AXIS2_PLACEMENT_3D('',#860,#861,#862);
#860 = CARTESIAN_POINT('',(-25.46464466094,-40.32750278396,
    3.364644660941));
#861 = DIRECTION('',(-0.382683432365,0.,-0.923879532511));
#862 = DIRECTION('',(7.391397279046E-17,1.,-3.061616997868E-17));
#863 = DEFINITIONAL_REPRESENTATION('',(#864),#868);
#864 = LINE('',#865,#866);
#865 = CARTESIAN_POINT('',(0.,-9.238795325113E-02));
#866 = VECTOR('',#867,1.);
#867 = DIRECTION('',(1.,0.));
#868 = ( GEOMETRIC_REPRESENTATION_CONTEXT(2) 
PARAMETRIC_REPRESENTATION_CONTEXT() REPRESENTATION_CONTEXT('2D SPACE',''
  ) );
#869 = ORIENTED_EDGE('',*,*,#870,.T.);
#870 = EDGE_CURVE('',#843,#871,#873,.T.);
#871 = VERTEX_POINT('',#872);
#872 = CARTESIAN_POINT('',(-21.2598245749,44.6,3.4));
#873 = SURFACE_CURVE('',#874,(#879,#890),.PCURVE_S1.);
#874 = CIRCLE('',#875,3.35);
#875 = AXIS2_PLACEMENT_3D('',#876,#877,#878);
#876 = CARTESIAN_POINT('',(-22.4,41.45,3.4));
#877 = DIRECTION('',(-0.,0.,-1.));
#878 = DIRECTION('',(-0.938461538462,-0.345383758779,0.));
#879 = PCURVE('',#285,#880);
#880 = DEFINITIONAL_REPRESENTATION('',(#881),#889);
#881 = ( BOUNDED_CURVE() B_SPLINE_CURVE(2,(#882,#883,#884,#885,#886,#887
,#888),.UNSPECIFIED.,.T.,.F.) B_SPLINE_CURVE_WITH_KNOTS((1,2,2,2,2,1),(
    -2.094395102393,0.,2.094395102393,4.188790204786,6.28318530718,
8.377580409573),.UNSPECIFIED.) CURVE() GEOMETRIC_REPRESENTATION_ITEM() 
RATIONAL_B_SPLINE_CURVE((1.,0.5,1.,0.5,1.,0.5,1.)) REPRESENTATION_ITEM(
  '') );
#882 = CARTESIAN_POINT('',(-25.54384615384,40.29296440809));
#883 = CARTESIAN_POINT('',(-27.5478905852,45.738265677732));
#884 = CARTESIAN_POINT('',(-21.83009913875,44.751168430776));
#885 = CARTESIAN_POINT('',(-16.1123076923,43.76407118382));
#886 = CARTESIAN_POINT('',(-19.8260547074,39.305867161134));
#887 = CARTESIAN_POINT('',(-23.53980172249,34.847663138448));
#888 = CARTESIAN_POINT('',(-25.54384615384,40.29296440809));
#889 = ( GEOMETRIC_REPRESENTATION_CONTEXT(2) 
PARAMETRIC_REPRESENTATION_CONTEXT() REPRESENTATION_CONTEXT('2D SPACE',''
  ) );
#890 = PCURVE('',#891,#896);
#891 = CONICAL_SURFACE('',#892,3.35,1.178097245096);
#892 = AXIS2_PLACEMENT_3D('',#893,#894,#895);
#893 = CARTESIAN_POINT('',(-22.4,41.45,3.4));
#894 = DIRECTION('',(0.,0.,1.));
#895 = DIRECTION('',(-0.938461538462,-0.345383758779,0.));
#896 = DEFINITIONAL_REPRESENTATION('',(#897),#901);
#897 = LINE('',#898,#899);
#898 = CARTESIAN_POINT('',(-0.,-0.));
#899 = VECTOR('',#900,1.);
#900 = DIRECTION('',(-1.,-0.));
#901 = ( GEOMETRIC_REPRESENTATION_CONTEXT(2) 
PARAMETRIC_REPRESENTATION_CONTEXT() REPRESENTATION_CONTEXT('2D SPACE',''
  ) );
#902 = ORIENTED_EDGE('',*,*,#903,.T.);
#903 = EDGE_CURVE('',#871,#904,#906,.T.);
#904 = VERTEX_POINT('',#905);
#905 = CARTESIAN_POINT('',(21.259824574901,44.6,3.4));
#906 = SURFACE_CURVE('',#907,(#911,#918),.PCURVE_S1.);
#907 = LINE('',#908,#909);
#908 = CARTESIAN_POINT('',(-21.27750278396,44.6,3.4));
#909 = VECTOR('',#910,1.);
#910 = DIRECTION('',(1.,-6.123233995737E-17,-6.123233995737E-17));
#911 = PCURVE('',#285,#912);
#912 = DEFINITIONAL_REPRESENTATION('',(#913),#917);
#913 = LINE('',#914,#915);
#914 = CARTESIAN_POINT('',(-21.27750278396,44.6));
#915 = VECTOR('',#916,1.);
#916 = DIRECTION('',(1.,-6.123233995737E-17));
#917 = ( GEOMETRIC_REPRESENTATION_CONTEXT(2) 
PARAMETRIC_REPRESENTATION_CONTEXT() REPRESENTATION_CONTEXT('2D SPACE',''
  ) );
#918 = PCURVE('',#919,#924);
#919 = PLANE('',#920);
#920 = AXIS2_PLACEMENT_3D('',#921,#922,#923);
#921 = CARTESIAN_POINT('',(-21.27750278396,44.514644660941,
    3.364644660941));
#922 = DIRECTION('',(0.,0.382683432365,-0.923879532511));
#923 = DIRECTION('',(1.,-7.391397279046E-17,-3.061616997868E-17));
#924 = DEFINITIONAL_REPRESENTATION('',(#925),#929);
#925 = LINE('',#926,#927);
#926 = CARTESIAN_POINT('',(0.,-9.238795325113E-02));
#927 = VECTOR('',#928,1.);
#928 = DIRECTION('',(1.,0.));
#929 = ( GEOMETRIC_REPRESENTATION_CONTEXT(2) 
PARAMETRIC_REPRESENTATION_CONTEXT() REPRESENTATION_CONTEXT('2D SPACE',''
  ) );
#930 = ORIENTED_EDGE('',*,*,#931,.F.);
#931 = EDGE_CURVE('',#932,#904,#934,.T.);
#932 = VERTEX_POINT('',#933);
#933 = CARTESIAN_POINT('',(25.55,40.309824574901,3.4));
#934 = SURFACE_CURVE('',#935,(#940,#947),.PCURVE_S1.);
#935 = CIRCLE('',#936,3.35);
#936 = AXIS2_PLACEMENT_3D('',#937,#938,#939);
#937 = CARTESIAN_POINT('',(22.4,41.45,3.4));
#938 = DIRECTION('',(0.,0.,1.));
#939 = DIRECTION('',(0.938461538462,-0.345383758779,0.));
#940 = PCURVE('',#285,#941);
#941 = DEFINITIONAL_REPRESENTATION('',(#942),#946);
#942 = CIRCLE('',#943,3.35);
#943 = AXIS2_PLACEMENT_2D('',#944,#945);
#944 = CARTESIAN_POINT('',(22.4,41.45));
#945 = DIRECTION('',(0.938461538462,-0.345383758779));
#946 = ( GEOMETRIC_REPRESENTATION_CONTEXT(2) 
PARAMETRIC_REPRESENTATION_CONTEXT() REPRESENTATION_CONTEXT('2D SPACE',''
  ) );
#947 = PCURVE('',#948,#953);
#948 = CONICAL_SURFACE('',#949,3.35,1.178097245096);
#949 = AXIS2_PLACEMENT_3D('',#950,#951,#952);
#950 = CARTESIAN_POINT('',(22.4,41.45,3.4));
#951 = DIRECTION('',(0.,0.,1.));
#952 = DIRECTION('',(0.938461538462,-0.345383758779,0.));
#953 = DEFINITIONAL_REPRESENTATION('',(#954),#958);
#954 = LINE('',#955,#956);
#955 = CARTESIAN_POINT('',(0.,-0.));
#956 = VECTOR('',#957,1.);
#957 = DIRECTION('',(1.,-0.));
#958 = ( GEOMETRIC_REPRESENTATION_CONTEXT(2) 
PARAMETRIC_REPRESENTATION_CONTEXT() REPRESENTATION_CONTEXT('2D SPACE',''
  ) );
#959 = ORIENTED_EDGE('',*,*,#960,.T.);
#960 = EDGE_CURVE('',#932,#961,#963,.T.);
#961 = VERTEX_POINT('',#962);
#962 = CARTESIAN_POINT('',(25.55,-40.3098245749,3.4));
#963 = SURFACE_CURVE('',#964,(#968,#975),.PCURVE_S1.);
#964 = LINE('',#965,#966);
#965 = CARTESIAN_POINT('',(25.55,40.327502783968,3.4));
#966 = VECTOR('',#967,1.);
#967 = DIRECTION('',(-6.123233995737E-17,-1.,-6.123233995737E-17));
#968 = PCURVE('',#285,#969);
#969 = DEFINITIONAL_REPRESENTATION('',(#970),#974);
#970 = LINE('',#971,#972);
#971 = CARTESIAN_POINT('',(25.55,40.327502783968));
#972 = VECTOR('',#973,1.);
#973 = DIRECTION('',(-6.123233995737E-17,-1.));
#974 = ( GEOMETRIC_REPRESENTATION_CONTEXT(2) 
PARAMETRIC_REPRESENTATION_CONTEXT() REPRESENTATION_CONTEXT('2D SPACE',''
  ) );
#975 = PCURVE('',#976,#981);
#976 = PLANE('',#977);
#977 = AXIS2_PLACEMENT_3D('',#978,#979,#980);
#978 = CARTESIAN_POINT('',(25.464644660941,40.327502783968,
    3.364644660941));
#979 = DIRECTION('',(0.382683432365,0.,-0.923879532511));
#980 = DIRECTION('',(-7.391397279046E-17,-1.,-3.061616997868E-17));
#981 = DEFINITIONAL_REPRESENTATION('',(#982),#986);
#982 = LINE('',#983,#984);
#983 = CARTESIAN_POINT('',(0.,-9.238795325113E-02));
#984 = VECTOR('',#985,1.);
#985 = DIRECTION('',(1.,0.));
#986 = ( GEOMETRIC_REPRESENTATION_CONTEXT(2) 
PARAMETRIC_REPRESENTATION_CONTEXT() REPRESENTATION_CONTEXT('2D SPACE',''
  ) );
#987 = ORIENTED_EDGE('',*,*,#988,.F.);
#988 = EDGE_CURVE('',#989,#961,#991,.T.);
#989 = VERTEX_POINT('',#990);
#990 = CARTESIAN_POINT('',(21.259824574901,-44.6,3.4));
#991 = SURFACE_CURVE('',#992,(#997,#1004),.PCURVE_S1.);
#992 = CIRCLE('',#993,3.35);
#993 = AXIS2_PLACEMENT_3D('',#994,#995,#996);
#994 = CARTESIAN_POINT('',(22.4,-41.45,3.4));
#995 = DIRECTION('',(0.,0.,1.));
#996 = DIRECTION('',(-0.345383758779,-0.938461538462,0.));
#997 = PCURVE('',#285,#998);
#998 = DEFINITIONAL_REPRESENTATION('',(#999),#1003);
#999 = CIRCLE('',#1000,3.35);
#1000 = AXIS2_PLACEMENT_2D('',#1001,#1002);
#1001 = CARTESIAN_POINT('',(22.4,-41.45));
#1002 = DIRECTION('',(-0.345383758779,-0.938461538462));
#1003 = ( GEOMETRIC_REPRESENTATION_CONTEXT(2) 
PARAMETRIC_REPRESENTATION_CONTEXT() REPRESENTATION_CONTEXT('2D SPACE',''
  ) );
#1004 = PCURVE('',#1005,#1010);
#1005 = CONICAL_SURFACE('',#1006,3.35,1.178097245096);
#1006 = AXIS2_PLACEMENT_3D('',#1007,#1008,#1009);
#1007 = CARTESIAN_POINT('',(22.4,-41.45,3.4));
#1008 = DIRECTION('',(0.,0.,1.));
#1009 = DIRECTION('',(-0.345383758779,-0.938461538462,0.));
#1010 = DEFINITIONAL_REPRESENTATION('',(#1011),#1015);
#1011 = LINE('',#1012,#1013);
#1012 = CARTESIAN_POINT('',(0.,-0.));
#1013 = VECTOR('',#1014,1.);
#1014 = DIRECTION('',(1.,-0.));
#1015 = ( GEOMETRIC_REPRESENTATION_CONTEXT(2) 
PARAMETRIC_REPRESENTATION_CONTEXT() REPRESENTATION_CONTEXT('2D SPACE',''
  ) );
#1016 = ORIENTED_EDGE('',*,*,#1017,.T.);
#1017 = EDGE_CURVE('',#989,#808,#1018,.T.);
#1018 = SURFACE_CURVE('',#1019,(#1023,#1030),.PCURVE_S1.);
#1019 = LINE('',#1020,#1021);
#1020 = CARTESIAN_POINT('',(21.277502783968,-44.6,3.4));
#1021 = VECTOR('',#1022,1.);
#1022 = DIRECTION('',(-1.,6.123233995737E-17,-6.123233995737E-17));
#1023 = PCURVE('',#285,#1024);
#1024 = DEFINITIONAL_REPRESENTATION('',(#1025),#1029);
#1025 = LINE('',#1026,#1027);
#1026 = CARTESIAN_POINT('',(21.277502783968,-44.6));
#1027 = VECTOR('',#1028,1.);
#1028 = DIRECTION('',(-1.,6.123233995737E-17));
#1029 = ( GEOMETRIC_REPRESENTATION_CONTEXT(2) 
PARAMETRIC_REPRESENTATION_CONTEXT() REPRESENTATION_CONTEXT('2D SPACE',''
  ) );
#1030 = PCURVE('',#1031,#1036);
#1031 = PLANE('',#1032);
#1032 = AXIS2_PLACEMENT_3D('',#1033,#1034,#1035);
#1033 = CARTESIAN_POINT('',(21.277502783968,-44.51464466094,
    3.364644660941));
#1034 = DIRECTION('',(0.,-0.382683432365,-0.923879532511));
#1035 = DIRECTION('',(-1.,7.391397279046E-17,-3.061616997868E-17));
#1036 = DEFINITIONAL_REPRESENTATION('',(#1037),#1041);
#1037 = LINE('',#1038,#1039);
#1038 = CARTESIAN_POINT('',(0.,-9.238795325114E-02));
#1039 = VECTOR('',#1040,1.);
#1040 = DIRECTION('',(1.,0.));
#1041 = ( GEOMETRIC_REPRESENTATION_CONTEXT(2) 
PARAMETRIC_REPRESENTATION_CONTEXT() REPRESENTATION_CONTEXT('2D SPACE',''
  ) );
#1042 = ADVANCED_FACE('',(#1043),#260,.T.);
#1043 = FACE_BOUND('',#1044,.T.);
#1044 = EDGE_LOOP('',(#1045,#1046,#1047,#1066));
#1045 = ORIENTED_EDGE('',*,*,#245,.F.);
#1046 = ORIENTED_EDGE('',*,*,#382,.T.);
#1047 = ORIENTED_EDGE('',*,*,#1048,.T.);
#1048 = EDGE_CURVE('',#383,#756,#1049,.T.);
#1049 = SURFACE_CURVE('',#1050,(#1054,#1060),.PCURVE_S1.);
#1050 = LINE('',#1051,#1052);
#1051 = CARTESIAN_POINT('',(26.15,-41.45,3.4));
#1052 = VECTOR('',#1053,1.);
#1053 = DIRECTION('',(-0.923879532511,5.657130561439E-17,0.382683432365)
  );
#1054 = PCURVE('',#260,#1055);
#1055 = DEFINITIONAL_REPRESENTATION('',(#1056),#1059);
#1056 = B_SPLINE_CURVE_WITH_KNOTS('',1,(#1057,#1058),.UNSPECIFIED.,.F.,
  .F.,(2,2),(-0.184775906502,0.),.PIECEWISE_BEZIER_KNOTS.);
#1057 = CARTESIAN_POINT('',(-1.570796326795,7.071067811865E-02));
#1058 = CARTESIAN_POINT('',(-1.570796326795,0.));
#1059 = ( GEOMETRIC_REPRESENTATION_CONTEXT(2) 
PARAMETRIC_REPRESENTATION_CONTEXT() REPRESENTATION_CONTEXT('2D SPACE',''
  ) );
#1060 = PCURVE('',#793,#1061);
#1061 = DEFINITIONAL_REPRESENTATION('',(#1062),#1065);
#1062 = B_SPLINE_CURVE_WITH_KNOTS('',1,(#1063,#1064),.UNSPECIFIED.,.F.,
  .F.,(2,2),(-0.184775906502,0.),.PIECEWISE_BEZIER_KNOTS.);
#1063 = CARTESIAN_POINT('',(0.,-9.238795325113E-02));
#1064 = CARTESIAN_POINT('',(0.,9.238795325112E-02));
#1065 = ( GEOMETRIC_REPRESENTATION_CONTEXT(2) 
PARAMETRIC_REPRESENTATION_CONTEXT() REPRESENTATION_CONTEXT('2D SPACE',''
  ) );
#1066 = ORIENTED_EDGE('',*,*,#755,.F.);
#1067 = ADVANCED_FACE('',(#1068),#366,.T.);
#1068 = FACE_BOUND('',#1069,.F.);
#1069 = EDGE_LOOP('',(#1070,#1091,#1092,#1118));
#1070 = ORIENTED_EDGE('',*,*,#1071,.F.);
#1071 = EDGE_CURVE('',#301,#1072,#1074,.T.);
#1072 = VERTEX_POINT('',#1073);
#1073 = CARTESIAN_POINT('',(-22.4,-45.3,-2.06085148946E-15));
#1074 = SURFACE_CURVE('',#1075,(#1079,#1085),.PCURVE_S1.);
#1075 = LINE('',#1076,#1077);
#1076 = CARTESIAN_POINT('',(-22.4,-45.35,5.E-02));
#1077 = VECTOR('',#1078,1.);
#1078 = DIRECTION('',(-0.,0.707106781187,-0.707106781187));
#1079 = PCURVE('',#366,#1080);
#1080 = DEFINITIONAL_REPRESENTATION('',(#1081),#1084);
#1081 = B_SPLINE_CURVE_WITH_KNOTS('',1,(#1082,#1083),.UNSPECIFIED.,.F.,
  .F.,(2,2),(-7.071067811865E-02,7.071067811866E-02),
  .PIECEWISE_BEZIER_KNOTS.);
#1082 = CARTESIAN_POINT('',(0.,-7.071067811865E-02));
#1083 = CARTESIAN_POINT('',(0.,7.071067811866E-02));
#1084 = ( GEOMETRIC_REPRESENTATION_CONTEXT(2) 
PARAMETRIC_REPRESENTATION_CONTEXT() REPRESENTATION_CONTEXT('2D SPACE',''
  ) );
#1085 = PCURVE('',#607,#1086);
#1086 = DEFINITIONAL_REPRESENTATION('',(#1087),#1090);
#1087 = B_SPLINE_CURVE_WITH_KNOTS('',1,(#1088,#1089),.UNSPECIFIED.,.F.,
  .F.,(2,2),(-7.071067811865E-02,7.071067811866E-02),
  .PIECEWISE_BEZIER_KNOTS.);
#1088 = CARTESIAN_POINT('',(1.570796326795,0.));
#1089 = CARTESIAN_POINT('',(1.570796326795,-1.E-01));
#1090 = ( GEOMETRIC_REPRESENTATION_CONTEXT(2) 
PARAMETRIC_REPRESENTATION_CONTEXT() REPRESENTATION_CONTEXT('2D SPACE',''
  ) );
#1091 = ORIENTED_EDGE('',*,*,#352,.T.);
#1092 = ORIENTED_EDGE('',*,*,#1093,.T.);
#1093 = EDGE_CURVE('',#325,#1094,#1096,.T.);
#1094 = VERTEX_POINT('',#1095);
#1095 = CARTESIAN_POINT('',(22.4,-45.3,-2.06085148946E-15));
#1096 = SURFACE_CURVE('',#1097,(#1101,#1107),.PCURVE_S1.);
#1097 = LINE('',#1098,#1099);
#1098 = CARTESIAN_POINT('',(22.4,-45.35,5.E-02));
#1099 = VECTOR('',#1100,1.);
#1100 = DIRECTION('',(-0.,0.707106781187,-0.707106781187));
#1101 = PCURVE('',#366,#1102);
#1102 = DEFINITIONAL_REPRESENTATION('',(#1103),#1106);
#1103 = B_SPLINE_CURVE_WITH_KNOTS('',1,(#1104,#1105),.UNSPECIFIED.,.F.,
  .F.,(2,2),(-7.071067811865E-02,7.071067811866E-02),
  .PIECEWISE_BEZIER_KNOTS.);
#1104 = CARTESIAN_POINT('',(-44.8,-7.071067811865E-02));
#1105 = CARTESIAN_POINT('',(-44.8,7.071067811866E-02));
#1106 = ( GEOMETRIC_REPRESENTATION_CONTEXT(2) 
PARAMETRIC_REPRESENTATION_CONTEXT() REPRESENTATION_CONTEXT('2D SPACE',''
  ) );
#1107 = PCURVE('',#1108,#1113);
#1108 = CONICAL_SURFACE('',#1109,3.95,0.785398163397);
#1109 = AXIS2_PLACEMENT_3D('',#1110,#1111,#1112);
#1110 = CARTESIAN_POINT('',(22.4,-41.45,0.1));
#1111 = DIRECTION('',(0.,0.,1.));
#1112 = DIRECTION('',(0.,-1.,0.));
#1113 = DEFINITIONAL_REPRESENTATION('',(#1114),#1117);
#1114 = B_SPLINE_CURVE_WITH_KNOTS('',1,(#1115,#1116),.UNSPECIFIED.,.F.,
  .F.,(2,2),(-7.071067811865E-02,7.071067811866E-02),
  .PIECEWISE_BEZIER_KNOTS.);
#1115 = CARTESIAN_POINT('',(0.,0.));
#1116 = CARTESIAN_POINT('',(0.,-1.E-01));
#1117 = ( GEOMETRIC_REPRESENTATION_CONTEXT(2) 
PARAMETRIC_REPRESENTATION_CONTEXT() REPRESENTATION_CONTEXT('2D SPACE',''
  ) );
#1118 = ORIENTED_EDGE('',*,*,#1119,.F.);
#1119 = EDGE_CURVE('',#1072,#1094,#1120,.T.);
#1120 = SURFACE_CURVE('',#1121,(#1125,#1132),.PCURVE_S1.);
#1121 = LINE('',#1122,#1123);
#1122 = CARTESIAN_POINT('',(-22.4,-45.3,0.));
#1123 = VECTOR('',#1124,1.);
#1124 = DIRECTION('',(1.,0.,0.));
#1125 = PCURVE('',#366,#1126);
#1126 = DEFINITIONAL_REPRESENTATION('',(#1127),#1131);
#1127 = LINE('',#1128,#1129);
#1128 = CARTESIAN_POINT('',(-0.,7.071067811866E-02));
#1129 = VECTOR('',#1130,1.);
#1130 = DIRECTION('',(-1.,0.));
#1131 = ( GEOMETRIC_REPRESENTATION_CONTEXT(2) 
PARAMETRIC_REPRESENTATION_CONTEXT() REPRESENTATION_CONTEXT('2D SPACE',''
  ) );
#1132 = PCURVE('',#1133,#1138);
#1133 = PLANE('',#1134);
#1134 = AXIS2_PLACEMENT_3D('',#1135,#1136,#1137);
#1135 = CARTESIAN_POINT('',(0.,1.584485543158E-15,0.));
#1136 = DIRECTION('',(0.,0.,1.));
#1137 = DIRECTION('',(1.,0.,-0.));
#1138 = DEFINITIONAL_REPRESENTATION('',(#1139),#1143);
#1139 = LINE('',#1140,#1141);
#1140 = CARTESIAN_POINT('',(-22.4,-45.3));
#1141 = VECTOR('',#1142,1.);
#1142 = DIRECTION('',(1.,0.));
#1143 = ( GEOMETRIC_REPRESENTATION_CONTEXT(2) 
PARAMETRIC_REPRESENTATION_CONTEXT() REPRESENTATION_CONTEXT('2D SPACE',''
  ) );
#1144 = ADVANCED_FACE('',(#1145),#340,.T.);
#1145 = FACE_BOUND('',#1146,.T.);
#1146 = EDGE_LOOP('',(#1147,#1148,#1172,#1198));
#1147 = ORIENTED_EDGE('',*,*,#324,.F.);
#1148 = ORIENTED_EDGE('',*,*,#1149,.T.);
#1149 = EDGE_CURVE('',#325,#1150,#1152,.T.);
#1150 = VERTEX_POINT('',#1151);
#1151 = CARTESIAN_POINT('',(26.35,-41.45,0.1));
#1152 = SURFACE_CURVE('',#1153,(#1158,#1165),.PCURVE_S1.);
#1153 = CIRCLE('',#1154,3.95);
#1154 = AXIS2_PLACEMENT_3D('',#1155,#1156,#1157);
#1155 = CARTESIAN_POINT('',(22.4,-41.45,0.1));
#1156 = DIRECTION('',(0.,0.,1.));
#1157 = DIRECTION('',(0.,-1.,0.));
#1158 = PCURVE('',#340,#1159);
#1159 = DEFINITIONAL_REPRESENTATION('',(#1160),#1164);
#1160 = LINE('',#1161,#1162);
#1161 = CARTESIAN_POINT('',(0.,0.1));
#1162 = VECTOR('',#1163,1.);
#1163 = DIRECTION('',(1.,0.));
#1164 = ( GEOMETRIC_REPRESENTATION_CONTEXT(2) 
PARAMETRIC_REPRESENTATION_CONTEXT() REPRESENTATION_CONTEXT('2D SPACE',''
  ) );
#1165 = PCURVE('',#1108,#1166);
#1166 = DEFINITIONAL_REPRESENTATION('',(#1167),#1171);
#1167 = LINE('',#1168,#1169);
#1168 = CARTESIAN_POINT('',(0.,-0.));
#1169 = VECTOR('',#1170,1.);
#1170 = DIRECTION('',(1.,-0.));
#1171 = ( GEOMETRIC_REPRESENTATION_CONTEXT(2) 
PARAMETRIC_REPRESENTATION_CONTEXT() REPRESENTATION_CONTEXT('2D SPACE',''
  ) );
#1172 = ORIENTED_EDGE('',*,*,#1173,.T.);
#1173 = EDGE_CURVE('',#1150,#407,#1174,.T.);
#1174 = SURFACE_CURVE('',#1175,(#1179,#1186),.PCURVE_S1.);
#1175 = LINE('',#1176,#1177);
#1176 = CARTESIAN_POINT('',(26.35,-41.45,0.));
#1177 = VECTOR('',#1178,1.);
#1178 = DIRECTION('',(0.,0.,1.));
#1179 = PCURVE('',#340,#1180);
#1180 = DEFINITIONAL_REPRESENTATION('',(#1181),#1185);
#1181 = LINE('',#1182,#1183);
#1182 = CARTESIAN_POINT('',(1.570796326795,0.));
#1183 = VECTOR('',#1184,1.);
#1184 = DIRECTION('',(0.,1.));
#1185 = ( GEOMETRIC_REPRESENTATION_CONTEXT(2) 
PARAMETRIC_REPRESENTATION_CONTEXT() REPRESENTATION_CONTEXT('2D SPACE',''
  ) );
#1186 = PCURVE('',#1187,#1192);
#1187 = PLANE('',#1188);
#1188 = AXIS2_PLACEMENT_3D('',#1189,#1190,#1191);
#1189 = CARTESIAN_POINT('',(26.35,-45.4,0.));
#1190 = DIRECTION('',(-1.,0.,0.));
#1191 = DIRECTION('',(0.,1.,0.));
#1192 = DEFINITIONAL_REPRESENTATION('',(#1193),#1197);
#1193 = LINE('',#1194,#1195);
#1194 = CARTESIAN_POINT('',(3.95,0.));
#1195 = VECTOR('',#1196,1.);
#1196 = DIRECTION('',(0.,-1.));
#1197 = ( GEOMETRIC_REPRESENTATION_CONTEXT(2) 
PARAMETRIC_REPRESENTATION_CONTEXT() REPRESENTATION_CONTEXT('2D SPACE',''
  ) );
#1198 = ORIENTED_EDGE('',*,*,#432,.F.);
#1199 = ADVANCED_FACE('',(#1200),#421,.F.);
#1200 = FACE_BOUND('',#1201,.F.);
#1201 = EDGE_LOOP('',(#1202,#1203,#1226,#1252));
#1202 = ORIENTED_EDGE('',*,*,#406,.F.);
#1203 = ORIENTED_EDGE('',*,*,#1204,.T.);
#1204 = EDGE_CURVE('',#383,#1205,#1207,.T.);
#1205 = VERTEX_POINT('',#1206);
#1206 = CARTESIAN_POINT('',(26.320710678119,41.45,3.329289321881));
#1207 = SURFACE_CURVE('',#1208,(#1212,#1219),.PCURVE_S1.);
#1208 = LINE('',#1209,#1210);
#1209 = CARTESIAN_POINT('',(26.320710678119,-41.45,3.329289321881));
#1210 = VECTOR('',#1211,1.);
#1211 = DIRECTION('',(0.,1.,0.));
#1212 = PCURVE('',#421,#1213);
#1213 = DEFINITIONAL_REPRESENTATION('',(#1214),#1218);
#1214 = LINE('',#1215,#1216);
#1215 = CARTESIAN_POINT('',(0.,2.928932188134E-02));
#1216 = VECTOR('',#1217,1.);
#1217 = DIRECTION('',(1.,0.));
#1218 = ( GEOMETRIC_REPRESENTATION_CONTEXT(2) 
PARAMETRIC_REPRESENTATION_CONTEXT() REPRESENTATION_CONTEXT('2D SPACE',''
  ) );
#1219 = PCURVE('',#793,#1220);
#1220 = DEFINITIONAL_REPRESENTATION('',(#1221),#1225);
#1221 = LINE('',#1222,#1223);
#1222 = CARTESIAN_POINT('',(-0.,-9.238795325113E-02));
#1223 = VECTOR('',#1224,1.);
#1224 = DIRECTION('',(-1.,0.));
#1225 = ( GEOMETRIC_REPRESENTATION_CONTEXT(2) 
PARAMETRIC_REPRESENTATION_CONTEXT() REPRESENTATION_CONTEXT('2D SPACE',''
  ) );
#1226 = ORIENTED_EDGE('',*,*,#1227,.T.);
#1227 = EDGE_CURVE('',#1205,#1228,#1230,.T.);
#1228 = VERTEX_POINT('',#1229);
#1229 = CARTESIAN_POINT('',(26.35,41.45,3.3));
#1230 = SURFACE_CURVE('',#1231,(#1235,#1241),.PCURVE_S1.);
#1231 = LINE('',#1232,#1233);
#1232 = CARTESIAN_POINT('',(26.35,41.45,3.3));
#1233 = VECTOR('',#1234,1.);
#1234 = DIRECTION('',(0.707106781187,0.,-0.707106781187));
#1235 = PCURVE('',#421,#1236);
#1236 = DEFINITIONAL_REPRESENTATION('',(#1237),#1240);
#1237 = B_SPLINE_CURVE_WITH_KNOTS('',1,(#1238,#1239),.UNSPECIFIED.,.F.,
  .F.,(2,2),(-0.141421356237,0.),.PIECEWISE_BEZIER_KNOTS.);
#1238 = CARTESIAN_POINT('',(82.9,-7.071067811866E-02));
#1239 = CARTESIAN_POINT('',(82.9,7.071067811865E-02));
#1240 = ( GEOMETRIC_REPRESENTATION_CONTEXT(2) 
PARAMETRIC_REPRESENTATION_CONTEXT() REPRESENTATION_CONTEXT('2D SPACE',''
  ) );
#1241 = PCURVE('',#1242,#1247);
#1242 = CONICAL_SURFACE('',#1243,3.95,0.785398163397);
#1243 = AXIS2_PLACEMENT_3D('',#1244,#1245,#1246);
#1244 = CARTESIAN_POINT('',(22.4,41.45,3.3));
#1245 = DIRECTION('',(-0.,-0.,-1.));
#1246 = DIRECTION('',(1.,0.,0.));
#1247 = DEFINITIONAL_REPRESENTATION('',(#1248),#1251);
#1248 = B_SPLINE_CURVE_WITH_KNOTS('',1,(#1249,#1250),.UNSPECIFIED.,.F.,
  .F.,(2,2),(-0.141421356237,0.),.PIECEWISE_BEZIER_KNOTS.);
#1249 = CARTESIAN_POINT('',(0.,-1.E-01));
#1250 = CARTESIAN_POINT('',(0.,0.));
#1251 = ( GEOMETRIC_REPRESENTATION_CONTEXT(2) 
PARAMETRIC_REPRESENTATION_CONTEXT() REPRESENTATION_CONTEXT('2D SPACE',''
  ) );
#1252 = ORIENTED_EDGE('',*,*,#1253,.F.);
#1253 = EDGE_CURVE('',#407,#1228,#1254,.T.);
#1254 = SURFACE_CURVE('',#1255,(#1259,#1266),.PCURVE_S1.);
#1255 = LINE('',#1256,#1257);
#1256 = CARTESIAN_POINT('',(26.35,-41.45,3.3));
#1257 = VECTOR('',#1258,1.);
#1258 = DIRECTION('',(0.,1.,0.));
#1259 = PCURVE('',#421,#1260);
#1260 = DEFINITIONAL_REPRESENTATION('',(#1261),#1265);
#1261 = LINE('',#1262,#1263);
#1262 = CARTESIAN_POINT('',(0.,7.071067811865E-02));
#1263 = VECTOR('',#1264,1.);
#1264 = DIRECTION('',(1.,0.));
#1265 = ( GEOMETRIC_REPRESENTATION_CONTEXT(2) 
PARAMETRIC_REPRESENTATION_CONTEXT() REPRESENTATION_CONTEXT('2D SPACE',''
  ) );
#1266 = PCURVE('',#1187,#1267);
#1267 = DEFINITIONAL_REPRESENTATION('',(#1268),#1272);
#1268 = LINE('',#1269,#1270);
#1269 = CARTESIAN_POINT('',(3.95,-3.3));
#1270 = VECTOR('',#1271,1.);
#1271 = DIRECTION('',(1.,0.));
#1272 = ( GEOMETRIC_REPRESENTATION_CONTEXT(2) 
PARAMETRIC_REPRESENTATION_CONTEXT() REPRESENTATION_CONTEXT('2D SPACE',''
  ) );
#1273 = ADVANCED_FACE('',(#1274),#474,.T.);
#1274 = FACE_BOUND('',#1275,.F.);
#1275 = EDGE_LOOP('',(#1276,#1304,#1326,#1327));
#1276 = ORIENTED_EDGE('',*,*,#1277,.F.);
#1277 = EDGE_CURVE('',#1278,#1280,#1282,.T.);
#1278 = VERTEX_POINT('',#1279);
#1279 = CARTESIAN_POINT('',(-22.4,45.370710678119,3.329289321881));
#1280 = VERTEX_POINT('',#1281);
#1281 = CARTESIAN_POINT('',(-22.4,45.4,3.3));
#1282 = SURFACE_CURVE('',#1283,(#1287,#1293),.PCURVE_S1.);
#1283 = LINE('',#1284,#1285);
#1284 = CARTESIAN_POINT('',(-22.4,45.35,3.35));
#1285 = VECTOR('',#1286,1.);
#1286 = DIRECTION('',(0.,0.707106781187,-0.707106781187));
#1287 = PCURVE('',#474,#1288);
#1288 = DEFINITIONAL_REPRESENTATION('',(#1289),#1292);
#1289 = B_SPLINE_CURVE_WITH_KNOTS('',1,(#1290,#1291),.UNSPECIFIED.,.F.,
  .F.,(2,2),(-7.071067811866E-02,7.071067811865E-02),
  .PIECEWISE_BEZIER_KNOTS.);
#1290 = CARTESIAN_POINT('',(0.,-1.E-01));
#1291 = CARTESIAN_POINT('',(0.,2.296260220825E-15));
#1292 = ( GEOMETRIC_REPRESENTATION_CONTEXT(2) 
PARAMETRIC_REPRESENTATION_CONTEXT() REPRESENTATION_CONTEXT('2D SPACE',''
  ) );
#1293 = PCURVE('',#1294,#1299);
#1294 = PLANE('',#1295);
#1295 = AXIS2_PLACEMENT_3D('',#1296,#1297,#1298);
#1296 = CARTESIAN_POINT('',(22.4,45.35,3.35));
#1297 = DIRECTION('',(8.674484698258E-19,-0.707106781187,-0.707106781187
    ));
#1298 = DIRECTION('',(-1.,-6.133786953437E-19,-6.133786953437E-19));
#1299 = DEFINITIONAL_REPRESENTATION('',(#1300),#1303);
#1300 = B_SPLINE_CURVE_WITH_KNOTS('',1,(#1301,#1302),.UNSPECIFIED.,.F.,
  .F.,(2,2),(-7.071067811866E-02,7.071067811865E-02),
  .PIECEWISE_BEZIER_KNOTS.);
#1301 = CARTESIAN_POINT('',(44.8,-7.071067811866E-02));
#1302 = CARTESIAN_POINT('',(44.8,7.071067811865E-02));
#1303 = ( GEOMETRIC_REPRESENTATION_CONTEXT(2) 
PARAMETRIC_REPRESENTATION_CONTEXT() REPRESENTATION_CONTEXT('2D SPACE',''
  ) );
#1304 = ORIENTED_EDGE('',*,*,#1305,.T.);
#1305 = EDGE_CURVE('',#1278,#458,#1306,.T.);
#1306 = SURFACE_CURVE('',#1307,(#1312,#1319),.PCURVE_S1.);
#1307 = CIRCLE('',#1308,3.920710678119);
#1308 = AXIS2_PLACEMENT_3D('',#1309,#1310,#1311);
#1309 = CARTESIAN_POINT('',(-22.4,41.45,3.329289321881));
#1310 = DIRECTION('',(0.,0.,1.));
#1311 = DIRECTION('',(0.,1.,-0.));
#1312 = PCURVE('',#474,#1313);
#1313 = DEFINITIONAL_REPRESENTATION('',(#1314),#1318);
#1314 = LINE('',#1315,#1316);
#1315 = CARTESIAN_POINT('',(-0.,-2.928932188135E-02));
#1316 = VECTOR('',#1317,1.);
#1317 = DIRECTION('',(-1.,0.));
#1318 = ( GEOMETRIC_REPRESENTATION_CONTEXT(2) 
PARAMETRIC_REPRESENTATION_CONTEXT() REPRESENTATION_CONTEXT('2D SPACE',''
  ) );
#1319 = PCURVE('',#720,#1320);
#1320 = DEFINITIONAL_REPRESENTATION('',(#1321),#1325);
#1321 = LINE('',#1322,#1323);
#1322 = CARTESIAN_POINT('',(0.,7.071067811865E-02));
#1323 = VECTOR('',#1324,1.);
#1324 = DIRECTION('',(-1.,-0.));
#1325 = ( GEOMETRIC_REPRESENTATION_CONTEXT(2) 
PARAMETRIC_REPRESENTATION_CONTEXT() REPRESENTATION_CONTEXT('2D SPACE',''
  ) );
#1326 = ORIENTED_EDGE('',*,*,#457,.T.);
#1327 = ORIENTED_EDGE('',*,*,#1328,.F.);
#1328 = EDGE_CURVE('',#1280,#460,#1329,.T.);
#1329 = SURFACE_CURVE('',#1330,(#1335,#1342),.PCURVE_S1.);
#1330 = CIRCLE('',#1331,3.95);
#1331 = AXIS2_PLACEMENT_3D('',#1332,#1333,#1334);
#1332 = CARTESIAN_POINT('',(-22.4,41.45,3.3));
#1333 = DIRECTION('',(0.,0.,1.));
#1334 = DIRECTION('',(0.,1.,-0.));
#1335 = PCURVE('',#474,#1336);
#1336 = DEFINITIONAL_REPRESENTATION('',(#1337),#1341);
#1337 = LINE('',#1338,#1339);
#1338 = CARTESIAN_POINT('',(-0.,0.));
#1339 = VECTOR('',#1340,1.);
#1340 = DIRECTION('',(-1.,0.));
#1341 = ( GEOMETRIC_REPRESENTATION_CONTEXT(2) 
PARAMETRIC_REPRESENTATION_CONTEXT() REPRESENTATION_CONTEXT('2D SPACE',''
  ) );
#1342 = PCURVE('',#1343,#1348);
#1343 = CYLINDRICAL_SURFACE('',#1344,3.95);
#1344 = AXIS2_PLACEMENT_3D('',#1345,#1346,#1347);
#1345 = CARTESIAN_POINT('',(-22.4,41.45,0.));
#1346 = DIRECTION('',(0.,0.,1.));
#1347 = DIRECTION('',(-0.,1.,0.));
#1348 = DEFINITIONAL_REPRESENTATION('',(#1349),#1353);
#1349 = LINE('',#1350,#1351);
#1350 = CARTESIAN_POINT('',(0.,3.3));
#1351 = VECTOR('',#1352,1.);
#1352 = DIRECTION('',(1.,0.));
#1353 = ( GEOMETRIC_REPRESENTATION_CONTEXT(2) 
PARAMETRIC_REPRESENTATION_CONTEXT() REPRESENTATION_CONTEXT('2D SPACE',''
  ) );
#1354 = ADVANCED_FACE('',(#1355),#499,.F.);
#1355 = FACE_BOUND('',#1356,.T.);
#1356 = EDGE_LOOP('',(#1357,#1376,#1377,#1378));
#1357 = ORIENTED_EDGE('',*,*,#1358,.F.);
#1358 = EDGE_CURVE('',#458,#704,#1359,.T.);
#1359 = SURFACE_CURVE('',#1360,(#1364,#1370),.PCURVE_S1.);
#1360 = LINE('',#1361,#1362);
#1361 = CARTESIAN_POINT('',(-26.15,41.45,3.4));
#1362 = VECTOR('',#1363,1.);
#1363 = DIRECTION('',(0.923879532511,-5.657130561439E-17,0.382683432365)
  );
#1364 = PCURVE('',#499,#1365);
#1365 = DEFINITIONAL_REPRESENTATION('',(#1366),#1369);
#1366 = B_SPLINE_CURVE_WITH_KNOTS('',1,(#1367,#1368),.UNSPECIFIED.,.F.,
  .F.,(2,2),(-0.184775906502,0.),.PIECEWISE_BEZIER_KNOTS.);
#1367 = CARTESIAN_POINT('',(0.,-9.238795325113E-02));
#1368 = CARTESIAN_POINT('',(0.,9.238795325112E-02));
#1369 = ( GEOMETRIC_REPRESENTATION_CONTEXT(2) 
PARAMETRIC_REPRESENTATION_CONTEXT() REPRESENTATION_CONTEXT('2D SPACE',''
  ) );
#1370 = PCURVE('',#720,#1371);
#1371 = DEFINITIONAL_REPRESENTATION('',(#1372),#1375);
#1372 = B_SPLINE_CURVE_WITH_KNOTS('',1,(#1373,#1374),.UNSPECIFIED.,.F.,
  .F.,(2,2),(-0.184775906502,0.),.PIECEWISE_BEZIER_KNOTS.);
#1373 = CARTESIAN_POINT('',(-1.570796326795,7.071067811865E-02));
#1374 = CARTESIAN_POINT('',(-1.570796326795,0.));
#1375 = ( GEOMETRIC_REPRESENTATION_CONTEXT(2) 
PARAMETRIC_REPRESENTATION_CONTEXT() REPRESENTATION_CONTEXT('2D SPACE',''
  ) );
#1376 = ORIENTED_EDGE('',*,*,#485,.T.);
#1377 = ORIENTED_EDGE('',*,*,#541,.T.);
#1378 = ORIENTED_EDGE('',*,*,#732,.F.);
#1379 = ADVANCED_FACE('',(#1380),#526,.F.);
#1380 = FACE_BOUND('',#1381,.F.);
#1381 = EDGE_LOOP('',(#1382,#1405,#1406,#1407));
#1382 = ORIENTED_EDGE('',*,*,#1383,.T.);
#1383 = EDGE_CURVE('',#1384,#460,#1386,.T.);
#1384 = VERTEX_POINT('',#1385);
#1385 = CARTESIAN_POINT('',(-26.35,41.45,0.1));
#1386 = SURFACE_CURVE('',#1387,(#1391,#1398),.PCURVE_S1.);
#1387 = LINE('',#1388,#1389);
#1388 = CARTESIAN_POINT('',(-26.35,41.45,0.));
#1389 = VECTOR('',#1390,1.);
#1390 = DIRECTION('',(0.,0.,1.));
#1391 = PCURVE('',#526,#1392);
#1392 = DEFINITIONAL_REPRESENTATION('',(#1393),#1397);
#1393 = LINE('',#1394,#1395);
#1394 = CARTESIAN_POINT('',(3.95,0.));
#1395 = VECTOR('',#1396,1.);
#1396 = DIRECTION('',(0.,-1.));
#1397 = ( GEOMETRIC_REPRESENTATION_CONTEXT(2) 
PARAMETRIC_REPRESENTATION_CONTEXT() REPRESENTATION_CONTEXT('2D SPACE',''
  ) );
#1398 = PCURVE('',#1343,#1399);
#1399 = DEFINITIONAL_REPRESENTATION('',(#1400),#1404);
#1400 = LINE('',#1401,#1402);
#1401 = CARTESIAN_POINT('',(1.570796326795,0.));
#1402 = VECTOR('',#1403,1.);
#1403 = DIRECTION('',(0.,1.));
#1404 = ( GEOMETRIC_REPRESENTATION_CONTEXT(2) 
PARAMETRIC_REPRESENTATION_CONTEXT() REPRESENTATION_CONTEXT('2D SPACE',''
  ) );
#1405 = ORIENTED_EDGE('',*,*,#512,.T.);
#1406 = ORIENTED_EDGE('',*,*,#619,.F.);
#1407 = ORIENTED_EDGE('',*,*,#1408,.F.);
#1408 = EDGE_CURVE('',#1384,#591,#1409,.T.);
#1409 = SURFACE_CURVE('',#1410,(#1414,#1421),.PCURVE_S1.);
#1410 = LINE('',#1411,#1412);
#1411 = CARTESIAN_POINT('',(-26.35,41.45,0.1));
#1412 = VECTOR('',#1413,1.);
#1413 = DIRECTION('',(0.,-1.,0.));
#1414 = PCURVE('',#526,#1415);
#1415 = DEFINITIONAL_REPRESENTATION('',(#1416),#1420);
#1416 = LINE('',#1417,#1418);
#1417 = CARTESIAN_POINT('',(3.95,-0.1));
#1418 = VECTOR('',#1419,1.);
#1419 = DIRECTION('',(1.,0.));
#1420 = ( GEOMETRIC_REPRESENTATION_CONTEXT(2) 
PARAMETRIC_REPRESENTATION_CONTEXT() REPRESENTATION_CONTEXT('2D SPACE',''
  ) );
#1421 = PCURVE('',#1422,#1427);
#1422 = PLANE('',#1423);
#1423 = AXIS2_PLACEMENT_3D('',#1424,#1425,#1426);
#1424 = CARTESIAN_POINT('',(-26.3,41.45,5.E-02));
#1425 = DIRECTION('',(-0.707106781187,0.,-0.707106781187));
#1426 = DIRECTION('',(-0.,1.,0.));
#1427 = DEFINITIONAL_REPRESENTATION('',(#1428),#1432);
#1428 = LINE('',#1429,#1430);
#1429 = CARTESIAN_POINT('',(-0.,-7.071067811866E-02));
#1430 = VECTOR('',#1431,1.);
#1431 = DIRECTION('',(-1.,0.));
#1432 = ( GEOMETRIC_REPRESENTATION_CONTEXT(2) 
PARAMETRIC_REPRESENTATION_CONTEXT() REPRESENTATION_CONTEXT('2D SPACE',''
  ) );
#1433 = ADVANCED_FACE('',(#1434),#607,.T.);
#1434 = FACE_BOUND('',#1435,.F.);
#1435 = EDGE_LOOP('',(#1436,#1457,#1458,#1459));
#1436 = ORIENTED_EDGE('',*,*,#1437,.F.);
#1437 = EDGE_CURVE('',#591,#1438,#1440,.T.);
#1438 = VERTEX_POINT('',#1439);
#1439 = CARTESIAN_POINT('',(-26.25,-41.45,4.51028103754E-16));
#1440 = SURFACE_CURVE('',#1441,(#1445,#1451),.PCURVE_S1.);
#1441 = LINE('',#1442,#1443);
#1442 = CARTESIAN_POINT('',(-26.3,-41.45,5.E-02));
#1443 = VECTOR('',#1444,1.);
#1444 = DIRECTION('',(0.707106781187,0.,-0.707106781187));
#1445 = PCURVE('',#607,#1446);
#1446 = DEFINITIONAL_REPRESENTATION('',(#1447),#1450);
#1447 = B_SPLINE_CURVE_WITH_KNOTS('',1,(#1448,#1449),.UNSPECIFIED.,.F.,
  .F.,(2,2),(-7.071067811866E-02,7.071067811865E-02),
  .PIECEWISE_BEZIER_KNOTS.);
#1448 = CARTESIAN_POINT('',(0.,0.));
#1449 = CARTESIAN_POINT('',(0.,-0.1));
#1450 = ( GEOMETRIC_REPRESENTATION_CONTEXT(2) 
PARAMETRIC_REPRESENTATION_CONTEXT() REPRESENTATION_CONTEXT('2D SPACE',''
  ) );
#1451 = PCURVE('',#1422,#1452);
#1452 = DEFINITIONAL_REPRESENTATION('',(#1453),#1456);
#1453 = B_SPLINE_CURVE_WITH_KNOTS('',1,(#1454,#1455),.UNSPECIFIED.,.F.,
  .F.,(2,2),(-7.071067811866E-02,7.071067811865E-02),
  .PIECEWISE_BEZIER_KNOTS.);
#1454 = CARTESIAN_POINT('',(-82.9,-7.071067811866E-02));
#1455 = CARTESIAN_POINT('',(-82.9,7.071067811865E-02));
#1456 = ( GEOMETRIC_REPRESENTATION_CONTEXT(2) 
PARAMETRIC_REPRESENTATION_CONTEXT() REPRESENTATION_CONTEXT('2D SPACE',''
  ) );
#1457 = ORIENTED_EDGE('',*,*,#590,.T.);
#1458 = ORIENTED_EDGE('',*,*,#1071,.T.);
#1459 = ORIENTED_EDGE('',*,*,#1460,.F.);
#1460 = EDGE_CURVE('',#1438,#1072,#1461,.T.);
#1461 = SURFACE_CURVE('',#1462,(#1467,#1474),.PCURVE_S1.);
#1462 = CIRCLE('',#1463,3.85);
#1463 = AXIS2_PLACEMENT_3D('',#1464,#1465,#1466);
#1464 = CARTESIAN_POINT('',(-22.4,-41.45,0.));
#1465 = DIRECTION('',(0.,0.,1.));
#1466 = DIRECTION('',(-1.,0.,0.));
#1467 = PCURVE('',#607,#1468);
#1468 = DEFINITIONAL_REPRESENTATION('',(#1469),#1473);
#1469 = LINE('',#1470,#1471);
#1470 = CARTESIAN_POINT('',(0.,-1.E-01));
#1471 = VECTOR('',#1472,1.);
#1472 = DIRECTION('',(1.,-0.));
#1473 = ( GEOMETRIC_REPRESENTATION_CONTEXT(2) 
PARAMETRIC_REPRESENTATION_CONTEXT() REPRESENTATION_CONTEXT('2D SPACE',''
  ) );
#1474 = PCURVE('',#1133,#1475);
#1475 = DEFINITIONAL_REPRESENTATION('',(#1476),#1480);
#1476 = CIRCLE('',#1477,3.85);
#1477 = AXIS2_PLACEMENT_2D('',#1478,#1479);
#1478 = CARTESIAN_POINT('',(-22.4,-41.45));
#1479 = DIRECTION('',(-1.,0.));
#1480 = ( GEOMETRIC_REPRESENTATION_CONTEXT(2) 
PARAMETRIC_REPRESENTATION_CONTEXT() REPRESENTATION_CONTEXT('2D SPACE',''
  ) );
#1481 = ADVANCED_FACE('',(#1482),#663,.T.);
#1482 = FACE_BOUND('',#1483,.T.);
#1483 = EDGE_LOOP('',(#1484,#1503,#1527,#1546));
#1484 = ORIENTED_EDGE('',*,*,#1485,.F.);
#1485 = EDGE_CURVE('',#1205,#645,#1486,.T.);
#1486 = SURFACE_CURVE('',#1487,(#1491,#1497),.PCURVE_S1.);
#1487 = LINE('',#1488,#1489);
#1488 = CARTESIAN_POINT('',(26.15,41.45,3.4));
#1489 = VECTOR('',#1490,1.);
#1490 = DIRECTION('',(-0.923879532511,0.,0.382683432365));
#1491 = PCURVE('',#663,#1492);
#1492 = DEFINITIONAL_REPRESENTATION('',(#1493),#1496);
#1493 = B_SPLINE_CURVE_WITH_KNOTS('',1,(#1494,#1495),.UNSPECIFIED.,.F.,
  .F.,(2,2),(-0.184775906502,0.),.PIECEWISE_BEZIER_KNOTS.);
#1494 = CARTESIAN_POINT('',(0.,7.071067811865E-02));
#1495 = CARTESIAN_POINT('',(0.,0.));
#1496 = ( GEOMETRIC_REPRESENTATION_CONTEXT(2) 
PARAMETRIC_REPRESENTATION_CONTEXT() REPRESENTATION_CONTEXT('2D SPACE',''
  ) );
#1497 = PCURVE('',#793,#1498);
#1498 = DEFINITIONAL_REPRESENTATION('',(#1499),#1502);
#1499 = B_SPLINE_CURVE_WITH_KNOTS('',1,(#1500,#1501),.UNSPECIFIED.,.F.,
  .F.,(2,2),(-0.184775906502,0.),.PIECEWISE_BEZIER_KNOTS.);
#1500 = CARTESIAN_POINT('',(-82.9,-9.238795325113E-02));
#1501 = CARTESIAN_POINT('',(-82.9,9.238795325112E-02));
#1502 = ( GEOMETRIC_REPRESENTATION_CONTEXT(2) 
PARAMETRIC_REPRESENTATION_CONTEXT() REPRESENTATION_CONTEXT('2D SPACE',''
  ) );
#1503 = ORIENTED_EDGE('',*,*,#1504,.T.);
#1504 = EDGE_CURVE('',#1205,#1505,#1507,.T.);
#1505 = VERTEX_POINT('',#1506);
#1506 = CARTESIAN_POINT('',(22.4,45.370710678119,3.329289321881));
#1507 = SURFACE_CURVE('',#1508,(#1513,#1520),.PCURVE_S1.);
#1508 = CIRCLE('',#1509,3.920710678119);
#1509 = AXIS2_PLACEMENT_3D('',#1510,#1511,#1512);
#1510 = CARTESIAN_POINT('',(22.4,41.45,3.329289321881));
#1511 = DIRECTION('',(0.,0.,1.));
#1512 = DIRECTION('',(1.,0.,-0.));
#1513 = PCURVE('',#663,#1514);
#1514 = DEFINITIONAL_REPRESENTATION('',(#1515),#1519);
#1515 = LINE('',#1516,#1517);
#1516 = CARTESIAN_POINT('',(0.,7.071067811865E-02));
#1517 = VECTOR('',#1518,1.);
#1518 = DIRECTION('',(-1.,-0.));
#1519 = ( GEOMETRIC_REPRESENTATION_CONTEXT(2) 
PARAMETRIC_REPRESENTATION_CONTEXT() REPRESENTATION_CONTEXT('2D SPACE',''
  ) );
#1520 = PCURVE('',#1242,#1521);
#1521 = DEFINITIONAL_REPRESENTATION('',(#1522),#1526);
#1522 = LINE('',#1523,#1524);
#1523 = CARTESIAN_POINT('',(-0.,-2.928932188134E-02));
#1524 = VECTOR('',#1525,1.);
#1525 = DIRECTION('',(-1.,0.));
#1526 = ( GEOMETRIC_REPRESENTATION_CONTEXT(2) 
PARAMETRIC_REPRESENTATION_CONTEXT() REPRESENTATION_CONTEXT('2D SPACE',''
  ) );
#1527 = ORIENTED_EDGE('',*,*,#1528,.T.);
#1528 = EDGE_CURVE('',#1505,#647,#1529,.T.);
#1529 = SURFACE_CURVE('',#1530,(#1534,#1540),.PCURVE_S1.);
#1530 = LINE('',#1531,#1532);
#1531 = CARTESIAN_POINT('',(22.4,45.2,3.4));
#1532 = VECTOR('',#1533,1.);
#1533 = DIRECTION('',(-5.657130561439E-17,-0.923879532511,0.382683432365
    ));
#1534 = PCURVE('',#663,#1535);
#1535 = DEFINITIONAL_REPRESENTATION('',(#1536),#1539);
#1536 = B_SPLINE_CURVE_WITH_KNOTS('',1,(#1537,#1538),.UNSPECIFIED.,.F.,
  .F.,(2,2),(-0.184775906502,0.),.PIECEWISE_BEZIER_KNOTS.);
#1537 = CARTESIAN_POINT('',(-1.570796326795,7.071067811865E-02));
#1538 = CARTESIAN_POINT('',(-1.570796326795,0.));
#1539 = ( GEOMETRIC_REPRESENTATION_CONTEXT(2) 
PARAMETRIC_REPRESENTATION_CONTEXT() REPRESENTATION_CONTEXT('2D SPACE',''
  ) );
#1540 = PCURVE('',#691,#1541);
#1541 = DEFINITIONAL_REPRESENTATION('',(#1542),#1545);
#1542 = B_SPLINE_CURVE_WITH_KNOTS('',1,(#1543,#1544),.UNSPECIFIED.,.F.,
  .F.,(2,2),(-0.184775906502,0.),.PIECEWISE_BEZIER_KNOTS.);
#1543 = CARTESIAN_POINT('',(0.,-9.238795325113E-02));
#1544 = CARTESIAN_POINT('',(0.,9.238795325112E-02));
#1545 = ( GEOMETRIC_REPRESENTATION_CONTEXT(2) 
PARAMETRIC_REPRESENTATION_CONTEXT() REPRESENTATION_CONTEXT('2D SPACE',''
  ) );
#1546 = ORIENTED_EDGE('',*,*,#644,.F.);
#1547 = ADVANCED_FACE('',(#1548),#793,.F.);
#1548 = FACE_BOUND('',#1549,.T.);
#1549 = EDGE_LOOP('',(#1550,#1551,#1552,#1553));
#1550 = ORIENTED_EDGE('',*,*,#1048,.F.);
#1551 = ORIENTED_EDGE('',*,*,#1204,.T.);
#1552 = ORIENTED_EDGE('',*,*,#1485,.T.);
#1553 = ORIENTED_EDGE('',*,*,#779,.F.);
#1554 = ADVANCED_FACE('',(#1555),#691,.F.);
#1555 = FACE_BOUND('',#1556,.T.);
#1556 = EDGE_LOOP('',(#1557,#1558,#1579,#1598));
#1557 = ORIENTED_EDGE('',*,*,#1528,.F.);
#1558 = ORIENTED_EDGE('',*,*,#1559,.T.);
#1559 = EDGE_CURVE('',#1505,#1278,#1560,.T.);
#1560 = SURFACE_CURVE('',#1561,(#1565,#1572),.PCURVE_S1.);
#1561 = LINE('',#1562,#1563);
#1562 = CARTESIAN_POINT('',(22.4,45.370710678119,3.329289321881));
#1563 = VECTOR('',#1564,1.);
#1564 = DIRECTION('',(-1.,0.,0.));
#1565 = PCURVE('',#691,#1566);
#1566 = DEFINITIONAL_REPRESENTATION('',(#1567),#1571);
#1567 = LINE('',#1568,#1569);
#1568 = CARTESIAN_POINT('',(-0.,-9.238795325113E-02));
#1569 = VECTOR('',#1570,1.);
#1570 = DIRECTION('',(-1.,0.));
#1571 = ( GEOMETRIC_REPRESENTATION_CONTEXT(2) 
PARAMETRIC_REPRESENTATION_CONTEXT() REPRESENTATION_CONTEXT('2D SPACE',''
  ) );
#1572 = PCURVE('',#1294,#1573);
#1573 = DEFINITIONAL_REPRESENTATION('',(#1574),#1578);
#1574 = LINE('',#1575,#1576);
#1575 = CARTESIAN_POINT('',(0.,2.928932188135E-02));
#1576 = VECTOR('',#1577,1.);
#1577 = DIRECTION('',(1.,0.));
#1578 = ( GEOMETRIC_REPRESENTATION_CONTEXT(2) 
PARAMETRIC_REPRESENTATION_CONTEXT() REPRESENTATION_CONTEXT('2D SPACE',''
  ) );
#1579 = ORIENTED_EDGE('',*,*,#1580,.T.);
#1580 = EDGE_CURVE('',#1278,#676,#1581,.T.);
#1581 = SURFACE_CURVE('',#1582,(#1586,#1592),.PCURVE_S1.);
#1582 = LINE('',#1583,#1584);
#1583 = CARTESIAN_POINT('',(-22.4,45.285355339059,3.364644660941));
#1584 = VECTOR('',#1585,1.);
#1585 = DIRECTION('',(0.,-0.923879532511,0.382683432365));
#1586 = PCURVE('',#691,#1587);
#1587 = DEFINITIONAL_REPRESENTATION('',(#1588),#1591);
#1588 = B_SPLINE_CURVE_WITH_KNOTS('',1,(#1589,#1590),.UNSPECIFIED.,.F.,
  .F.,(2,2),(-9.238795325113E-02,9.238795325113E-02),
  .PIECEWISE_BEZIER_KNOTS.);
#1589 = CARTESIAN_POINT('',(-44.8,-9.238795325113E-02));
#1590 = CARTESIAN_POINT('',(-44.8,9.238795325113E-02));
#1591 = ( GEOMETRIC_REPRESENTATION_CONTEXT(2) 
PARAMETRIC_REPRESENTATION_CONTEXT() REPRESENTATION_CONTEXT('2D SPACE',''
  ) );
#1592 = PCURVE('',#720,#1593);
#1593 = DEFINITIONAL_REPRESENTATION('',(#1594),#1597);
#1594 = B_SPLINE_CURVE_WITH_KNOTS('',1,(#1595,#1596),.UNSPECIFIED.,.F.,
  .F.,(2,2),(-9.238795325113E-02,9.238795325113E-02),
  .PIECEWISE_BEZIER_KNOTS.);
#1595 = CARTESIAN_POINT('',(0.,7.071067811865E-02));
#1596 = CARTESIAN_POINT('',(0.,-9.240791081156E-16));
#1597 = ( GEOMETRIC_REPRESENTATION_CONTEXT(2) 
PARAMETRIC_REPRESENTATION_CONTEXT() REPRESENTATION_CONTEXT('2D SPACE',''
  ) );
#1598 = ORIENTED_EDGE('',*,*,#675,.F.);
#1599 = ADVANCED_FACE('',(#1600),#720,.T.);
#1600 = FACE_BOUND('',#1601,.T.);
#1601 = EDGE_LOOP('',(#1602,#1603,#1604,#1605));
#1602 = ORIENTED_EDGE('',*,*,#1580,.F.);
#1603 = ORIENTED_EDGE('',*,*,#1305,.T.);
#1604 = ORIENTED_EDGE('',*,*,#1358,.T.);
#1605 = ORIENTED_EDGE('',*,*,#703,.F.);
#1606 = ADVANCED_FACE('',(#1607),#830,.F.);
#1607 = FACE_BOUND('',#1608,.F.);
#1608 = EDGE_LOOP('',(#1609,#1636,#1637,#1664));
#1609 = ORIENTED_EDGE('',*,*,#1610,.F.);
#1610 = EDGE_CURVE('',#808,#1611,#1613,.T.);
#1611 = VERTEX_POINT('',#1612);
#1612 = CARTESIAN_POINT('',(-21.29017310865,-44.42928932188,
    3.329289321881));
#1613 = SURFACE_CURVE('',#1614,(#1619,#1629),.PCURVE_S1.);
#1614 = PARABOLA('',#1615,9.238795325117E-02);
#1615 = AXIS2_PLACEMENT_3D('',#1616,#1617,#1618);
#1616 = CARTESIAN_POINT('',(-22.4,-41.35,2.053805922287));
#1617 = DIRECTION('',(0.,-0.382683432365,-0.923879532511));
#1618 = DIRECTION('',(0.,-0.923879532511,0.382683432365));
#1619 = PCURVE('',#830,#1620);
#1620 = DEFINITIONAL_REPRESENTATION('',(#1621),#1628);
#1621 = B_SPLINE_CURVE_WITH_KNOTS('',5,(#1622,#1623,#1624,#1625,#1626,
    #1627),.UNSPECIFIED.,.F.,.F.,(6,6),(-1.140175425099,-1.109826891345)
  ,.PIECEWISE_BEZIER_KNOTS.);
#1622 = CARTESIAN_POINT('',(-5.35765446688E-03,-6.508239750389E-13));
#1623 = CARTESIAN_POINT('',(-3.545801705441E-03,-1.433288790812E-02));
#1624 = CARTESIAN_POINT('',(-1.710555322667E-03,-2.857039967353E-02));
#1625 = CARTESIAN_POINT('',(1.486825908685E-04,-4.271253529747E-02));
#1626 = CARTESIAN_POINT('',(2.032540118868E-03,-5.675929477922E-02));
#1627 = CARTESIAN_POINT('',(3.941679595116E-03,-7.071067811916E-02));
#1628 = ( GEOMETRIC_REPRESENTATION_CONTEXT(2) 
PARAMETRIC_REPRESENTATION_CONTEXT() REPRESENTATION_CONTEXT('2D SPACE',''
  ) );
#1629 = PCURVE('',#1031,#1630);
#1630 = DEFINITIONAL_REPRESENTATION('',(#1631),#1635);
#1631 = B_SPLINE_CURVE_WITH_KNOTS('',2,(#1632,#1633,#1634),
  .UNSPECIFIED.,.F.,.F.,(3,3),(-1.140175425099,-1.109826891345),
  .PIECEWISE_BEZIER_KNOTS.);
#1632 = CARTESIAN_POINT('',(42.537327358869,-9.238795324944E-02));
#1633 = CARTESIAN_POINT('',(42.552501625746,1.246149348688E-03));
#1634 = CARTESIAN_POINT('',(42.567675892623,9.238795325253E-02));
#1635 = ( GEOMETRIC_REPRESENTATION_CONTEXT(2) 
PARAMETRIC_REPRESENTATION_CONTEXT() REPRESENTATION_CONTEXT('2D SPACE',''
  ) );
#1636 = ORIENTED_EDGE('',*,*,#807,.T.);
#1637 = ORIENTED_EDGE('',*,*,#1638,.T.);
#1638 = EDGE_CURVE('',#810,#1639,#1641,.T.);
#1639 = VERTEX_POINT('',#1640);
#1640 = CARTESIAN_POINT('',(-25.37928932188,-40.34017310865,
    3.329289321881));
#1641 = SURFACE_CURVE('',#1642,(#1647,#1657),.PCURVE_S1.);
#1642 = PARABOLA('',#1643,9.238795325114E-02);
#1643 = AXIS2_PLACEMENT_3D('',#1644,#1645,#1646);
#1644 = CARTESIAN_POINT('',(-22.3,-41.45,2.053805922287));
#1645 = DIRECTION('',(0.382683432365,0.,0.923879532511));
#1646 = DIRECTION('',(-0.923879532511,0.,0.382683432365));
#1647 = PCURVE('',#830,#1648);
#1648 = DEFINITIONAL_REPRESENTATION('',(#1649),#1656);
#1649 = B_SPLINE_CURVE_WITH_KNOTS('',5,(#1650,#1651,#1652,#1653,#1654,
    #1655),.UNSPECIFIED.,.F.,.F.,(6,6),(-1.140175425099,-1.109826891345)
  ,.PIECEWISE_BEZIER_KNOTS.);
#1650 = CARTESIAN_POINT('',(-2.270734027591,-1.745244880693E-13));
#1651 = CARTESIAN_POINT('',(-2.272545880352,-1.433288790767E-02));
#1652 = CARTESIAN_POINT('',(-2.274381126735,-2.85703996733E-02));
#1653 = CARTESIAN_POINT('',(-2.276240364649,-4.271253529702E-02));
#1654 = CARTESIAN_POINT('',(-2.278124222177,-5.675929477888E-02));
#1655 = CARTESIAN_POINT('',(-2.280033361653,-7.071067811885E-02));
#1656 = ( GEOMETRIC_REPRESENTATION_CONTEXT(2) 
PARAMETRIC_REPRESENTATION_CONTEXT() REPRESENTATION_CONTEXT('2D SPACE',''
  ) );
#1657 = PCURVE('',#858,#1658);
#1658 = DEFINITIONAL_REPRESENTATION('',(#1659),#1663);
#1659 = B_SPLINE_CURVE_WITH_KNOTS('',2,(#1660,#1661,#1662),
  .UNSPECIFIED.,.F.,.F.,(3,3),(-1.140175425099,-1.109826891345),
  .PIECEWISE_BEZIER_KNOTS.);
#1660 = CARTESIAN_POINT('',(1.767820906723E-02,-9.238795325064E-02));
#1661 = CARTESIAN_POINT('',(2.50394219016E-03,1.246149347659E-03));
#1662 = CARTESIAN_POINT('',(-1.267032468691E-02,9.238795325166E-02));
#1663 = ( GEOMETRIC_REPRESENTATION_CONTEXT(2) 
PARAMETRIC_REPRESENTATION_CONTEXT() REPRESENTATION_CONTEXT('2D SPACE',''
  ) );
#1664 = ORIENTED_EDGE('',*,*,#1665,.F.);
#1665 = EDGE_CURVE('',#1611,#1639,#1666,.T.);
#1666 = SURFACE_CURVE('',#1667,(#1672,#1679),.PCURVE_S1.);
#1667 = CIRCLE('',#1668,3.179289321881);
#1668 = AXIS2_PLACEMENT_3D('',#1669,#1670,#1671);
#1669 = CARTESIAN_POINT('',(-22.4,-41.45,3.329289321881));
#1670 = DIRECTION('',(0.,-0.,-1.));
#1671 = DIRECTION('',(0.345383758779,-0.938461538462,0.));
#1672 = PCURVE('',#830,#1673);
#1673 = DEFINITIONAL_REPRESENTATION('',(#1674),#1678);
#1674 = LINE('',#1675,#1676);
#1675 = CARTESIAN_POINT('',(-0.,-7.071067811865E-02));
#1676 = VECTOR('',#1677,1.);
#1677 = DIRECTION('',(-1.,-0.));
#1678 = ( GEOMETRIC_REPRESENTATION_CONTEXT(2) 
PARAMETRIC_REPRESENTATION_CONTEXT() REPRESENTATION_CONTEXT('2D SPACE',''
  ) );
#1679 = PCURVE('',#1680,#1685);
#1680 = CONICAL_SURFACE('',#1681,3.15,0.785398163397);
#1681 = AXIS2_PLACEMENT_3D('',#1682,#1683,#1684);
#1682 = CARTESIAN_POINT('',(-22.4,-41.45,3.3));
#1683 = DIRECTION('',(0.,0.,1.));
#1684 = DIRECTION('',(1.,-2.114710523096E-16,0.));
#1685 = DEFINITIONAL_REPRESENTATION('',(#1686),#1690);
#1686 = LINE('',#1687,#1688);
#1687 = CARTESIAN_POINT('',(-1.218148649163,2.928932188135E-02));
#1688 = VECTOR('',#1689,1.);
#1689 = DIRECTION('',(-1.,0.));
#1690 = ( GEOMETRIC_REPRESENTATION_CONTEXT(2) 
PARAMETRIC_REPRESENTATION_CONTEXT() REPRESENTATION_CONTEXT('2D SPACE',''
  ) );
#1691 = ADVANCED_FACE('',(#1692),#1031,.F.);
#1692 = FACE_BOUND('',#1693,.F.);
#1693 = EDGE_LOOP('',(#1694,#1721,#1722,#1723));
#1694 = ORIENTED_EDGE('',*,*,#1695,.F.);
#1695 = EDGE_CURVE('',#989,#1696,#1698,.T.);
#1696 = VERTEX_POINT('',#1697);
#1697 = CARTESIAN_POINT('',(21.290173108655,-44.42928932188,
    3.329289321881));
#1698 = SURFACE_CURVE('',#1699,(#1704,#1711),.PCURVE_S1.);
#1699 = PARABOLA('',#1700,9.238795325117E-02);
#1700 = AXIS2_PLACEMENT_3D('',#1701,#1702,#1703);
#1701 = CARTESIAN_POINT('',(22.4,-41.35,2.053805922287));
#1702 = DIRECTION('',(-0.,0.382683432365,0.923879532511));
#1703 = DIRECTION('',(0.,-0.923879532511,0.382683432365));
#1704 = PCURVE('',#1031,#1705);
#1705 = DEFINITIONAL_REPRESENTATION('',(#1706),#1710);
#1706 = B_SPLINE_CURVE_WITH_KNOTS('',2,(#1707,#1708,#1709),
  .UNSPECIFIED.,.F.,.F.,(3,3),(-1.140175425099,-1.109826891345),
  .PIECEWISE_BEZIER_KNOTS.);
#1707 = CARTESIAN_POINT('',(1.767820906694E-02,-9.238795324743E-02));
#1708 = CARTESIAN_POINT('',(2.503942190041E-03,1.246149349793E-03));
#1709 = CARTESIAN_POINT('',(-1.267032468686E-02,9.238795325278E-02));
#1710 = ( GEOMETRIC_REPRESENTATION_CONTEXT(2) 
PARAMETRIC_REPRESENTATION_CONTEXT() REPRESENTATION_CONTEXT('2D SPACE',''
  ) );
#1711 = PCURVE('',#1005,#1712);
#1712 = DEFINITIONAL_REPRESENTATION('',(#1713),#1720);
#1713 = B_SPLINE_CURVE_WITH_KNOTS('',5,(#1714,#1715,#1716,#1717,#1718,
    #1719),.UNSPECIFIED.,.F.,.F.,(6,6),(-1.140175425099,-1.109826891345)
  ,.PIECEWISE_BEZIER_KNOTS.);
#1714 = CARTESIAN_POINT('',(5.35765446677E-03,-1.381930051317E-12));
#1715 = CARTESIAN_POINT('',(3.545801705346E-03,-1.433288790871E-02));
#1716 = CARTESIAN_POINT('',(1.710555322553E-03,-2.857039967417E-02));
#1717 = CARTESIAN_POINT('',(-1.486825909538E-04,-4.271253529774E-02));
#1718 = CARTESIAN_POINT('',(-2.032540118915E-03,-5.675929477944E-02));
#1719 = CARTESIAN_POINT('',(-3.941679595146E-03,-7.071067811925E-02));
#1720 = ( GEOMETRIC_REPRESENTATION_CONTEXT(2) 
PARAMETRIC_REPRESENTATION_CONTEXT() REPRESENTATION_CONTEXT('2D SPACE',''
  ) );
#1721 = ORIENTED_EDGE('',*,*,#1017,.T.);
#1722 = ORIENTED_EDGE('',*,*,#1610,.T.);
#1723 = ORIENTED_EDGE('',*,*,#1724,.F.);
#1724 = EDGE_CURVE('',#1696,#1611,#1725,.T.);
#1725 = SURFACE_CURVE('',#1726,(#1730,#1737),.PCURVE_S1.);
#1726 = LINE('',#1727,#1728);
#1727 = CARTESIAN_POINT('',(21.277502783968,-44.42928932188,
    3.329289321881));
#1728 = VECTOR('',#1729,1.);
#1729 = DIRECTION('',(-1.,6.123233995737E-17,-6.123233995737E-17));
#1730 = PCURVE('',#1031,#1731);
#1731 = DEFINITIONAL_REPRESENTATION('',(#1732),#1736);
#1732 = LINE('',#1733,#1734);
#1733 = CARTESIAN_POINT('',(0.,9.238795325112E-02));
#1734 = VECTOR('',#1735,1.);
#1735 = DIRECTION('',(1.,0.));
#1736 = ( GEOMETRIC_REPRESENTATION_CONTEXT(2) 
PARAMETRIC_REPRESENTATION_CONTEXT() REPRESENTATION_CONTEXT('2D SPACE',''
  ) );
#1737 = PCURVE('',#1738,#1743);
#1738 = PLANE('',#1739);
#1739 = AXIS2_PLACEMENT_3D('',#1740,#1741,#1742);
#1740 = CARTESIAN_POINT('',(0.,-44.4,3.3));
#1741 = DIRECTION('',(-0.,-0.707106781187,-0.707106781187));
#1742 = DIRECTION('',(-8.659560562355E-17,-0.707106781187,0.707106781187
    ));
#1743 = DEFINITIONAL_REPRESENTATION('',(#1744),#1748);
#1744 = LINE('',#1745,#1746);
#1745 = CARTESIAN_POINT('',(4.142135623731E-02,-21.27750278396));
#1746 = VECTOR('',#1747,1.);
#1747 = DIRECTION('',(6.162975822039E-33,1.));
#1748 = ( GEOMETRIC_REPRESENTATION_CONTEXT(2) 
PARAMETRIC_REPRESENTATION_CONTEXT() REPRESENTATION_CONTEXT('2D SPACE',''
  ) );
#1749 = ADVANCED_FACE('',(#1750),#858,.F.);
#1750 = FACE_BOUND('',#1751,.F.);
#1751 = EDGE_LOOP('',(#1752,#1753,#1754,#1781));
#1752 = ORIENTED_EDGE('',*,*,#1638,.F.);
#1753 = ORIENTED_EDGE('',*,*,#842,.T.);
#1754 = ORIENTED_EDGE('',*,*,#1755,.T.);
#1755 = EDGE_CURVE('',#843,#1756,#1758,.T.);
#1756 = VERTEX_POINT('',#1757);
#1757 = CARTESIAN_POINT('',(-25.37928932188,40.340173108655,
    3.329289321881));
#1758 = SURFACE_CURVE('',#1759,(#1764,#1771),.PCURVE_S1.);
#1759 = PARABOLA('',#1760,9.238795325114E-02);
#1760 = AXIS2_PLACEMENT_3D('',#1761,#1762,#1763);
#1761 = CARTESIAN_POINT('',(-22.3,41.45,2.053805922287));
#1762 = DIRECTION('',(-0.382683432365,0.,-0.923879532511));
#1763 = DIRECTION('',(-0.923879532511,0.,0.382683432365));
#1764 = PCURVE('',#858,#1765);
#1765 = DEFINITIONAL_REPRESENTATION('',(#1766),#1770);
#1766 = B_SPLINE_CURVE_WITH_KNOTS('',2,(#1767,#1768,#1769),
  .UNSPECIFIED.,.F.,.F.,(3,3),(-1.140175425099,-1.109826891345),
  .PIECEWISE_BEZIER_KNOTS.);
#1767 = CARTESIAN_POINT('',(80.637327358869,-9.238795325059E-02));
#1768 = CARTESIAN_POINT('',(80.652501625746,1.246149347683E-03));
#1769 = CARTESIAN_POINT('',(80.667675892623,9.238795325167E-02));
#1770 = ( GEOMETRIC_REPRESENTATION_CONTEXT(2) 
PARAMETRIC_REPRESENTATION_CONTEXT() REPRESENTATION_CONTEXT('2D SPACE',''
  ) );
#1771 = PCURVE('',#891,#1772);
#1772 = DEFINITIONAL_REPRESENTATION('',(#1773),#1780);
#1773 = B_SPLINE_CURVE_WITH_KNOTS('',5,(#1774,#1775,#1776,#1777,#1778,
    #1779),.UNSPECIFIED.,.F.,.F.,(6,6),(-1.140175425099,-1.109826891345)
  ,.PIECEWISE_BEZIER_KNOTS.);
#1774 = CARTESIAN_POINT('',(-5.357654466994E-03,-2.003047718439E-13));
#1775 = CARTESIAN_POINT('',(-3.545801705553E-03,-1.433288790769E-02));
#1776 = CARTESIAN_POINT('',(-1.710555322724E-03,-2.857039967328E-02));
#1777 = CARTESIAN_POINT('',(1.486825907406E-04,-4.271253529705E-02));
#1778 = CARTESIAN_POINT('',(2.032540118764E-03,-5.675929477888E-02));
#1779 = CARTESIAN_POINT('',(3.941679595014E-03,-7.071067811885E-02));
#1780 = ( GEOMETRIC_REPRESENTATION_CONTEXT(2) 
PARAMETRIC_REPRESENTATION_CONTEXT() REPRESENTATION_CONTEXT('2D SPACE',''
  ) );
#1781 = ORIENTED_EDGE('',*,*,#1782,.F.);
#1782 = EDGE_CURVE('',#1639,#1756,#1783,.T.);
#1783 = SURFACE_CURVE('',#1784,(#1788,#1795),.PCURVE_S1.);
#1784 = LINE('',#1785,#1786);
#1785 = CARTESIAN_POINT('',(-25.37928932188,-40.32750278396,
    3.329289321881));
#1786 = VECTOR('',#1787,1.);
#1787 = DIRECTION('',(6.123233995737E-17,1.,-6.123233995737E-17));
#1788 = PCURVE('',#858,#1789);
#1789 = DEFINITIONAL_REPRESENTATION('',(#1790),#1794);
#1790 = LINE('',#1791,#1792);
#1791 = CARTESIAN_POINT('',(0.,9.238795325113E-02));
#1792 = VECTOR('',#1793,1.);
#1793 = DIRECTION('',(1.,0.));
#1794 = ( GEOMETRIC_REPRESENTATION_CONTEXT(2) 
PARAMETRIC_REPRESENTATION_CONTEXT() REPRESENTATION_CONTEXT('2D SPACE',''
  ) );
#1795 = PCURVE('',#1796,#1801);
#1796 = PLANE('',#1797);
#1797 = AXIS2_PLACEMENT_3D('',#1798,#1799,#1800);
#1798 = CARTESIAN_POINT('',(-25.35,0.,3.3));
#1799 = DIRECTION('',(-0.707106781187,0.,-0.707106781187));
#1800 = DIRECTION('',(-0.707106781187,8.659560562355E-17,0.707106781187)
  );
#1801 = DEFINITIONAL_REPRESENTATION('',(#1802),#1806);
#1802 = LINE('',#1803,#1804);
#1803 = CARTESIAN_POINT('',(4.14213562373E-02,-40.32750278396));
#1804 = VECTOR('',#1805,1.);
#1805 = DIRECTION('',(6.162975822039E-33,1.));
#1806 = ( GEOMETRIC_REPRESENTATION_CONTEXT(2) 
PARAMETRIC_REPRESENTATION_CONTEXT() REPRESENTATION_CONTEXT('2D SPACE',''
  ) );
#1807 = ADVANCED_FACE('',(#1808),#1005,.F.);
#1808 = FACE_BOUND('',#1809,.T.);
#1809 = EDGE_LOOP('',(#1810,#1811,#1812,#1839));
#1810 = ORIENTED_EDGE('',*,*,#1695,.F.);
#1811 = ORIENTED_EDGE('',*,*,#988,.T.);
#1812 = ORIENTED_EDGE('',*,*,#1813,.T.);
#1813 = EDGE_CURVE('',#961,#1814,#1816,.T.);
#1814 = VERTEX_POINT('',#1815);
#1815 = CARTESIAN_POINT('',(25.379289321881,-40.34017310865,
    3.329289321881));
#1816 = SURFACE_CURVE('',#1817,(#1822,#1832),.PCURVE_S1.);
#1817 = PARABOLA('',#1818,9.238795325114E-02);
#1818 = AXIS2_PLACEMENT_3D('',#1819,#1820,#1821);
#1819 = CARTESIAN_POINT('',(22.3,-41.45,2.053805922287));
#1820 = DIRECTION('',(0.382683432365,0.,-0.923879532511));
#1821 = DIRECTION('',(0.923879532511,-0.,0.382683432365));
#1822 = PCURVE('',#1005,#1823);
#1823 = DEFINITIONAL_REPRESENTATION('',(#1824),#1831);
#1824 = B_SPLINE_CURVE_WITH_KNOTS('',5,(#1825,#1826,#1827,#1828,#1829,
    #1830),.UNSPECIFIED.,.F.,.F.,(6,6),(-1.140175425099,-1.109826891345)
  ,.PIECEWISE_BEZIER_KNOTS.);
#1825 = CARTESIAN_POINT('',(2.270734027591,-1.97900378021E-13));
#1826 = CARTESIAN_POINT('',(2.272545880352,-1.433288790769E-02));
#1827 = CARTESIAN_POINT('',(2.274381126735,-2.857039967329E-02));
#1828 = CARTESIAN_POINT('',(2.276240364649,-4.271253529705E-02));
#1829 = CARTESIAN_POINT('',(2.278124222176,-5.675929477888E-02));
#1830 = CARTESIAN_POINT('',(2.280033361653,-7.071067811885E-02));
#1831 = ( GEOMETRIC_REPRESENTATION_CONTEXT(2) 
PARAMETRIC_REPRESENTATION_CONTEXT() REPRESENTATION_CONTEXT('2D SPACE',''
  ) );
#1832 = PCURVE('',#976,#1833);
#1833 = DEFINITIONAL_REPRESENTATION('',(#1834),#1838);
#1834 = B_SPLINE_CURVE_WITH_KNOTS('',2,(#1835,#1836,#1837),
  .UNSPECIFIED.,.F.,.F.,(3,3),(-1.140175425099,-1.109826891345),
  .PIECEWISE_BEZIER_KNOTS.);
#1835 = CARTESIAN_POINT('',(80.637327358869,-9.238795325059E-02));
#1836 = CARTESIAN_POINT('',(80.652501625746,1.246149347683E-03));
#1837 = CARTESIAN_POINT('',(80.667675892623,9.238795325167E-02));
#1838 = ( GEOMETRIC_REPRESENTATION_CONTEXT(2) 
PARAMETRIC_REPRESENTATION_CONTEXT() REPRESENTATION_CONTEXT('2D SPACE',''
  ) );
#1839 = ORIENTED_EDGE('',*,*,#1840,.F.);
#1840 = EDGE_CURVE('',#1696,#1814,#1841,.T.);
#1841 = SURFACE_CURVE('',#1842,(#1847,#1854),.PCURVE_S1.);
#1842 = CIRCLE('',#1843,3.179289321881);
#1843 = AXIS2_PLACEMENT_3D('',#1844,#1845,#1846);
#1844 = CARTESIAN_POINT('',(22.4,-41.45,3.329289321881));
#1845 = DIRECTION('',(0.,0.,1.));
#1846 = DIRECTION('',(-0.345383758779,-0.938461538462,0.));
#1847 = PCURVE('',#1005,#1848);
#1848 = DEFINITIONAL_REPRESENTATION('',(#1849),#1853);
#1849 = LINE('',#1850,#1851);
#1850 = CARTESIAN_POINT('',(0.,-7.071067811865E-02));
#1851 = VECTOR('',#1852,1.);
#1852 = DIRECTION('',(1.,-0.));
#1853 = ( GEOMETRIC_REPRESENTATION_CONTEXT(2) 
PARAMETRIC_REPRESENTATION_CONTEXT() REPRESENTATION_CONTEXT('2D SPACE',''
  ) );
#1854 = PCURVE('',#1855,#1860);
#1855 = CONICAL_SURFACE('',#1856,3.15,0.785398163397);
#1856 = AXIS2_PLACEMENT_3D('',#1857,#1858,#1859);
#1857 = CARTESIAN_POINT('',(22.4,-41.45,3.3));
#1858 = DIRECTION('',(0.,0.,1.));
#1859 = DIRECTION('',(1.,-5.639228061588E-16,0.));
#1860 = DEFINITIONAL_REPRESENTATION('',(#1861),#1865);
#1861 = LINE('',#1862,#1863);
#1862 = CARTESIAN_POINT('',(-8.206629311606,2.928932188135E-02));
#1863 = VECTOR('',#1864,1.);
#1864 = DIRECTION('',(1.,-0.));
#1865 = ( GEOMETRIC_REPRESENTATION_CONTEXT(2) 
PARAMETRIC_REPRESENTATION_CONTEXT() REPRESENTATION_CONTEXT('2D SPACE',''
  ) );
#1866 = ADVANCED_FACE('',(#1867),#891,.F.);
#1867 = FACE_BOUND('',#1868,.F.);
#1868 = EDGE_LOOP('',(#1869,#1870,#1871,#1898));
#1869 = ORIENTED_EDGE('',*,*,#1755,.F.);
#1870 = ORIENTED_EDGE('',*,*,#870,.T.);
#1871 = ORIENTED_EDGE('',*,*,#1872,.T.);
#1872 = EDGE_CURVE('',#871,#1873,#1875,.T.);
#1873 = VERTEX_POINT('',#1874);
#1874 = CARTESIAN_POINT('',(-21.29017310865,44.429289321881,
    3.329289321881));
#1875 = SURFACE_CURVE('',#1876,(#1881,#1891),.PCURVE_S1.);
#1876 = PARABOLA('',#1877,9.238795325117E-02);
#1877 = AXIS2_PLACEMENT_3D('',#1878,#1879,#1880);
#1878 = CARTESIAN_POINT('',(-22.4,41.35,2.053805922287));
#1879 = DIRECTION('',(0.,-0.382683432365,0.923879532511));
#1880 = DIRECTION('',(0.,0.923879532511,0.382683432365));
#1881 = PCURVE('',#891,#1882);
#1882 = DEFINITIONAL_REPRESENTATION('',(#1883),#1890);
#1883 = B_SPLINE_CURVE_WITH_KNOTS('',5,(#1884,#1885,#1886,#1887,#1888,
    #1889),.UNSPECIFIED.,.F.,.F.,(6,6),(-1.1401754251,-1.109826891346),
  .PIECEWISE_BEZIER_KNOTS.);
#1884 = CARTESIAN_POINT('',(-2.270734027591,6.3234851815E-13));
#1885 = CARTESIAN_POINT('',(-2.272545880352,-1.43328879067E-02));
#1886 = CARTESIAN_POINT('',(-2.274381126735,-2.857039967216E-02));
#1887 = CARTESIAN_POINT('',(-2.276240364648,-4.271253529572E-02));
#1888 = CARTESIAN_POINT('',(-2.278124222176,-5.675929477743E-02));
#1889 = CARTESIAN_POINT('',(-2.280033361653,-7.071067811724E-02));
#1890 = ( GEOMETRIC_REPRESENTATION_CONTEXT(2) 
PARAMETRIC_REPRESENTATION_CONTEXT() REPRESENTATION_CONTEXT('2D SPACE',''
  ) );
#1891 = PCURVE('',#919,#1892);
#1892 = DEFINITIONAL_REPRESENTATION('',(#1893),#1897);
#1893 = B_SPLINE_CURVE_WITH_KNOTS('',2,(#1894,#1895,#1896),
  .UNSPECIFIED.,.F.,.F.,(3,3),(-1.1401754251,-1.109826891346),
  .PIECEWISE_BEZIER_KNOTS.);
#1894 = CARTESIAN_POINT('',(1.767820906774E-02,-9.238795325269E-02));
#1895 = CARTESIAN_POINT('',(2.503942190851E-03,1.246149344536E-03));
#1896 = CARTESIAN_POINT('',(-1.267032468604E-02,9.238795324753E-02));
#1897 = ( GEOMETRIC_REPRESENTATION_CONTEXT(2) 
PARAMETRIC_REPRESENTATION_CONTEXT() REPRESENTATION_CONTEXT('2D SPACE',''
  ) );
#1898 = ORIENTED_EDGE('',*,*,#1899,.F.);
#1899 = EDGE_CURVE('',#1756,#1873,#1900,.T.);
#1900 = SURFACE_CURVE('',#1901,(#1906,#1913),.PCURVE_S1.);
#1901 = CIRCLE('',#1902,3.179289321881);
#1902 = AXIS2_PLACEMENT_3D('',#1903,#1904,#1905);
#1903 = CARTESIAN_POINT('',(-22.4,41.45,3.329289321881));
#1904 = DIRECTION('',(-0.,0.,-1.));
#1905 = DIRECTION('',(-0.938461538462,-0.345383758779,0.));
#1906 = PCURVE('',#891,#1907);
#1907 = DEFINITIONAL_REPRESENTATION('',(#1908),#1912);
#1908 = LINE('',#1909,#1910);
#1909 = CARTESIAN_POINT('',(-0.,-7.071067811865E-02));
#1910 = VECTOR('',#1911,1.);
#1911 = DIRECTION('',(-1.,-0.));
#1912 = ( GEOMETRIC_REPRESENTATION_CONTEXT(2) 
PARAMETRIC_REPRESENTATION_CONTEXT() REPRESENTATION_CONTEXT('2D SPACE',''
  ) );
#1913 = PCURVE('',#1914,#1919);
#1914 = CONICAL_SURFACE('',#1915,3.15,0.785398163397);
#1915 = AXIS2_PLACEMENT_3D('',#1916,#1917,#1918);
#1916 = CARTESIAN_POINT('',(-22.4,41.45,3.3));
#1917 = DIRECTION('',(0.,0.,1.));
#1918 = DIRECTION('',(1.,-2.114710523096E-16,0.));
#1919 = DEFINITIONAL_REPRESENTATION('',(#1920),#1924);
#1920 = LINE('',#1921,#1922);
#1921 = CARTESIAN_POINT('',(-2.788944975958,2.928932188135E-02));
#1922 = VECTOR('',#1923,1.);
#1923 = DIRECTION('',(-1.,0.));
#1924 = ( GEOMETRIC_REPRESENTATION_CONTEXT(2) 
PARAMETRIC_REPRESENTATION_CONTEXT() REPRESENTATION_CONTEXT('2D SPACE',''
  ) );
#1925 = ADVANCED_FACE('',(#1926),#976,.F.);
#1926 = FACE_BOUND('',#1927,.F.);
#1927 = EDGE_LOOP('',(#1928,#1955,#1956,#1957));
#1928 = ORIENTED_EDGE('',*,*,#1929,.F.);
#1929 = EDGE_CURVE('',#932,#1930,#1932,.T.);
#1930 = VERTEX_POINT('',#1931);
#1931 = CARTESIAN_POINT('',(25.379289321881,40.340173108655,
    3.329289321881));
#1932 = SURFACE_CURVE('',#1933,(#1938,#1945),.PCURVE_S1.);
#1933 = PARABOLA('',#1934,9.238795325114E-02);
#1934 = AXIS2_PLACEMENT_3D('',#1935,#1936,#1937);
#1935 = CARTESIAN_POINT('',(22.3,41.45,2.053805922287));
#1936 = DIRECTION('',(-0.382683432365,-0.,0.923879532511));
#1937 = DIRECTION('',(0.923879532511,0.,0.382683432365));
#1938 = PCURVE('',#976,#1939);
#1939 = DEFINITIONAL_REPRESENTATION('',(#1940),#1944);
#1940 = B_SPLINE_CURVE_WITH_KNOTS('',2,(#1941,#1942,#1943),
  .UNSPECIFIED.,.F.,.F.,(3,3),(-1.140175425099,-1.109826891345),
  .PIECEWISE_BEZIER_KNOTS.);
#1941 = CARTESIAN_POINT('',(1.767820906734E-02,-9.238795325085E-02));
#1942 = CARTESIAN_POINT('',(2.503942190238E-03,1.246149347671E-03));
#1943 = CARTESIAN_POINT('',(-1.267032468687E-02,9.238795325189E-02));
#1944 = ( GEOMETRIC_REPRESENTATION_CONTEXT(2) 
PARAMETRIC_REPRESENTATION_CONTEXT() REPRESENTATION_CONTEXT('2D SPACE',''
  ) );
#1945 = PCURVE('',#948,#1946);
#1946 = DEFINITIONAL_REPRESENTATION('',(#1947),#1954);
#1947 = B_SPLINE_CURVE_WITH_KNOTS('',5,(#1948,#1949,#1950,#1951,#1952,
    #1953),.UNSPECIFIED.,.F.,.F.,(6,6),(-1.140175425099,-1.109826891345)
  ,.PIECEWISE_BEZIER_KNOTS.);
#1948 = CARTESIAN_POINT('',(5.357654466975E-03,-1.306258131192E-13));
#1949 = CARTESIAN_POINT('',(3.545801705529E-03,-1.433288790766E-02));
#1950 = CARTESIAN_POINT('',(1.710555322752E-03,-2.857039967313E-02));
#1951 = CARTESIAN_POINT('',(-1.486825908117E-04,-4.271253529714E-02));
#1952 = CARTESIAN_POINT('',(-2.032540118799E-03,-5.675929477893E-02));
#1953 = CARTESIAN_POINT('',(-3.941679595055E-03,-7.071067811893E-02));
#1954 = ( GEOMETRIC_REPRESENTATION_CONTEXT(2) 
PARAMETRIC_REPRESENTATION_CONTEXT() REPRESENTATION_CONTEXT('2D SPACE',''
  ) );
#1955 = ORIENTED_EDGE('',*,*,#960,.T.);
#1956 = ORIENTED_EDGE('',*,*,#1813,.T.);
#1957 = ORIENTED_EDGE('',*,*,#1958,.F.);
#1958 = EDGE_CURVE('',#1930,#1814,#1959,.T.);
#1959 = SURFACE_CURVE('',#1960,(#1964,#1971),.PCURVE_S1.);
#1960 = LINE('',#1961,#1962);
#1961 = CARTESIAN_POINT('',(25.379289321881,40.327502783968,
    3.329289321881));
#1962 = VECTOR('',#1963,1.);
#1963 = DIRECTION('',(-6.123233995737E-17,-1.,-6.123233995737E-17));
#1964 = PCURVE('',#976,#1965);
#1965 = DEFINITIONAL_REPRESENTATION('',(#1966),#1970);
#1966 = LINE('',#1967,#1968);
#1967 = CARTESIAN_POINT('',(0.,9.238795325113E-02));
#1968 = VECTOR('',#1969,1.);
#1969 = DIRECTION('',(1.,0.));
#1970 = ( GEOMETRIC_REPRESENTATION_CONTEXT(2) 
PARAMETRIC_REPRESENTATION_CONTEXT() REPRESENTATION_CONTEXT('2D SPACE',''
  ) );
#1971 = PCURVE('',#1972,#1977);
#1972 = PLANE('',#1973);
#1973 = AXIS2_PLACEMENT_3D('',#1974,#1975,#1976);
#1974 = CARTESIAN_POINT('',(25.35,0.,3.3));
#1975 = DIRECTION('',(0.707106781187,0.,-0.707106781187));
#1976 = DIRECTION('',(0.707106781187,-8.659560562355E-17,0.707106781187)
  );
#1977 = DEFINITIONAL_REPRESENTATION('',(#1978),#1982);
#1978 = LINE('',#1979,#1980);
#1979 = CARTESIAN_POINT('',(4.14213562373E-02,-40.32750278396));
#1980 = VECTOR('',#1981,1.);
#1981 = DIRECTION('',(6.162975822039E-33,1.));
#1982 = ( GEOMETRIC_REPRESENTATION_CONTEXT(2) 
PARAMETRIC_REPRESENTATION_CONTEXT() REPRESENTATION_CONTEXT('2D SPACE',''
  ) );
#1983 = ADVANCED_FACE('',(#1984),#919,.F.);
#1984 = FACE_BOUND('',#1985,.F.);
#1985 = EDGE_LOOP('',(#1986,#1987,#1988,#2015));
#1986 = ORIENTED_EDGE('',*,*,#1872,.F.);
#1987 = ORIENTED_EDGE('',*,*,#903,.T.);
#1988 = ORIENTED_EDGE('',*,*,#1989,.T.);
#1989 = EDGE_CURVE('',#904,#1990,#1992,.T.);
#1990 = VERTEX_POINT('',#1991);
#1991 = CARTESIAN_POINT('',(21.290173108655,44.429289321881,
    3.329289321881));
#1992 = SURFACE_CURVE('',#1993,(#1998,#2005),.PCURVE_S1.);
#1993 = PARABOLA('',#1994,9.238795325117E-02);
#1994 = AXIS2_PLACEMENT_3D('',#1995,#1996,#1997);
#1995 = CARTESIAN_POINT('',(22.4,41.35,2.053805922287));
#1996 = DIRECTION('',(0.,0.382683432365,-0.923879532511));
#1997 = DIRECTION('',(0.,0.923879532511,0.382683432365));
#1998 = PCURVE('',#919,#1999);
#1999 = DEFINITIONAL_REPRESENTATION('',(#2000),#2004);
#2000 = B_SPLINE_CURVE_WITH_KNOTS('',2,(#2001,#2002,#2003),
  .UNSPECIFIED.,.F.,.F.,(3,3),(-1.140175425099,-1.109826891345),
  .PIECEWISE_BEZIER_KNOTS.);
#2001 = CARTESIAN_POINT('',(42.537327358869,-9.238795324932E-02));
#2002 = CARTESIAN_POINT('',(42.552501625746,1.246149348795E-03));
#2003 = CARTESIAN_POINT('',(42.567675892623,9.238795325262E-02));
#2004 = ( GEOMETRIC_REPRESENTATION_CONTEXT(2) 
PARAMETRIC_REPRESENTATION_CONTEXT() REPRESENTATION_CONTEXT('2D SPACE',''
  ) );
#2005 = PCURVE('',#948,#2006);
#2006 = DEFINITIONAL_REPRESENTATION('',(#2007),#2014);
#2007 = B_SPLINE_CURVE_WITH_KNOTS('',5,(#2008,#2009,#2010,#2011,#2012,
    #2013),.UNSPECIFIED.,.F.,.F.,(6,6),(-1.140175425099,-1.109826891345)
  ,.PIECEWISE_BEZIER_KNOTS.);
#2008 = CARTESIAN_POINT('',(2.270734027591,-6.595152750794E-13));
#2009 = CARTESIAN_POINT('',(2.272545880352,-1.433288790813E-02));
#2010 = CARTESIAN_POINT('',(2.274381126735,-2.857039967373E-02));
#2011 = CARTESIAN_POINT('',(2.276240364649,-4.271253529742E-02));
#2012 = CARTESIAN_POINT('',(2.278124222177,-5.675929477925E-02));
#2013 = CARTESIAN_POINT('',(2.280033361653,-7.07106781192E-02));
#2014 = ( GEOMETRIC_REPRESENTATION_CONTEXT(2) 
PARAMETRIC_REPRESENTATION_CONTEXT() REPRESENTATION_CONTEXT('2D SPACE',''
  ) );
#2015 = ORIENTED_EDGE('',*,*,#2016,.F.);
#2016 = EDGE_CURVE('',#1873,#1990,#2017,.T.);
#2017 = SURFACE_CURVE('',#2018,(#2022,#2029),.PCURVE_S1.);
#2018 = LINE('',#2019,#2020);
#2019 = CARTESIAN_POINT('',(-21.27750278396,44.429289321881,
    3.329289321881));
#2020 = VECTOR('',#2021,1.);
#2021 = DIRECTION('',(1.,-6.123233995737E-17,-6.123233995737E-17));
#2022 = PCURVE('',#919,#2023);
#2023 = DEFINITIONAL_REPRESENTATION('',(#2024),#2028);
#2024 = LINE('',#2025,#2026);
#2025 = CARTESIAN_POINT('',(0.,9.238795325113E-02));
#2026 = VECTOR('',#2027,1.);
#2027 = DIRECTION('',(1.,0.));
#2028 = ( GEOMETRIC_REPRESENTATION_CONTEXT(2) 
PARAMETRIC_REPRESENTATION_CONTEXT() REPRESENTATION_CONTEXT('2D SPACE',''
  ) );
#2029 = PCURVE('',#2030,#2035);
#2030 = PLANE('',#2031);
#2031 = AXIS2_PLACEMENT_3D('',#2032,#2033,#2034);
#2032 = CARTESIAN_POINT('',(0.,44.4,3.3));
#2033 = DIRECTION('',(0.,0.707106781187,-0.707106781187));
#2034 = DIRECTION('',(8.659560562355E-17,0.707106781187,0.707106781187)
  );
#2035 = DEFINITIONAL_REPRESENTATION('',(#2036),#2040);
#2036 = LINE('',#2037,#2038);
#2037 = CARTESIAN_POINT('',(4.14213562373E-02,-21.27750278396));
#2038 = VECTOR('',#2039,1.);
#2039 = DIRECTION('',(6.162975822039E-33,1.));
#2040 = ( GEOMETRIC_REPRESENTATION_CONTEXT(2) 
PARAMETRIC_REPRESENTATION_CONTEXT() REPRESENTATION_CONTEXT('2D SPACE',''
  ) );
#2041 = ADVANCED_FACE('',(#2042),#948,.F.);
#2042 = FACE_BOUND('',#2043,.T.);
#2043 = EDGE_LOOP('',(#2044,#2045,#2046,#2047));
#2044 = ORIENTED_EDGE('',*,*,#1929,.F.);
#2045 = ORIENTED_EDGE('',*,*,#931,.T.);
#2046 = ORIENTED_EDGE('',*,*,#1989,.T.);
#2047 = ORIENTED_EDGE('',*,*,#2048,.F.);
#2048 = EDGE_CURVE('',#1930,#1990,#2049,.T.);
#2049 = SURFACE_CURVE('',#2050,(#2055,#2062),.PCURVE_S1.);
#2050 = CIRCLE('',#2051,3.179289321881);
#2051 = AXIS2_PLACEMENT_3D('',#2052,#2053,#2054);
#2052 = CARTESIAN_POINT('',(22.4,41.45,3.329289321881));
#2053 = DIRECTION('',(0.,0.,1.));
#2054 = DIRECTION('',(0.938461538462,-0.345383758779,0.));
#2055 = PCURVE('',#948,#2056);
#2056 = DEFINITIONAL_REPRESENTATION('',(#2057),#2061);
#2057 = LINE('',#2058,#2059);
#2058 = CARTESIAN_POINT('',(0.,-7.071067811865E-02));
#2059 = VECTOR('',#2060,1.);
#2060 = DIRECTION('',(1.,-0.));
#2061 = ( GEOMETRIC_REPRESENTATION_CONTEXT(2) 
PARAMETRIC_REPRESENTATION_CONTEXT() REPRESENTATION_CONTEXT('2D SPACE',''
  ) );
#2062 = PCURVE('',#2063,#2068);
#2063 = CONICAL_SURFACE('',#2064,3.15,0.785398163397);
#2064 = AXIS2_PLACEMENT_3D('',#2065,#2066,#2067);
#2065 = CARTESIAN_POINT('',(22.4,41.45,3.3));
#2066 = DIRECTION('',(0.,0.,1.));
#2067 = DIRECTION('',(1.,2.114710523096E-16,0.));
#2068 = DEFINITIONAL_REPRESENTATION('',(#2069),#2073);
#2069 = LINE('',#2070,#2071);
#2070 = CARTESIAN_POINT('',(-6.635832984811,2.928932188135E-02));
#2071 = VECTOR('',#2072,1.);
#2072 = DIRECTION('',(1.,-0.));
#2073 = ( GEOMETRIC_REPRESENTATION_CONTEXT(2) 
PARAMETRIC_REPRESENTATION_CONTEXT() REPRESENTATION_CONTEXT('2D SPACE',''
  ) );
#2074 = ADVANCED_FACE('',(#2075,#2238),#1133,.F.);
#2075 = FACE_BOUND('',#2076,.F.);
#2076 = EDGE_LOOP('',(#2077,#2078,#2102,#2130,#2159,#2187,#2216,#2237));
#2077 = ORIENTED_EDGE('',*,*,#1119,.T.);
#2078 = ORIENTED_EDGE('',*,*,#2079,.T.);
#2079 = EDGE_CURVE('',#1094,#2080,#2082,.T.);
#2080 = VERTEX_POINT('',#2081);
#2081 = CARTESIAN_POINT('',(26.25,-41.45,7.077671781985E-16));
#2082 = SURFACE_CURVE('',#2083,(#2088,#2095),.PCURVE_S1.);
#2083 = CIRCLE('',#2084,3.85);
#2084 = AXIS2_PLACEMENT_3D('',#2085,#2086,#2087);
#2085 = CARTESIAN_POINT('',(22.4,-41.45,0.));
#2086 = DIRECTION('',(0.,0.,1.));
#2087 = DIRECTION('',(0.,-1.,0.));
#2088 = PCURVE('',#1133,#2089);
#2089 = DEFINITIONAL_REPRESENTATION('',(#2090),#2094);
#2090 = CIRCLE('',#2091,3.85);
#2091 = AXIS2_PLACEMENT_2D('',#2092,#2093);
#2092 = CARTESIAN_POINT('',(22.4,-41.45));
#2093 = DIRECTION('',(0.,-1.));
#2094 = ( GEOMETRIC_REPRESENTATION_CONTEXT(2) 
PARAMETRIC_REPRESENTATION_CONTEXT() REPRESENTATION_CONTEXT('2D SPACE',''
  ) );
#2095 = PCURVE('',#1108,#2096);
#2096 = DEFINITIONAL_REPRESENTATION('',(#2097),#2101);
#2097 = LINE('',#2098,#2099);
#2098 = CARTESIAN_POINT('',(0.,-1.E-01));
#2099 = VECTOR('',#2100,1.);
#2100 = DIRECTION('',(1.,-0.));
#2101 = ( GEOMETRIC_REPRESENTATION_CONTEXT(2) 
PARAMETRIC_REPRESENTATION_CONTEXT() REPRESENTATION_CONTEXT('2D SPACE',''
  ) );
#2102 = ORIENTED_EDGE('',*,*,#2103,.T.);
#2103 = EDGE_CURVE('',#2080,#2104,#2106,.T.);
#2104 = VERTEX_POINT('',#2105);
#2105 = CARTESIAN_POINT('',(26.25,41.45,4.51028103754E-16));
#2106 = SURFACE_CURVE('',#2107,(#2111,#2118),.PCURVE_S1.);
#2107 = LINE('',#2108,#2109);
#2108 = CARTESIAN_POINT('',(26.25,-41.45,0.));
#2109 = VECTOR('',#2110,1.);
#2110 = DIRECTION('',(0.,1.,0.));
#2111 = PCURVE('',#1133,#2112);
#2112 = DEFINITIONAL_REPRESENTATION('',(#2113),#2117);
#2113 = LINE('',#2114,#2115);
#2114 = CARTESIAN_POINT('',(26.25,-41.45));
#2115 = VECTOR('',#2116,1.);
#2116 = DIRECTION('',(0.,1.));
#2117 = ( GEOMETRIC_REPRESENTATION_CONTEXT(2) 
PARAMETRIC_REPRESENTATION_CONTEXT() REPRESENTATION_CONTEXT('2D SPACE',''
  ) );
#2118 = PCURVE('',#2119,#2124);
#2119 = PLANE('',#2120);
#2120 = AXIS2_PLACEMENT_3D('',#2121,#2122,#2123);
#2121 = CARTESIAN_POINT('',(26.3,-41.45,5.E-02));
#2122 = DIRECTION('',(0.707106781187,0.,-0.707106781187));
#2123 = DIRECTION('',(-0.,-1.,-0.));
#2124 = DEFINITIONAL_REPRESENTATION('',(#2125),#2129);
#2125 = LINE('',#2126,#2127);
#2126 = CARTESIAN_POINT('',(-0.,7.071067811865E-02));
#2127 = VECTOR('',#2128,1.);
#2128 = DIRECTION('',(-1.,0.));
#2129 = ( GEOMETRIC_REPRESENTATION_CONTEXT(2) 
PARAMETRIC_REPRESENTATION_CONTEXT() REPRESENTATION_CONTEXT('2D SPACE',''
  ) );
#2130 = ORIENTED_EDGE('',*,*,#2131,.T.);
#2131 = EDGE_CURVE('',#2104,#2132,#2134,.T.);
#2132 = VERTEX_POINT('',#2133);
#2133 = CARTESIAN_POINT('',(22.4,45.3,7.077671781985E-16));
#2134 = SURFACE_CURVE('',#2135,(#2140,#2147),.PCURVE_S1.);
#2135 = CIRCLE('',#2136,3.85);
#2136 = AXIS2_PLACEMENT_3D('',#2137,#2138,#2139);
#2137 = CARTESIAN_POINT('',(22.4,41.45,0.));
#2138 = DIRECTION('',(0.,0.,1.));
#2139 = DIRECTION('',(1.,0.,-0.));
#2140 = PCURVE('',#1133,#2141);
#2141 = DEFINITIONAL_REPRESENTATION('',(#2142),#2146);
#2142 = CIRCLE('',#2143,3.85);
#2143 = AXIS2_PLACEMENT_2D('',#2144,#2145);
#2144 = CARTESIAN_POINT('',(22.4,41.45));
#2145 = DIRECTION('',(1.,0.));
#2146 = ( GEOMETRIC_REPRESENTATION_CONTEXT(2) 
PARAMETRIC_REPRESENTATION_CONTEXT() REPRESENTATION_CONTEXT('2D SPACE',''
  ) );
#2147 = PCURVE('',#2148,#2153);
#2148 = CONICAL_SURFACE('',#2149,3.95,0.785398163397);
#2149 = AXIS2_PLACEMENT_3D('',#2150,#2151,#2152);
#2150 = CARTESIAN_POINT('',(22.4,41.45,0.1));
#2151 = DIRECTION('',(0.,0.,1.));
#2152 = DIRECTION('',(1.,0.,-0.));
#2153 = DEFINITIONAL_REPRESENTATION('',(#2154),#2158);
#2154 = LINE('',#2155,#2156);
#2155 = CARTESIAN_POINT('',(0.,-1.E-01));
#2156 = VECTOR('',#2157,1.);
#2157 = DIRECTION('',(1.,-0.));
#2158 = ( GEOMETRIC_REPRESENTATION_CONTEXT(2) 
PARAMETRIC_REPRESENTATION_CONTEXT() REPRESENTATION_CONTEXT('2D SPACE',''
  ) );
#2159 = ORIENTED_EDGE('',*,*,#2160,.T.);
#2160 = EDGE_CURVE('',#2132,#2161,#2163,.T.);
#2161 = VERTEX_POINT('',#2162);
#2162 = CARTESIAN_POINT('',(-22.4,45.3,-2.06085148946E-15));
#2163 = SURFACE_CURVE('',#2164,(#2168,#2175),.PCURVE_S1.);
#2164 = LINE('',#2165,#2166);
#2165 = CARTESIAN_POINT('',(22.4,45.3,0.));
#2166 = VECTOR('',#2167,1.);
#2167 = DIRECTION('',(-1.,0.,0.));
#2168 = PCURVE('',#1133,#2169);
#2169 = DEFINITIONAL_REPRESENTATION('',(#2170),#2174);
#2170 = LINE('',#2171,#2172);
#2171 = CARTESIAN_POINT('',(22.4,45.3));
#2172 = VECTOR('',#2173,1.);
#2173 = DIRECTION('',(-1.,0.));
#2174 = ( GEOMETRIC_REPRESENTATION_CONTEXT(2) 
PARAMETRIC_REPRESENTATION_CONTEXT() REPRESENTATION_CONTEXT('2D SPACE',''
  ) );
#2175 = PCURVE('',#2176,#2181);
#2176 = PLANE('',#2177);
#2177 = AXIS2_PLACEMENT_3D('',#2178,#2179,#2180);
#2178 = CARTESIAN_POINT('',(22.4,45.35,5.E-02));
#2179 = DIRECTION('',(0.,0.707106781187,-0.707106781187));
#2180 = DIRECTION('',(1.,-0.,-0.));
#2181 = DEFINITIONAL_REPRESENTATION('',(#2182),#2186);
#2182 = LINE('',#2183,#2184);
#2183 = CARTESIAN_POINT('',(-0.,7.071067811866E-02));
#2184 = VECTOR('',#2185,1.);
#2185 = DIRECTION('',(-1.,0.));
#2186 = ( GEOMETRIC_REPRESENTATION_CONTEXT(2) 
PARAMETRIC_REPRESENTATION_CONTEXT() REPRESENTATION_CONTEXT('2D SPACE',''
  ) );
#2187 = ORIENTED_EDGE('',*,*,#2188,.T.);
#2188 = EDGE_CURVE('',#2161,#2189,#2191,.T.);
#2189 = VERTEX_POINT('',#2190);
#2190 = CARTESIAN_POINT('',(-26.25,41.45,7.077671781985E-16));
#2191 = SURFACE_CURVE('',#2192,(#2197,#2204),.PCURVE_S1.);
#2192 = CIRCLE('',#2193,3.85);
#2193 = AXIS2_PLACEMENT_3D('',#2194,#2195,#2196);
#2194 = CARTESIAN_POINT('',(-22.4,41.45,0.));
#2195 = DIRECTION('',(0.,-0.,1.));
#2196 = DIRECTION('',(0.,1.,0.));
#2197 = PCURVE('',#1133,#2198);
#2198 = DEFINITIONAL_REPRESENTATION('',(#2199),#2203);
#2199 = CIRCLE('',#2200,3.85);
#2200 = AXIS2_PLACEMENT_2D('',#2201,#2202);
#2201 = CARTESIAN_POINT('',(-22.4,41.45));
#2202 = DIRECTION('',(0.,1.));
#2203 = ( GEOMETRIC_REPRESENTATION_CONTEXT(2) 
PARAMETRIC_REPRESENTATION_CONTEXT() REPRESENTATION_CONTEXT('2D SPACE',''
  ) );
#2204 = PCURVE('',#2205,#2210);
#2205 = CONICAL_SURFACE('',#2206,3.95,0.785398163397);
#2206 = AXIS2_PLACEMENT_3D('',#2207,#2208,#2209);
#2207 = CARTESIAN_POINT('',(-22.4,41.45,0.1));
#2208 = DIRECTION('',(0.,0.,1.));
#2209 = DIRECTION('',(0.,1.,0.));
#2210 = DEFINITIONAL_REPRESENTATION('',(#2211),#2215);
#2211 = LINE('',#2212,#2213);
#2212 = CARTESIAN_POINT('',(0.,-1.E-01));
#2213 = VECTOR('',#2214,1.);
#2214 = DIRECTION('',(1.,-0.));
#2215 = ( GEOMETRIC_REPRESENTATION_CONTEXT(2) 
PARAMETRIC_REPRESENTATION_CONTEXT() REPRESENTATION_CONTEXT('2D SPACE',''
  ) );
#2216 = ORIENTED_EDGE('',*,*,#2217,.T.);
#2217 = EDGE_CURVE('',#2189,#1438,#2218,.T.);
#2218 = SURFACE_CURVE('',#2219,(#2223,#2230),.PCURVE_S1.);
#2219 = LINE('',#2220,#2221);
#2220 = CARTESIAN_POINT('',(-26.25,41.45,0.));
#2221 = VECTOR('',#2222,1.);
#2222 = DIRECTION('',(0.,-1.,0.));
#2223 = PCURVE('',#1133,#2224);
#2224 = DEFINITIONAL_REPRESENTATION('',(#2225),#2229);
#2225 = LINE('',#2226,#2227);
#2226 = CARTESIAN_POINT('',(-26.25,41.45));
#2227 = VECTOR('',#2228,1.);
#2228 = DIRECTION('',(0.,-1.));
#2229 = ( GEOMETRIC_REPRESENTATION_CONTEXT(2) 
PARAMETRIC_REPRESENTATION_CONTEXT() REPRESENTATION_CONTEXT('2D SPACE',''
  ) );
#2230 = PCURVE('',#1422,#2231);
#2231 = DEFINITIONAL_REPRESENTATION('',(#2232),#2236);
#2232 = LINE('',#2233,#2234);
#2233 = CARTESIAN_POINT('',(-0.,7.071067811865E-02));
#2234 = VECTOR('',#2235,1.);
#2235 = DIRECTION('',(-1.,0.));
#2236 = ( GEOMETRIC_REPRESENTATION_CONTEXT(2) 
PARAMETRIC_REPRESENTATION_CONTEXT() REPRESENTATION_CONTEXT('2D SPACE',''
  ) );
#2237 = ORIENTED_EDGE('',*,*,#1460,.T.);
#2238 = FACE_BOUND('',#2239,.F.);
#2239 = EDGE_LOOP('',(#2240,#2270,#2303,#2331,#2360,#2388,#2417,#2445,
    #2473,#2501,#2530,#2558,#2587,#2615,#2643,#2671));
#2240 = ORIENTED_EDGE('',*,*,#2241,.F.);
#2241 = EDGE_CURVE('',#2242,#2244,#2246,.T.);
#2242 = VERTEX_POINT('',#2243);
#2243 = CARTESIAN_POINT('',(-22.4,-44.4,0.));
#2244 = VERTEX_POINT('',#2245);
#2245 = CARTESIAN_POINT('',(22.4,-44.4,0.));
#2246 = SURFACE_CURVE('',#2247,(#2251,#2258),.PCURVE_S1.);
#2247 = LINE('',#2248,#2249);
#2248 = CARTESIAN_POINT('',(-25.35,-44.4,0.));
#2249 = VECTOR('',#2250,1.);
#2250 = DIRECTION('',(1.,0.,0.));
#2251 = PCURVE('',#1133,#2252);
#2252 = DEFINITIONAL_REPRESENTATION('',(#2253),#2257);
#2253 = LINE('',#2254,#2255);
#2254 = CARTESIAN_POINT('',(-25.35,-44.4));
#2255 = VECTOR('',#2256,1.);
#2256 = DIRECTION('',(1.,0.));
#2257 = ( GEOMETRIC_REPRESENTATION_CONTEXT(2) 
PARAMETRIC_REPRESENTATION_CONTEXT() REPRESENTATION_CONTEXT('2D SPACE',''
  ) );
#2258 = PCURVE('',#2259,#2264);
#2259 = PLANE('',#2260);
#2260 = AXIS2_PLACEMENT_3D('',#2261,#2262,#2263);
#2261 = CARTESIAN_POINT('',(-25.35,-44.4,-0.15));
#2262 = DIRECTION('',(0.,1.,0.));
#2263 = DIRECTION('',(1.,0.,0.));
#2264 = DEFINITIONAL_REPRESENTATION('',(#2265),#2269);
#2265 = LINE('',#2266,#2267);
#2266 = CARTESIAN_POINT('',(0.,-0.15));
#2267 = VECTOR('',#2268,1.);
#2268 = DIRECTION('',(1.,0.));
#2269 = ( GEOMETRIC_REPRESENTATION_CONTEXT(2) 
PARAMETRIC_REPRESENTATION_CONTEXT() REPRESENTATION_CONTEXT('2D SPACE',''
  ) );
#2270 = ORIENTED_EDGE('',*,*,#2271,.T.);
#2271 = EDGE_CURVE('',#2242,#2272,#2274,.T.);
#2272 = VERTEX_POINT('',#2273);
#2273 = CARTESIAN_POINT('',(-25.35,-41.45,0.));
#2274 = SURFACE_CURVE('',#2275,(#2280,#2291),.PCURVE_S1.);
#2275 = CIRCLE('',#2276,2.95);
#2276 = AXIS2_PLACEMENT_3D('',#2277,#2278,#2279);
#2277 = CARTESIAN_POINT('',(-22.4,-41.45,0.));
#2278 = DIRECTION('',(-0.,-0.,-1.));
#2279 = DIRECTION('',(0.,-1.,0.));
#2280 = PCURVE('',#1133,#2281);
#2281 = DEFINITIONAL_REPRESENTATION('',(#2282),#2290);
#2282 = ( BOUNDED_CURVE() B_SPLINE_CURVE(2,(#2283,#2284,#2285,#2286,
#2287,#2288,#2289),.UNSPECIFIED.,.T.,.F.) B_SPLINE_CURVE_WITH_KNOTS((1,2
    ,2,2,2,1),(-2.094395102393,0.,2.094395102393,4.188790204786,
6.28318530718,8.377580409573),.UNSPECIFIED.) CURVE() 
GEOMETRIC_REPRESENTATION_ITEM() RATIONAL_B_SPLINE_CURVE((1.,0.5,1.,0.5,
1.,0.5,1.)) REPRESENTATION_ITEM('') );
#2283 = CARTESIAN_POINT('',(-22.4,-44.4));
#2284 = CARTESIAN_POINT('',(-27.50954988232,-44.4));
#2285 = CARTESIAN_POINT('',(-24.95477494116,-39.975));
#2286 = CARTESIAN_POINT('',(-22.4,-35.55));
#2287 = CARTESIAN_POINT('',(-19.84522505883,-39.975));
#2288 = CARTESIAN_POINT('',(-17.29045011767,-44.4));
#2289 = CARTESIAN_POINT('',(-22.4,-44.4));
#2290 = ( GEOMETRIC_REPRESENTATION_CONTEXT(2) 
PARAMETRIC_REPRESENTATION_CONTEXT() REPRESENTATION_CONTEXT('2D SPACE',''
  ) );
#2291 = PCURVE('',#2292,#2297);
#2292 = CYLINDRICAL_SURFACE('',#2293,2.95);
#2293 = AXIS2_PLACEMENT_3D('',#2294,#2295,#2296);
#2294 = CARTESIAN_POINT('',(-22.4,-41.45,-0.15));
#2295 = DIRECTION('',(0.,0.,1.));
#2296 = DIRECTION('',(0.,-1.,0.));
#2297 = DEFINITIONAL_REPRESENTATION('',(#2298),#2302);
#2298 = LINE('',#2299,#2300);
#2299 = CARTESIAN_POINT('',(-0.,0.15));
#2300 = VECTOR('',#2301,1.);
#2301 = DIRECTION('',(-1.,0.));
#2302 = ( GEOMETRIC_REPRESENTATION_CONTEXT(2) 
PARAMETRIC_REPRESENTATION_CONTEXT() REPRESENTATION_CONTEXT('2D SPACE',''
  ) );
#2303 = ORIENTED_EDGE('',*,*,#2304,.F.);
#2304 = EDGE_CURVE('',#2305,#2272,#2307,.T.);
#2305 = VERTEX_POINT('',#2306);
#2306 = CARTESIAN_POINT('',(-25.35,41.45,0.));
#2307 = SURFACE_CURVE('',#2308,(#2312,#2319),.PCURVE_S1.);
#2308 = LINE('',#2309,#2310);
#2309 = CARTESIAN_POINT('',(-25.35,44.4,0.));
#2310 = VECTOR('',#2311,1.);
#2311 = DIRECTION('',(0.,-1.,0.));
#2312 = PCURVE('',#1133,#2313);
#2313 = DEFINITIONAL_REPRESENTATION('',(#2314),#2318);
#2314 = LINE('',#2315,#2316);
#2315 = CARTESIAN_POINT('',(-25.35,44.4));
#2316 = VECTOR('',#2317,1.);
#2317 = DIRECTION('',(0.,-1.));
#2318 = ( GEOMETRIC_REPRESENTATION_CONTEXT(2) 
PARAMETRIC_REPRESENTATION_CONTEXT() REPRESENTATION_CONTEXT('2D SPACE',''
  ) );
#2319 = PCURVE('',#2320,#2325);
#2320 = PLANE('',#2321);
#2321 = AXIS2_PLACEMENT_3D('',#2322,#2323,#2324);
#2322 = CARTESIAN_POINT('',(-25.35,44.4,-0.15));
#2323 = DIRECTION('',(1.,0.,-0.));
#2324 = DIRECTION('',(0.,-1.,0.));
#2325 = DEFINITIONAL_REPRESENTATION('',(#2326),#2330);
#2326 = LINE('',#2327,#2328);
#2327 = CARTESIAN_POINT('',(0.,-0.15));
#2328 = VECTOR('',#2329,1.);
#2329 = DIRECTION('',(1.,0.));
#2330 = ( GEOMETRIC_REPRESENTATION_CONTEXT(2) 
PARAMETRIC_REPRESENTATION_CONTEXT() REPRESENTATION_CONTEXT('2D SPACE',''
  ) );
#2331 = ORIENTED_EDGE('',*,*,#2332,.F.);
#2332 = EDGE_CURVE('',#2333,#2305,#2335,.T.);
#2333 = VERTEX_POINT('',#2334);
#2334 = CARTESIAN_POINT('',(-22.4,44.4,0.));
#2335 = SURFACE_CURVE('',#2336,(#2341,#2348),.PCURVE_S1.);
#2336 = CIRCLE('',#2337,2.95);
#2337 = AXIS2_PLACEMENT_3D('',#2338,#2339,#2340);
#2338 = CARTESIAN_POINT('',(-22.4,41.45,0.));
#2339 = DIRECTION('',(0.,0.,1.));
#2340 = DIRECTION('',(0.,-1.,0.));
#2341 = PCURVE('',#1133,#2342);
#2342 = DEFINITIONAL_REPRESENTATION('',(#2343),#2347);
#2343 = CIRCLE('',#2344,2.95);
#2344 = AXIS2_PLACEMENT_2D('',#2345,#2346);
#2345 = CARTESIAN_POINT('',(-22.4,41.45));
#2346 = DIRECTION('',(0.,-1.));
#2347 = ( GEOMETRIC_REPRESENTATION_CONTEXT(2) 
PARAMETRIC_REPRESENTATION_CONTEXT() REPRESENTATION_CONTEXT('2D SPACE',''
  ) );
#2348 = PCURVE('',#2349,#2354);
#2349 = CYLINDRICAL_SURFACE('',#2350,2.95);
#2350 = AXIS2_PLACEMENT_3D('',#2351,#2352,#2353);
#2351 = CARTESIAN_POINT('',(-22.4,41.45,-0.15));
#2352 = DIRECTION('',(0.,0.,1.));
#2353 = DIRECTION('',(-0.,1.,0.));
#2354 = DEFINITIONAL_REPRESENTATION('',(#2355),#2359);
#2355 = LINE('',#2356,#2357);
#2356 = CARTESIAN_POINT('',(-3.14159265359,0.15));
#2357 = VECTOR('',#2358,1.);
#2358 = DIRECTION('',(1.,0.));
#2359 = ( GEOMETRIC_REPRESENTATION_CONTEXT(2) 
PARAMETRIC_REPRESENTATION_CONTEXT() REPRESENTATION_CONTEXT('2D SPACE',''
  ) );
#2360 = ORIENTED_EDGE('',*,*,#2361,.F.);
#2361 = EDGE_CURVE('',#2362,#2333,#2364,.T.);
#2362 = VERTEX_POINT('',#2363);
#2363 = CARTESIAN_POINT('',(22.4,44.4,0.));
#2364 = SURFACE_CURVE('',#2365,(#2369,#2376),.PCURVE_S1.);
#2365 = LINE('',#2366,#2367);
#2366 = CARTESIAN_POINT('',(25.35,44.4,0.));
#2367 = VECTOR('',#2368,1.);
#2368 = DIRECTION('',(-1.,0.,0.));
#2369 = PCURVE('',#1133,#2370);
#2370 = DEFINITIONAL_REPRESENTATION('',(#2371),#2375);
#2371 = LINE('',#2372,#2373);
#2372 = CARTESIAN_POINT('',(25.35,44.4));
#2373 = VECTOR('',#2374,1.);
#2374 = DIRECTION('',(-1.,0.));
#2375 = ( GEOMETRIC_REPRESENTATION_CONTEXT(2) 
PARAMETRIC_REPRESENTATION_CONTEXT() REPRESENTATION_CONTEXT('2D SPACE',''
  ) );
#2376 = PCURVE('',#2377,#2382);
#2377 = PLANE('',#2378);
#2378 = AXIS2_PLACEMENT_3D('',#2379,#2380,#2381);
#2379 = CARTESIAN_POINT('',(25.35,44.4,-0.15));
#2380 = DIRECTION('',(0.,-1.,0.));
#2381 = DIRECTION('',(-1.,0.,0.));
#2382 = DEFINITIONAL_REPRESENTATION('',(#2383),#2387);
#2383 = LINE('',#2384,#2385);
#2384 = CARTESIAN_POINT('',(0.,-0.15));
#2385 = VECTOR('',#2386,1.);
#2386 = DIRECTION('',(1.,0.));
#2387 = ( GEOMETRIC_REPRESENTATION_CONTEXT(2) 
PARAMETRIC_REPRESENTATION_CONTEXT() REPRESENTATION_CONTEXT('2D SPACE',''
  ) );
#2388 = ORIENTED_EDGE('',*,*,#2389,.F.);
#2389 = EDGE_CURVE('',#2390,#2362,#2392,.T.);
#2390 = VERTEX_POINT('',#2391);
#2391 = CARTESIAN_POINT('',(22.9,44.357318352021,0.));
#2392 = SURFACE_CURVE('',#2393,(#2398,#2405),.PCURVE_S1.);
#2393 = CIRCLE('',#2394,2.95);
#2394 = AXIS2_PLACEMENT_3D('',#2395,#2396,#2397);
#2395 = CARTESIAN_POINT('',(22.4,41.45,0.));
#2396 = DIRECTION('',(0.,0.,1.));
#2397 = DIRECTION('',(0.,-1.,0.));
#2398 = PCURVE('',#1133,#2399);
#2399 = DEFINITIONAL_REPRESENTATION('',(#2400),#2404);
#2400 = CIRCLE('',#2401,2.95);
#2401 = AXIS2_PLACEMENT_2D('',#2402,#2403);
#2402 = CARTESIAN_POINT('',(22.4,41.45));
#2403 = DIRECTION('',(0.,-1.));
#2404 = ( GEOMETRIC_REPRESENTATION_CONTEXT(2) 
PARAMETRIC_REPRESENTATION_CONTEXT() REPRESENTATION_CONTEXT('2D SPACE',''
  ) );
#2405 = PCURVE('',#2406,#2411);
#2406 = CYLINDRICAL_SURFACE('',#2407,2.95);
#2407 = AXIS2_PLACEMENT_3D('',#2408,#2409,#2410);
#2408 = CARTESIAN_POINT('',(22.4,41.45,-0.15));
#2409 = DIRECTION('',(0.,0.,1.));
#2410 = DIRECTION('',(1.,0.,-0.));
#2411 = DEFINITIONAL_REPRESENTATION('',(#2412),#2416);
#2412 = LINE('',#2413,#2414);
#2413 = CARTESIAN_POINT('',(-1.570796326795,0.15));
#2414 = VECTOR('',#2415,1.);
#2415 = DIRECTION('',(1.,0.));
#2416 = ( GEOMETRIC_REPRESENTATION_CONTEXT(2) 
PARAMETRIC_REPRESENTATION_CONTEXT() REPRESENTATION_CONTEXT('2D SPACE',''
  ) );
#2417 = ORIENTED_EDGE('',*,*,#2418,.F.);
#2418 = EDGE_CURVE('',#2419,#2390,#2421,.T.);
#2419 = VERTEX_POINT('',#2420);
#2420 = CARTESIAN_POINT('',(22.9,44.45,0.));
#2421 = SURFACE_CURVE('',#2422,(#2426,#2433),.PCURVE_S1.);
#2422 = LINE('',#2423,#2424);
#2423 = CARTESIAN_POINT('',(22.9,44.45,0.));
#2424 = VECTOR('',#2425,1.);
#2425 = DIRECTION('',(0.,-1.,0.));
#2426 = PCURVE('',#1133,#2427);
#2427 = DEFINITIONAL_REPRESENTATION('',(#2428),#2432);
#2428 = LINE('',#2429,#2430);
#2429 = CARTESIAN_POINT('',(22.9,44.45));
#2430 = VECTOR('',#2431,1.);
#2431 = DIRECTION('',(0.,-1.));
#2432 = ( GEOMETRIC_REPRESENTATION_CONTEXT(2) 
PARAMETRIC_REPRESENTATION_CONTEXT() REPRESENTATION_CONTEXT('2D SPACE',''
  ) );
#2433 = PCURVE('',#2434,#2439);
#2434 = PLANE('',#2435);
#2435 = AXIS2_PLACEMENT_3D('',#2436,#2437,#2438);
#2436 = CARTESIAN_POINT('',(22.9,44.45,-0.15));
#2437 = DIRECTION('',(1.,0.,-0.));
#2438 = DIRECTION('',(0.,-1.,0.));
#2439 = DEFINITIONAL_REPRESENTATION('',(#2440),#2444);
#2440 = LINE('',#2441,#2442);
#2441 = CARTESIAN_POINT('',(0.,-0.15));
#2442 = VECTOR('',#2443,1.);
#2443 = DIRECTION('',(1.,0.));
#2444 = ( GEOMETRIC_REPRESENTATION_CONTEXT(2) 
PARAMETRIC_REPRESENTATION_CONTEXT() REPRESENTATION_CONTEXT('2D SPACE',''
  ) );
#2445 = ORIENTED_EDGE('',*,*,#2446,.F.);
#2446 = EDGE_CURVE('',#2447,#2419,#2449,.T.);
#2447 = VERTEX_POINT('',#2448);
#2448 = CARTESIAN_POINT('',(24.4,44.45,0.));
#2449 = SURFACE_CURVE('',#2450,(#2454,#2461),.PCURVE_S1.);
#2450 = LINE('',#2451,#2452);
#2451 = CARTESIAN_POINT('',(24.4,44.45,0.));
#2452 = VECTOR('',#2453,1.);
#2453 = DIRECTION('',(-1.,0.,0.));
#2454 = PCURVE('',#1133,#2455);
#2455 = DEFINITIONAL_REPRESENTATION('',(#2456),#2460);
#2456 = LINE('',#2457,#2458);
#2457 = CARTESIAN_POINT('',(24.4,44.45));
#2458 = VECTOR('',#2459,1.);
#2459 = DIRECTION('',(-1.,0.));
#2460 = ( GEOMETRIC_REPRESENTATION_CONTEXT(2) 
PARAMETRIC_REPRESENTATION_CONTEXT() REPRESENTATION_CONTEXT('2D SPACE',''
  ) );
#2461 = PCURVE('',#2462,#2467);
#2462 = PLANE('',#2463);
#2463 = AXIS2_PLACEMENT_3D('',#2464,#2465,#2466);
#2464 = CARTESIAN_POINT('',(24.4,44.45,-0.15));
#2465 = DIRECTION('',(0.,-1.,0.));
#2466 = DIRECTION('',(-1.,0.,0.));
#2467 = DEFINITIONAL_REPRESENTATION('',(#2468),#2472);
#2468 = LINE('',#2469,#2470);
#2469 = CARTESIAN_POINT('',(0.,-0.15));
#2470 = VECTOR('',#2471,1.);
#2471 = DIRECTION('',(1.,0.));
#2472 = ( GEOMETRIC_REPRESENTATION_CONTEXT(2) 
PARAMETRIC_REPRESENTATION_CONTEXT() REPRESENTATION_CONTEXT('2D SPACE',''
  ) );
#2473 = ORIENTED_EDGE('',*,*,#2474,.F.);
#2474 = EDGE_CURVE('',#2475,#2447,#2477,.T.);
#2475 = VERTEX_POINT('',#2476);
#2476 = CARTESIAN_POINT('',(24.4,43.61852484422,0.));
#2477 = SURFACE_CURVE('',#2478,(#2482,#2489),.PCURVE_S1.);
#2478 = LINE('',#2479,#2480);
#2479 = CARTESIAN_POINT('',(24.4,13.55,0.));
#2480 = VECTOR('',#2481,1.);
#2481 = DIRECTION('',(0.,1.,0.));
#2482 = PCURVE('',#1133,#2483);
#2483 = DEFINITIONAL_REPRESENTATION('',(#2484),#2488);
#2484 = LINE('',#2485,#2486);
#2485 = CARTESIAN_POINT('',(24.4,13.55));
#2486 = VECTOR('',#2487,1.);
#2487 = DIRECTION('',(0.,1.));
#2488 = ( GEOMETRIC_REPRESENTATION_CONTEXT(2) 
PARAMETRIC_REPRESENTATION_CONTEXT() REPRESENTATION_CONTEXT('2D SPACE',''
  ) );
#2489 = PCURVE('',#2490,#2495);
#2490 = PLANE('',#2491);
#2491 = AXIS2_PLACEMENT_3D('',#2492,#2493,#2494);
#2492 = CARTESIAN_POINT('',(24.4,13.55,-0.15));
#2493 = DIRECTION('',(-1.,0.,0.));
#2494 = DIRECTION('',(0.,1.,0.));
#2495 = DEFINITIONAL_REPRESENTATION('',(#2496),#2500);
#2496 = LINE('',#2497,#2498);
#2497 = CARTESIAN_POINT('',(0.,-0.15));
#2498 = VECTOR('',#2499,1.);
#2499 = DIRECTION('',(1.,0.));
#2500 = ( GEOMETRIC_REPRESENTATION_CONTEXT(2) 
PARAMETRIC_REPRESENTATION_CONTEXT() REPRESENTATION_CONTEXT('2D SPACE',''
  ) );
#2501 = ORIENTED_EDGE('',*,*,#2502,.F.);
#2502 = EDGE_CURVE('',#2503,#2475,#2505,.T.);
#2503 = VERTEX_POINT('',#2504);
#2504 = CARTESIAN_POINT('',(25.35,41.45,0.));
#2505 = SURFACE_CURVE('',#2506,(#2511,#2518),.PCURVE_S1.);
#2506 = CIRCLE('',#2507,2.95);
#2507 = AXIS2_PLACEMENT_3D('',#2508,#2509,#2510);
#2508 = CARTESIAN_POINT('',(22.4,41.45,0.));
#2509 = DIRECTION('',(0.,0.,1.));
#2510 = DIRECTION('',(0.,-1.,0.));
#2511 = PCURVE('',#1133,#2512);
#2512 = DEFINITIONAL_REPRESENTATION('',(#2513),#2517);
#2513 = CIRCLE('',#2514,2.95);
#2514 = AXIS2_PLACEMENT_2D('',#2515,#2516);
#2515 = CARTESIAN_POINT('',(22.4,41.45));
#2516 = DIRECTION('',(0.,-1.));
#2517 = ( GEOMETRIC_REPRESENTATION_CONTEXT(2) 
PARAMETRIC_REPRESENTATION_CONTEXT() REPRESENTATION_CONTEXT('2D SPACE',''
  ) );
#2518 = PCURVE('',#2519,#2524);
#2519 = CYLINDRICAL_SURFACE('',#2520,2.95);
#2520 = AXIS2_PLACEMENT_3D('',#2521,#2522,#2523);
#2521 = CARTESIAN_POINT('',(22.4,41.45,-0.15));
#2522 = DIRECTION('',(0.,0.,1.));
#2523 = DIRECTION('',(1.,0.,-0.));
#2524 = DEFINITIONAL_REPRESENTATION('',(#2525),#2529);
#2525 = LINE('',#2526,#2527);
#2526 = CARTESIAN_POINT('',(-1.570796326795,0.15));
#2527 = VECTOR('',#2528,1.);
#2528 = DIRECTION('',(1.,0.));
#2529 = ( GEOMETRIC_REPRESENTATION_CONTEXT(2) 
PARAMETRIC_REPRESENTATION_CONTEXT() REPRESENTATION_CONTEXT('2D SPACE',''
  ) );
#2530 = ORIENTED_EDGE('',*,*,#2531,.F.);
#2531 = EDGE_CURVE('',#2532,#2503,#2534,.T.);
#2532 = VERTEX_POINT('',#2533);
#2533 = CARTESIAN_POINT('',(25.35,-41.45,0.));
#2534 = SURFACE_CURVE('',#2535,(#2539,#2546),.PCURVE_S1.);
#2535 = LINE('',#2536,#2537);
#2536 = CARTESIAN_POINT('',(25.35,-44.4,0.));
#2537 = VECTOR('',#2538,1.);
#2538 = DIRECTION('',(0.,1.,0.));
#2539 = PCURVE('',#1133,#2540);
#2540 = DEFINITIONAL_REPRESENTATION('',(#2541),#2545);
#2541 = LINE('',#2542,#2543);
#2542 = CARTESIAN_POINT('',(25.35,-44.4));
#2543 = VECTOR('',#2544,1.);
#2544 = DIRECTION('',(0.,1.));
#2545 = ( GEOMETRIC_REPRESENTATION_CONTEXT(2) 
PARAMETRIC_REPRESENTATION_CONTEXT() REPRESENTATION_CONTEXT('2D SPACE',''
  ) );
#2546 = PCURVE('',#2547,#2552);
#2547 = PLANE('',#2548);
#2548 = AXIS2_PLACEMENT_3D('',#2549,#2550,#2551);
#2549 = CARTESIAN_POINT('',(25.35,-44.4,-0.15));
#2550 = DIRECTION('',(-1.,0.,0.));
#2551 = DIRECTION('',(0.,1.,0.));
#2552 = DEFINITIONAL_REPRESENTATION('',(#2553),#2557);
#2553 = LINE('',#2554,#2555);
#2554 = CARTESIAN_POINT('',(0.,-0.15));
#2555 = VECTOR('',#2556,1.);
#2556 = DIRECTION('',(1.,0.));
#2557 = ( GEOMETRIC_REPRESENTATION_CONTEXT(2) 
PARAMETRIC_REPRESENTATION_CONTEXT() REPRESENTATION_CONTEXT('2D SPACE',''
  ) );
#2558 = ORIENTED_EDGE('',*,*,#2559,.F.);
#2559 = EDGE_CURVE('',#2560,#2532,#2562,.T.);
#2560 = VERTEX_POINT('',#2561);
#2561 = CARTESIAN_POINT('',(24.4,-43.61852484422,0.));
#2562 = SURFACE_CURVE('',#2563,(#2568,#2575),.PCURVE_S1.);
#2563 = CIRCLE('',#2564,2.95);
#2564 = AXIS2_PLACEMENT_3D('',#2565,#2566,#2567);
#2565 = CARTESIAN_POINT('',(22.4,-41.45,0.));
#2566 = DIRECTION('',(0.,0.,1.));
#2567 = DIRECTION('',(0.,-1.,0.));
#2568 = PCURVE('',#1133,#2569);
#2569 = DEFINITIONAL_REPRESENTATION('',(#2570),#2574);
#2570 = CIRCLE('',#2571,2.95);
#2571 = AXIS2_PLACEMENT_2D('',#2572,#2573);
#2572 = CARTESIAN_POINT('',(22.4,-41.45));
#2573 = DIRECTION('',(0.,-1.));
#2574 = ( GEOMETRIC_REPRESENTATION_CONTEXT(2) 
PARAMETRIC_REPRESENTATION_CONTEXT() REPRESENTATION_CONTEXT('2D SPACE',''
  ) );
#2575 = PCURVE('',#2576,#2581);
#2576 = CYLINDRICAL_SURFACE('',#2577,2.95);
#2577 = AXIS2_PLACEMENT_3D('',#2578,#2579,#2580);
#2578 = CARTESIAN_POINT('',(22.4,-41.45,-0.15));
#2579 = DIRECTION('',(0.,0.,1.));
#2580 = DIRECTION('',(0.,-1.,0.));
#2581 = DEFINITIONAL_REPRESENTATION('',(#2582),#2586);
#2582 = LINE('',#2583,#2584);
#2583 = CARTESIAN_POINT('',(0.,0.15));
#2584 = VECTOR('',#2585,1.);
#2585 = DIRECTION('',(1.,0.));
#2586 = ( GEOMETRIC_REPRESENTATION_CONTEXT(2) 
PARAMETRIC_REPRESENTATION_CONTEXT() REPRESENTATION_CONTEXT('2D SPACE',''
  ) );
#2587 = ORIENTED_EDGE('',*,*,#2588,.F.);
#2588 = EDGE_CURVE('',#2589,#2560,#2591,.T.);
#2589 = VERTEX_POINT('',#2590);
#2590 = CARTESIAN_POINT('',(24.4,-44.45,0.));
#2591 = SURFACE_CURVE('',#2592,(#2596,#2603),.PCURVE_S1.);
#2592 = LINE('',#2593,#2594);
#2593 = CARTESIAN_POINT('',(24.4,-44.45,0.));
#2594 = VECTOR('',#2595,1.);
#2595 = DIRECTION('',(0.,1.,0.));
#2596 = PCURVE('',#1133,#2597);
#2597 = DEFINITIONAL_REPRESENTATION('',(#2598),#2602);
#2598 = LINE('',#2599,#2600);
#2599 = CARTESIAN_POINT('',(24.4,-44.45));
#2600 = VECTOR('',#2601,1.);
#2601 = DIRECTION('',(0.,1.));
#2602 = ( GEOMETRIC_REPRESENTATION_CONTEXT(2) 
PARAMETRIC_REPRESENTATION_CONTEXT() REPRESENTATION_CONTEXT('2D SPACE',''
  ) );
#2603 = PCURVE('',#2604,#2609);
#2604 = PLANE('',#2605);
#2605 = AXIS2_PLACEMENT_3D('',#2606,#2607,#2608);
#2606 = CARTESIAN_POINT('',(24.4,-44.45,-0.15));
#2607 = DIRECTION('',(-1.,0.,0.));
#2608 = DIRECTION('',(0.,1.,0.));
#2609 = DEFINITIONAL_REPRESENTATION('',(#2610),#2614);
#2610 = LINE('',#2611,#2612);
#2611 = CARTESIAN_POINT('',(0.,-0.15));
#2612 = VECTOR('',#2613,1.);
#2613 = DIRECTION('',(1.,0.));
#2614 = ( GEOMETRIC_REPRESENTATION_CONTEXT(2) 
PARAMETRIC_REPRESENTATION_CONTEXT() REPRESENTATION_CONTEXT('2D SPACE',''
  ) );
#2615 = ORIENTED_EDGE('',*,*,#2616,.F.);
#2616 = EDGE_CURVE('',#2617,#2589,#2619,.T.);
#2617 = VERTEX_POINT('',#2618);
#2618 = CARTESIAN_POINT('',(22.9,-44.45,0.));
#2619 = SURFACE_CURVE('',#2620,(#2624,#2631),.PCURVE_S1.);
#2620 = LINE('',#2621,#2622);
#2621 = CARTESIAN_POINT('',(22.9,-44.45,0.));
#2622 = VECTOR('',#2623,1.);
#2623 = DIRECTION('',(1.,0.,0.));
#2624 = PCURVE('',#1133,#2625);
#2625 = DEFINITIONAL_REPRESENTATION('',(#2626),#2630);
#2626 = LINE('',#2627,#2628);
#2627 = CARTESIAN_POINT('',(22.9,-44.45));
#2628 = VECTOR('',#2629,1.);
#2629 = DIRECTION('',(1.,0.));
#2630 = ( GEOMETRIC_REPRESENTATION_CONTEXT(2) 
PARAMETRIC_REPRESENTATION_CONTEXT() REPRESENTATION_CONTEXT('2D SPACE',''
  ) );
#2631 = PCURVE('',#2632,#2637);
#2632 = PLANE('',#2633);
#2633 = AXIS2_PLACEMENT_3D('',#2634,#2635,#2636);
#2634 = CARTESIAN_POINT('',(22.9,-44.45,-0.15));
#2635 = DIRECTION('',(0.,1.,0.));
#2636 = DIRECTION('',(1.,0.,0.));
#2637 = DEFINITIONAL_REPRESENTATION('',(#2638),#2642);
#2638 = LINE('',#2639,#2640);
#2639 = CARTESIAN_POINT('',(0.,-0.15));
#2640 = VECTOR('',#2641,1.);
#2641 = DIRECTION('',(1.,0.));
#2642 = ( GEOMETRIC_REPRESENTATION_CONTEXT(2) 
PARAMETRIC_REPRESENTATION_CONTEXT() REPRESENTATION_CONTEXT('2D SPACE',''
  ) );
#2643 = ORIENTED_EDGE('',*,*,#2644,.F.);
#2644 = EDGE_CURVE('',#2645,#2617,#2647,.T.);
#2645 = VERTEX_POINT('',#2646);
#2646 = CARTESIAN_POINT('',(22.9,-44.35731835202,0.));
#2647 = SURFACE_CURVE('',#2648,(#2652,#2659),.PCURVE_S1.);
#2648 = LINE('',#2649,#2650);
#2649 = CARTESIAN_POINT('',(22.9,-34.45,0.));
#2650 = VECTOR('',#2651,1.);
#2651 = DIRECTION('',(0.,-1.,0.));
#2652 = PCURVE('',#1133,#2653);
#2653 = DEFINITIONAL_REPRESENTATION('',(#2654),#2658);
#2654 = LINE('',#2655,#2656);
#2655 = CARTESIAN_POINT('',(22.9,-34.45));
#2656 = VECTOR('',#2657,1.);
#2657 = DIRECTION('',(0.,-1.));
#2658 = ( GEOMETRIC_REPRESENTATION_CONTEXT(2) 
PARAMETRIC_REPRESENTATION_CONTEXT() REPRESENTATION_CONTEXT('2D SPACE',''
  ) );
#2659 = PCURVE('',#2660,#2665);
#2660 = PLANE('',#2661);
#2661 = AXIS2_PLACEMENT_3D('',#2662,#2663,#2664);
#2662 = CARTESIAN_POINT('',(22.9,-34.45,-0.15));
#2663 = DIRECTION('',(1.,0.,-0.));
#2664 = DIRECTION('',(0.,-1.,0.));
#2665 = DEFINITIONAL_REPRESENTATION('',(#2666),#2670);
#2666 = LINE('',#2667,#2668);
#2667 = CARTESIAN_POINT('',(0.,-0.15));
#2668 = VECTOR('',#2669,1.);
#2669 = DIRECTION('',(1.,0.));
#2670 = ( GEOMETRIC_REPRESENTATION_CONTEXT(2) 
PARAMETRIC_REPRESENTATION_CONTEXT() REPRESENTATION_CONTEXT('2D SPACE',''
  ) );
#2671 = ORIENTED_EDGE('',*,*,#2672,.F.);
#2672 = EDGE_CURVE('',#2244,#2645,#2673,.T.);
#2673 = SURFACE_CURVE('',#2674,(#2679,#2686),.PCURVE_S1.);
#2674 = CIRCLE('',#2675,2.95);
#2675 = AXIS2_PLACEMENT_3D('',#2676,#2677,#2678);
#2676 = CARTESIAN_POINT('',(22.4,-41.45,0.));
#2677 = DIRECTION('',(0.,0.,1.));
#2678 = DIRECTION('',(0.,-1.,0.));
#2679 = PCURVE('',#1133,#2680);
#2680 = DEFINITIONAL_REPRESENTATION('',(#2681),#2685);
#2681 = CIRCLE('',#2682,2.95);
#2682 = AXIS2_PLACEMENT_2D('',#2683,#2684);
#2683 = CARTESIAN_POINT('',(22.4,-41.45));
#2684 = DIRECTION('',(0.,-1.));
#2685 = ( GEOMETRIC_REPRESENTATION_CONTEXT(2) 
PARAMETRIC_REPRESENTATION_CONTEXT() REPRESENTATION_CONTEXT('2D SPACE',''
  ) );
#2686 = PCURVE('',#2687,#2692);
#2687 = CYLINDRICAL_SURFACE('',#2688,2.95);
#2688 = AXIS2_PLACEMENT_3D('',#2689,#2690,#2691);
#2689 = CARTESIAN_POINT('',(22.4,-41.45,-0.15));
#2690 = DIRECTION('',(0.,0.,1.));
#2691 = DIRECTION('',(0.,-1.,0.));
#2692 = DEFINITIONAL_REPRESENTATION('',(#2693),#2697);
#2693 = LINE('',#2694,#2695);
#2694 = CARTESIAN_POINT('',(0.,0.15));
#2695 = VECTOR('',#2696,1.);
#2696 = DIRECTION('',(1.,0.));
#2697 = ( GEOMETRIC_REPRESENTATION_CONTEXT(2) 
PARAMETRIC_REPRESENTATION_CONTEXT() REPRESENTATION_CONTEXT('2D SPACE',''
  ) );
#2698 = ADVANCED_FACE('',(#2699),#1108,.T.);
#2699 = FACE_BOUND('',#2700,.F.);
#2700 = EDGE_LOOP('',(#2701,#2702,#2703,#2722));
#2701 = ORIENTED_EDGE('',*,*,#1093,.F.);
#2702 = ORIENTED_EDGE('',*,*,#1149,.T.);
#2703 = ORIENTED_EDGE('',*,*,#2704,.T.);
#2704 = EDGE_CURVE('',#1150,#2080,#2705,.T.);
#2705 = SURFACE_CURVE('',#2706,(#2710,#2716),.PCURVE_S1.);
#2706 = LINE('',#2707,#2708);
#2707 = CARTESIAN_POINT('',(26.35,-41.45,0.1));
#2708 = VECTOR('',#2709,1.);
#2709 = DIRECTION('',(-0.707106781187,4.329780281177E-17,-0.707106781187
    ));
#2710 = PCURVE('',#1108,#2711);
#2711 = DEFINITIONAL_REPRESENTATION('',(#2712),#2715);
#2712 = B_SPLINE_CURVE_WITH_KNOTS('',1,(#2713,#2714),.UNSPECIFIED.,.F.,
  .F.,(2,2),(0.,0.141421356237),.PIECEWISE_BEZIER_KNOTS.);
#2713 = CARTESIAN_POINT('',(1.570796326795,0.));
#2714 = CARTESIAN_POINT('',(1.570796326795,-1.E-01));
#2715 = ( GEOMETRIC_REPRESENTATION_CONTEXT(2) 
PARAMETRIC_REPRESENTATION_CONTEXT() REPRESENTATION_CONTEXT('2D SPACE',''
  ) );
#2716 = PCURVE('',#2119,#2717);
#2717 = DEFINITIONAL_REPRESENTATION('',(#2718),#2721);
#2718 = B_SPLINE_CURVE_WITH_KNOTS('',1,(#2719,#2720),.UNSPECIFIED.,.F.,
  .F.,(2,2),(0.,0.141421356237),.PIECEWISE_BEZIER_KNOTS.);
#2719 = CARTESIAN_POINT('',(0.,-7.071067811866E-02));
#2720 = CARTESIAN_POINT('',(0.,7.071067811865E-02));
#2721 = ( GEOMETRIC_REPRESENTATION_CONTEXT(2) 
PARAMETRIC_REPRESENTATION_CONTEXT() REPRESENTATION_CONTEXT('2D SPACE',''
  ) );
#2722 = ORIENTED_EDGE('',*,*,#2079,.F.);
#2723 = ADVANCED_FACE('',(#2724),#1187,.F.);
#2724 = FACE_BOUND('',#2725,.F.);
#2725 = EDGE_LOOP('',(#2726,#2727,#2728,#2756));
#2726 = ORIENTED_EDGE('',*,*,#1173,.T.);
#2727 = ORIENTED_EDGE('',*,*,#1253,.T.);
#2728 = ORIENTED_EDGE('',*,*,#2729,.F.);
#2729 = EDGE_CURVE('',#2730,#1228,#2732,.T.);
#2730 = VERTEX_POINT('',#2731);
#2731 = CARTESIAN_POINT('',(26.35,41.45,0.1));
#2732 = SURFACE_CURVE('',#2733,(#2737,#2744),.PCURVE_S1.);
#2733 = LINE('',#2734,#2735);
#2734 = CARTESIAN_POINT('',(26.35,41.45,0.));
#2735 = VECTOR('',#2736,1.);
#2736 = DIRECTION('',(0.,0.,1.));
#2737 = PCURVE('',#1187,#2738);
#2738 = DEFINITIONAL_REPRESENTATION('',(#2739),#2743);
#2739 = LINE('',#2740,#2741);
#2740 = CARTESIAN_POINT('',(86.85,0.));
#2741 = VECTOR('',#2742,1.);
#2742 = DIRECTION('',(0.,-1.));
#2743 = ( GEOMETRIC_REPRESENTATION_CONTEXT(2) 
PARAMETRIC_REPRESENTATION_CONTEXT() REPRESENTATION_CONTEXT('2D SPACE',''
  ) );
#2744 = PCURVE('',#2745,#2750);
#2745 = CYLINDRICAL_SURFACE('',#2746,3.95);
#2746 = AXIS2_PLACEMENT_3D('',#2747,#2748,#2749);
#2747 = CARTESIAN_POINT('',(22.4,41.45,0.));
#2748 = DIRECTION('',(0.,0.,1.));
#2749 = DIRECTION('',(1.,0.,-0.));
#2750 = DEFINITIONAL_REPRESENTATION('',(#2751),#2755);
#2751 = LINE('',#2752,#2753);
#2752 = CARTESIAN_POINT('',(0.,0.));
#2753 = VECTOR('',#2754,1.);
#2754 = DIRECTION('',(0.,1.));
#2755 = ( GEOMETRIC_REPRESENTATION_CONTEXT(2) 
PARAMETRIC_REPRESENTATION_CONTEXT() REPRESENTATION_CONTEXT('2D SPACE',''
  ) );
#2756 = ORIENTED_EDGE('',*,*,#2757,.F.);
#2757 = EDGE_CURVE('',#1150,#2730,#2758,.T.);
#2758 = SURFACE_CURVE('',#2759,(#2763,#2770),.PCURVE_S1.);
#2759 = LINE('',#2760,#2761);
#2760 = CARTESIAN_POINT('',(26.35,-41.45,0.1));
#2761 = VECTOR('',#2762,1.);
#2762 = DIRECTION('',(0.,1.,0.));
#2763 = PCURVE('',#1187,#2764);
#2764 = DEFINITIONAL_REPRESENTATION('',(#2765),#2769);
#2765 = LINE('',#2766,#2767);
#2766 = CARTESIAN_POINT('',(3.95,-0.1));
#2767 = VECTOR('',#2768,1.);
#2768 = DIRECTION('',(1.,0.));
#2769 = ( GEOMETRIC_REPRESENTATION_CONTEXT(2) 
PARAMETRIC_REPRESENTATION_CONTEXT() REPRESENTATION_CONTEXT('2D SPACE',''
  ) );
#2770 = PCURVE('',#2119,#2771);
#2771 = DEFINITIONAL_REPRESENTATION('',(#2772),#2776);
#2772 = LINE('',#2773,#2774);
#2773 = CARTESIAN_POINT('',(-0.,-7.071067811866E-02));
#2774 = VECTOR('',#2775,1.);
#2775 = DIRECTION('',(-1.,0.));
#2776 = ( GEOMETRIC_REPRESENTATION_CONTEXT(2) 
PARAMETRIC_REPRESENTATION_CONTEXT() REPRESENTATION_CONTEXT('2D SPACE',''
  ) );
#2777 = ADVANCED_FACE('',(#2778),#1242,.T.);
#2778 = FACE_BOUND('',#2779,.F.);
#2779 = EDGE_LOOP('',(#2780,#2781,#2782,#2803));
#2780 = ORIENTED_EDGE('',*,*,#1227,.F.);
#2781 = ORIENTED_EDGE('',*,*,#1504,.T.);
#2782 = ORIENTED_EDGE('',*,*,#2783,.T.);
#2783 = EDGE_CURVE('',#1505,#2784,#2786,.T.);
#2784 = VERTEX_POINT('',#2785);
#2785 = CARTESIAN_POINT('',(22.4,45.4,3.3));
#2786 = SURFACE_CURVE('',#2787,(#2791,#2797),.PCURVE_S1.);
#2787 = LINE('',#2788,#2789);
#2788 = CARTESIAN_POINT('',(22.4,45.4,3.3));
#2789 = VECTOR('',#2790,1.);
#2790 = DIRECTION('',(4.329780281177E-17,0.707106781187,-0.707106781187)
  );
#2791 = PCURVE('',#1242,#2792);
#2792 = DEFINITIONAL_REPRESENTATION('',(#2793),#2796);
#2793 = B_SPLINE_CURVE_WITH_KNOTS('',1,(#2794,#2795),.UNSPECIFIED.,.F.,
  .F.,(2,2),(-0.141421356237,0.),.PIECEWISE_BEZIER_KNOTS.);
#2794 = CARTESIAN_POINT('',(-1.570796326795,-1.E-01));
#2795 = CARTESIAN_POINT('',(-1.570796326795,0.));
#2796 = ( GEOMETRIC_REPRESENTATION_CONTEXT(2) 
PARAMETRIC_REPRESENTATION_CONTEXT() REPRESENTATION_CONTEXT('2D SPACE',''
  ) );
#2797 = PCURVE('',#1294,#2798);
#2798 = DEFINITIONAL_REPRESENTATION('',(#2799),#2802);
#2799 = B_SPLINE_CURVE_WITH_KNOTS('',1,(#2800,#2801),.UNSPECIFIED.,.F.,
  .F.,(2,2),(-0.141421356237,0.),.PIECEWISE_BEZIER_KNOTS.);
#2800 = CARTESIAN_POINT('',(0.,-7.071067811866E-02));
#2801 = CARTESIAN_POINT('',(0.,7.071067811865E-02));
#2802 = ( GEOMETRIC_REPRESENTATION_CONTEXT(2) 
PARAMETRIC_REPRESENTATION_CONTEXT() REPRESENTATION_CONTEXT('2D SPACE',''
  ) );
#2803 = ORIENTED_EDGE('',*,*,#2804,.F.);
#2804 = EDGE_CURVE('',#1228,#2784,#2805,.T.);
#2805 = SURFACE_CURVE('',#2806,(#2811,#2818),.PCURVE_S1.);
#2806 = CIRCLE('',#2807,3.95);
#2807 = AXIS2_PLACEMENT_3D('',#2808,#2809,#2810);
#2808 = CARTESIAN_POINT('',(22.4,41.45,3.3));
#2809 = DIRECTION('',(0.,0.,1.));
#2810 = DIRECTION('',(1.,0.,-0.));
#2811 = PCURVE('',#1242,#2812);
#2812 = DEFINITIONAL_REPRESENTATION('',(#2813),#2817);
#2813 = LINE('',#2814,#2815);
#2814 = CARTESIAN_POINT('',(-0.,0.));
#2815 = VECTOR('',#2816,1.);
#2816 = DIRECTION('',(-1.,0.));
#2817 = ( GEOMETRIC_REPRESENTATION_CONTEXT(2) 
PARAMETRIC_REPRESENTATION_CONTEXT() REPRESENTATION_CONTEXT('2D SPACE',''
  ) );
#2818 = PCURVE('',#2745,#2819);
#2819 = DEFINITIONAL_REPRESENTATION('',(#2820),#2824);
#2820 = LINE('',#2821,#2822);
#2821 = CARTESIAN_POINT('',(0.,3.3));
#2822 = VECTOR('',#2823,1.);
#2823 = DIRECTION('',(1.,0.));
#2824 = ( GEOMETRIC_REPRESENTATION_CONTEXT(2) 
PARAMETRIC_REPRESENTATION_CONTEXT() REPRESENTATION_CONTEXT('2D SPACE',''
  ) );
#2825 = ADVANCED_FACE('',(#2826),#1294,.F.);
#2826 = FACE_BOUND('',#2827,.F.);
#2827 = EDGE_LOOP('',(#2828,#2829,#2830,#2831));
#2828 = ORIENTED_EDGE('',*,*,#2783,.F.);
#2829 = ORIENTED_EDGE('',*,*,#1559,.T.);
#2830 = ORIENTED_EDGE('',*,*,#1277,.T.);
#2831 = ORIENTED_EDGE('',*,*,#2832,.F.);
#2832 = EDGE_CURVE('',#2784,#1280,#2833,.T.);
#2833 = SURFACE_CURVE('',#2834,(#2838,#2845),.PCURVE_S1.);
#2834 = LINE('',#2835,#2836);
#2835 = CARTESIAN_POINT('',(22.4,45.4,3.3));
#2836 = VECTOR('',#2837,1.);
#2837 = DIRECTION('',(-1.,0.,0.));
#2838 = PCURVE('',#1294,#2839);
#2839 = DEFINITIONAL_REPRESENTATION('',(#2840),#2844);
#2840 = LINE('',#2841,#2842);
#2841 = CARTESIAN_POINT('',(0.,7.071067811865E-02));
#2842 = VECTOR('',#2843,1.);
#2843 = DIRECTION('',(1.,0.));
#2844 = ( GEOMETRIC_REPRESENTATION_CONTEXT(2) 
PARAMETRIC_REPRESENTATION_CONTEXT() REPRESENTATION_CONTEXT('2D SPACE',''
  ) );
#2845 = PCURVE('',#2846,#2851);
#2846 = PLANE('',#2847);
#2847 = AXIS2_PLACEMENT_3D('',#2848,#2849,#2850);
#2848 = CARTESIAN_POINT('',(26.35,45.4,0.));
#2849 = DIRECTION('',(0.,-1.,0.));
#2850 = DIRECTION('',(-1.,0.,0.));
#2851 = DEFINITIONAL_REPRESENTATION('',(#2852),#2856);
#2852 = LINE('',#2853,#2854);
#2853 = CARTESIAN_POINT('',(3.95,-3.3));
#2854 = VECTOR('',#2855,1.);
#2855 = DIRECTION('',(1.,0.));
#2856 = ( GEOMETRIC_REPRESENTATION_CONTEXT(2) 
PARAMETRIC_REPRESENTATION_CONTEXT() REPRESENTATION_CONTEXT('2D SPACE',''
  ) );
#2857 = ADVANCED_FACE('',(#2858),#1343,.T.);
#2858 = FACE_BOUND('',#2859,.T.);
#2859 = EDGE_LOOP('',(#2860,#2883,#2905,#2906));
#2860 = ORIENTED_EDGE('',*,*,#2861,.F.);
#2861 = EDGE_CURVE('',#2862,#1280,#2864,.T.);
#2862 = VERTEX_POINT('',#2863);
#2863 = CARTESIAN_POINT('',(-22.4,45.4,1.E-01));
#2864 = SURFACE_CURVE('',#2865,(#2869,#2876),.PCURVE_S1.);
#2865 = LINE('',#2866,#2867);
#2866 = CARTESIAN_POINT('',(-22.4,45.4,0.));
#2867 = VECTOR('',#2868,1.);
#2868 = DIRECTION('',(0.,0.,1.));
#2869 = PCURVE('',#1343,#2870);
#2870 = DEFINITIONAL_REPRESENTATION('',(#2871),#2875);
#2871 = LINE('',#2872,#2873);
#2872 = CARTESIAN_POINT('',(0.,0.));
#2873 = VECTOR('',#2874,1.);
#2874 = DIRECTION('',(0.,1.));
#2875 = ( GEOMETRIC_REPRESENTATION_CONTEXT(2) 
PARAMETRIC_REPRESENTATION_CONTEXT() REPRESENTATION_CONTEXT('2D SPACE',''
  ) );
#2876 = PCURVE('',#2846,#2877);
#2877 = DEFINITIONAL_REPRESENTATION('',(#2878),#2882);
#2878 = LINE('',#2879,#2880);
#2879 = CARTESIAN_POINT('',(48.75,0.));
#2880 = VECTOR('',#2881,1.);
#2881 = DIRECTION('',(0.,-1.));
#2882 = ( GEOMETRIC_REPRESENTATION_CONTEXT(2) 
PARAMETRIC_REPRESENTATION_CONTEXT() REPRESENTATION_CONTEXT('2D SPACE',''
  ) );
#2883 = ORIENTED_EDGE('',*,*,#2884,.T.);
#2884 = EDGE_CURVE('',#2862,#1384,#2885,.T.);
#2885 = SURFACE_CURVE('',#2886,(#2891,#2898),.PCURVE_S1.);
#2886 = CIRCLE('',#2887,3.95);
#2887 = AXIS2_PLACEMENT_3D('',#2888,#2889,#2890);
#2888 = CARTESIAN_POINT('',(-22.4,41.45,0.1));
#2889 = DIRECTION('',(0.,-0.,1.));
#2890 = DIRECTION('',(0.,1.,0.));
#2891 = PCURVE('',#1343,#2892);
#2892 = DEFINITIONAL_REPRESENTATION('',(#2893),#2897);
#2893 = LINE('',#2894,#2895);
#2894 = CARTESIAN_POINT('',(0.,0.1));
#2895 = VECTOR('',#2896,1.);
#2896 = DIRECTION('',(1.,0.));
#2897 = ( GEOMETRIC_REPRESENTATION_CONTEXT(2) 
PARAMETRIC_REPRESENTATION_CONTEXT() REPRESENTATION_CONTEXT('2D SPACE',''
  ) );
#2898 = PCURVE('',#2205,#2899);
#2899 = DEFINITIONAL_REPRESENTATION('',(#2900),#2904);
#2900 = LINE('',#2901,#2902);
#2901 = CARTESIAN_POINT('',(0.,-0.));
#2902 = VECTOR('',#2903,1.);
#2903 = DIRECTION('',(1.,-0.));
#2904 = ( GEOMETRIC_REPRESENTATION_CONTEXT(2) 
PARAMETRIC_REPRESENTATION_CONTEXT() REPRESENTATION_CONTEXT('2D SPACE',''
  ) );
#2905 = ORIENTED_EDGE('',*,*,#1383,.T.);
#2906 = ORIENTED_EDGE('',*,*,#1328,.F.);
#2907 = ADVANCED_FACE('',(#2908),#1422,.T.);
#2908 = FACE_BOUND('',#2909,.F.);
#2909 = EDGE_LOOP('',(#2910,#2929,#2930,#2931));
#2910 = ORIENTED_EDGE('',*,*,#2911,.F.);
#2911 = EDGE_CURVE('',#1384,#2189,#2912,.T.);
#2912 = SURFACE_CURVE('',#2913,(#2917,#2923),.PCURVE_S1.);
#2913 = LINE('',#2914,#2915);
#2914 = CARTESIAN_POINT('',(-26.35,41.45,0.1));
#2915 = VECTOR('',#2916,1.);
#2916 = DIRECTION('',(0.707106781187,-4.329780281177E-17,-0.707106781187
    ));
#2917 = PCURVE('',#1422,#2918);
#2918 = DEFINITIONAL_REPRESENTATION('',(#2919),#2922);
#2919 = B_SPLINE_CURVE_WITH_KNOTS('',1,(#2920,#2921),.UNSPECIFIED.,.F.,
  .F.,(2,2),(0.,0.141421356237),.PIECEWISE_BEZIER_KNOTS.);
#2920 = CARTESIAN_POINT('',(0.,-7.071067811866E-02));
#2921 = CARTESIAN_POINT('',(0.,7.071067811865E-02));
#2922 = ( GEOMETRIC_REPRESENTATION_CONTEXT(2) 
PARAMETRIC_REPRESENTATION_CONTEXT() REPRESENTATION_CONTEXT('2D SPACE',''
  ) );
#2923 = PCURVE('',#2205,#2924);
#2924 = DEFINITIONAL_REPRESENTATION('',(#2925),#2928);
#2925 = B_SPLINE_CURVE_WITH_KNOTS('',1,(#2926,#2927),.UNSPECIFIED.,.F.,
  .F.,(2,2),(0.,0.141421356237),.PIECEWISE_BEZIER_KNOTS.);
#2926 = CARTESIAN_POINT('',(1.570796326795,0.));
#2927 = CARTESIAN_POINT('',(1.570796326795,-1.E-01));
#2928 = ( GEOMETRIC_REPRESENTATION_CONTEXT(2) 
PARAMETRIC_REPRESENTATION_CONTEXT() REPRESENTATION_CONTEXT('2D SPACE',''
  ) );
#2929 = ORIENTED_EDGE('',*,*,#1408,.T.);
#2930 = ORIENTED_EDGE('',*,*,#1437,.T.);
#2931 = ORIENTED_EDGE('',*,*,#2217,.F.);
#2932 = ADVANCED_FACE('',(#2933),#1680,.F.);
#2933 = FACE_BOUND('',#2934,.T.);
#2934 = EDGE_LOOP('',(#2935,#2962,#2991,#3016));
#2935 = ORIENTED_EDGE('',*,*,#2936,.T.);
#2936 = EDGE_CURVE('',#1611,#2937,#2939,.T.);
#2937 = VERTEX_POINT('',#2938);
#2938 = CARTESIAN_POINT('',(-21.29546389828,-44.4,3.3));
#2939 = SURFACE_CURVE('',#2940,(#2945,#2955),.PCURVE_S1.);
#2940 = PARABOLA('',#2941,7.071067811865E-02);
#2941 = AXIS2_PLACEMENT_3D('',#2942,#2943,#2944);
#2942 = CARTESIAN_POINT('',(-22.4,-41.35,0.25));
#2943 = DIRECTION('',(-0.,-0.707106781187,-0.707106781187));
#2944 = DIRECTION('',(0.,-0.707106781187,0.707106781187));
#2945 = PCURVE('',#1680,#2946);
#2946 = DEFINITIONAL_REPRESENTATION('',(#2947),#2954);
#2947 = B_SPLINE_CURVE_WITH_KNOTS('',5,(#2948,#2949,#2950,#2951,#2952,
    #2953),.UNSPECIFIED.,.F.,.F.,(6,6),(-1.122497216032,-1.104536101719)
  ,.PIECEWISE_BEZIER_KNOTS.);
#2948 = CARTESIAN_POINT('',(-1.218148649163,9.999999999996E-02));
#2949 = CARTESIAN_POINT('',(-1.217043349821,7.983869918618E-02));
#2950 = CARTESIAN_POINT('',(-1.215929479605,5.975804877925E-02));
#2951 = CARTESIAN_POINT('',(-1.214806906997,3.975804877917E-02));
#2952 = CARTESIAN_POINT('',(-1.213675496493,1.983869918593E-02));
#2953 = CARTESIAN_POINT('',(-1.212535108282,-4.64961402713E-13));
#2954 = ( GEOMETRIC_REPRESENTATION_CONTEXT(2) 
PARAMETRIC_REPRESENTATION_CONTEXT() REPRESENTATION_CONTEXT('2D SPACE',''
  ) );
#2955 = PCURVE('',#1738,#2956);
#2956 = DEFINITIONAL_REPRESENTATION('',(#2957),#2961);
#2957 = B_SPLINE_CURVE_WITH_KNOTS('',2,(#2958,#2959,#2960),
  .UNSPECIFIED.,.F.,.F.,(3,3),(-1.122497216032,-1.104536101719),
  .PIECEWISE_BEZIER_KNOTS.);
#2958 = CARTESIAN_POINT('',(0.141421356237,21.277502783968));
#2959 = CARTESIAN_POINT('',(7.014039362243E-02,21.286483341125));
#2960 = CARTESIAN_POINT('',(-6.563638521584E-13,21.295463898281));
#2961 = ( GEOMETRIC_REPRESENTATION_CONTEXT(2) 
PARAMETRIC_REPRESENTATION_CONTEXT() REPRESENTATION_CONTEXT('2D SPACE',''
  ) );
#2962 = ORIENTED_EDGE('',*,*,#2963,.F.);
#2963 = EDGE_CURVE('',#2964,#2937,#2966,.T.);
#2964 = VERTEX_POINT('',#2965);
#2965 = CARTESIAN_POINT('',(-25.35,-40.34546389828,3.3));
#2966 = SURFACE_CURVE('',#2967,(#2972,#2979),.PCURVE_S1.);
#2967 = CIRCLE('',#2968,3.15);
#2968 = AXIS2_PLACEMENT_3D('',#2969,#2970,#2971);
#2969 = CARTESIAN_POINT('',(-22.4,-41.45,3.3));
#2970 = DIRECTION('',(0.,0.,1.));
#2971 = DIRECTION('',(1.,0.,0.));
#2972 = PCURVE('',#1680,#2973);
#2973 = DEFINITIONAL_REPRESENTATION('',(#2974),#2978);
#2974 = LINE('',#2975,#2976);
#2975 = CARTESIAN_POINT('',(-6.28318530718,0.));
#2976 = VECTOR('',#2977,1.);
#2977 = DIRECTION('',(1.,-0.));
#2978 = ( GEOMETRIC_REPRESENTATION_CONTEXT(2) 
PARAMETRIC_REPRESENTATION_CONTEXT() REPRESENTATION_CONTEXT('2D SPACE',''
  ) );
#2979 = PCURVE('',#2980,#2985);
#2980 = CYLINDRICAL_SURFACE('',#2981,3.15);
#2981 = AXIS2_PLACEMENT_3D('',#2982,#2983,#2984);
#2982 = CARTESIAN_POINT('',(-22.4,-41.45,2.79));
#2983 = DIRECTION('',(-0.,-0.,-1.));
#2984 = DIRECTION('',(1.,0.,0.));
#2985 = DEFINITIONAL_REPRESENTATION('',(#2986),#2990);
#2986 = LINE('',#2987,#2988);
#2987 = CARTESIAN_POINT('',(-0.,-0.51));
#2988 = VECTOR('',#2989,1.);
#2989 = DIRECTION('',(-1.,0.));
#2990 = ( GEOMETRIC_REPRESENTATION_CONTEXT(2) 
PARAMETRIC_REPRESENTATION_CONTEXT() REPRESENTATION_CONTEXT('2D SPACE',''
  ) );
#2991 = ORIENTED_EDGE('',*,*,#2992,.T.);
#2992 = EDGE_CURVE('',#2964,#1639,#2993,.T.);
#2993 = SURFACE_CURVE('',#2994,(#2999,#3009),.PCURVE_S1.);
#2994 = PARABOLA('',#2995,7.071067811866E-02);
#2995 = AXIS2_PLACEMENT_3D('',#2996,#2997,#2998);
#2996 = CARTESIAN_POINT('',(-22.3,-41.45,0.25));
#2997 = DIRECTION('',(-0.707106781187,0.,-0.707106781187));
#2998 = DIRECTION('',(-0.707106781187,0.,0.707106781187));
#2999 = PCURVE('',#1680,#3000);
#3000 = DEFINITIONAL_REPRESENTATION('',(#3001),#3008);
#3001 = B_SPLINE_CURVE_WITH_KNOTS('',5,(#3002,#3003,#3004,#3005,#3006,
    #3007),.UNSPECIFIED.,.F.,.F.,(6,6),(1.104536101718,1.122497216032),
  .PIECEWISE_BEZIER_KNOTS.);
#3002 = CARTESIAN_POINT('',(-3.499853872103,-1.67355018732E-12));
#3003 = CARTESIAN_POINT('',(-3.498713483892,1.983869918496E-02));
#3004 = CARTESIAN_POINT('',(-3.497582073387,3.975804877845E-02));
#3005 = CARTESIAN_POINT('',(-3.49645950078,5.975804877878E-02));
#3006 = CARTESIAN_POINT('',(-3.495345630564,7.983869918596E-02));
#3007 = CARTESIAN_POINT('',(-3.494240331221,9.999999999998E-02));
#3008 = ( GEOMETRIC_REPRESENTATION_CONTEXT(2) 
PARAMETRIC_REPRESENTATION_CONTEXT() REPRESENTATION_CONTEXT('2D SPACE',''
  ) );
#3009 = PCURVE('',#1796,#3010);
#3010 = DEFINITIONAL_REPRESENTATION('',(#3011),#3015);
#3011 = B_SPLINE_CURVE_WITH_KNOTS('',2,(#3012,#3013,#3014),
  .UNSPECIFIED.,.F.,.F.,(3,3),(1.104536101718,1.122497216032),
  .PIECEWISE_BEZIER_KNOTS.);
#3012 = CARTESIAN_POINT('',(-2.371436380599E-12,-40.34546389828));
#3013 = CARTESIAN_POINT('',(7.014039362158E-02,-40.33648334112));
#3014 = CARTESIAN_POINT('',(0.141421356237,-40.32750278396));
#3015 = ( GEOMETRIC_REPRESENTATION_CONTEXT(2) 
PARAMETRIC_REPRESENTATION_CONTEXT() REPRESENTATION_CONTEXT('2D SPACE',''
  ) );
#3016 = ORIENTED_EDGE('',*,*,#1665,.F.);
#3017 = ADVANCED_FACE('',(#3018),#1738,.F.);
#3018 = FACE_BOUND('',#3019,.F.);
#3019 = EDGE_LOOP('',(#3020,#3021,#3049,#3074));
#3020 = ORIENTED_EDGE('',*,*,#2936,.T.);
#3021 = ORIENTED_EDGE('',*,*,#3022,.T.);
#3022 = EDGE_CURVE('',#2937,#3023,#3025,.T.);
#3023 = VERTEX_POINT('',#3024);
#3024 = CARTESIAN_POINT('',(21.295463898282,-44.4,3.3));
#3025 = SURFACE_CURVE('',#3026,(#3030,#3037),.PCURVE_S1.);
#3026 = LINE('',#3027,#3028);
#3027 = CARTESIAN_POINT('',(0.,-44.4,3.3));
#3028 = VECTOR('',#3029,1.);
#3029 = DIRECTION('',(1.,0.,0.));
#3030 = PCURVE('',#1738,#3031);
#3031 = DEFINITIONAL_REPRESENTATION('',(#3032),#3036);
#3032 = LINE('',#3033,#3034);
#3033 = CARTESIAN_POINT('',(0.,0.));
#3034 = VECTOR('',#3035,1.);
#3035 = DIRECTION('',(-6.162975822039E-33,-1.));
#3036 = ( GEOMETRIC_REPRESENTATION_CONTEXT(2) 
PARAMETRIC_REPRESENTATION_CONTEXT() REPRESENTATION_CONTEXT('2D SPACE',''
  ) );
#3037 = PCURVE('',#3038,#3043);
#3038 = PLANE('',#3039);
#3039 = AXIS2_PLACEMENT_3D('',#3040,#3041,#3042);
#3040 = CARTESIAN_POINT('',(-25.35,-44.4,2.8));
#3041 = DIRECTION('',(0.,1.,0.));
#3042 = DIRECTION('',(1.,0.,0.));
#3043 = DEFINITIONAL_REPRESENTATION('',(#3044),#3048);
#3044 = LINE('',#3045,#3046);
#3045 = CARTESIAN_POINT('',(25.35,-0.5));
#3046 = VECTOR('',#3047,1.);
#3047 = DIRECTION('',(1.,0.));
#3048 = ( GEOMETRIC_REPRESENTATION_CONTEXT(2) 
PARAMETRIC_REPRESENTATION_CONTEXT() REPRESENTATION_CONTEXT('2D SPACE',''
  ) );
#3049 = ORIENTED_EDGE('',*,*,#3050,.T.);
#3050 = EDGE_CURVE('',#3023,#1696,#3051,.T.);
#3051 = SURFACE_CURVE('',#3052,(#3057,#3064),.PCURVE_S1.);
#3052 = PARABOLA('',#3053,7.071067811865E-02);
#3053 = AXIS2_PLACEMENT_3D('',#3054,#3055,#3056);
#3054 = CARTESIAN_POINT('',(22.4,-41.35,0.25));
#3055 = DIRECTION('',(-0.,-0.707106781187,-0.707106781187));
#3056 = DIRECTION('',(0.,-0.707106781187,0.707106781187));
#3057 = PCURVE('',#1738,#3058);
#3058 = DEFINITIONAL_REPRESENTATION('',(#3059),#3063);
#3059 = B_SPLINE_CURVE_WITH_KNOTS('',2,(#3060,#3061,#3062),
  .UNSPECIFIED.,.F.,.F.,(3,3),(1.104536101718,1.122497216032),
  .PIECEWISE_BEZIER_KNOTS.);
#3060 = CARTESIAN_POINT('',(-3.360867140145E-12,-21.29546389828));
#3061 = CARTESIAN_POINT('',(7.014039362105E-02,-21.28648334112));
#3062 = CARTESIAN_POINT('',(0.141421356237,-21.27750278396));
#3063 = ( GEOMETRIC_REPRESENTATION_CONTEXT(2) 
PARAMETRIC_REPRESENTATION_CONTEXT() REPRESENTATION_CONTEXT('2D SPACE',''
  ) );
#3064 = PCURVE('',#1855,#3065);
#3065 = DEFINITIONAL_REPRESENTATION('',(#3066),#3073);
#3066 = B_SPLINE_CURVE_WITH_KNOTS('',5,(#3067,#3068,#3069,#3070,#3071,
    #3072),.UNSPECIFIED.,.F.,.F.,(6,6),(1.104536101718,1.122497216032),
  .PIECEWISE_BEZIER_KNOTS.);
#3067 = CARTESIAN_POINT('',(-8.212242852487,-2.375877272698E-12));
#3068 = CARTESIAN_POINT('',(-8.211102464277,1.983869918439E-02));
#3069 = CARTESIAN_POINT('',(-8.209971053772,3.975804877801E-02));
#3070 = CARTESIAN_POINT('',(-8.208848481165,5.975804877847E-02));
#3071 = CARTESIAN_POINT('',(-8.207734610948,7.983869918579E-02));
#3072 = CARTESIAN_POINT('',(-8.206629311606,9.999999999995E-02));
#3073 = ( GEOMETRIC_REPRESENTATION_CONTEXT(2) 
PARAMETRIC_REPRESENTATION_CONTEXT() REPRESENTATION_CONTEXT('2D SPACE',''
  ) );
#3074 = ORIENTED_EDGE('',*,*,#1724,.T.);
#3075 = ADVANCED_FACE('',(#3076),#1796,.F.);
#3076 = FACE_BOUND('',#3077,.F.);
#3077 = EDGE_LOOP('',(#3078,#3105,#3131,#3132));
#3078 = ORIENTED_EDGE('',*,*,#3079,.T.);
#3079 = EDGE_CURVE('',#1756,#3080,#3082,.T.);
#3080 = VERTEX_POINT('',#3081);
#3081 = CARTESIAN_POINT('',(-25.35,40.345463898282,3.3));
#3082 = SURFACE_CURVE('',#3083,(#3088,#3095),.PCURVE_S1.);
#3083 = PARABOLA('',#3084,7.071067811866E-02);
#3084 = AXIS2_PLACEMENT_3D('',#3085,#3086,#3087);
#3085 = CARTESIAN_POINT('',(-22.3,41.45,0.25));
#3086 = DIRECTION('',(-0.707106781187,0.,-0.707106781187));
#3087 = DIRECTION('',(-0.707106781187,0.,0.707106781187));
#3088 = PCURVE('',#1796,#3089);
#3089 = DEFINITIONAL_REPRESENTATION('',(#3090),#3094);
#3090 = B_SPLINE_CURVE_WITH_KNOTS('',2,(#3091,#3092,#3093),
  .UNSPECIFIED.,.F.,.F.,(3,3),(-1.122497216032,-1.104536101718),
  .PIECEWISE_BEZIER_KNOTS.);
#3091 = CARTESIAN_POINT('',(0.141421356237,40.327502783968));
#3092 = CARTESIAN_POINT('',(7.014039362152E-02,40.336483341125));
#3093 = CARTESIAN_POINT('',(-2.42739162104E-12,40.345463898282));
#3094 = ( GEOMETRIC_REPRESENTATION_CONTEXT(2) 
PARAMETRIC_REPRESENTATION_CONTEXT() REPRESENTATION_CONTEXT('2D SPACE',''
  ) );
#3095 = PCURVE('',#1914,#3096);
#3096 = DEFINITIONAL_REPRESENTATION('',(#3097),#3104);
#3097 = B_SPLINE_CURVE_WITH_KNOTS('',5,(#3098,#3099,#3100,#3101,#3102,
    #3103),.UNSPECIFIED.,.F.,.F.,(6,6),(-1.122497216032,-1.104536101718)
  ,.PIECEWISE_BEZIER_KNOTS.);
#3098 = CARTESIAN_POINT('',(-2.788944975958,9.999999999994E-02));
#3099 = CARTESIAN_POINT('',(-2.787839676616,7.983869918591E-02));
#3100 = CARTESIAN_POINT('',(-2.7867258064,5.975804877873E-02));
#3101 = CARTESIAN_POINT('',(-2.785603233792,3.97580487784E-02));
#3102 = CARTESIAN_POINT('',(-2.784471823287,1.983869918492E-02));
#3103 = CARTESIAN_POINT('',(-2.783331435077,-1.71640479607E-12));
#3104 = ( GEOMETRIC_REPRESENTATION_CONTEXT(2) 
PARAMETRIC_REPRESENTATION_CONTEXT() REPRESENTATION_CONTEXT('2D SPACE',''
  ) );
#3105 = ORIENTED_EDGE('',*,*,#3106,.F.);
#3106 = EDGE_CURVE('',#2964,#3080,#3107,.T.);
#3107 = SURFACE_CURVE('',#3108,(#3112,#3119),.PCURVE_S1.);
#3108 = LINE('',#3109,#3110);
#3109 = CARTESIAN_POINT('',(-25.35,0.,3.3));
#3110 = VECTOR('',#3111,1.);
#3111 = DIRECTION('',(0.,1.,0.));
#3112 = PCURVE('',#1796,#3113);
#3113 = DEFINITIONAL_REPRESENTATION('',(#3114),#3118);
#3114 = LINE('',#3115,#3116);
#3115 = CARTESIAN_POINT('',(0.,0.));
#3116 = VECTOR('',#3117,1.);
#3117 = DIRECTION('',(6.162975822039E-33,1.));
#3118 = ( GEOMETRIC_REPRESENTATION_CONTEXT(2) 
PARAMETRIC_REPRESENTATION_CONTEXT() REPRESENTATION_CONTEXT('2D SPACE',''
  ) );
#3119 = PCURVE('',#3120,#3125);
#3120 = PLANE('',#3121);
#3121 = AXIS2_PLACEMENT_3D('',#3122,#3123,#3124);
#3122 = CARTESIAN_POINT('',(-25.35,44.4,2.8));
#3123 = DIRECTION('',(1.,0.,-0.));
#3124 = DIRECTION('',(0.,-1.,0.));
#3125 = DEFINITIONAL_REPRESENTATION('',(#3126),#3130);
#3126 = LINE('',#3127,#3128);
#3127 = CARTESIAN_POINT('',(44.4,-0.5));
#3128 = VECTOR('',#3129,1.);
#3129 = DIRECTION('',(-1.,0.));
#3130 = ( GEOMETRIC_REPRESENTATION_CONTEXT(2) 
PARAMETRIC_REPRESENTATION_CONTEXT() REPRESENTATION_CONTEXT('2D SPACE',''
  ) );
#3131 = ORIENTED_EDGE('',*,*,#2992,.T.);
#3132 = ORIENTED_EDGE('',*,*,#1782,.T.);
#3133 = ADVANCED_FACE('',(#3134),#1855,.F.);
#3134 = FACE_BOUND('',#3135,.T.);
#3135 = EDGE_LOOP('',(#3136,#3163,#3190,#3191));
#3136 = ORIENTED_EDGE('',*,*,#3137,.T.);
#3137 = EDGE_CURVE('',#1814,#3138,#3140,.T.);
#3138 = VERTEX_POINT('',#3139);
#3139 = CARTESIAN_POINT('',(25.35,-40.34546389828,3.3));
#3140 = SURFACE_CURVE('',#3141,(#3146,#3156),.PCURVE_S1.);
#3141 = PARABOLA('',#3142,7.071067811866E-02);
#3142 = AXIS2_PLACEMENT_3D('',#3143,#3144,#3145);
#3143 = CARTESIAN_POINT('',(22.3,-41.45,0.25));
#3144 = DIRECTION('',(0.707106781187,0.,-0.707106781187));
#3145 = DIRECTION('',(0.707106781187,0.,0.707106781187));
#3146 = PCURVE('',#1855,#3147);
#3147 = DEFINITIONAL_REPRESENTATION('',(#3148),#3155);
#3148 = B_SPLINE_CURVE_WITH_KNOTS('',5,(#3149,#3150,#3151,#3152,#3153,
    #3154),.UNSPECIFIED.,.F.,.F.,(6,6),(-1.122497216032,-1.104536101719)
  ,.PIECEWISE_BEZIER_KNOTS.);
#3149 = CARTESIAN_POINT('',(-5.930537629548,9.999999999994E-02));
#3150 = CARTESIAN_POINT('',(-5.929432330206,7.983869918602E-02));
#3151 = CARTESIAN_POINT('',(-5.928318459989,5.975804877894E-02));
#3152 = CARTESIAN_POINT('',(-5.927195887382,3.975804877872E-02));
#3153 = CARTESIAN_POINT('',(-5.926064476877,1.983869918533E-02));
#3154 = CARTESIAN_POINT('',(-5.924924088667,-1.202371535669E-12));
#3155 = ( GEOMETRIC_REPRESENTATION_CONTEXT(2) 
PARAMETRIC_REPRESENTATION_CONTEXT() REPRESENTATION_CONTEXT('2D SPACE',''
  ) );
#3156 = PCURVE('',#1972,#3157);
#3157 = DEFINITIONAL_REPRESENTATION('',(#3158),#3162);
#3158 = B_SPLINE_CURVE_WITH_KNOTS('',2,(#3159,#3160,#3161),
  .UNSPECIFIED.,.F.,.F.,(3,3),(-1.122497216032,-1.104536101719),
  .PIECEWISE_BEZIER_KNOTS.);
#3159 = CARTESIAN_POINT('',(0.141421356237,40.327502783968));
#3160 = CARTESIAN_POINT('',(7.01403936219E-02,40.336483341125));
#3161 = CARTESIAN_POINT('',(-1.697308960047E-12,40.345463898281));
#3162 = ( GEOMETRIC_REPRESENTATION_CONTEXT(2) 
PARAMETRIC_REPRESENTATION_CONTEXT() REPRESENTATION_CONTEXT('2D SPACE',''
  ) );
#3163 = ORIENTED_EDGE('',*,*,#3164,.T.);
#3164 = EDGE_CURVE('',#3138,#3023,#3165,.T.);
#3165 = SURFACE_CURVE('',#3166,(#3171,#3178),.PCURVE_S1.);
#3166 = CIRCLE('',#3167,3.15);
#3167 = AXIS2_PLACEMENT_3D('',#3168,#3169,#3170);
#3168 = CARTESIAN_POINT('',(22.4,-41.45,3.3));
#3169 = DIRECTION('',(0.,0.,-1.));
#3170 = DIRECTION('',(0.936507936508,0.350646381498,0.));
#3171 = PCURVE('',#1855,#3172);
#3172 = DEFINITIONAL_REPRESENTATION('',(#3173),#3177);
#3173 = LINE('',#3174,#3175);
#3174 = CARTESIAN_POINT('',(-5.924924088667,0.));
#3175 = VECTOR('',#3176,1.);
#3176 = DIRECTION('',(-1.,0.));
#3177 = ( GEOMETRIC_REPRESENTATION_CONTEXT(2) 
PARAMETRIC_REPRESENTATION_CONTEXT() REPRESENTATION_CONTEXT('2D SPACE',''
  ) );
#3178 = PCURVE('',#3179,#3184);
#3179 = CYLINDRICAL_SURFACE('',#3180,3.15);
#3180 = AXIS2_PLACEMENT_3D('',#3181,#3182,#3183);
#3181 = CARTESIAN_POINT('',(22.4,-41.45,2.79));
#3182 = DIRECTION('',(-0.,-0.,-1.));
#3183 = DIRECTION('',(1.,0.,0.));
#3184 = DEFINITIONAL_REPRESENTATION('',(#3185),#3189);
#3185 = LINE('',#3186,#3187);
#3186 = CARTESIAN_POINT('',(-6.641446525692,-0.51));
#3187 = VECTOR('',#3188,1.);
#3188 = DIRECTION('',(1.,-0.));
#3189 = ( GEOMETRIC_REPRESENTATION_CONTEXT(2) 
PARAMETRIC_REPRESENTATION_CONTEXT() REPRESENTATION_CONTEXT('2D SPACE',''
  ) );
#3190 = ORIENTED_EDGE('',*,*,#3050,.T.);
#3191 = ORIENTED_EDGE('',*,*,#1840,.T.);
#3192 = ADVANCED_FACE('',(#3193),#1914,.F.);
#3193 = FACE_BOUND('',#3194,.T.);
#3194 = EDGE_LOOP('',(#3195,#3196,#3225,#3250));
#3195 = ORIENTED_EDGE('',*,*,#3079,.T.);
#3196 = ORIENTED_EDGE('',*,*,#3197,.F.);
#3197 = EDGE_CURVE('',#3198,#3080,#3200,.T.);
#3198 = VERTEX_POINT('',#3199);
#3199 = CARTESIAN_POINT('',(-21.29546389828,44.4,3.3));
#3200 = SURFACE_CURVE('',#3201,(#3206,#3213),.PCURVE_S1.);
#3201 = CIRCLE('',#3202,3.15);
#3202 = AXIS2_PLACEMENT_3D('',#3203,#3204,#3205);
#3203 = CARTESIAN_POINT('',(-22.4,41.45,3.3));
#3204 = DIRECTION('',(0.,0.,1.));
#3205 = DIRECTION('',(1.,0.,0.));
#3206 = PCURVE('',#1914,#3207);
#3207 = DEFINITIONAL_REPRESENTATION('',(#3208),#3212);
#3208 = LINE('',#3209,#3210);
#3209 = CARTESIAN_POINT('',(-6.28318530718,0.));
#3210 = VECTOR('',#3211,1.);
#3211 = DIRECTION('',(1.,-0.));
#3212 = ( GEOMETRIC_REPRESENTATION_CONTEXT(2) 
PARAMETRIC_REPRESENTATION_CONTEXT() REPRESENTATION_CONTEXT('2D SPACE',''
  ) );
#3213 = PCURVE('',#3214,#3219);
#3214 = CYLINDRICAL_SURFACE('',#3215,3.15);
#3215 = AXIS2_PLACEMENT_3D('',#3216,#3217,#3218);
#3216 = CARTESIAN_POINT('',(-22.4,41.45,2.79));
#3217 = DIRECTION('',(-0.,-0.,-1.));
#3218 = DIRECTION('',(1.,0.,0.));
#3219 = DEFINITIONAL_REPRESENTATION('',(#3220),#3224);
#3220 = LINE('',#3221,#3222);
#3221 = CARTESIAN_POINT('',(-0.,-0.51));
#3222 = VECTOR('',#3223,1.);
#3223 = DIRECTION('',(-1.,0.));
#3224 = ( GEOMETRIC_REPRESENTATION_CONTEXT(2) 
PARAMETRIC_REPRESENTATION_CONTEXT() REPRESENTATION_CONTEXT('2D SPACE',''
  ) );
#3225 = ORIENTED_EDGE('',*,*,#3226,.T.);
#3226 = EDGE_CURVE('',#3198,#1873,#3227,.T.);
#3227 = SURFACE_CURVE('',#3228,(#3233,#3243),.PCURVE_S1.);
#3228 = PARABOLA('',#3229,7.071067811866E-02);
#3229 = AXIS2_PLACEMENT_3D('',#3230,#3231,#3232);
#3230 = CARTESIAN_POINT('',(-22.4,41.35,0.25));
#3231 = DIRECTION('',(0.,0.707106781187,-0.707106781187));
#3232 = DIRECTION('',(0.,0.707106781187,0.707106781187));
#3233 = PCURVE('',#1914,#3234);
#3234 = DEFINITIONAL_REPRESENTATION('',(#3235),#3242);
#3235 = B_SPLINE_CURVE_WITH_KNOTS('',5,(#3236,#3237,#3238,#3239,#3240,
    #3241),.UNSPECIFIED.,.F.,.F.,(6,6),(1.104536101719,1.122497216032),
  .PIECEWISE_BEZIER_KNOTS.);
#3236 = CARTESIAN_POINT('',(-5.070650198897,-5.084821452783E-13));
#3237 = CARTESIAN_POINT('',(-5.069509810687,1.983869918588E-02));
#3238 = CARTESIAN_POINT('',(-5.068378400182,3.975804877913E-02));
#3239 = CARTESIAN_POINT('',(-5.067255827575,5.97580487792E-02));
#3240 = CARTESIAN_POINT('',(-5.066141957359,7.983869918614E-02));
#3241 = CARTESIAN_POINT('',(-5.065036658016,9.999999999991E-02));
#3242 = ( GEOMETRIC_REPRESENTATION_CONTEXT(2) 
PARAMETRIC_REPRESENTATION_CONTEXT() REPRESENTATION_CONTEXT('2D SPACE',''
  ) );
#3243 = PCURVE('',#2030,#3244);
#3244 = DEFINITIONAL_REPRESENTATION('',(#3245),#3249);
#3245 = B_SPLINE_CURVE_WITH_KNOTS('',2,(#3246,#3247,#3248),
  .UNSPECIFIED.,.F.,.F.,(3,3),(1.104536101719,1.122497216032),
  .PIECEWISE_BEZIER_KNOTS.);
#3246 = CARTESIAN_POINT('',(-7.220890552162E-13,-21.29546389828));
#3247 = CARTESIAN_POINT('',(7.014039362237E-02,-21.28648334112));
#3248 = CARTESIAN_POINT('',(0.141421356237,-21.27750278396));
#3249 = ( GEOMETRIC_REPRESENTATION_CONTEXT(2) 
PARAMETRIC_REPRESENTATION_CONTEXT() REPRESENTATION_CONTEXT('2D SPACE',''
  ) );
#3250 = ORIENTED_EDGE('',*,*,#1899,.F.);
#3251 = ADVANCED_FACE('',(#3252),#1972,.F.);
#3252 = FACE_BOUND('',#3253,.F.);
#3253 = EDGE_LOOP('',(#3254,#3255,#3283,#3308));
#3254 = ORIENTED_EDGE('',*,*,#3137,.T.);
#3255 = ORIENTED_EDGE('',*,*,#3256,.T.);
#3256 = EDGE_CURVE('',#3138,#3257,#3259,.T.);
#3257 = VERTEX_POINT('',#3258);
#3258 = CARTESIAN_POINT('',(25.35,40.345463898281,3.3));
#3259 = SURFACE_CURVE('',#3260,(#3264,#3271),.PCURVE_S1.);
#3260 = LINE('',#3261,#3262);
#3261 = CARTESIAN_POINT('',(25.35,0.,3.3));
#3262 = VECTOR('',#3263,1.);
#3263 = DIRECTION('',(0.,1.,0.));
#3264 = PCURVE('',#1972,#3265);
#3265 = DEFINITIONAL_REPRESENTATION('',(#3266),#3270);
#3266 = LINE('',#3267,#3268);
#3267 = CARTESIAN_POINT('',(0.,-0.));
#3268 = VECTOR('',#3269,1.);
#3269 = DIRECTION('',(-6.162975822039E-33,-1.));
#3270 = ( GEOMETRIC_REPRESENTATION_CONTEXT(2) 
PARAMETRIC_REPRESENTATION_CONTEXT() REPRESENTATION_CONTEXT('2D SPACE',''
  ) );
#3271 = PCURVE('',#3272,#3277);
#3272 = PLANE('',#3273);
#3273 = AXIS2_PLACEMENT_3D('',#3274,#3275,#3276);
#3274 = CARTESIAN_POINT('',(25.35,-44.4,2.8));
#3275 = DIRECTION('',(-1.,0.,0.));
#3276 = DIRECTION('',(0.,1.,0.));
#3277 = DEFINITIONAL_REPRESENTATION('',(#3278),#3282);
#3278 = LINE('',#3279,#3280);
#3279 = CARTESIAN_POINT('',(44.4,-0.5));
#3280 = VECTOR('',#3281,1.);
#3281 = DIRECTION('',(1.,0.));
#3282 = ( GEOMETRIC_REPRESENTATION_CONTEXT(2) 
PARAMETRIC_REPRESENTATION_CONTEXT() REPRESENTATION_CONTEXT('2D SPACE',''
  ) );
#3283 = ORIENTED_EDGE('',*,*,#3284,.T.);
#3284 = EDGE_CURVE('',#3257,#1930,#3285,.T.);
#3285 = SURFACE_CURVE('',#3286,(#3291,#3298),.PCURVE_S1.);
#3286 = PARABOLA('',#3287,7.071067811866E-02);
#3287 = AXIS2_PLACEMENT_3D('',#3288,#3289,#3290);
#3288 = CARTESIAN_POINT('',(22.3,41.45,0.25));
#3289 = DIRECTION('',(0.707106781187,0.,-0.707106781187));
#3290 = DIRECTION('',(0.707106781187,0.,0.707106781187));
#3291 = PCURVE('',#1972,#3292);
#3292 = DEFINITIONAL_REPRESENTATION('',(#3293),#3297);
#3293 = B_SPLINE_CURVE_WITH_KNOTS('',2,(#3294,#3295,#3296),
  .UNSPECIFIED.,.F.,.F.,(3,3),(1.104536101719,1.122497216032),
  .PIECEWISE_BEZIER_KNOTS.);
#3294 = CARTESIAN_POINT('',(-1.659117288E-12,-40.34546389828));
#3295 = CARTESIAN_POINT('',(7.014039362194E-02,-40.33648334112));
#3296 = CARTESIAN_POINT('',(0.141421356237,-40.32750278396));
#3297 = ( GEOMETRIC_REPRESENTATION_CONTEXT(2) 
PARAMETRIC_REPRESENTATION_CONTEXT() REPRESENTATION_CONTEXT('2D SPACE',''
  ) );
#3298 = PCURVE('',#2063,#3299);
#3299 = DEFINITIONAL_REPRESENTATION('',(#3300),#3307);
#3300 = B_SPLINE_CURVE_WITH_KNOTS('',5,(#3301,#3302,#3303,#3304,#3305,
    #3306),.UNSPECIFIED.,.F.,.F.,(6,6),(1.104536101719,1.122497216032),
  .PIECEWISE_BEZIER_KNOTS.);
#3301 = CARTESIAN_POINT('',(-6.641446525692,-1.169730978745E-12));
#3302 = CARTESIAN_POINT('',(-6.640306137482,1.983869918537E-02));
#3303 = CARTESIAN_POINT('',(-6.639174726977,3.975804877875E-02));
#3304 = CARTESIAN_POINT('',(-6.63805215437,5.975804877898E-02));
#3305 = CARTESIAN_POINT('',(-6.636938284153,7.983869918605E-02));
#3306 = CARTESIAN_POINT('',(-6.635832984811,9.999999999998E-02));
#3307 = ( GEOMETRIC_REPRESENTATION_CONTEXT(2) 
PARAMETRIC_REPRESENTATION_CONTEXT() REPRESENTATION_CONTEXT('2D SPACE',''
  ) );
#3308 = ORIENTED_EDGE('',*,*,#1958,.T.);
#3309 = ADVANCED_FACE('',(#3310),#2030,.F.);
#3310 = FACE_BOUND('',#3311,.F.);
#3311 = EDGE_LOOP('',(#3312,#3339,#3365,#3366));
#3312 = ORIENTED_EDGE('',*,*,#3313,.T.);
#3313 = EDGE_CURVE('',#1990,#3314,#3316,.T.);
#3314 = VERTEX_POINT('',#3315);
#3315 = CARTESIAN_POINT('',(21.295463898282,44.4,3.3));
#3316 = SURFACE_CURVE('',#3317,(#3322,#3329),.PCURVE_S1.);
#3317 = PARABOLA('',#3318,7.071067811866E-02);
#3318 = AXIS2_PLACEMENT_3D('',#3319,#3320,#3321);
#3319 = CARTESIAN_POINT('',(22.4,41.35,0.25));
#3320 = DIRECTION('',(0.,0.707106781187,-0.707106781187));
#3321 = DIRECTION('',(0.,0.707106781187,0.707106781187));
#3322 = PCURVE('',#2030,#3323);
#3323 = DEFINITIONAL_REPRESENTATION('',(#3324),#3328);
#3324 = B_SPLINE_CURVE_WITH_KNOTS('',2,(#3325,#3326,#3327),
  .UNSPECIFIED.,.F.,.F.,(3,3),(-1.122497216032,-1.104536101718),
  .PIECEWISE_BEZIER_KNOTS.);
#3325 = CARTESIAN_POINT('',(0.141421356237,21.277502783968));
#3326 = CARTESIAN_POINT('',(7.014039362101E-02,21.286483341125));
#3327 = CARTESIAN_POINT('',(-3.420375094265E-12,21.295463898282));
#3328 = ( GEOMETRIC_REPRESENTATION_CONTEXT(2) 
PARAMETRIC_REPRESENTATION_CONTEXT() REPRESENTATION_CONTEXT('2D SPACE',''
  ) );
#3329 = PCURVE('',#2063,#3330);
#3330 = DEFINITIONAL_REPRESENTATION('',(#3331),#3338);
#3331 = B_SPLINE_CURVE_WITH_KNOTS('',5,(#3332,#3333,#3334,#3335,#3336,
    #3337),.UNSPECIFIED.,.F.,.F.,(6,6),(-1.122497216032,-1.104536101718)
  ,.PIECEWISE_BEZIER_KNOTS.);
#3332 = CARTESIAN_POINT('',(-4.359741302753,9.999999999992E-02));
#3333 = CARTESIAN_POINT('',(-4.358636003411,7.983869918576E-02));
#3334 = CARTESIAN_POINT('',(-4.357522133194,5.975804877844E-02));
#3335 = CARTESIAN_POINT('',(-4.356399560587,3.975804877797E-02));
#3336 = CARTESIAN_POINT('',(-4.355268150082,1.983869918435E-02));
#3337 = CARTESIAN_POINT('',(-4.354127761872,-2.419398015263E-12));
#3338 = ( GEOMETRIC_REPRESENTATION_CONTEXT(2) 
PARAMETRIC_REPRESENTATION_CONTEXT() REPRESENTATION_CONTEXT('2D SPACE',''
  ) );
#3339 = ORIENTED_EDGE('',*,*,#3340,.F.);
#3340 = EDGE_CURVE('',#3198,#3314,#3341,.T.);
#3341 = SURFACE_CURVE('',#3342,(#3346,#3353),.PCURVE_S1.);
#3342 = LINE('',#3343,#3344);
#3343 = CARTESIAN_POINT('',(0.,44.4,3.3));
#3344 = VECTOR('',#3345,1.);
#3345 = DIRECTION('',(1.,0.,0.));
#3346 = PCURVE('',#2030,#3347);
#3347 = DEFINITIONAL_REPRESENTATION('',(#3348),#3352);
#3348 = LINE('',#3349,#3350);
#3349 = CARTESIAN_POINT('',(0.,0.));
#3350 = VECTOR('',#3351,1.);
#3351 = DIRECTION('',(6.162975822039E-33,1.));
#3352 = ( GEOMETRIC_REPRESENTATION_CONTEXT(2) 
PARAMETRIC_REPRESENTATION_CONTEXT() REPRESENTATION_CONTEXT('2D SPACE',''
  ) );
#3353 = PCURVE('',#3354,#3359);
#3354 = PLANE('',#3355);
#3355 = AXIS2_PLACEMENT_3D('',#3356,#3357,#3358);
#3356 = CARTESIAN_POINT('',(25.35,44.4,2.8));
#3357 = DIRECTION('',(0.,-1.,0.));
#3358 = DIRECTION('',(-1.,0.,0.));
#3359 = DEFINITIONAL_REPRESENTATION('',(#3360),#3364);
#3360 = LINE('',#3361,#3362);
#3361 = CARTESIAN_POINT('',(25.35,-0.5));
#3362 = VECTOR('',#3363,1.);
#3363 = DIRECTION('',(-1.,-0.));
#3364 = ( GEOMETRIC_REPRESENTATION_CONTEXT(2) 
PARAMETRIC_REPRESENTATION_CONTEXT() REPRESENTATION_CONTEXT('2D SPACE',''
  ) );
#3365 = ORIENTED_EDGE('',*,*,#3226,.T.);
#3366 = ORIENTED_EDGE('',*,*,#2016,.T.);
#3367 = ADVANCED_FACE('',(#3368),#2063,.F.);
#3368 = FACE_BOUND('',#3369,.T.);
#3369 = EDGE_LOOP('',(#3370,#3371,#3398,#3399));
#3370 = ORIENTED_EDGE('',*,*,#3313,.T.);
#3371 = ORIENTED_EDGE('',*,*,#3372,.T.);
#3372 = EDGE_CURVE('',#3314,#3257,#3373,.T.);
#3373 = SURFACE_CURVE('',#3374,(#3379,#3386),.PCURVE_S1.);
#3374 = CIRCLE('',#3375,3.15);
#3375 = AXIS2_PLACEMENT_3D('',#3376,#3377,#3378);
#3376 = CARTESIAN_POINT('',(22.4,41.45,3.3));
#3377 = DIRECTION('',(0.,0.,-1.));
#3378 = DIRECTION('',(-0.350646381498,0.936507936508,0.));
#3379 = PCURVE('',#2063,#3380);
#3380 = DEFINITIONAL_REPRESENTATION('',(#3381),#3385);
#3381 = LINE('',#3382,#3383);
#3382 = CARTESIAN_POINT('',(-4.354127761872,0.));
#3383 = VECTOR('',#3384,1.);
#3384 = DIRECTION('',(-1.,0.));
#3385 = ( GEOMETRIC_REPRESENTATION_CONTEXT(2) 
PARAMETRIC_REPRESENTATION_CONTEXT() REPRESENTATION_CONTEXT('2D SPACE',''
  ) );
#3386 = PCURVE('',#3387,#3392);
#3387 = CYLINDRICAL_SURFACE('',#3388,3.15);
#3388 = AXIS2_PLACEMENT_3D('',#3389,#3390,#3391);
#3389 = CARTESIAN_POINT('',(22.4,41.45,2.79));
#3390 = DIRECTION('',(-0.,-0.,-1.));
#3391 = DIRECTION('',(1.,0.,0.));
#3392 = DEFINITIONAL_REPRESENTATION('',(#3393),#3397);
#3393 = LINE('',#3394,#3395);
#3394 = CARTESIAN_POINT('',(-8.212242852487,-0.51));
#3395 = VECTOR('',#3396,1.);
#3396 = DIRECTION('',(1.,-0.));
#3397 = ( GEOMETRIC_REPRESENTATION_CONTEXT(2) 
PARAMETRIC_REPRESENTATION_CONTEXT() REPRESENTATION_CONTEXT('2D SPACE',''
  ) );
#3398 = ORIENTED_EDGE('',*,*,#3284,.T.);
#3399 = ORIENTED_EDGE('',*,*,#2048,.T.);
#3400 = ADVANCED_FACE('',(#3401),#2119,.T.);
#3401 = FACE_BOUND('',#3402,.F.);
#3402 = EDGE_LOOP('',(#3403,#3404,#3405,#3424));
#3403 = ORIENTED_EDGE('',*,*,#2704,.F.);
#3404 = ORIENTED_EDGE('',*,*,#2757,.T.);
#3405 = ORIENTED_EDGE('',*,*,#3406,.T.);
#3406 = EDGE_CURVE('',#2730,#2104,#3407,.T.);
#3407 = SURFACE_CURVE('',#3408,(#3412,#3418),.PCURVE_S1.);
#3408 = LINE('',#3409,#3410);
#3409 = CARTESIAN_POINT('',(26.3,41.45,5.E-02));
#3410 = VECTOR('',#3411,1.);
#3411 = DIRECTION('',(-0.707106781187,0.,-0.707106781187));
#3412 = PCURVE('',#2119,#3413);
#3413 = DEFINITIONAL_REPRESENTATION('',(#3414),#3417);
#3414 = B_SPLINE_CURVE_WITH_KNOTS('',1,(#3415,#3416),.UNSPECIFIED.,.F.,
  .F.,(2,2),(-7.071067811866E-02,7.071067811865E-02),
  .PIECEWISE_BEZIER_KNOTS.);
#3415 = CARTESIAN_POINT('',(-82.9,-7.071067811866E-02));
#3416 = CARTESIAN_POINT('',(-82.9,7.071067811865E-02));
#3417 = ( GEOMETRIC_REPRESENTATION_CONTEXT(2) 
PARAMETRIC_REPRESENTATION_CONTEXT() REPRESENTATION_CONTEXT('2D SPACE',''
  ) );
#3418 = PCURVE('',#2148,#3419);
#3419 = DEFINITIONAL_REPRESENTATION('',(#3420),#3423);
#3420 = B_SPLINE_CURVE_WITH_KNOTS('',1,(#3421,#3422),.UNSPECIFIED.,.F.,
  .F.,(2,2),(-7.071067811866E-02,7.071067811865E-02),
  .PIECEWISE_BEZIER_KNOTS.);
#3421 = CARTESIAN_POINT('',(0.,0.));
#3422 = CARTESIAN_POINT('',(0.,-0.1));
#3423 = ( GEOMETRIC_REPRESENTATION_CONTEXT(2) 
PARAMETRIC_REPRESENTATION_CONTEXT() REPRESENTATION_CONTEXT('2D SPACE',''
  ) );
#3424 = ORIENTED_EDGE('',*,*,#2103,.F.);
#3425 = ADVANCED_FACE('',(#3426),#2205,.T.);
#3426 = FACE_BOUND('',#3427,.F.);
#3427 = EDGE_LOOP('',(#3428,#3447,#3448,#3449));
#3428 = ORIENTED_EDGE('',*,*,#3429,.F.);
#3429 = EDGE_CURVE('',#2862,#2161,#3430,.T.);
#3430 = SURFACE_CURVE('',#3431,(#3435,#3441),.PCURVE_S1.);
#3431 = LINE('',#3432,#3433);
#3432 = CARTESIAN_POINT('',(-22.4,45.35,5.E-02));
#3433 = VECTOR('',#3434,1.);
#3434 = DIRECTION('',(-0.,-0.707106781187,-0.707106781187));
#3435 = PCURVE('',#2205,#3436);
#3436 = DEFINITIONAL_REPRESENTATION('',(#3437),#3440);
#3437 = B_SPLINE_CURVE_WITH_KNOTS('',1,(#3438,#3439),.UNSPECIFIED.,.F.,
  .F.,(2,2),(-7.071067811865E-02,7.071067811866E-02),
  .PIECEWISE_BEZIER_KNOTS.);
#3438 = CARTESIAN_POINT('',(0.,0.));
#3439 = CARTESIAN_POINT('',(0.,-1.E-01));
#3440 = ( GEOMETRIC_REPRESENTATION_CONTEXT(2) 
PARAMETRIC_REPRESENTATION_CONTEXT() REPRESENTATION_CONTEXT('2D SPACE',''
  ) );
#3441 = PCURVE('',#2176,#3442);
#3442 = DEFINITIONAL_REPRESENTATION('',(#3443),#3446);
#3443 = B_SPLINE_CURVE_WITH_KNOTS('',1,(#3444,#3445),.UNSPECIFIED.,.F.,
  .F.,(2,2),(-7.071067811865E-02,7.071067811866E-02),
  .PIECEWISE_BEZIER_KNOTS.);
#3444 = CARTESIAN_POINT('',(-44.8,-7.071067811865E-02));
#3445 = CARTESIAN_POINT('',(-44.8,7.071067811866E-02));
#3446 = ( GEOMETRIC_REPRESENTATION_CONTEXT(2) 
PARAMETRIC_REPRESENTATION_CONTEXT() REPRESENTATION_CONTEXT('2D SPACE',''
  ) );
#3447 = ORIENTED_EDGE('',*,*,#2884,.T.);
#3448 = ORIENTED_EDGE('',*,*,#2911,.T.);
#3449 = ORIENTED_EDGE('',*,*,#2188,.F.);
#3450 = ADVANCED_FACE('',(#3451),#2148,.T.);
#3451 = FACE_BOUND('',#3452,.F.);
#3452 = EDGE_LOOP('',(#3453,#3454,#3478,#3497));
#3453 = ORIENTED_EDGE('',*,*,#3406,.F.);
#3454 = ORIENTED_EDGE('',*,*,#3455,.T.);
#3455 = EDGE_CURVE('',#2730,#3456,#3458,.T.);
#3456 = VERTEX_POINT('',#3457);
#3457 = CARTESIAN_POINT('',(22.4,45.4,0.1));
#3458 = SURFACE_CURVE('',#3459,(#3464,#3471),.PCURVE_S1.);
#3459 = CIRCLE('',#3460,3.95);
#3460 = AXIS2_PLACEMENT_3D('',#3461,#3462,#3463);
#3461 = CARTESIAN_POINT('',(22.4,41.45,0.1));
#3462 = DIRECTION('',(0.,0.,1.));
#3463 = DIRECTION('',(1.,0.,-0.));
#3464 = PCURVE('',#2148,#3465);
#3465 = DEFINITIONAL_REPRESENTATION('',(#3466),#3470);
#3466 = LINE('',#3467,#3468);
#3467 = CARTESIAN_POINT('',(0.,-0.));
#3468 = VECTOR('',#3469,1.);
#3469 = DIRECTION('',(1.,-0.));
#3470 = ( GEOMETRIC_REPRESENTATION_CONTEXT(2) 
PARAMETRIC_REPRESENTATION_CONTEXT() REPRESENTATION_CONTEXT('2D SPACE',''
  ) );
#3471 = PCURVE('',#2745,#3472);
#3472 = DEFINITIONAL_REPRESENTATION('',(#3473),#3477);
#3473 = LINE('',#3474,#3475);
#3474 = CARTESIAN_POINT('',(0.,0.1));
#3475 = VECTOR('',#3476,1.);
#3476 = DIRECTION('',(1.,0.));
#3477 = ( GEOMETRIC_REPRESENTATION_CONTEXT(2) 
PARAMETRIC_REPRESENTATION_CONTEXT() REPRESENTATION_CONTEXT('2D SPACE',''
  ) );
#3478 = ORIENTED_EDGE('',*,*,#3479,.T.);
#3479 = EDGE_CURVE('',#3456,#2132,#3480,.T.);
#3480 = SURFACE_CURVE('',#3481,(#3485,#3491),.PCURVE_S1.);
#3481 = LINE('',#3482,#3483);
#3482 = CARTESIAN_POINT('',(22.4,45.4,0.1));
#3483 = VECTOR('',#3484,1.);
#3484 = DIRECTION('',(-4.329780281177E-17,-0.707106781187,
    -0.707106781187));
#3485 = PCURVE('',#2148,#3486);
#3486 = DEFINITIONAL_REPRESENTATION('',(#3487),#3490);
#3487 = B_SPLINE_CURVE_WITH_KNOTS('',1,(#3488,#3489),.UNSPECIFIED.,.F.,
  .F.,(2,2),(0.,0.141421356237),.PIECEWISE_BEZIER_KNOTS.);
#3488 = CARTESIAN_POINT('',(1.570796326795,0.));
#3489 = CARTESIAN_POINT('',(1.570796326795,-1.E-01));
#3490 = ( GEOMETRIC_REPRESENTATION_CONTEXT(2) 
PARAMETRIC_REPRESENTATION_CONTEXT() REPRESENTATION_CONTEXT('2D SPACE',''
  ) );
#3491 = PCURVE('',#2176,#3492);
#3492 = DEFINITIONAL_REPRESENTATION('',(#3493),#3496);
#3493 = B_SPLINE_CURVE_WITH_KNOTS('',1,(#3494,#3495),.UNSPECIFIED.,.F.,
  .F.,(2,2),(0.,0.141421356237),.PIECEWISE_BEZIER_KNOTS.);
#3494 = CARTESIAN_POINT('',(0.,-7.071067811865E-02));
#3495 = CARTESIAN_POINT('',(0.,7.071067811866E-02));
#3496 = ( GEOMETRIC_REPRESENTATION_CONTEXT(2) 
PARAMETRIC_REPRESENTATION_CONTEXT() REPRESENTATION_CONTEXT('2D SPACE',''
  ) );
#3497 = ORIENTED_EDGE('',*,*,#2131,.F.);
#3498 = ADVANCED_FACE('',(#3499),#2176,.T.);
#3499 = FACE_BOUND('',#3500,.F.);
#3500 = EDGE_LOOP('',(#3501,#3502,#3523,#3524));
#3501 = ORIENTED_EDGE('',*,*,#3479,.F.);
#3502 = ORIENTED_EDGE('',*,*,#3503,.T.);
#3503 = EDGE_CURVE('',#3456,#2862,#3504,.T.);
#3504 = SURFACE_CURVE('',#3505,(#3509,#3516),.PCURVE_S1.);
#3505 = LINE('',#3506,#3507);
#3506 = CARTESIAN_POINT('',(22.4,45.4,0.1));
#3507 = VECTOR('',#3508,1.);
#3508 = DIRECTION('',(-1.,0.,0.));
#3509 = PCURVE('',#2176,#3510);
#3510 = DEFINITIONAL_REPRESENTATION('',(#3511),#3515);
#3511 = LINE('',#3512,#3513);
#3512 = CARTESIAN_POINT('',(-0.,-7.071067811865E-02));
#3513 = VECTOR('',#3514,1.);
#3514 = DIRECTION('',(-1.,0.));
#3515 = ( GEOMETRIC_REPRESENTATION_CONTEXT(2) 
PARAMETRIC_REPRESENTATION_CONTEXT() REPRESENTATION_CONTEXT('2D SPACE',''
  ) );
#3516 = PCURVE('',#2846,#3517);
#3517 = DEFINITIONAL_REPRESENTATION('',(#3518),#3522);
#3518 = LINE('',#3519,#3520);
#3519 = CARTESIAN_POINT('',(3.95,-0.1));
#3520 = VECTOR('',#3521,1.);
#3521 = DIRECTION('',(1.,0.));
#3522 = ( GEOMETRIC_REPRESENTATION_CONTEXT(2) 
PARAMETRIC_REPRESENTATION_CONTEXT() REPRESENTATION_CONTEXT('2D SPACE',''
  ) );
#3523 = ORIENTED_EDGE('',*,*,#3429,.T.);
#3524 = ORIENTED_EDGE('',*,*,#2160,.F.);
#3525 = ADVANCED_FACE('',(#3526),#2259,.F.);
#3526 = FACE_BOUND('',#3527,.F.);
#3527 = EDGE_LOOP('',(#3528,#3551,#3552,#3575));
#3528 = ORIENTED_EDGE('',*,*,#3529,.T.);
#3529 = EDGE_CURVE('',#3530,#2242,#3532,.T.);
#3530 = VERTEX_POINT('',#3531);
#3531 = CARTESIAN_POINT('',(-22.4,-44.4,-5.E-02));
#3532 = SURFACE_CURVE('',#3533,(#3537,#3544),.PCURVE_S1.);
#3533 = LINE('',#3534,#3535);
#3534 = CARTESIAN_POINT('',(-22.4,-44.4,-0.15));
#3535 = VECTOR('',#3536,1.);
#3536 = DIRECTION('',(0.,0.,1.));
#3537 = PCURVE('',#2259,#3538);
#3538 = DEFINITIONAL_REPRESENTATION('',(#3539),#3543);
#3539 = LINE('',#3540,#3541);
#3540 = CARTESIAN_POINT('',(2.95,0.));
#3541 = VECTOR('',#3542,1.);
#3542 = DIRECTION('',(0.,-1.));
#3543 = ( GEOMETRIC_REPRESENTATION_CONTEXT(2) 
PARAMETRIC_REPRESENTATION_CONTEXT() REPRESENTATION_CONTEXT('2D SPACE',''
  ) );
#3544 = PCURVE('',#2292,#3545);
#3545 = DEFINITIONAL_REPRESENTATION('',(#3546),#3550);
#3546 = LINE('',#3547,#3548);
#3547 = CARTESIAN_POINT('',(-0.,0.));
#3548 = VECTOR('',#3549,1.);
#3549 = DIRECTION('',(-0.,1.));
#3550 = ( GEOMETRIC_REPRESENTATION_CONTEXT(2) 
PARAMETRIC_REPRESENTATION_CONTEXT() REPRESENTATION_CONTEXT('2D SPACE',''
  ) );
#3551 = ORIENTED_EDGE('',*,*,#2241,.T.);
#3552 = ORIENTED_EDGE('',*,*,#3553,.F.);
#3553 = EDGE_CURVE('',#3554,#2244,#3556,.T.);
#3554 = VERTEX_POINT('',#3555);
#3555 = CARTESIAN_POINT('',(22.4,-44.4,-5.E-02));
#3556 = SURFACE_CURVE('',#3557,(#3561,#3568),.PCURVE_S1.);
#3557 = LINE('',#3558,#3559);
#3558 = CARTESIAN_POINT('',(22.4,-44.4,-0.15));
#3559 = VECTOR('',#3560,1.);
#3560 = DIRECTION('',(0.,0.,1.));
#3561 = PCURVE('',#2259,#3562);
#3562 = DEFINITIONAL_REPRESENTATION('',(#3563),#3567);
#3563 = LINE('',#3564,#3565);
#3564 = CARTESIAN_POINT('',(47.75,0.));
#3565 = VECTOR('',#3566,1.);
#3566 = DIRECTION('',(0.,-1.));
#3567 = ( GEOMETRIC_REPRESENTATION_CONTEXT(2) 
PARAMETRIC_REPRESENTATION_CONTEXT() REPRESENTATION_CONTEXT('2D SPACE',''
  ) );
#3568 = PCURVE('',#2687,#3569);
#3569 = DEFINITIONAL_REPRESENTATION('',(#3570),#3574);
#3570 = LINE('',#3571,#3572);
#3571 = CARTESIAN_POINT('',(0.,0.));
#3572 = VECTOR('',#3573,1.);
#3573 = DIRECTION('',(0.,1.));
#3574 = ( GEOMETRIC_REPRESENTATION_CONTEXT(2) 
PARAMETRIC_REPRESENTATION_CONTEXT() REPRESENTATION_CONTEXT('2D SPACE',''
  ) );
#3575 = ORIENTED_EDGE('',*,*,#3576,.T.);
#3576 = EDGE_CURVE('',#3554,#3530,#3577,.T.);
#3577 = SURFACE_CURVE('',#3578,(#3582,#3589),.PCURVE_S1.);
#3578 = LINE('',#3579,#3580);
#3579 = CARTESIAN_POINT('',(22.4,-44.4,-5.E-02));
#3580 = VECTOR('',#3581,1.);
#3581 = DIRECTION('',(-1.,-0.,-0.));
#3582 = PCURVE('',#2259,#3583);
#3583 = DEFINITIONAL_REPRESENTATION('',(#3584),#3588);
#3584 = LINE('',#3585,#3586);
#3585 = CARTESIAN_POINT('',(47.75,-0.1));
#3586 = VECTOR('',#3587,1.);
#3587 = DIRECTION('',(-1.,0.));
#3588 = ( GEOMETRIC_REPRESENTATION_CONTEXT(2) 
PARAMETRIC_REPRESENTATION_CONTEXT() REPRESENTATION_CONTEXT('2D SPACE',''
  ) );
#3589 = PCURVE('',#3590,#3595);
#3590 = PLANE('',#3591);
#3591 = AXIS2_PLACEMENT_3D('',#3592,#3593,#3594);
#3592 = CARTESIAN_POINT('',(22.4,-44.35,-1.E-01));
#3593 = DIRECTION('',(0.,-0.707106781187,-0.707106781187));
#3594 = DIRECTION('',(-1.,-0.,0.));
#3595 = DEFINITIONAL_REPRESENTATION('',(#3596),#3600);
#3596 = LINE('',#3597,#3598);
#3597 = CARTESIAN_POINT('',(0.,-7.071067811865E-02));
#3598 = VECTOR('',#3599,1.);
#3599 = DIRECTION('',(1.,0.));
#3600 = ( GEOMETRIC_REPRESENTATION_CONTEXT(2) 
PARAMETRIC_REPRESENTATION_CONTEXT() REPRESENTATION_CONTEXT('2D SPACE',''
  ) );
#3601 = ADVANCED_FACE('',(#3602),#2687,.T.);
#3602 = FACE_BOUND('',#3603,.T.);
#3603 = EDGE_LOOP('',(#3604,#3605,#3634,#3653));
#3604 = ORIENTED_EDGE('',*,*,#3553,.F.);
#3605 = ORIENTED_EDGE('',*,*,#3606,.F.);
#3606 = EDGE_CURVE('',#3607,#3554,#3609,.T.);
#3607 = VERTEX_POINT('',#3608);
#3608 = CARTESIAN_POINT('',(22.9,-44.35731835202,-5.E-02));
#3609 = SURFACE_CURVE('',#3610,(#3615,#3622),.PCURVE_S1.);
#3610 = CIRCLE('',#3611,2.95);
#3611 = AXIS2_PLACEMENT_3D('',#3612,#3613,#3614);
#3612 = CARTESIAN_POINT('',(22.4,-41.45,-5.E-02));
#3613 = DIRECTION('',(0.,-0.,-1.));
#3614 = DIRECTION('',(0.169491525424,-0.985531644753,0.));
#3615 = PCURVE('',#2687,#3616);
#3616 = DEFINITIONAL_REPRESENTATION('',(#3617),#3621);
#3617 = LINE('',#3618,#3619);
#3618 = CARTESIAN_POINT('',(0.170313706844,0.1));
#3619 = VECTOR('',#3620,1.);
#3620 = DIRECTION('',(-1.,-0.));
#3621 = ( GEOMETRIC_REPRESENTATION_CONTEXT(2) 
PARAMETRIC_REPRESENTATION_CONTEXT() REPRESENTATION_CONTEXT('2D SPACE',''
  ) );
#3622 = PCURVE('',#3623,#3628);
#3623 = CONICAL_SURFACE('',#3624,2.95,0.785398163397);
#3624 = AXIS2_PLACEMENT_3D('',#3625,#3626,#3627);
#3625 = CARTESIAN_POINT('',(22.4,-41.45,-5.E-02));
#3626 = DIRECTION('',(0.,0.,1.));
#3627 = DIRECTION('',(0.169491525424,-0.985531644753,0.));
#3628 = DEFINITIONAL_REPRESENTATION('',(#3629),#3633);
#3629 = LINE('',#3630,#3631);
#3630 = CARTESIAN_POINT('',(-0.,-0.));
#3631 = VECTOR('',#3632,1.);
#3632 = DIRECTION('',(-1.,-0.));
#3633 = ( GEOMETRIC_REPRESENTATION_CONTEXT(2) 
PARAMETRIC_REPRESENTATION_CONTEXT() REPRESENTATION_CONTEXT('2D SPACE',''
  ) );
#3634 = ORIENTED_EDGE('',*,*,#3635,.T.);
#3635 = EDGE_CURVE('',#3607,#2645,#3636,.T.);
#3636 = SURFACE_CURVE('',#3637,(#3641,#3647),.PCURVE_S1.);
#3637 = LINE('',#3638,#3639);
#3638 = CARTESIAN_POINT('',(22.9,-44.35731835202,-0.15));
#3639 = VECTOR('',#3640,1.);
#3640 = DIRECTION('',(0.,0.,1.));
#3641 = PCURVE('',#2687,#3642);
#3642 = DEFINITIONAL_REPRESENTATION('',(#3643),#3646);
#3643 = B_SPLINE_CURVE_WITH_KNOTS('',1,(#3644,#3645),.UNSPECIFIED.,.F.,
  .F.,(2,2),(-5.999999999895E-07,0.1500006),.PIECEWISE_BEZIER_KNOTS.);
#3644 = CARTESIAN_POINT('',(0.170313706844,-5.999999999895E-07));
#3645 = CARTESIAN_POINT('',(0.170313706844,0.1500006));
#3646 = ( GEOMETRIC_REPRESENTATION_CONTEXT(2) 
PARAMETRIC_REPRESENTATION_CONTEXT() REPRESENTATION_CONTEXT('2D SPACE',''
  ) );
#3647 = PCURVE('',#2660,#3648);
#3648 = DEFINITIONAL_REPRESENTATION('',(#3649),#3652);
#3649 = B_SPLINE_CURVE_WITH_KNOTS('',1,(#3650,#3651),.UNSPECIFIED.,.F.,
  .F.,(2,2),(-5.999999999895E-07,0.1500006),.PIECEWISE_BEZIER_KNOTS.);
#3650 = CARTESIAN_POINT('',(9.907318352021,5.999999999895E-07));
#3651 = CARTESIAN_POINT('',(9.907318352021,-0.1500006));
#3652 = ( GEOMETRIC_REPRESENTATION_CONTEXT(2) 
PARAMETRIC_REPRESENTATION_CONTEXT() REPRESENTATION_CONTEXT('2D SPACE',''
  ) );
#3653 = ORIENTED_EDGE('',*,*,#2672,.F.);
#3654 = ADVANCED_FACE('',(#3655),#2660,.F.);
#3655 = FACE_BOUND('',#3656,.F.);
#3656 = EDGE_LOOP('',(#3657,#3680,#3706,#3707));
#3657 = ORIENTED_EDGE('',*,*,#3658,.F.);
#3658 = EDGE_CURVE('',#3659,#2617,#3661,.T.);
#3659 = VERTEX_POINT('',#3660);
#3660 = CARTESIAN_POINT('',(22.9,-44.45,-5.E-02));
#3661 = SURFACE_CURVE('',#3662,(#3666,#3673),.PCURVE_S1.);
#3662 = LINE('',#3663,#3664);
#3663 = CARTESIAN_POINT('',(22.9,-44.45,-0.15));
#3664 = VECTOR('',#3665,1.);
#3665 = DIRECTION('',(0.,0.,1.));
#3666 = PCURVE('',#2660,#3667);
#3667 = DEFINITIONAL_REPRESENTATION('',(#3668),#3672);
#3668 = LINE('',#3669,#3670);
#3669 = CARTESIAN_POINT('',(10.,0.));
#3670 = VECTOR('',#3671,1.);
#3671 = DIRECTION('',(0.,-1.));
#3672 = ( GEOMETRIC_REPRESENTATION_CONTEXT(2) 
PARAMETRIC_REPRESENTATION_CONTEXT() REPRESENTATION_CONTEXT('2D SPACE',''
  ) );
#3673 = PCURVE('',#2632,#3674);
#3674 = DEFINITIONAL_REPRESENTATION('',(#3675),#3679);
#3675 = LINE('',#3676,#3677);
#3676 = CARTESIAN_POINT('',(0.,0.));
#3677 = VECTOR('',#3678,1.);
#3678 = DIRECTION('',(0.,-1.));
#3679 = ( GEOMETRIC_REPRESENTATION_CONTEXT(2) 
PARAMETRIC_REPRESENTATION_CONTEXT() REPRESENTATION_CONTEXT('2D SPACE',''
  ) );
#3680 = ORIENTED_EDGE('',*,*,#3681,.F.);
#3681 = EDGE_CURVE('',#3607,#3659,#3682,.T.);
#3682 = SURFACE_CURVE('',#3683,(#3687,#3694),.PCURVE_S1.);
#3683 = LINE('',#3684,#3685);
#3684 = CARTESIAN_POINT('',(22.9,-44.35731835202,-5.E-02));
#3685 = VECTOR('',#3686,1.);
#3686 = DIRECTION('',(0.,-1.,0.));
#3687 = PCURVE('',#2660,#3688);
#3688 = DEFINITIONAL_REPRESENTATION('',(#3689),#3693);
#3689 = LINE('',#3690,#3691);
#3690 = CARTESIAN_POINT('',(9.907318352021,-0.1));
#3691 = VECTOR('',#3692,1.);
#3692 = DIRECTION('',(1.,0.));
#3693 = ( GEOMETRIC_REPRESENTATION_CONTEXT(2) 
PARAMETRIC_REPRESENTATION_CONTEXT() REPRESENTATION_CONTEXT('2D SPACE',''
  ) );
#3694 = PCURVE('',#3695,#3700);
#3695 = PLANE('',#3696);
#3696 = AXIS2_PLACEMENT_3D('',#3697,#3698,#3699);
#3697 = CARTESIAN_POINT('',(22.95,-44.35731835202,-1.E-01));
#3698 = DIRECTION('',(-0.707106781187,0.,-0.707106781187));
#3699 = DIRECTION('',(-0.,1.,0.));
#3700 = DEFINITIONAL_REPRESENTATION('',(#3701),#3705);
#3701 = LINE('',#3702,#3703);
#3702 = CARTESIAN_POINT('',(-0.,-7.071067811866E-02));
#3703 = VECTOR('',#3704,1.);
#3704 = DIRECTION('',(-1.,0.));
#3705 = ( GEOMETRIC_REPRESENTATION_CONTEXT(2) 
PARAMETRIC_REPRESENTATION_CONTEXT() REPRESENTATION_CONTEXT('2D SPACE',''
  ) );
#3706 = ORIENTED_EDGE('',*,*,#3635,.T.);
#3707 = ORIENTED_EDGE('',*,*,#2644,.T.);
#3708 = ADVANCED_FACE('',(#3709),#2632,.F.);
#3709 = FACE_BOUND('',#3710,.F.);
#3710 = EDGE_LOOP('',(#3711,#3712,#3713,#3736));
#3711 = ORIENTED_EDGE('',*,*,#3658,.T.);
#3712 = ORIENTED_EDGE('',*,*,#2616,.T.);
#3713 = ORIENTED_EDGE('',*,*,#3714,.F.);
#3714 = EDGE_CURVE('',#3715,#2589,#3717,.T.);
#3715 = VERTEX_POINT('',#3716);
#3716 = CARTESIAN_POINT('',(24.4,-44.45,-5.E-02));
#3717 = SURFACE_CURVE('',#3718,(#3722,#3729),.PCURVE_S1.);
#3718 = LINE('',#3719,#3720);
#3719 = CARTESIAN_POINT('',(24.4,-44.45,-0.15));
#3720 = VECTOR('',#3721,1.);
#3721 = DIRECTION('',(0.,0.,1.));
#3722 = PCURVE('',#2632,#3723);
#3723 = DEFINITIONAL_REPRESENTATION('',(#3724),#3728);
#3724 = LINE('',#3725,#3726);
#3725 = CARTESIAN_POINT('',(1.5,0.));
#3726 = VECTOR('',#3727,1.);
#3727 = DIRECTION('',(0.,-1.));
#3728 = ( GEOMETRIC_REPRESENTATION_CONTEXT(2) 
PARAMETRIC_REPRESENTATION_CONTEXT() REPRESENTATION_CONTEXT('2D SPACE',''
  ) );
#3729 = PCURVE('',#2604,#3730);
#3730 = DEFINITIONAL_REPRESENTATION('',(#3731),#3735);
#3731 = LINE('',#3732,#3733);
#3732 = CARTESIAN_POINT('',(0.,0.));
#3733 = VECTOR('',#3734,1.);
#3734 = DIRECTION('',(0.,-1.));
#3735 = ( GEOMETRIC_REPRESENTATION_CONTEXT(2) 
PARAMETRIC_REPRESENTATION_CONTEXT() REPRESENTATION_CONTEXT('2D SPACE',''
  ) );
#3736 = ORIENTED_EDGE('',*,*,#3737,.F.);
#3737 = EDGE_CURVE('',#3659,#3715,#3738,.T.);
#3738 = SURFACE_CURVE('',#3739,(#3743,#3750),.PCURVE_S1.);
#3739 = LINE('',#3740,#3741);
#3740 = CARTESIAN_POINT('',(22.9,-44.45,-5.E-02));
#3741 = VECTOR('',#3742,1.);
#3742 = DIRECTION('',(1.,0.,0.));
#3743 = PCURVE('',#2632,#3744);
#3744 = DEFINITIONAL_REPRESENTATION('',(#3745),#3749);
#3745 = LINE('',#3746,#3747);
#3746 = CARTESIAN_POINT('',(0.,-0.1));
#3747 = VECTOR('',#3748,1.);
#3748 = DIRECTION('',(1.,0.));
#3749 = ( GEOMETRIC_REPRESENTATION_CONTEXT(2) 
PARAMETRIC_REPRESENTATION_CONTEXT() REPRESENTATION_CONTEXT('2D SPACE',''
  ) );
#3750 = PCURVE('',#3751,#3756);
#3751 = PLANE('',#3752);
#3752 = AXIS2_PLACEMENT_3D('',#3753,#3754,#3755);
#3753 = CARTESIAN_POINT('',(22.9,-44.4,-1.E-01));
#3754 = DIRECTION('',(0.,-0.707106781187,-0.707106781187));
#3755 = DIRECTION('',(-1.,-0.,-0.));
#3756 = DEFINITIONAL_REPRESENTATION('',(#3757),#3761);
#3757 = LINE('',#3758,#3759);
#3758 = CARTESIAN_POINT('',(-0.,-7.071067811865E-02));
#3759 = VECTOR('',#3760,1.);
#3760 = DIRECTION('',(-1.,0.));
#3761 = ( GEOMETRIC_REPRESENTATION_CONTEXT(2) 
PARAMETRIC_REPRESENTATION_CONTEXT() REPRESENTATION_CONTEXT('2D SPACE',''
  ) );
#3762 = ADVANCED_FACE('',(#3763),#2604,.F.);
#3763 = FACE_BOUND('',#3764,.F.);
#3764 = EDGE_LOOP('',(#3765,#3786,#3812,#3813));
#3765 = ORIENTED_EDGE('',*,*,#3766,.F.);
#3766 = EDGE_CURVE('',#3767,#2560,#3769,.T.);
#3767 = VERTEX_POINT('',#3768);
#3768 = CARTESIAN_POINT('',(24.4,-43.61852484422,-5.E-02));
#3769 = SURFACE_CURVE('',#3770,(#3774,#3780),.PCURVE_S1.);
#3770 = LINE('',#3771,#3772);
#3771 = CARTESIAN_POINT('',(24.4,-43.61852484422,-0.15));
#3772 = VECTOR('',#3773,1.);
#3773 = DIRECTION('',(0.,0.,1.));
#3774 = PCURVE('',#2604,#3775);
#3775 = DEFINITIONAL_REPRESENTATION('',(#3776),#3779);
#3776 = B_SPLINE_CURVE_WITH_KNOTS('',1,(#3777,#3778),.UNSPECIFIED.,.F.,
  .F.,(2,2),(-5.999999999895E-07,0.1500006),.PIECEWISE_BEZIER_KNOTS.);
#3777 = CARTESIAN_POINT('',(0.83147515578,5.999999999895E-07));
#3778 = CARTESIAN_POINT('',(0.83147515578,-0.1500006));
#3779 = ( GEOMETRIC_REPRESENTATION_CONTEXT(2) 
PARAMETRIC_REPRESENTATION_CONTEXT() REPRESENTATION_CONTEXT('2D SPACE',''
  ) );
#3780 = PCURVE('',#2576,#3781);
#3781 = DEFINITIONAL_REPRESENTATION('',(#3782),#3785);
#3782 = B_SPLINE_CURVE_WITH_KNOTS('',1,(#3783,#3784),.UNSPECIFIED.,.F.,
  .F.,(2,2),(-5.999999999895E-07,0.1500006),.PIECEWISE_BEZIER_KNOTS.);
#3783 = CARTESIAN_POINT('',(0.744992233935,-5.999999999895E-07));
#3784 = CARTESIAN_POINT('',(0.744992233935,0.1500006));
#3785 = ( GEOMETRIC_REPRESENTATION_CONTEXT(2) 
PARAMETRIC_REPRESENTATION_CONTEXT() REPRESENTATION_CONTEXT('2D SPACE',''
  ) );
#3786 = ORIENTED_EDGE('',*,*,#3787,.F.);
#3787 = EDGE_CURVE('',#3715,#3767,#3788,.T.);
#3788 = SURFACE_CURVE('',#3789,(#3793,#3800),.PCURVE_S1.);
#3789 = LINE('',#3790,#3791);
#3790 = CARTESIAN_POINT('',(24.4,-44.45,-5.E-02));
#3791 = VECTOR('',#3792,1.);
#3792 = DIRECTION('',(0.,1.,0.));
#3793 = PCURVE('',#2604,#3794);
#3794 = DEFINITIONAL_REPRESENTATION('',(#3795),#3799);
#3795 = LINE('',#3796,#3797);
#3796 = CARTESIAN_POINT('',(0.,-0.1));
#3797 = VECTOR('',#3798,1.);
#3798 = DIRECTION('',(1.,0.));
#3799 = ( GEOMETRIC_REPRESENTATION_CONTEXT(2) 
PARAMETRIC_REPRESENTATION_CONTEXT() REPRESENTATION_CONTEXT('2D SPACE',''
  ) );
#3800 = PCURVE('',#3801,#3806);
#3801 = PLANE('',#3802);
#3802 = AXIS2_PLACEMENT_3D('',#3803,#3804,#3805);
#3803 = CARTESIAN_POINT('',(24.35,-44.45,-1.E-01));
#3804 = DIRECTION('',(0.707106781187,0.,-0.707106781187));
#3805 = DIRECTION('',(-0.,-1.,-0.));
#3806 = DEFINITIONAL_REPRESENTATION('',(#3807),#3811);
#3807 = LINE('',#3808,#3809);
#3808 = CARTESIAN_POINT('',(-0.,-7.071067811866E-02));
#3809 = VECTOR('',#3810,1.);
#3810 = DIRECTION('',(-1.,0.));
#3811 = ( GEOMETRIC_REPRESENTATION_CONTEXT(2) 
PARAMETRIC_REPRESENTATION_CONTEXT() REPRESENTATION_CONTEXT('2D SPACE',''
  ) );
#3812 = ORIENTED_EDGE('',*,*,#3714,.T.);
#3813 = ORIENTED_EDGE('',*,*,#2588,.T.);
#3814 = ADVANCED_FACE('',(#3815),#2576,.T.);
#3815 = FACE_BOUND('',#3816,.T.);
#3816 = EDGE_LOOP('',(#3817,#3818,#3847,#3868));
#3817 = ORIENTED_EDGE('',*,*,#3766,.F.);
#3818 = ORIENTED_EDGE('',*,*,#3819,.T.);
#3819 = EDGE_CURVE('',#3767,#3820,#3822,.T.);
#3820 = VERTEX_POINT('',#3821);
#3821 = CARTESIAN_POINT('',(25.35,-41.45,-5.E-02));
#3822 = SURFACE_CURVE('',#3823,(#3828,#3835),.PCURVE_S1.);
#3823 = CIRCLE('',#3824,2.95);
#3824 = AXIS2_PLACEMENT_3D('',#3825,#3826,#3827);
#3825 = CARTESIAN_POINT('',(22.4,-41.45,-5.E-02));
#3826 = DIRECTION('',(0.,0.,1.));
#3827 = DIRECTION('',(0.677966101695,-0.735093167532,0.));
#3828 = PCURVE('',#2576,#3829);
#3829 = DEFINITIONAL_REPRESENTATION('',(#3830),#3834);
#3830 = LINE('',#3831,#3832);
#3831 = CARTESIAN_POINT('',(0.744992233935,0.1));
#3832 = VECTOR('',#3833,1.);
#3833 = DIRECTION('',(1.,0.));
#3834 = ( GEOMETRIC_REPRESENTATION_CONTEXT(2) 
PARAMETRIC_REPRESENTATION_CONTEXT() REPRESENTATION_CONTEXT('2D SPACE',''
  ) );
#3835 = PCURVE('',#3836,#3841);
#3836 = CONICAL_SURFACE('',#3837,2.95,0.785398163397);
#3837 = AXIS2_PLACEMENT_3D('',#3838,#3839,#3840);
#3838 = CARTESIAN_POINT('',(22.4,-41.45,-5.E-02));
#3839 = DIRECTION('',(0.,0.,1.));
#3840 = DIRECTION('',(0.677966101695,-0.735093167532,0.));
#3841 = DEFINITIONAL_REPRESENTATION('',(#3842),#3846);
#3842 = LINE('',#3843,#3844);
#3843 = CARTESIAN_POINT('',(0.,-0.));
#3844 = VECTOR('',#3845,1.);
#3845 = DIRECTION('',(1.,-0.));
#3846 = ( GEOMETRIC_REPRESENTATION_CONTEXT(2) 
PARAMETRIC_REPRESENTATION_CONTEXT() REPRESENTATION_CONTEXT('2D SPACE',''
  ) );
#3847 = ORIENTED_EDGE('',*,*,#3848,.T.);
#3848 = EDGE_CURVE('',#3820,#2532,#3849,.T.);
#3849 = SURFACE_CURVE('',#3850,(#3854,#3861),.PCURVE_S1.);
#3850 = LINE('',#3851,#3852);
#3851 = CARTESIAN_POINT('',(25.35,-41.45,-0.15));
#3852 = VECTOR('',#3853,1.);
#3853 = DIRECTION('',(0.,0.,1.));
#3854 = PCURVE('',#2576,#3855);
#3855 = DEFINITIONAL_REPRESENTATION('',(#3856),#3860);
#3856 = LINE('',#3857,#3858);
#3857 = CARTESIAN_POINT('',(1.570796326795,0.));
#3858 = VECTOR('',#3859,1.);
#3859 = DIRECTION('',(0.,1.));
#3860 = ( GEOMETRIC_REPRESENTATION_CONTEXT(2) 
PARAMETRIC_REPRESENTATION_CONTEXT() REPRESENTATION_CONTEXT('2D SPACE',''
  ) );
#3861 = PCURVE('',#2547,#3862);
#3862 = DEFINITIONAL_REPRESENTATION('',(#3863),#3867);
#3863 = LINE('',#3864,#3865);
#3864 = CARTESIAN_POINT('',(2.95,0.));
#3865 = VECTOR('',#3866,1.);
#3866 = DIRECTION('',(0.,-1.));
#3867 = ( GEOMETRIC_REPRESENTATION_CONTEXT(2) 
PARAMETRIC_REPRESENTATION_CONTEXT() REPRESENTATION_CONTEXT('2D SPACE',''
  ) );
#3868 = ORIENTED_EDGE('',*,*,#2559,.F.);
#3869 = ADVANCED_FACE('',(#3870),#2547,.F.);
#3870 = FACE_BOUND('',#3871,.F.);
#3871 = EDGE_LOOP('',(#3872,#3873,#3874,#3897));
#3872 = ORIENTED_EDGE('',*,*,#3848,.T.);
#3873 = ORIENTED_EDGE('',*,*,#2531,.T.);
#3874 = ORIENTED_EDGE('',*,*,#3875,.F.);
#3875 = EDGE_CURVE('',#3876,#2503,#3878,.T.);
#3876 = VERTEX_POINT('',#3877);
#3877 = CARTESIAN_POINT('',(25.35,41.45,-5.E-02));
#3878 = SURFACE_CURVE('',#3879,(#3883,#3890),.PCURVE_S1.);
#3879 = LINE('',#3880,#3881);
#3880 = CARTESIAN_POINT('',(25.35,41.45,-0.15));
#3881 = VECTOR('',#3882,1.);
#3882 = DIRECTION('',(0.,0.,1.));
#3883 = PCURVE('',#2547,#3884);
#3884 = DEFINITIONAL_REPRESENTATION('',(#3885),#3889);
#3885 = LINE('',#3886,#3887);
#3886 = CARTESIAN_POINT('',(85.85,0.));
#3887 = VECTOR('',#3888,1.);
#3888 = DIRECTION('',(0.,-1.));
#3889 = ( GEOMETRIC_REPRESENTATION_CONTEXT(2) 
PARAMETRIC_REPRESENTATION_CONTEXT() REPRESENTATION_CONTEXT('2D SPACE',''
  ) );
#3890 = PCURVE('',#2519,#3891);
#3891 = DEFINITIONAL_REPRESENTATION('',(#3892),#3896);
#3892 = LINE('',#3893,#3894);
#3893 = CARTESIAN_POINT('',(0.,0.));
#3894 = VECTOR('',#3895,1.);
#3895 = DIRECTION('',(0.,1.));
#3896 = ( GEOMETRIC_REPRESENTATION_CONTEXT(2) 
PARAMETRIC_REPRESENTATION_CONTEXT() REPRESENTATION_CONTEXT('2D SPACE',''
  ) );
#3897 = ORIENTED_EDGE('',*,*,#3898,.F.);
#3898 = EDGE_CURVE('',#3820,#3876,#3899,.T.);
#3899 = SURFACE_CURVE('',#3900,(#3904,#3911),.PCURVE_S1.);
#3900 = LINE('',#3901,#3902);
#3901 = CARTESIAN_POINT('',(25.35,-41.45,-5.E-02));
#3902 = VECTOR('',#3903,1.);
#3903 = DIRECTION('',(0.,1.,0.));
#3904 = PCURVE('',#2547,#3905);
#3905 = DEFINITIONAL_REPRESENTATION('',(#3906),#3910);
#3906 = LINE('',#3907,#3908);
#3907 = CARTESIAN_POINT('',(2.95,-0.1));
#3908 = VECTOR('',#3909,1.);
#3909 = DIRECTION('',(1.,0.));
#3910 = ( GEOMETRIC_REPRESENTATION_CONTEXT(2) 
PARAMETRIC_REPRESENTATION_CONTEXT() REPRESENTATION_CONTEXT('2D SPACE',''
  ) );
#3911 = PCURVE('',#3912,#3917);
#3912 = PLANE('',#3913);
#3913 = AXIS2_PLACEMENT_3D('',#3914,#3915,#3916);
#3914 = CARTESIAN_POINT('',(25.3,-41.45,-1.E-01));
#3915 = DIRECTION('',(0.707106781187,0.,-0.707106781187));
#3916 = DIRECTION('',(-0.,-1.,-0.));
#3917 = DEFINITIONAL_REPRESENTATION('',(#3918),#3922);
#3918 = LINE('',#3919,#3920);
#3919 = CARTESIAN_POINT('',(-0.,-7.071067811866E-02));
#3920 = VECTOR('',#3921,1.);
#3921 = DIRECTION('',(-1.,0.));
#3922 = ( GEOMETRIC_REPRESENTATION_CONTEXT(2) 
PARAMETRIC_REPRESENTATION_CONTEXT() REPRESENTATION_CONTEXT('2D SPACE',''
  ) );
#3923 = ADVANCED_FACE('',(#3924),#2519,.T.);
#3924 = FACE_BOUND('',#3925,.T.);
#3925 = EDGE_LOOP('',(#3926,#3927,#3956,#3975));
#3926 = ORIENTED_EDGE('',*,*,#3875,.F.);
#3927 = ORIENTED_EDGE('',*,*,#3928,.T.);
#3928 = EDGE_CURVE('',#3876,#3929,#3931,.T.);
#3929 = VERTEX_POINT('',#3930);
#3930 = CARTESIAN_POINT('',(24.4,43.61852484422,-5.E-02));
#3931 = SURFACE_CURVE('',#3932,(#3937,#3944),.PCURVE_S1.);
#3932 = CIRCLE('',#3933,2.95);
#3933 = AXIS2_PLACEMENT_3D('',#3934,#3935,#3936);
#3934 = CARTESIAN_POINT('',(22.4,41.45,-5.E-02));
#3935 = DIRECTION('',(0.,0.,1.));
#3936 = DIRECTION('',(1.,0.,-0.));
#3937 = PCURVE('',#2519,#3938);
#3938 = DEFINITIONAL_REPRESENTATION('',(#3939),#3943);
#3939 = LINE('',#3940,#3941);
#3940 = CARTESIAN_POINT('',(0.,0.1));
#3941 = VECTOR('',#3942,1.);
#3942 = DIRECTION('',(1.,0.));
#3943 = ( GEOMETRIC_REPRESENTATION_CONTEXT(2) 
PARAMETRIC_REPRESENTATION_CONTEXT() REPRESENTATION_CONTEXT('2D SPACE',''
  ) );
#3944 = PCURVE('',#3945,#3950);
#3945 = CONICAL_SURFACE('',#3946,2.95,0.785398163397);
#3946 = AXIS2_PLACEMENT_3D('',#3947,#3948,#3949);
#3947 = CARTESIAN_POINT('',(22.4,41.45,-5.E-02));
#3948 = DIRECTION('',(0.,0.,1.));
#3949 = DIRECTION('',(1.,0.,-0.));
#3950 = DEFINITIONAL_REPRESENTATION('',(#3951),#3955);
#3951 = LINE('',#3952,#3953);
#3952 = CARTESIAN_POINT('',(0.,-0.));
#3953 = VECTOR('',#3954,1.);
#3954 = DIRECTION('',(1.,-0.));
#3955 = ( GEOMETRIC_REPRESENTATION_CONTEXT(2) 
PARAMETRIC_REPRESENTATION_CONTEXT() REPRESENTATION_CONTEXT('2D SPACE',''
  ) );
#3956 = ORIENTED_EDGE('',*,*,#3957,.T.);
#3957 = EDGE_CURVE('',#3929,#2475,#3958,.T.);
#3958 = SURFACE_CURVE('',#3959,(#3963,#3969),.PCURVE_S1.);
#3959 = LINE('',#3960,#3961);
#3960 = CARTESIAN_POINT('',(24.4,43.61852484422,-0.15));
#3961 = VECTOR('',#3962,1.);
#3962 = DIRECTION('',(0.,0.,1.));
#3963 = PCURVE('',#2519,#3964);
#3964 = DEFINITIONAL_REPRESENTATION('',(#3965),#3968);
#3965 = B_SPLINE_CURVE_WITH_KNOTS('',1,(#3966,#3967),.UNSPECIFIED.,.F.,
  .F.,(2,2),(-5.999999999895E-07,0.1500006),.PIECEWISE_BEZIER_KNOTS.);
#3966 = CARTESIAN_POINT('',(0.82580409286,-5.999999999895E-07));
#3967 = CARTESIAN_POINT('',(0.82580409286,0.1500006));
#3968 = ( GEOMETRIC_REPRESENTATION_CONTEXT(2) 
PARAMETRIC_REPRESENTATION_CONTEXT() REPRESENTATION_CONTEXT('2D SPACE',''
  ) );
#3969 = PCURVE('',#2490,#3970);
#3970 = DEFINITIONAL_REPRESENTATION('',(#3971),#3974);
#3971 = B_SPLINE_CURVE_WITH_KNOTS('',1,(#3972,#3973),.UNSPECIFIED.,.F.,
  .F.,(2,2),(-5.999999999895E-07,0.1500006),.PIECEWISE_BEZIER_KNOTS.);
#3972 = CARTESIAN_POINT('',(30.06852484422,5.999999999895E-07));
#3973 = CARTESIAN_POINT('',(30.06852484422,-0.1500006));
#3974 = ( GEOMETRIC_REPRESENTATION_CONTEXT(2) 
PARAMETRIC_REPRESENTATION_CONTEXT() REPRESENTATION_CONTEXT('2D SPACE',''
  ) );
#3975 = ORIENTED_EDGE('',*,*,#2502,.F.);
#3976 = ADVANCED_FACE('',(#3977),#2490,.F.);
#3977 = FACE_BOUND('',#3978,.F.);
#3978 = EDGE_LOOP('',(#3979,#4002,#4028,#4029));
#3979 = ORIENTED_EDGE('',*,*,#3980,.F.);
#3980 = EDGE_CURVE('',#3981,#2447,#3983,.T.);
#3981 = VERTEX_POINT('',#3982);
#3982 = CARTESIAN_POINT('',(24.4,44.45,-5.E-02));
#3983 = SURFACE_CURVE('',#3984,(#3988,#3995),.PCURVE_S1.);
#3984 = LINE('',#3985,#3986);
#3985 = CARTESIAN_POINT('',(24.4,44.45,-0.15));
#3986 = VECTOR('',#3987,1.);
#3987 = DIRECTION('',(0.,0.,1.));
#3988 = PCURVE('',#2490,#3989);
#3989 = DEFINITIONAL_REPRESENTATION('',(#3990),#3994);
#3990 = LINE('',#3991,#3992);
#3991 = CARTESIAN_POINT('',(30.9,0.));
#3992 = VECTOR('',#3993,1.);
#3993 = DIRECTION('',(0.,-1.));
#3994 = ( GEOMETRIC_REPRESENTATION_CONTEXT(2) 
PARAMETRIC_REPRESENTATION_CONTEXT() REPRESENTATION_CONTEXT('2D SPACE',''
  ) );
#3995 = PCURVE('',#2462,#3996);
#3996 = DEFINITIONAL_REPRESENTATION('',(#3997),#4001);
#3997 = LINE('',#3998,#3999);
#3998 = CARTESIAN_POINT('',(0.,-0.));
#3999 = VECTOR('',#4000,1.);
#4000 = DIRECTION('',(0.,-1.));
#4001 = ( GEOMETRIC_REPRESENTATION_CONTEXT(2) 
PARAMETRIC_REPRESENTATION_CONTEXT() REPRESENTATION_CONTEXT('2D SPACE',''
  ) );
#4002 = ORIENTED_EDGE('',*,*,#4003,.F.);
#4003 = EDGE_CURVE('',#3929,#3981,#4004,.T.);
#4004 = SURFACE_CURVE('',#4005,(#4009,#4016),.PCURVE_S1.);
#4005 = LINE('',#4006,#4007);
#4006 = CARTESIAN_POINT('',(24.4,43.61852484422,-5.E-02));
#4007 = VECTOR('',#4008,1.);
#4008 = DIRECTION('',(0.,1.,0.));
#4009 = PCURVE('',#2490,#4010);
#4010 = DEFINITIONAL_REPRESENTATION('',(#4011),#4015);
#4011 = LINE('',#4012,#4013);
#4012 = CARTESIAN_POINT('',(30.06852484422,-0.1));
#4013 = VECTOR('',#4014,1.);
#4014 = DIRECTION('',(1.,0.));
#4015 = ( GEOMETRIC_REPRESENTATION_CONTEXT(2) 
PARAMETRIC_REPRESENTATION_CONTEXT() REPRESENTATION_CONTEXT('2D SPACE',''
  ) );
#4016 = PCURVE('',#4017,#4022);
#4017 = PLANE('',#4018);
#4018 = AXIS2_PLACEMENT_3D('',#4019,#4020,#4021);
#4019 = CARTESIAN_POINT('',(24.35,43.61852484422,-1.E-01));
#4020 = DIRECTION('',(0.707106781187,0.,-0.707106781187));
#4021 = DIRECTION('',(-0.,-1.,-0.));
#4022 = DEFINITIONAL_REPRESENTATION('',(#4023),#4027);
#4023 = LINE('',#4024,#4025);
#4024 = CARTESIAN_POINT('',(-0.,-7.071067811866E-02));
#4025 = VECTOR('',#4026,1.);
#4026 = DIRECTION('',(-1.,0.));
#4027 = ( GEOMETRIC_REPRESENTATION_CONTEXT(2) 
PARAMETRIC_REPRESENTATION_CONTEXT() REPRESENTATION_CONTEXT('2D SPACE',''
  ) );
#4028 = ORIENTED_EDGE('',*,*,#3957,.T.);
#4029 = ORIENTED_EDGE('',*,*,#2474,.T.);
#4030 = ADVANCED_FACE('',(#4031),#2462,.F.);
#4031 = FACE_BOUND('',#4032,.F.);
#4032 = EDGE_LOOP('',(#4033,#4034,#4035,#4058));
#4033 = ORIENTED_EDGE('',*,*,#3980,.T.);
#4034 = ORIENTED_EDGE('',*,*,#2446,.T.);
#4035 = ORIENTED_EDGE('',*,*,#4036,.F.);
#4036 = EDGE_CURVE('',#4037,#2419,#4039,.T.);
#4037 = VERTEX_POINT('',#4038);
#4038 = CARTESIAN_POINT('',(22.9,44.45,-5.E-02));
#4039 = SURFACE_CURVE('',#4040,(#4044,#4051),.PCURVE_S1.);
#4040 = LINE('',#4041,#4042);
#4041 = CARTESIAN_POINT('',(22.9,44.45,-0.15));
#4042 = VECTOR('',#4043,1.);
#4043 = DIRECTION('',(0.,0.,1.));
#4044 = PCURVE('',#2462,#4045);
#4045 = DEFINITIONAL_REPRESENTATION('',(#4046),#4050);
#4046 = LINE('',#4047,#4048);
#4047 = CARTESIAN_POINT('',(1.5,0.));
#4048 = VECTOR('',#4049,1.);
#4049 = DIRECTION('',(0.,-1.));
#4050 = ( GEOMETRIC_REPRESENTATION_CONTEXT(2) 
PARAMETRIC_REPRESENTATION_CONTEXT() REPRESENTATION_CONTEXT('2D SPACE',''
  ) );
#4051 = PCURVE('',#2434,#4052);
#4052 = DEFINITIONAL_REPRESENTATION('',(#4053),#4057);
#4053 = LINE('',#4054,#4055);
#4054 = CARTESIAN_POINT('',(0.,0.));
#4055 = VECTOR('',#4056,1.);
#4056 = DIRECTION('',(0.,-1.));
#4057 = ( GEOMETRIC_REPRESENTATION_CONTEXT(2) 
PARAMETRIC_REPRESENTATION_CONTEXT() REPRESENTATION_CONTEXT('2D SPACE',''
  ) );
#4058 = ORIENTED_EDGE('',*,*,#4059,.F.);
#4059 = EDGE_CURVE('',#3981,#4037,#4060,.T.);
#4060 = SURFACE_CURVE('',#4061,(#4065,#4072),.PCURVE_S1.);
#4061 = LINE('',#4062,#4063);
#4062 = CARTESIAN_POINT('',(24.4,44.45,-5.E-02));
#4063 = VECTOR('',#4064,1.);
#4064 = DIRECTION('',(-1.,0.,0.));
#4065 = PCURVE('',#2462,#4066);
#4066 = DEFINITIONAL_REPRESENTATION('',(#4067),#4071);
#4067 = LINE('',#4068,#4069);
#4068 = CARTESIAN_POINT('',(0.,-0.1));
#4069 = VECTOR('',#4070,1.);
#4070 = DIRECTION('',(1.,0.));
#4071 = ( GEOMETRIC_REPRESENTATION_CONTEXT(2) 
PARAMETRIC_REPRESENTATION_CONTEXT() REPRESENTATION_CONTEXT('2D SPACE',''
  ) );
#4072 = PCURVE('',#4073,#4078);
#4073 = PLANE('',#4074);
#4074 = AXIS2_PLACEMENT_3D('',#4075,#4076,#4077);
#4075 = CARTESIAN_POINT('',(24.4,44.4,-1.E-01));
#4076 = DIRECTION('',(0.,0.707106781187,-0.707106781187));
#4077 = DIRECTION('',(1.,-0.,-0.));
#4078 = DEFINITIONAL_REPRESENTATION('',(#4079),#4083);
#4079 = LINE('',#4080,#4081);
#4080 = CARTESIAN_POINT('',(-0.,-7.071067811865E-02));
#4081 = VECTOR('',#4082,1.);
#4082 = DIRECTION('',(-1.,0.));
#4083 = ( GEOMETRIC_REPRESENTATION_CONTEXT(2) 
PARAMETRIC_REPRESENTATION_CONTEXT() REPRESENTATION_CONTEXT('2D SPACE',''
  ) );
#4084 = ADVANCED_FACE('',(#4085),#2434,.F.);
#4085 = FACE_BOUND('',#4086,.F.);
#4086 = EDGE_LOOP('',(#4087,#4108,#4134,#4135));
#4087 = ORIENTED_EDGE('',*,*,#4088,.F.);
#4088 = EDGE_CURVE('',#4089,#2390,#4091,.T.);
#4089 = VERTEX_POINT('',#4090);
#4090 = CARTESIAN_POINT('',(22.9,44.357318352021,-5.E-02));
#4091 = SURFACE_CURVE('',#4092,(#4096,#4102),.PCURVE_S1.);
#4092 = LINE('',#4093,#4094);
#4093 = CARTESIAN_POINT('',(22.9,44.357318352021,-0.15));
#4094 = VECTOR('',#4095,1.);
#4095 = DIRECTION('',(0.,0.,1.));
#4096 = PCURVE('',#2434,#4097);
#4097 = DEFINITIONAL_REPRESENTATION('',(#4098),#4101);
#4098 = B_SPLINE_CURVE_WITH_KNOTS('',1,(#4099,#4100),.UNSPECIFIED.,.F.,
  .F.,(2,2),(-5.999999999895E-07,0.1500006),.PIECEWISE_BEZIER_KNOTS.);
#4099 = CARTESIAN_POINT('',(9.268164797867E-02,5.999999999895E-07));
#4100 = CARTESIAN_POINT('',(9.268164797867E-02,-0.1500006));
#4101 = ( GEOMETRIC_REPRESENTATION_CONTEXT(2) 
PARAMETRIC_REPRESENTATION_CONTEXT() REPRESENTATION_CONTEXT('2D SPACE',''
  ) );
#4102 = PCURVE('',#2406,#4103);
#4103 = DEFINITIONAL_REPRESENTATION('',(#4104),#4107);
#4104 = B_SPLINE_CURVE_WITH_KNOTS('',1,(#4105,#4106),.UNSPECIFIED.,.F.,
  .F.,(2,2),(-5.999999999895E-07,0.1500006),.PIECEWISE_BEZIER_KNOTS.);
#4105 = CARTESIAN_POINT('',(1.400482619951,-5.999999999895E-07));
#4106 = CARTESIAN_POINT('',(1.400482619951,0.1500006));
#4107 = ( GEOMETRIC_REPRESENTATION_CONTEXT(2) 
PARAMETRIC_REPRESENTATION_CONTEXT() REPRESENTATION_CONTEXT('2D SPACE',''
  ) );
#4108 = ORIENTED_EDGE('',*,*,#4109,.F.);
#4109 = EDGE_CURVE('',#4037,#4089,#4110,.T.);
#4110 = SURFACE_CURVE('',#4111,(#4115,#4122),.PCURVE_S1.);
#4111 = LINE('',#4112,#4113);
#4112 = CARTESIAN_POINT('',(22.9,44.45,-5.E-02));
#4113 = VECTOR('',#4114,1.);
#4114 = DIRECTION('',(0.,-1.,0.));
#4115 = PCURVE('',#2434,#4116);
#4116 = DEFINITIONAL_REPRESENTATION('',(#4117),#4121);
#4117 = LINE('',#4118,#4119);
#4118 = CARTESIAN_POINT('',(0.,-0.1));
#4119 = VECTOR('',#4120,1.);
#4120 = DIRECTION('',(1.,0.));
#4121 = ( GEOMETRIC_REPRESENTATION_CONTEXT(2) 
PARAMETRIC_REPRESENTATION_CONTEXT() REPRESENTATION_CONTEXT('2D SPACE',''
  ) );
#4122 = PCURVE('',#4123,#4128);
#4123 = PLANE('',#4124);
#4124 = AXIS2_PLACEMENT_3D('',#4125,#4126,#4127);
#4125 = CARTESIAN_POINT('',(22.95,44.45,-1.E-01));
#4126 = DIRECTION('',(-0.707106781187,0.,-0.707106781187));
#4127 = DIRECTION('',(-0.,1.,0.));
#4128 = DEFINITIONAL_REPRESENTATION('',(#4129),#4133);
#4129 = LINE('',#4130,#4131);
#4130 = CARTESIAN_POINT('',(-0.,-7.071067811866E-02));
#4131 = VECTOR('',#4132,1.);
#4132 = DIRECTION('',(-1.,0.));
#4133 = ( GEOMETRIC_REPRESENTATION_CONTEXT(2) 
PARAMETRIC_REPRESENTATION_CONTEXT() REPRESENTATION_CONTEXT('2D SPACE',''
  ) );
#4134 = ORIENTED_EDGE('',*,*,#4036,.T.);
#4135 = ORIENTED_EDGE('',*,*,#2418,.T.);
#4136 = ADVANCED_FACE('',(#4137),#2406,.T.);
#4137 = FACE_BOUND('',#4138,.T.);
#4138 = EDGE_LOOP('',(#4139,#4140,#4169,#4190));
#4139 = ORIENTED_EDGE('',*,*,#4088,.F.);
#4140 = ORIENTED_EDGE('',*,*,#4141,.F.);
#4141 = EDGE_CURVE('',#4142,#4089,#4144,.T.);
#4142 = VERTEX_POINT('',#4143);
#4143 = CARTESIAN_POINT('',(22.4,44.4,-5.E-02));
#4144 = SURFACE_CURVE('',#4145,(#4150,#4157),.PCURVE_S1.);
#4145 = CIRCLE('',#4146,2.95);
#4146 = AXIS2_PLACEMENT_3D('',#4147,#4148,#4149);
#4147 = CARTESIAN_POINT('',(22.4,41.45,-5.E-02));
#4148 = DIRECTION('',(0.,-0.,-1.));
#4149 = DIRECTION('',(0.,1.,-0.));
#4150 = PCURVE('',#2406,#4151);
#4151 = DEFINITIONAL_REPRESENTATION('',(#4152),#4156);
#4152 = LINE('',#4153,#4154);
#4153 = CARTESIAN_POINT('',(1.570796326795,0.1));
#4154 = VECTOR('',#4155,1.);
#4155 = DIRECTION('',(-1.,-0.));
#4156 = ( GEOMETRIC_REPRESENTATION_CONTEXT(2) 
PARAMETRIC_REPRESENTATION_CONTEXT() REPRESENTATION_CONTEXT('2D SPACE',''
  ) );
#4157 = PCURVE('',#4158,#4163);
#4158 = CONICAL_SURFACE('',#4159,2.95,0.785398163397);
#4159 = AXIS2_PLACEMENT_3D('',#4160,#4161,#4162);
#4160 = CARTESIAN_POINT('',(22.4,41.45,-5.E-02));
#4161 = DIRECTION('',(0.,0.,1.));
#4162 = DIRECTION('',(0.,1.,0.));
#4163 = DEFINITIONAL_REPRESENTATION('',(#4164),#4168);
#4164 = LINE('',#4165,#4166);
#4165 = CARTESIAN_POINT('',(-0.,-0.));
#4166 = VECTOR('',#4167,1.);
#4167 = DIRECTION('',(-1.,-0.));
#4168 = ( GEOMETRIC_REPRESENTATION_CONTEXT(2) 
PARAMETRIC_REPRESENTATION_CONTEXT() REPRESENTATION_CONTEXT('2D SPACE',''
  ) );
#4169 = ORIENTED_EDGE('',*,*,#4170,.T.);
#4170 = EDGE_CURVE('',#4142,#2362,#4171,.T.);
#4171 = SURFACE_CURVE('',#4172,(#4176,#4183),.PCURVE_S1.);
#4172 = LINE('',#4173,#4174);
#4173 = CARTESIAN_POINT('',(22.4,44.4,-0.15));
#4174 = VECTOR('',#4175,1.);
#4175 = DIRECTION('',(0.,0.,1.));
#4176 = PCURVE('',#2406,#4177);
#4177 = DEFINITIONAL_REPRESENTATION('',(#4178),#4182);
#4178 = LINE('',#4179,#4180);
#4179 = CARTESIAN_POINT('',(1.570796326795,0.));
#4180 = VECTOR('',#4181,1.);
#4181 = DIRECTION('',(0.,1.));
#4182 = ( GEOMETRIC_REPRESENTATION_CONTEXT(2) 
PARAMETRIC_REPRESENTATION_CONTEXT() REPRESENTATION_CONTEXT('2D SPACE',''
  ) );
#4183 = PCURVE('',#2377,#4184);
#4184 = DEFINITIONAL_REPRESENTATION('',(#4185),#4189);
#4185 = LINE('',#4186,#4187);
#4186 = CARTESIAN_POINT('',(2.95,0.));
#4187 = VECTOR('',#4188,1.);
#4188 = DIRECTION('',(0.,-1.));
#4189 = ( GEOMETRIC_REPRESENTATION_CONTEXT(2) 
PARAMETRIC_REPRESENTATION_CONTEXT() REPRESENTATION_CONTEXT('2D SPACE',''
  ) );
#4190 = ORIENTED_EDGE('',*,*,#2389,.F.);
#4191 = ADVANCED_FACE('',(#4192),#2377,.F.);
#4192 = FACE_BOUND('',#4193,.F.);
#4193 = EDGE_LOOP('',(#4194,#4195,#4196,#4219));
#4194 = ORIENTED_EDGE('',*,*,#4170,.T.);
#4195 = ORIENTED_EDGE('',*,*,#2361,.T.);
#4196 = ORIENTED_EDGE('',*,*,#4197,.F.);
#4197 = EDGE_CURVE('',#4198,#2333,#4200,.T.);
#4198 = VERTEX_POINT('',#4199);
#4199 = CARTESIAN_POINT('',(-22.4,44.4,-5.E-02));
#4200 = SURFACE_CURVE('',#4201,(#4205,#4212),.PCURVE_S1.);
#4201 = LINE('',#4202,#4203);
#4202 = CARTESIAN_POINT('',(-22.4,44.4,-0.15));
#4203 = VECTOR('',#4204,1.);
#4204 = DIRECTION('',(0.,0.,1.));
#4205 = PCURVE('',#2377,#4206);
#4206 = DEFINITIONAL_REPRESENTATION('',(#4207),#4211);
#4207 = LINE('',#4208,#4209);
#4208 = CARTESIAN_POINT('',(47.75,0.));
#4209 = VECTOR('',#4210,1.);
#4210 = DIRECTION('',(0.,-1.));
#4211 = ( GEOMETRIC_REPRESENTATION_CONTEXT(2) 
PARAMETRIC_REPRESENTATION_CONTEXT() REPRESENTATION_CONTEXT('2D SPACE',''
  ) );
#4212 = PCURVE('',#2349,#4213);
#4213 = DEFINITIONAL_REPRESENTATION('',(#4214),#4218);
#4214 = LINE('',#4215,#4216);
#4215 = CARTESIAN_POINT('',(0.,0.));
#4216 = VECTOR('',#4217,1.);
#4217 = DIRECTION('',(0.,1.));
#4218 = ( GEOMETRIC_REPRESENTATION_CONTEXT(2) 
PARAMETRIC_REPRESENTATION_CONTEXT() REPRESENTATION_CONTEXT('2D SPACE',''
  ) );
#4219 = ORIENTED_EDGE('',*,*,#4220,.T.);
#4220 = EDGE_CURVE('',#4198,#4142,#4221,.T.);
#4221 = SURFACE_CURVE('',#4222,(#4226,#4233),.PCURVE_S1.);
#4222 = LINE('',#4223,#4224);
#4223 = CARTESIAN_POINT('',(-22.4,44.4,-5.E-02));
#4224 = VECTOR('',#4225,1.);
#4225 = DIRECTION('',(1.,-0.,-0.));
#4226 = PCURVE('',#2377,#4227);
#4227 = DEFINITIONAL_REPRESENTATION('',(#4228),#4232);
#4228 = LINE('',#4229,#4230);
#4229 = CARTESIAN_POINT('',(47.75,-0.1));
#4230 = VECTOR('',#4231,1.);
#4231 = DIRECTION('',(-1.,0.));
#4232 = ( GEOMETRIC_REPRESENTATION_CONTEXT(2) 
PARAMETRIC_REPRESENTATION_CONTEXT() REPRESENTATION_CONTEXT('2D SPACE',''
  ) );
#4233 = PCURVE('',#4234,#4239);
#4234 = PLANE('',#4235);
#4235 = AXIS2_PLACEMENT_3D('',#4236,#4237,#4238);
#4236 = CARTESIAN_POINT('',(-22.4,44.35,-1.E-01));
#4237 = DIRECTION('',(0.,0.707106781187,-0.707106781187));
#4238 = DIRECTION('',(1.,-0.,0.));
#4239 = DEFINITIONAL_REPRESENTATION('',(#4240),#4244);
#4240 = LINE('',#4241,#4242);
#4241 = CARTESIAN_POINT('',(0.,-7.071067811865E-02));
#4242 = VECTOR('',#4243,1.);
#4243 = DIRECTION('',(1.,0.));
#4244 = ( GEOMETRIC_REPRESENTATION_CONTEXT(2) 
PARAMETRIC_REPRESENTATION_CONTEXT() REPRESENTATION_CONTEXT('2D SPACE',''
  ) );
#4245 = ADVANCED_FACE('',(#4246),#2349,.T.);
#4246 = FACE_BOUND('',#4247,.T.);
#4247 = EDGE_LOOP('',(#4248,#4249,#4278,#4299));
#4248 = ORIENTED_EDGE('',*,*,#4197,.F.);
#4249 = ORIENTED_EDGE('',*,*,#4250,.F.);
#4250 = EDGE_CURVE('',#4251,#4198,#4253,.T.);
#4251 = VERTEX_POINT('',#4252);
#4252 = CARTESIAN_POINT('',(-25.35,41.45,-5.E-02));
#4253 = SURFACE_CURVE('',#4254,(#4259,#4266),.PCURVE_S1.);
#4254 = CIRCLE('',#4255,2.95);
#4255 = AXIS2_PLACEMENT_3D('',#4256,#4257,#4258);
#4256 = CARTESIAN_POINT('',(-22.4,41.45,-5.E-02));
#4257 = DIRECTION('',(-0.,0.,-1.));
#4258 = DIRECTION('',(-1.,0.,0.));
#4259 = PCURVE('',#2349,#4260);
#4260 = DEFINITIONAL_REPRESENTATION('',(#4261),#4265);
#4261 = LINE('',#4262,#4263);
#4262 = CARTESIAN_POINT('',(1.570796326795,0.1));
#4263 = VECTOR('',#4264,1.);
#4264 = DIRECTION('',(-1.,-0.));
#4265 = ( GEOMETRIC_REPRESENTATION_CONTEXT(2) 
PARAMETRIC_REPRESENTATION_CONTEXT() REPRESENTATION_CONTEXT('2D SPACE',''
  ) );
#4266 = PCURVE('',#4267,#4272);
#4267 = CONICAL_SURFACE('',#4268,2.95,0.785398163397);
#4268 = AXIS2_PLACEMENT_3D('',#4269,#4270,#4271);
#4269 = CARTESIAN_POINT('',(-22.4,41.45,-5.E-02));
#4270 = DIRECTION('',(0.,0.,1.));
#4271 = DIRECTION('',(-1.,0.,0.));
#4272 = DEFINITIONAL_REPRESENTATION('',(#4273),#4277);
#4273 = LINE('',#4274,#4275);
#4274 = CARTESIAN_POINT('',(-0.,-0.));
#4275 = VECTOR('',#4276,1.);
#4276 = DIRECTION('',(-1.,-0.));
#4277 = ( GEOMETRIC_REPRESENTATION_CONTEXT(2) 
PARAMETRIC_REPRESENTATION_CONTEXT() REPRESENTATION_CONTEXT('2D SPACE',''
  ) );
#4278 = ORIENTED_EDGE('',*,*,#4279,.T.);
#4279 = EDGE_CURVE('',#4251,#2305,#4280,.T.);
#4280 = SURFACE_CURVE('',#4281,(#4285,#4292),.PCURVE_S1.);
#4281 = LINE('',#4282,#4283);
#4282 = CARTESIAN_POINT('',(-25.35,41.45,-0.15));
#4283 = VECTOR('',#4284,1.);
#4284 = DIRECTION('',(0.,0.,1.));
#4285 = PCURVE('',#2349,#4286);
#4286 = DEFINITIONAL_REPRESENTATION('',(#4287),#4291);
#4287 = LINE('',#4288,#4289);
#4288 = CARTESIAN_POINT('',(1.570796326795,0.));
#4289 = VECTOR('',#4290,1.);
#4290 = DIRECTION('',(0.,1.));
#4291 = ( GEOMETRIC_REPRESENTATION_CONTEXT(2) 
PARAMETRIC_REPRESENTATION_CONTEXT() REPRESENTATION_CONTEXT('2D SPACE',''
  ) );
#4292 = PCURVE('',#2320,#4293);
#4293 = DEFINITIONAL_REPRESENTATION('',(#4294),#4298);
#4294 = LINE('',#4295,#4296);
#4295 = CARTESIAN_POINT('',(2.95,0.));
#4296 = VECTOR('',#4297,1.);
#4297 = DIRECTION('',(0.,-1.));
#4298 = ( GEOMETRIC_REPRESENTATION_CONTEXT(2) 
PARAMETRIC_REPRESENTATION_CONTEXT() REPRESENTATION_CONTEXT('2D SPACE',''
  ) );
#4299 = ORIENTED_EDGE('',*,*,#2332,.F.);
#4300 = ADVANCED_FACE('',(#4301),#2320,.F.);
#4301 = FACE_BOUND('',#4302,.F.);
#4302 = EDGE_LOOP('',(#4303,#4304,#4305,#4328));
#4303 = ORIENTED_EDGE('',*,*,#4279,.T.);
#4304 = ORIENTED_EDGE('',*,*,#2304,.T.);
#4305 = ORIENTED_EDGE('',*,*,#4306,.F.);
#4306 = EDGE_CURVE('',#4307,#2272,#4309,.T.);
#4307 = VERTEX_POINT('',#4308);
#4308 = CARTESIAN_POINT('',(-25.35,-41.45,-5.E-02));
#4309 = SURFACE_CURVE('',#4310,(#4314,#4321),.PCURVE_S1.);
#4310 = LINE('',#4311,#4312);
#4311 = CARTESIAN_POINT('',(-25.35,-41.45,-0.15));
#4312 = VECTOR('',#4313,1.);
#4313 = DIRECTION('',(0.,0.,1.));
#4314 = PCURVE('',#2320,#4315);
#4315 = DEFINITIONAL_REPRESENTATION('',(#4316),#4320);
#4316 = LINE('',#4317,#4318);
#4317 = CARTESIAN_POINT('',(85.85,0.));
#4318 = VECTOR('',#4319,1.);
#4319 = DIRECTION('',(0.,-1.));
#4320 = ( GEOMETRIC_REPRESENTATION_CONTEXT(2) 
PARAMETRIC_REPRESENTATION_CONTEXT() REPRESENTATION_CONTEXT('2D SPACE',''
  ) );
#4321 = PCURVE('',#2292,#4322);
#4322 = DEFINITIONAL_REPRESENTATION('',(#4323),#4327);
#4323 = LINE('',#4324,#4325);
#4324 = CARTESIAN_POINT('',(-1.570796326795,0.));
#4325 = VECTOR('',#4326,1.);
#4326 = DIRECTION('',(-0.,1.));
#4327 = ( GEOMETRIC_REPRESENTATION_CONTEXT(2) 
PARAMETRIC_REPRESENTATION_CONTEXT() REPRESENTATION_CONTEXT('2D SPACE',''
  ) );
#4328 = ORIENTED_EDGE('',*,*,#4329,.T.);
#4329 = EDGE_CURVE('',#4307,#4251,#4330,.T.);
#4330 = SURFACE_CURVE('',#4331,(#4335,#4342),.PCURVE_S1.);
#4331 = LINE('',#4332,#4333);
#4332 = CARTESIAN_POINT('',(-25.35,-41.45,-5.E-02));
#4333 = VECTOR('',#4334,1.);
#4334 = DIRECTION('',(-0.,1.,-0.));
#4335 = PCURVE('',#2320,#4336);
#4336 = DEFINITIONAL_REPRESENTATION('',(#4337),#4341);
#4337 = LINE('',#4338,#4339);
#4338 = CARTESIAN_POINT('',(85.85,-0.1));
#4339 = VECTOR('',#4340,1.);
#4340 = DIRECTION('',(-1.,0.));
#4341 = ( GEOMETRIC_REPRESENTATION_CONTEXT(2) 
PARAMETRIC_REPRESENTATION_CONTEXT() REPRESENTATION_CONTEXT('2D SPACE',''
  ) );
#4342 = PCURVE('',#4343,#4348);
#4343 = PLANE('',#4344);
#4344 = AXIS2_PLACEMENT_3D('',#4345,#4346,#4347);
#4345 = CARTESIAN_POINT('',(-25.3,-41.45,-1.E-01));
#4346 = DIRECTION('',(-0.707106781187,0.,-0.707106781187));
#4347 = DIRECTION('',(0.,1.,0.));
#4348 = DEFINITIONAL_REPRESENTATION('',(#4349),#4353);
#4349 = LINE('',#4350,#4351);
#4350 = CARTESIAN_POINT('',(0.,-7.071067811866E-02));
#4351 = VECTOR('',#4352,1.);
#4352 = DIRECTION('',(1.,0.));
#4353 = ( GEOMETRIC_REPRESENTATION_CONTEXT(2) 
PARAMETRIC_REPRESENTATION_CONTEXT() REPRESENTATION_CONTEXT('2D SPACE',''
  ) );
#4354 = ADVANCED_FACE('',(#4355),#2292,.T.);
#4355 = FACE_BOUND('',#4356,.F.);
#4356 = EDGE_LOOP('',(#4357,#4358,#4385,#4386));
#4357 = ORIENTED_EDGE('',*,*,#3529,.F.);
#4358 = ORIENTED_EDGE('',*,*,#4359,.T.);
#4359 = EDGE_CURVE('',#3530,#4307,#4360,.T.);
#4360 = SURFACE_CURVE('',#4361,(#4366,#4373),.PCURVE_S1.);
#4361 = CIRCLE('',#4362,2.95);
#4362 = AXIS2_PLACEMENT_3D('',#4363,#4364,#4365);
#4363 = CARTESIAN_POINT('',(-22.4,-41.45,-5.E-02));
#4364 = DIRECTION('',(-0.,-0.,-1.));
#4365 = DIRECTION('',(0.,-1.,0.));
#4366 = PCURVE('',#2292,#4367);
#4367 = DEFINITIONAL_REPRESENTATION('',(#4368),#4372);
#4368 = LINE('',#4369,#4370);
#4369 = CARTESIAN_POINT('',(-0.,0.1));
#4370 = VECTOR('',#4371,1.);
#4371 = DIRECTION('',(-1.,0.));
#4372 = ( GEOMETRIC_REPRESENTATION_CONTEXT(2) 
PARAMETRIC_REPRESENTATION_CONTEXT() REPRESENTATION_CONTEXT('2D SPACE',''
  ) );
#4373 = PCURVE('',#4374,#4379);
#4374 = CONICAL_SURFACE('',#4375,2.95,0.785398163397);
#4375 = AXIS2_PLACEMENT_3D('',#4376,#4377,#4378);
#4376 = CARTESIAN_POINT('',(-22.4,-41.45,-5.E-02));
#4377 = DIRECTION('',(0.,0.,1.));
#4378 = DIRECTION('',(0.,-1.,0.));
#4379 = DEFINITIONAL_REPRESENTATION('',(#4380),#4384);
#4380 = LINE('',#4381,#4382);
#4381 = CARTESIAN_POINT('',(-0.,-0.));
#4382 = VECTOR('',#4383,1.);
#4383 = DIRECTION('',(-1.,-0.));
#4384 = ( GEOMETRIC_REPRESENTATION_CONTEXT(2) 
PARAMETRIC_REPRESENTATION_CONTEXT() REPRESENTATION_CONTEXT('2D SPACE',''
  ) );
#4385 = ORIENTED_EDGE('',*,*,#4306,.T.);
#4386 = ORIENTED_EDGE('',*,*,#2271,.F.);
#4387 = ADVANCED_FACE('',(#4388),#2745,.T.);
#4388 = FACE_BOUND('',#4389,.T.);
#4389 = EDGE_LOOP('',(#4390,#4391,#4392,#4413));
#4390 = ORIENTED_EDGE('',*,*,#2729,.F.);
#4391 = ORIENTED_EDGE('',*,*,#3455,.T.);
#4392 = ORIENTED_EDGE('',*,*,#4393,.T.);
#4393 = EDGE_CURVE('',#3456,#2784,#4394,.T.);
#4394 = SURFACE_CURVE('',#4395,(#4399,#4406),.PCURVE_S1.);
#4395 = LINE('',#4396,#4397);
#4396 = CARTESIAN_POINT('',(22.4,45.4,0.));
#4397 = VECTOR('',#4398,1.);
#4398 = DIRECTION('',(0.,0.,1.));
#4399 = PCURVE('',#2745,#4400);
#4400 = DEFINITIONAL_REPRESENTATION('',(#4401),#4405);
#4401 = LINE('',#4402,#4403);
#4402 = CARTESIAN_POINT('',(1.570796326795,0.));
#4403 = VECTOR('',#4404,1.);
#4404 = DIRECTION('',(0.,1.));
#4405 = ( GEOMETRIC_REPRESENTATION_CONTEXT(2) 
PARAMETRIC_REPRESENTATION_CONTEXT() REPRESENTATION_CONTEXT('2D SPACE',''
  ) );
#4406 = PCURVE('',#2846,#4407);
#4407 = DEFINITIONAL_REPRESENTATION('',(#4408),#4412);
#4408 = LINE('',#4409,#4410);
#4409 = CARTESIAN_POINT('',(3.95,0.));
#4410 = VECTOR('',#4411,1.);
#4411 = DIRECTION('',(0.,-1.));
#4412 = ( GEOMETRIC_REPRESENTATION_CONTEXT(2) 
PARAMETRIC_REPRESENTATION_CONTEXT() REPRESENTATION_CONTEXT('2D SPACE',''
  ) );
#4413 = ORIENTED_EDGE('',*,*,#2804,.F.);
#4414 = ADVANCED_FACE('',(#4415),#2846,.F.);
#4415 = FACE_BOUND('',#4416,.F.);
#4416 = EDGE_LOOP('',(#4417,#4418,#4419,#4420));
#4417 = ORIENTED_EDGE('',*,*,#4393,.T.);
#4418 = ORIENTED_EDGE('',*,*,#2832,.T.);
#4419 = ORIENTED_EDGE('',*,*,#2861,.F.);
#4420 = ORIENTED_EDGE('',*,*,#3503,.F.);
#4421 = ADVANCED_FACE('',(#4422),#2980,.F.);
#4422 = FACE_BOUND('',#4423,.T.);
#4423 = EDGE_LOOP('',(#4424,#4455,#4481,#4500,#4501,#4522));
#4424 = ORIENTED_EDGE('',*,*,#4425,.F.);
#4425 = EDGE_CURVE('',#4426,#4428,#4430,.T.);
#4426 = VERTEX_POINT('',#4427);
#4427 = CARTESIAN_POINT('',(-25.35,-40.34546389828,2.79));
#4428 = VERTEX_POINT('',#4429);
#4429 = CARTESIAN_POINT('',(-21.29546389828,-44.4,2.79));
#4430 = SURFACE_CURVE('',#4431,(#4436,#4443),.PCURVE_S1.);
#4431 = CIRCLE('',#4432,3.15);
#4432 = AXIS2_PLACEMENT_3D('',#4433,#4434,#4435);
#4433 = CARTESIAN_POINT('',(-22.4,-41.45,2.79));
#4434 = DIRECTION('',(0.,0.,1.));
#4435 = DIRECTION('',(1.,0.,0.));
#4436 = PCURVE('',#2980,#4437);
#4437 = DEFINITIONAL_REPRESENTATION('',(#4438),#4442);
#4438 = LINE('',#4439,#4440);
#4439 = CARTESIAN_POINT('',(-0.,0.));
#4440 = VECTOR('',#4441,1.);
#4441 = DIRECTION('',(-1.,0.));
#4442 = ( GEOMETRIC_REPRESENTATION_CONTEXT(2) 
PARAMETRIC_REPRESENTATION_CONTEXT() REPRESENTATION_CONTEXT('2D SPACE',''
  ) );
#4443 = PCURVE('',#4444,#4449);
#4444 = PLANE('',#4445);
#4445 = AXIS2_PLACEMENT_3D('',#4446,#4447,#4448);
#4446 = CARTESIAN_POINT('',(-22.4,-41.45,2.79));
#4447 = DIRECTION('',(0.,0.,1.));
#4448 = DIRECTION('',(1.,0.,-0.));
#4449 = DEFINITIONAL_REPRESENTATION('',(#4450),#4454);
#4450 = CIRCLE('',#4451,3.15);
#4451 = AXIS2_PLACEMENT_2D('',#4452,#4453);
#4452 = CARTESIAN_POINT('',(3.552713678801E-15,7.105427357601E-15));
#4453 = DIRECTION('',(1.,0.));
#4454 = ( GEOMETRIC_REPRESENTATION_CONTEXT(2) 
PARAMETRIC_REPRESENTATION_CONTEXT() REPRESENTATION_CONTEXT('2D SPACE',''
  ) );
#4455 = ORIENTED_EDGE('',*,*,#4456,.F.);
#4456 = EDGE_CURVE('',#4457,#4426,#4459,.T.);
#4457 = VERTEX_POINT('',#4458);
#4458 = CARTESIAN_POINT('',(-25.35,-40.34546389828,2.8));
#4459 = SURFACE_CURVE('',#4460,(#4464,#4470),.PCURVE_S1.);
#4460 = LINE('',#4461,#4462);
#4461 = CARTESIAN_POINT('',(-25.35,-40.34546389828,2.79));
#4462 = VECTOR('',#4463,1.);
#4463 = DIRECTION('',(-0.,-0.,-1.));
#4464 = PCURVE('',#2980,#4465);
#4465 = DEFINITIONAL_REPRESENTATION('',(#4466),#4469);
#4466 = B_SPLINE_CURVE_WITH_KNOTS('',1,(#4467,#4468),.UNSPECIFIED.,.F.,
  .F.,(2,2),(-0.19,5.999999999062E-07),.PIECEWISE_BEZIER_KNOTS.);
#4467 = CARTESIAN_POINT('',(-2.783331435077,-0.19));
#4468 = CARTESIAN_POINT('',(-2.783331435077,5.999999999062E-07));
#4469 = ( GEOMETRIC_REPRESENTATION_CONTEXT(2) 
PARAMETRIC_REPRESENTATION_CONTEXT() REPRESENTATION_CONTEXT('2D SPACE',''
  ) );
#4470 = PCURVE('',#4471,#4476);
#4471 = PLANE('',#4472);
#4472 = AXIS2_PLACEMENT_3D('',#4473,#4474,#4475);
#4473 = CARTESIAN_POINT('',(-25.35,44.4,1.));
#4474 = DIRECTION('',(1.,0.,-0.));
#4475 = DIRECTION('',(0.,-1.,0.));
#4476 = DEFINITIONAL_REPRESENTATION('',(#4477),#4480);
#4477 = B_SPLINE_CURVE_WITH_KNOTS('',1,(#4478,#4479),.UNSPECIFIED.,.F.,
  .F.,(2,2),(-0.19,5.999999999062E-07),.PIECEWISE_BEZIER_KNOTS.);
#4478 = CARTESIAN_POINT('',(84.745463898281,-1.98));
#4479 = CARTESIAN_POINT('',(84.745463898281,-1.7899994));
#4480 = ( GEOMETRIC_REPRESENTATION_CONTEXT(2) 
PARAMETRIC_REPRESENTATION_CONTEXT() REPRESENTATION_CONTEXT('2D SPACE',''
  ) );
#4481 = ORIENTED_EDGE('',*,*,#4482,.F.);
#4482 = EDGE_CURVE('',#2964,#4457,#4483,.T.);
#4483 = SURFACE_CURVE('',#4484,(#4488,#4494),.PCURVE_S1.);
#4484 = LINE('',#4485,#4486);
#4485 = CARTESIAN_POINT('',(-25.35,-40.34546389828,2.79));
#4486 = VECTOR('',#4487,1.);
#4487 = DIRECTION('',(-0.,-0.,-1.));
#4488 = PCURVE('',#2980,#4489);
#4489 = DEFINITIONAL_REPRESENTATION('',(#4490),#4493);
#4490 = B_SPLINE_CURVE_WITH_KNOTS('',1,(#4491,#4492),.UNSPECIFIED.,.F.,
  .F.,(2,2),(-0.56,5.999999999062E-07),.PIECEWISE_BEZIER_KNOTS.);
#4491 = CARTESIAN_POINT('',(-2.783331435077,-0.56));
#4492 = CARTESIAN_POINT('',(-2.783331435077,5.999999999062E-07));
#4493 = ( GEOMETRIC_REPRESENTATION_CONTEXT(2) 
PARAMETRIC_REPRESENTATION_CONTEXT() REPRESENTATION_CONTEXT('2D SPACE',''
  ) );
#4494 = PCURVE('',#3120,#4495);
#4495 = DEFINITIONAL_REPRESENTATION('',(#4496),#4499);
#4496 = B_SPLINE_CURVE_WITH_KNOTS('',1,(#4497,#4498),.UNSPECIFIED.,.F.,
  .F.,(2,2),(-0.56,5.999999999062E-07),.PIECEWISE_BEZIER_KNOTS.);
#4497 = CARTESIAN_POINT('',(84.745463898281,-0.55));
#4498 = CARTESIAN_POINT('',(84.745463898281,1.00006E-02));
#4499 = ( GEOMETRIC_REPRESENTATION_CONTEXT(2) 
PARAMETRIC_REPRESENTATION_CONTEXT() REPRESENTATION_CONTEXT('2D SPACE',''
  ) );
#4500 = ORIENTED_EDGE('',*,*,#2963,.T.);
#4501 = ORIENTED_EDGE('',*,*,#4502,.T.);
#4502 = EDGE_CURVE('',#2937,#4503,#4505,.T.);
#4503 = VERTEX_POINT('',#4504);
#4504 = CARTESIAN_POINT('',(-21.29546389828,-44.4,2.8));
#4505 = SURFACE_CURVE('',#4506,(#4510,#4516),.PCURVE_S1.);
#4506 = LINE('',#4507,#4508);
#4507 = CARTESIAN_POINT('',(-21.29546389828,-44.4,2.79));
#4508 = VECTOR('',#4509,1.);
#4509 = DIRECTION('',(-0.,-0.,-1.));
#4510 = PCURVE('',#2980,#4511);
#4511 = DEFINITIONAL_REPRESENTATION('',(#4512),#4515);
#4512 = B_SPLINE_CURVE_WITH_KNOTS('',1,(#4513,#4514),.UNSPECIFIED.,.F.,
  .F.,(2,2),(-0.56,5.999999999062E-07),.PIECEWISE_BEZIER_KNOTS.);
#4513 = CARTESIAN_POINT('',(-5.070650198897,-0.56));
#4514 = CARTESIAN_POINT('',(-5.070650198897,5.999999999062E-07));
#4515 = ( GEOMETRIC_REPRESENTATION_CONTEXT(2) 
PARAMETRIC_REPRESENTATION_CONTEXT() REPRESENTATION_CONTEXT('2D SPACE',''
  ) );
#4516 = PCURVE('',#3038,#4517);
#4517 = DEFINITIONAL_REPRESENTATION('',(#4518),#4521);
#4518 = B_SPLINE_CURVE_WITH_KNOTS('',1,(#4519,#4520),.UNSPECIFIED.,.F.,
  .F.,(2,2),(-0.56,5.999999999062E-07),.PIECEWISE_BEZIER_KNOTS.);
#4519 = CARTESIAN_POINT('',(4.054536101719,-0.55));
#4520 = CARTESIAN_POINT('',(4.054536101719,1.00006E-02));
#4521 = ( GEOMETRIC_REPRESENTATION_CONTEXT(2) 
PARAMETRIC_REPRESENTATION_CONTEXT() REPRESENTATION_CONTEXT('2D SPACE',''
  ) );
#4522 = ORIENTED_EDGE('',*,*,#4523,.T.);
#4523 = EDGE_CURVE('',#4503,#4428,#4524,.T.);
#4524 = SURFACE_CURVE('',#4525,(#4529,#4535),.PCURVE_S1.);
#4525 = LINE('',#4526,#4527);
#4526 = CARTESIAN_POINT('',(-21.29546389828,-44.4,2.79));
#4527 = VECTOR('',#4528,1.);
#4528 = DIRECTION('',(-0.,-0.,-1.));
#4529 = PCURVE('',#2980,#4530);
#4530 = DEFINITIONAL_REPRESENTATION('',(#4531),#4534);
#4531 = B_SPLINE_CURVE_WITH_KNOTS('',1,(#4532,#4533),.UNSPECIFIED.,.F.,
  .F.,(2,2),(-0.19,5.999999999062E-07),.PIECEWISE_BEZIER_KNOTS.);
#4532 = CARTESIAN_POINT('',(-5.070650198897,-0.19));
#4533 = CARTESIAN_POINT('',(-5.070650198897,5.999999999062E-07));
#4534 = ( GEOMETRIC_REPRESENTATION_CONTEXT(2) 
PARAMETRIC_REPRESENTATION_CONTEXT() REPRESENTATION_CONTEXT('2D SPACE',''
  ) );
#4535 = PCURVE('',#4536,#4541);
#4536 = PLANE('',#4537);
#4537 = AXIS2_PLACEMENT_3D('',#4538,#4539,#4540);
#4538 = CARTESIAN_POINT('',(-25.35,-44.4,1.));
#4539 = DIRECTION('',(0.,1.,0.));
#4540 = DIRECTION('',(1.,0.,0.));
#4541 = DEFINITIONAL_REPRESENTATION('',(#4542),#4545);
#4542 = B_SPLINE_CURVE_WITH_KNOTS('',1,(#4543,#4544),.UNSPECIFIED.,.F.,
  .F.,(2,2),(-0.19,5.999999999062E-07),.PIECEWISE_BEZIER_KNOTS.);
#4543 = CARTESIAN_POINT('',(4.054536101719,-1.98));
#4544 = CARTESIAN_POINT('',(4.054536101719,-1.7899994));
#4545 = ( GEOMETRIC_REPRESENTATION_CONTEXT(2) 
PARAMETRIC_REPRESENTATION_CONTEXT() REPRESENTATION_CONTEXT('2D SPACE',''
  ) );
#4546 = ADVANCED_FACE('',(#4547),#3038,.T.);
#4547 = FACE_BOUND('',#4548,.T.);
#4548 = EDGE_LOOP('',(#4549,#4577,#4578,#4579));
#4549 = ORIENTED_EDGE('',*,*,#4550,.F.);
#4550 = EDGE_CURVE('',#4503,#4551,#4553,.T.);
#4551 = VERTEX_POINT('',#4552);
#4552 = CARTESIAN_POINT('',(21.295463898281,-44.4,2.8));
#4553 = SURFACE_CURVE('',#4554,(#4558,#4565),.PCURVE_S1.);
#4554 = LINE('',#4555,#4556);
#4555 = CARTESIAN_POINT('',(-25.35,-44.4,2.8));
#4556 = VECTOR('',#4557,1.);
#4557 = DIRECTION('',(1.,0.,0.));
#4558 = PCURVE('',#3038,#4559);
#4559 = DEFINITIONAL_REPRESENTATION('',(#4560),#4564);
#4560 = LINE('',#4561,#4562);
#4561 = CARTESIAN_POINT('',(0.,0.));
#4562 = VECTOR('',#4563,1.);
#4563 = DIRECTION('',(1.,0.));
#4564 = ( GEOMETRIC_REPRESENTATION_CONTEXT(2) 
PARAMETRIC_REPRESENTATION_CONTEXT() REPRESENTATION_CONTEXT('2D SPACE',''
  ) );
#4565 = PCURVE('',#4566,#4571);
#4566 = PLANE('',#4567);
#4567 = AXIS2_PLACEMENT_3D('',#4568,#4569,#4570);
#4568 = CARTESIAN_POINT('',(0.,0.,2.8));
#4569 = DIRECTION('',(0.,0.,1.));
#4570 = DIRECTION('',(1.,0.,-0.));
#4571 = DEFINITIONAL_REPRESENTATION('',(#4572),#4576);
#4572 = LINE('',#4573,#4574);
#4573 = CARTESIAN_POINT('',(-25.35,-44.4));
#4574 = VECTOR('',#4575,1.);
#4575 = DIRECTION('',(1.,0.));
#4576 = ( GEOMETRIC_REPRESENTATION_CONTEXT(2) 
PARAMETRIC_REPRESENTATION_CONTEXT() REPRESENTATION_CONTEXT('2D SPACE',''
  ) );
#4577 = ORIENTED_EDGE('',*,*,#4502,.F.);
#4578 = ORIENTED_EDGE('',*,*,#3022,.T.);
#4579 = ORIENTED_EDGE('',*,*,#4580,.T.);
#4580 = EDGE_CURVE('',#3023,#4551,#4581,.T.);
#4581 = SURFACE_CURVE('',#4582,(#4586,#4592),.PCURVE_S1.);
#4582 = LINE('',#4583,#4584);
#4583 = CARTESIAN_POINT('',(21.295463898281,-44.4,2.79));
#4584 = VECTOR('',#4585,1.);
#4585 = DIRECTION('',(-0.,-0.,-1.));
#4586 = PCURVE('',#3038,#4587);
#4587 = DEFINITIONAL_REPRESENTATION('',(#4588),#4591);
#4588 = B_SPLINE_CURVE_WITH_KNOTS('',1,(#4589,#4590),.UNSPECIFIED.,.F.,
  .F.,(2,2),(-0.56,5.999999999062E-07),.PIECEWISE_BEZIER_KNOTS.);
#4589 = CARTESIAN_POINT('',(46.645463898281,-0.55));
#4590 = CARTESIAN_POINT('',(46.645463898281,1.00006E-02));
#4591 = ( GEOMETRIC_REPRESENTATION_CONTEXT(2) 
PARAMETRIC_REPRESENTATION_CONTEXT() REPRESENTATION_CONTEXT('2D SPACE',''
  ) );
#4592 = PCURVE('',#3179,#4593);
#4593 = DEFINITIONAL_REPRESENTATION('',(#4594),#4597);
#4594 = B_SPLINE_CURVE_WITH_KNOTS('',1,(#4595,#4596),.UNSPECIFIED.,.F.,
  .F.,(2,2),(-0.51,-1.E-02),.PIECEWISE_BEZIER_KNOTS.);
#4595 = CARTESIAN_POINT('',(-4.354127761872,-0.51));
#4596 = CARTESIAN_POINT('',(-4.354127761872,-1.E-02));
#4597 = ( GEOMETRIC_REPRESENTATION_CONTEXT(2) 
PARAMETRIC_REPRESENTATION_CONTEXT() REPRESENTATION_CONTEXT('2D SPACE',''
  ) );
#4598 = ADVANCED_FACE('',(#4599),#3120,.T.);
#4599 = FACE_BOUND('',#4600,.T.);
#4600 = EDGE_LOOP('',(#4601,#4624,#4643,#4644));
#4601 = ORIENTED_EDGE('',*,*,#4602,.F.);
#4602 = EDGE_CURVE('',#4603,#4457,#4605,.T.);
#4603 = VERTEX_POINT('',#4604);
#4604 = CARTESIAN_POINT('',(-25.35,40.345463898281,2.8));
#4605 = SURFACE_CURVE('',#4606,(#4610,#4617),.PCURVE_S1.);
#4606 = LINE('',#4607,#4608);
#4607 = CARTESIAN_POINT('',(-25.35,44.4,2.8));
#4608 = VECTOR('',#4609,1.);
#4609 = DIRECTION('',(0.,-1.,0.));
#4610 = PCURVE('',#3120,#4611);
#4611 = DEFINITIONAL_REPRESENTATION('',(#4612),#4616);
#4612 = LINE('',#4613,#4614);
#4613 = CARTESIAN_POINT('',(0.,0.));
#4614 = VECTOR('',#4615,1.);
#4615 = DIRECTION('',(1.,0.));
#4616 = ( GEOMETRIC_REPRESENTATION_CONTEXT(2) 
PARAMETRIC_REPRESENTATION_CONTEXT() REPRESENTATION_CONTEXT('2D SPACE',''
  ) );
#4617 = PCURVE('',#4566,#4618);
#4618 = DEFINITIONAL_REPRESENTATION('',(#4619),#4623);
#4619 = LINE('',#4620,#4621);
#4620 = CARTESIAN_POINT('',(-25.35,44.4));
#4621 = VECTOR('',#4622,1.);
#4622 = DIRECTION('',(0.,-1.));
#4623 = ( GEOMETRIC_REPRESENTATION_CONTEXT(2) 
PARAMETRIC_REPRESENTATION_CONTEXT() REPRESENTATION_CONTEXT('2D SPACE',''
  ) );
#4624 = ORIENTED_EDGE('',*,*,#4625,.F.);
#4625 = EDGE_CURVE('',#3080,#4603,#4626,.T.);
#4626 = SURFACE_CURVE('',#4627,(#4631,#4637),.PCURVE_S1.);
#4627 = LINE('',#4628,#4629);
#4628 = CARTESIAN_POINT('',(-25.35,40.345463898281,2.79));
#4629 = VECTOR('',#4630,1.);
#4630 = DIRECTION('',(-0.,-0.,-1.));
#4631 = PCURVE('',#3120,#4632);
#4632 = DEFINITIONAL_REPRESENTATION('',(#4633),#4636);
#4633 = B_SPLINE_CURVE_WITH_KNOTS('',1,(#4634,#4635),.UNSPECIFIED.,.F.,
  .F.,(2,2),(-0.56,5.999999999062E-07),.PIECEWISE_BEZIER_KNOTS.);
#4634 = CARTESIAN_POINT('',(4.054536101719,-0.55));
#4635 = CARTESIAN_POINT('',(4.054536101719,1.00006E-02));
#4636 = ( GEOMETRIC_REPRESENTATION_CONTEXT(2) 
PARAMETRIC_REPRESENTATION_CONTEXT() REPRESENTATION_CONTEXT('2D SPACE',''
  ) );
#4637 = PCURVE('',#3214,#4638);
#4638 = DEFINITIONAL_REPRESENTATION('',(#4639),#4642);
#4639 = B_SPLINE_CURVE_WITH_KNOTS('',1,(#4640,#4641),.UNSPECIFIED.,.F.,
  .F.,(2,2),(-0.56,5.999999999062E-07),.PIECEWISE_BEZIER_KNOTS.);
#4640 = CARTESIAN_POINT('',(-3.499853872102,-0.56));
#4641 = CARTESIAN_POINT('',(-3.499853872102,5.999999999062E-07));
#4642 = ( GEOMETRIC_REPRESENTATION_CONTEXT(2) 
PARAMETRIC_REPRESENTATION_CONTEXT() REPRESENTATION_CONTEXT('2D SPACE',''
  ) );
#4643 = ORIENTED_EDGE('',*,*,#3106,.F.);
#4644 = ORIENTED_EDGE('',*,*,#4482,.T.);
#4645 = ADVANCED_FACE('',(#4646),#3179,.F.);
#4646 = FACE_BOUND('',#4647,.T.);
#4647 = EDGE_LOOP('',(#4648,#4676,#4709,#4733,#4734,#4735));
#4648 = ORIENTED_EDGE('',*,*,#4649,.T.);
#4649 = EDGE_CURVE('',#4650,#4652,#4654,.T.);
#4650 = VERTEX_POINT('',#4651);
#4651 = CARTESIAN_POINT('',(25.35,-40.34546389828,2.8));
#4652 = VERTEX_POINT('',#4653);
#4653 = CARTESIAN_POINT('',(25.35,-40.34546389828,2.79));
#4654 = SURFACE_CURVE('',#4655,(#4659,#4665),.PCURVE_S1.);
#4655 = LINE('',#4656,#4657);
#4656 = CARTESIAN_POINT('',(25.35,-40.34546389828,2.79));
#4657 = VECTOR('',#4658,1.);
#4658 = DIRECTION('',(-0.,-0.,-1.));
#4659 = PCURVE('',#3179,#4660);
#4660 = DEFINITIONAL_REPRESENTATION('',(#4661),#4664);
#4661 = B_SPLINE_CURVE_WITH_KNOTS('',1,(#4662,#4663),.UNSPECIFIED.,.F.,
  .F.,(2,2),(-0.19,5.999999999062E-07),.PIECEWISE_BEZIER_KNOTS.);
#4662 = CARTESIAN_POINT('',(-6.641446525692,-0.19));
#4663 = CARTESIAN_POINT('',(-6.641446525692,5.999999999062E-07));
#4664 = ( GEOMETRIC_REPRESENTATION_CONTEXT(2) 
PARAMETRIC_REPRESENTATION_CONTEXT() REPRESENTATION_CONTEXT('2D SPACE',''
  ) );
#4665 = PCURVE('',#4666,#4671);
#4666 = PLANE('',#4667);
#4667 = AXIS2_PLACEMENT_3D('',#4668,#4669,#4670);
#4668 = CARTESIAN_POINT('',(25.35,-44.4,1.));
#4669 = DIRECTION('',(-1.,0.,0.));
#4670 = DIRECTION('',(0.,1.,0.));
#4671 = DEFINITIONAL_REPRESENTATION('',(#4672),#4675);
#4672 = B_SPLINE_CURVE_WITH_KNOTS('',1,(#4673,#4674),.UNSPECIFIED.,.F.,
  .F.,(2,2),(-0.19,5.999999999062E-07),.PIECEWISE_BEZIER_KNOTS.);
#4673 = CARTESIAN_POINT('',(4.054536101719,-1.98));
#4674 = CARTESIAN_POINT('',(4.054536101719,-1.7899994));
#4675 = ( GEOMETRIC_REPRESENTATION_CONTEXT(2) 
PARAMETRIC_REPRESENTATION_CONTEXT() REPRESENTATION_CONTEXT('2D SPACE',''
  ) );
#4676 = ORIENTED_EDGE('',*,*,#4677,.T.);
#4677 = EDGE_CURVE('',#4652,#4678,#4680,.T.);
#4678 = VERTEX_POINT('',#4679);
#4679 = CARTESIAN_POINT('',(21.295463898281,-44.4,2.79));
#4680 = SURFACE_CURVE('',#4681,(#4686,#4693),.PCURVE_S1.);
#4681 = CIRCLE('',#4682,3.15);
#4682 = AXIS2_PLACEMENT_3D('',#4683,#4684,#4685);
#4683 = CARTESIAN_POINT('',(22.4,-41.45,2.79));
#4684 = DIRECTION('',(0.,0.,-1.));
#4685 = DIRECTION('',(0.15873015873,0.987322002545,0.));
#4686 = PCURVE('',#3179,#4687);
#4687 = DEFINITIONAL_REPRESENTATION('',(#4688),#4692);
#4688 = LINE('',#4689,#4690);
#4689 = CARTESIAN_POINT('',(-7.694577261413,0.));
#4690 = VECTOR('',#4691,1.);
#4691 = DIRECTION('',(1.,-0.));
#4692 = ( GEOMETRIC_REPRESENTATION_CONTEXT(2) 
PARAMETRIC_REPRESENTATION_CONTEXT() REPRESENTATION_CONTEXT('2D SPACE',''
  ) );
#4693 = PCURVE('',#4694,#4699);
#4694 = PLANE('',#4695);
#4695 = AXIS2_PLACEMENT_3D('',#4696,#4697,#4698);
#4696 = CARTESIAN_POINT('',(-22.4,-41.45,2.79));
#4697 = DIRECTION('',(0.,0.,1.));
#4698 = DIRECTION('',(1.,0.,-0.));
#4699 = DEFINITIONAL_REPRESENTATION('',(#4700),#4708);
#4700 = ( BOUNDED_CURVE() B_SPLINE_CURVE(2,(#4701,#4702,#4703,#4704,
#4705,#4706,#4707),.UNSPECIFIED.,.T.,.F.) B_SPLINE_CURVE_WITH_KNOTS((1,2
    ,2,2,2,1),(-2.094395102393,0.,2.094395102393,4.188790204786,
6.28318530718,8.377580409573),.UNSPECIFIED.) CURVE() 
GEOMETRIC_REPRESENTATION_ITEM() RATIONAL_B_SPLINE_CURVE((1.,0.5,1.,0.5,
1.,0.5,1.)) REPRESENTATION_ITEM('') );
#4701 = CARTESIAN_POINT('',(45.3,3.110064308017));
#4702 = CARTESIAN_POINT('',(50.686789396292,2.244038904232));
#4703 = CARTESIAN_POINT('',(47.243394698146,-1.988044855901));
#4704 = CARTESIAN_POINT('',(43.8,-6.220128616034));
#4705 = CARTESIAN_POINT('',(41.856605301854,-1.122019452116));
#4706 = CARTESIAN_POINT('',(39.913210603708,3.976089711801));
#4707 = CARTESIAN_POINT('',(45.3,3.110064308017));
#4708 = ( GEOMETRIC_REPRESENTATION_CONTEXT(2) 
PARAMETRIC_REPRESENTATION_CONTEXT() REPRESENTATION_CONTEXT('2D SPACE',''
  ) );
#4709 = ORIENTED_EDGE('',*,*,#4710,.F.);
#4710 = EDGE_CURVE('',#4551,#4678,#4711,.T.);
#4711 = SURFACE_CURVE('',#4712,(#4716,#4722),.PCURVE_S1.);
#4712 = LINE('',#4713,#4714);
#4713 = CARTESIAN_POINT('',(21.295463898281,-44.4,2.79));
#4714 = VECTOR('',#4715,1.);
#4715 = DIRECTION('',(-0.,-0.,-1.));
#4716 = PCURVE('',#3179,#4717);
#4717 = DEFINITIONAL_REPRESENTATION('',(#4718),#4721);
#4718 = B_SPLINE_CURVE_WITH_KNOTS('',1,(#4719,#4720),.UNSPECIFIED.,.F.,
  .F.,(2,2),(-0.19,5.999999999062E-07),.PIECEWISE_BEZIER_KNOTS.);
#4719 = CARTESIAN_POINT('',(-4.354127761872,-0.19));
#4720 = CARTESIAN_POINT('',(-4.354127761872,5.999999999062E-07));
#4721 = ( GEOMETRIC_REPRESENTATION_CONTEXT(2) 
PARAMETRIC_REPRESENTATION_CONTEXT() REPRESENTATION_CONTEXT('2D SPACE',''
  ) );
#4722 = PCURVE('',#4723,#4728);
#4723 = PLANE('',#4724);
#4724 = AXIS2_PLACEMENT_3D('',#4725,#4726,#4727);
#4725 = CARTESIAN_POINT('',(-25.35,-44.4,1.));
#4726 = DIRECTION('',(0.,1.,0.));
#4727 = DIRECTION('',(1.,0.,0.));
#4728 = DEFINITIONAL_REPRESENTATION('',(#4729),#4732);
#4729 = B_SPLINE_CURVE_WITH_KNOTS('',1,(#4730,#4731),.UNSPECIFIED.,.F.,
  .F.,(2,2),(-0.19,5.999999999062E-07),.PIECEWISE_BEZIER_KNOTS.);
#4730 = CARTESIAN_POINT('',(46.645463898281,-1.98));
#4731 = CARTESIAN_POINT('',(46.645463898281,-1.7899994));
#4732 = ( GEOMETRIC_REPRESENTATION_CONTEXT(2) 
PARAMETRIC_REPRESENTATION_CONTEXT() REPRESENTATION_CONTEXT('2D SPACE',''
  ) );
#4733 = ORIENTED_EDGE('',*,*,#4580,.F.);
#4734 = ORIENTED_EDGE('',*,*,#3164,.F.);
#4735 = ORIENTED_EDGE('',*,*,#4736,.T.);
#4736 = EDGE_CURVE('',#3138,#4650,#4737,.T.);
#4737 = SURFACE_CURVE('',#4738,(#4742,#4748),.PCURVE_S1.);
#4738 = LINE('',#4739,#4740);
#4739 = CARTESIAN_POINT('',(25.35,-40.34546389828,2.79));
#4740 = VECTOR('',#4741,1.);
#4741 = DIRECTION('',(-0.,-0.,-1.));
#4742 = PCURVE('',#3179,#4743);
#4743 = DEFINITIONAL_REPRESENTATION('',(#4744),#4747);
#4744 = B_SPLINE_CURVE_WITH_KNOTS('',1,(#4745,#4746),.UNSPECIFIED.,.F.,
  .F.,(2,2),(-0.51,-1.E-02),.PIECEWISE_BEZIER_KNOTS.);
#4745 = CARTESIAN_POINT('',(-6.641446525692,-0.51));
#4746 = CARTESIAN_POINT('',(-6.641446525692,-1.E-02));
#4747 = ( GEOMETRIC_REPRESENTATION_CONTEXT(2) 
PARAMETRIC_REPRESENTATION_CONTEXT() REPRESENTATION_CONTEXT('2D SPACE',''
  ) );
#4748 = PCURVE('',#3272,#4749);
#4749 = DEFINITIONAL_REPRESENTATION('',(#4750),#4753);
#4750 = B_SPLINE_CURVE_WITH_KNOTS('',1,(#4751,#4752),.UNSPECIFIED.,.F.,
  .F.,(2,2),(-0.56,5.999999999062E-07),.PIECEWISE_BEZIER_KNOTS.);
#4751 = CARTESIAN_POINT('',(4.054536101719,-0.55));
#4752 = CARTESIAN_POINT('',(4.054536101719,1.00006E-02));
#4753 = ( GEOMETRIC_REPRESENTATION_CONTEXT(2) 
PARAMETRIC_REPRESENTATION_CONTEXT() REPRESENTATION_CONTEXT('2D SPACE',''
  ) );
#4754 = ADVANCED_FACE('',(#4755),#3214,.F.);
#4755 = FACE_BOUND('',#4756,.T.);
#4756 = EDGE_LOOP('',(#4757,#4788,#4814,#4833,#4834,#4835));
#4757 = ORIENTED_EDGE('',*,*,#4758,.F.);
#4758 = EDGE_CURVE('',#4759,#4761,#4763,.T.);
#4759 = VERTEX_POINT('',#4760);
#4760 = CARTESIAN_POINT('',(-21.29546389828,44.4,2.79));
#4761 = VERTEX_POINT('',#4762);
#4762 = CARTESIAN_POINT('',(-25.35,40.345463898281,2.79));
#4763 = SURFACE_CURVE('',#4764,(#4769,#4776),.PCURVE_S1.);
#4764 = CIRCLE('',#4765,3.15);
#4765 = AXIS2_PLACEMENT_3D('',#4766,#4767,#4768);
#4766 = CARTESIAN_POINT('',(-22.4,41.45,2.79));
#4767 = DIRECTION('',(0.,0.,1.));
#4768 = DIRECTION('',(1.,0.,0.));
#4769 = PCURVE('',#3214,#4770);
#4770 = DEFINITIONAL_REPRESENTATION('',(#4771),#4775);
#4771 = LINE('',#4772,#4773);
#4772 = CARTESIAN_POINT('',(-0.,0.));
#4773 = VECTOR('',#4774,1.);
#4774 = DIRECTION('',(-1.,0.));
#4775 = ( GEOMETRIC_REPRESENTATION_CONTEXT(2) 
PARAMETRIC_REPRESENTATION_CONTEXT() REPRESENTATION_CONTEXT('2D SPACE',''
  ) );
#4776 = PCURVE('',#4777,#4782);
#4777 = PLANE('',#4778);
#4778 = AXIS2_PLACEMENT_3D('',#4779,#4780,#4781);
#4779 = CARTESIAN_POINT('',(-22.4,-41.45,2.79));
#4780 = DIRECTION('',(0.,0.,1.));
#4781 = DIRECTION('',(1.,0.,-0.));
#4782 = DEFINITIONAL_REPRESENTATION('',(#4783),#4787);
#4783 = CIRCLE('',#4784,3.15);
#4784 = AXIS2_PLACEMENT_2D('',#4785,#4786);
#4785 = CARTESIAN_POINT('',(3.552713678801E-15,82.9));
#4786 = DIRECTION('',(1.,0.));
#4787 = ( GEOMETRIC_REPRESENTATION_CONTEXT(2) 
PARAMETRIC_REPRESENTATION_CONTEXT() REPRESENTATION_CONTEXT('2D SPACE',''
  ) );
#4788 = ORIENTED_EDGE('',*,*,#4789,.F.);
#4789 = EDGE_CURVE('',#4790,#4759,#4792,.T.);
#4790 = VERTEX_POINT('',#4791);
#4791 = CARTESIAN_POINT('',(-21.29546389828,44.4,2.8));
#4792 = SURFACE_CURVE('',#4793,(#4797,#4803),.PCURVE_S1.);
#4793 = LINE('',#4794,#4795);
#4794 = CARTESIAN_POINT('',(-21.29546389828,44.4,2.79));
#4795 = VECTOR('',#4796,1.);
#4796 = DIRECTION('',(-0.,-0.,-1.));
#4797 = PCURVE('',#3214,#4798);
#4798 = DEFINITIONAL_REPRESENTATION('',(#4799),#4802);
#4799 = B_SPLINE_CURVE_WITH_KNOTS('',1,(#4800,#4801),.UNSPECIFIED.,.F.,
  .F.,(2,2),(-0.19,5.999999999062E-07),.PIECEWISE_BEZIER_KNOTS.);
#4800 = CARTESIAN_POINT('',(-1.212535108282,-0.19));
#4801 = CARTESIAN_POINT('',(-1.212535108282,5.999999999062E-07));
#4802 = ( GEOMETRIC_REPRESENTATION_CONTEXT(2) 
PARAMETRIC_REPRESENTATION_CONTEXT() REPRESENTATION_CONTEXT('2D SPACE',''
  ) );
#4803 = PCURVE('',#4804,#4809);
#4804 = PLANE('',#4805);
#4805 = AXIS2_PLACEMENT_3D('',#4806,#4807,#4808);
#4806 = CARTESIAN_POINT('',(25.35,44.4,1.));
#4807 = DIRECTION('',(0.,-1.,0.));
#4808 = DIRECTION('',(-1.,0.,0.));
#4809 = DEFINITIONAL_REPRESENTATION('',(#4810),#4813);
#4810 = B_SPLINE_CURVE_WITH_KNOTS('',1,(#4811,#4812),.UNSPECIFIED.,.F.,
  .F.,(2,2),(-0.19,5.999999999062E-07),.PIECEWISE_BEZIER_KNOTS.);
#4811 = CARTESIAN_POINT('',(46.645463898281,-1.98));
#4812 = CARTESIAN_POINT('',(46.645463898281,-1.7899994));
#4813 = ( GEOMETRIC_REPRESENTATION_CONTEXT(2) 
PARAMETRIC_REPRESENTATION_CONTEXT() REPRESENTATION_CONTEXT('2D SPACE',''
  ) );
#4814 = ORIENTED_EDGE('',*,*,#4815,.F.);
#4815 = EDGE_CURVE('',#3198,#4790,#4816,.T.);
#4816 = SURFACE_CURVE('',#4817,(#4821,#4827),.PCURVE_S1.);
#4817 = LINE('',#4818,#4819);
#4818 = CARTESIAN_POINT('',(-21.29546389828,44.4,2.79));
#4819 = VECTOR('',#4820,1.);
#4820 = DIRECTION('',(-0.,-0.,-1.));
#4821 = PCURVE('',#3214,#4822);
#4822 = DEFINITIONAL_REPRESENTATION('',(#4823),#4826);
#4823 = B_SPLINE_CURVE_WITH_KNOTS('',1,(#4824,#4825),.UNSPECIFIED.,.F.,
  .F.,(2,2),(-0.56,5.999999999062E-07),.PIECEWISE_BEZIER_KNOTS.);
#4824 = CARTESIAN_POINT('',(-1.212535108282,-0.56));
#4825 = CARTESIAN_POINT('',(-1.212535108282,5.999999999062E-07));
#4826 = ( GEOMETRIC_REPRESENTATION_CONTEXT(2) 
PARAMETRIC_REPRESENTATION_CONTEXT() REPRESENTATION_CONTEXT('2D SPACE',''
  ) );
#4827 = PCURVE('',#3354,#4828);
#4828 = DEFINITIONAL_REPRESENTATION('',(#4829),#4832);
#4829 = B_SPLINE_CURVE_WITH_KNOTS('',1,(#4830,#4831),.UNSPECIFIED.,.F.,
  .F.,(2,2),(-0.56,5.999999999062E-07),.PIECEWISE_BEZIER_KNOTS.);
#4830 = CARTESIAN_POINT('',(46.645463898281,-0.55));
#4831 = CARTESIAN_POINT('',(46.645463898281,1.00006E-02));
#4832 = ( GEOMETRIC_REPRESENTATION_CONTEXT(2) 
PARAMETRIC_REPRESENTATION_CONTEXT() REPRESENTATION_CONTEXT('2D SPACE',''
  ) );
#4833 = ORIENTED_EDGE('',*,*,#3197,.T.);
#4834 = ORIENTED_EDGE('',*,*,#4625,.T.);
#4835 = ORIENTED_EDGE('',*,*,#4836,.T.);
#4836 = EDGE_CURVE('',#4603,#4761,#4837,.T.);
#4837 = SURFACE_CURVE('',#4838,(#4842,#4848),.PCURVE_S1.);
#4838 = LINE('',#4839,#4840);
#4839 = CARTESIAN_POINT('',(-25.35,40.345463898281,2.79));
#4840 = VECTOR('',#4841,1.);
#4841 = DIRECTION('',(-0.,-0.,-1.));
#4842 = PCURVE('',#3214,#4843);
#4843 = DEFINITIONAL_REPRESENTATION('',(#4844),#4847);
#4844 = B_SPLINE_CURVE_WITH_KNOTS('',1,(#4845,#4846),.UNSPECIFIED.,.F.,
  .F.,(2,2),(-0.19,5.999999999062E-07),.PIECEWISE_BEZIER_KNOTS.);
#4845 = CARTESIAN_POINT('',(-3.499853872102,-0.19));
#4846 = CARTESIAN_POINT('',(-3.499853872102,5.999999999062E-07));
#4847 = ( GEOMETRIC_REPRESENTATION_CONTEXT(2) 
PARAMETRIC_REPRESENTATION_CONTEXT() REPRESENTATION_CONTEXT('2D SPACE',''
  ) );
#4848 = PCURVE('',#4849,#4854);
#4849 = PLANE('',#4850);
#4850 = AXIS2_PLACEMENT_3D('',#4851,#4852,#4853);
#4851 = CARTESIAN_POINT('',(-25.35,44.4,1.));
#4852 = DIRECTION('',(1.,0.,-0.));
#4853 = DIRECTION('',(0.,-1.,0.));
#4854 = DEFINITIONAL_REPRESENTATION('',(#4855),#4858);
#4855 = B_SPLINE_CURVE_WITH_KNOTS('',1,(#4856,#4857),.UNSPECIFIED.,.F.,
  .F.,(2,2),(-0.19,5.999999999062E-07),.PIECEWISE_BEZIER_KNOTS.);
#4856 = CARTESIAN_POINT('',(4.054536101719,-1.98));
#4857 = CARTESIAN_POINT('',(4.054536101719,-1.7899994));
#4858 = ( GEOMETRIC_REPRESENTATION_CONTEXT(2) 
PARAMETRIC_REPRESENTATION_CONTEXT() REPRESENTATION_CONTEXT('2D SPACE',''
  ) );
#4859 = ADVANCED_FACE('',(#4860),#3272,.T.);
#4860 = FACE_BOUND('',#4861,.T.);
#4861 = EDGE_LOOP('',(#4862,#4885,#4886,#4887));
#4862 = ORIENTED_EDGE('',*,*,#4863,.F.);
#4863 = EDGE_CURVE('',#4650,#4864,#4866,.T.);
#4864 = VERTEX_POINT('',#4865);
#4865 = CARTESIAN_POINT('',(25.35,40.345463898281,2.8));
#4866 = SURFACE_CURVE('',#4867,(#4871,#4878),.PCURVE_S1.);
#4867 = LINE('',#4868,#4869);
#4868 = CARTESIAN_POINT('',(25.35,-44.4,2.8));
#4869 = VECTOR('',#4870,1.);
#4870 = DIRECTION('',(0.,1.,0.));
#4871 = PCURVE('',#3272,#4872);
#4872 = DEFINITIONAL_REPRESENTATION('',(#4873),#4877);
#4873 = LINE('',#4874,#4875);
#4874 = CARTESIAN_POINT('',(0.,0.));
#4875 = VECTOR('',#4876,1.);
#4876 = DIRECTION('',(1.,0.));
#4877 = ( GEOMETRIC_REPRESENTATION_CONTEXT(2) 
PARAMETRIC_REPRESENTATION_CONTEXT() REPRESENTATION_CONTEXT('2D SPACE',''
  ) );
#4878 = PCURVE('',#4566,#4879);
#4879 = DEFINITIONAL_REPRESENTATION('',(#4880),#4884);
#4880 = LINE('',#4881,#4882);
#4881 = CARTESIAN_POINT('',(25.35,-44.4));
#4882 = VECTOR('',#4883,1.);
#4883 = DIRECTION('',(0.,1.));
#4884 = ( GEOMETRIC_REPRESENTATION_CONTEXT(2) 
PARAMETRIC_REPRESENTATION_CONTEXT() REPRESENTATION_CONTEXT('2D SPACE',''
  ) );
#4885 = ORIENTED_EDGE('',*,*,#4736,.F.);
#4886 = ORIENTED_EDGE('',*,*,#3256,.T.);
#4887 = ORIENTED_EDGE('',*,*,#4888,.T.);
#4888 = EDGE_CURVE('',#3257,#4864,#4889,.T.);
#4889 = SURFACE_CURVE('',#4890,(#4894,#4900),.PCURVE_S1.);
#4890 = LINE('',#4891,#4892);
#4891 = CARTESIAN_POINT('',(25.35,40.345463898281,2.79));
#4892 = VECTOR('',#4893,1.);
#4893 = DIRECTION('',(-0.,-0.,-1.));
#4894 = PCURVE('',#3272,#4895);
#4895 = DEFINITIONAL_REPRESENTATION('',(#4896),#4899);
#4896 = B_SPLINE_CURVE_WITH_KNOTS('',1,(#4897,#4898),.UNSPECIFIED.,.F.,
  .F.,(2,2),(-0.56,5.999999999062E-07),.PIECEWISE_BEZIER_KNOTS.);
#4897 = CARTESIAN_POINT('',(84.745463898281,-0.55));
#4898 = CARTESIAN_POINT('',(84.745463898281,1.00006E-02));
#4899 = ( GEOMETRIC_REPRESENTATION_CONTEXT(2) 
PARAMETRIC_REPRESENTATION_CONTEXT() REPRESENTATION_CONTEXT('2D SPACE',''
  ) );
#4900 = PCURVE('',#3387,#4901);
#4901 = DEFINITIONAL_REPRESENTATION('',(#4902),#4905);
#4902 = B_SPLINE_CURVE_WITH_KNOTS('',1,(#4903,#4904),.UNSPECIFIED.,.F.,
  .F.,(2,2),(-0.51,-1.E-02),.PIECEWISE_BEZIER_KNOTS.);
#4903 = CARTESIAN_POINT('',(-5.924924088667,-0.51));
#4904 = CARTESIAN_POINT('',(-5.924924088667,-1.E-02));
#4905 = ( GEOMETRIC_REPRESENTATION_CONTEXT(2) 
PARAMETRIC_REPRESENTATION_CONTEXT() REPRESENTATION_CONTEXT('2D SPACE',''
  ) );
#4906 = ADVANCED_FACE('',(#4907),#3354,.T.);
#4907 = FACE_BOUND('',#4908,.T.);
#4908 = EDGE_LOOP('',(#4909,#4932,#4951,#4952));
#4909 = ORIENTED_EDGE('',*,*,#4910,.F.);
#4910 = EDGE_CURVE('',#4911,#4790,#4913,.T.);
#4911 = VERTEX_POINT('',#4912);
#4912 = CARTESIAN_POINT('',(21.295463898281,44.4,2.8));
#4913 = SURFACE_CURVE('',#4914,(#4918,#4925),.PCURVE_S1.);
#4914 = LINE('',#4915,#4916);
#4915 = CARTESIAN_POINT('',(25.35,44.4,2.8));
#4916 = VECTOR('',#4917,1.);
#4917 = DIRECTION('',(-1.,0.,0.));
#4918 = PCURVE('',#3354,#4919);
#4919 = DEFINITIONAL_REPRESENTATION('',(#4920),#4924);
#4920 = LINE('',#4921,#4922);
#4921 = CARTESIAN_POINT('',(0.,-0.));
#4922 = VECTOR('',#4923,1.);
#4923 = DIRECTION('',(1.,0.));
#4924 = ( GEOMETRIC_REPRESENTATION_CONTEXT(2) 
PARAMETRIC_REPRESENTATION_CONTEXT() REPRESENTATION_CONTEXT('2D SPACE',''
  ) );
#4925 = PCURVE('',#4566,#4926);
#4926 = DEFINITIONAL_REPRESENTATION('',(#4927),#4931);
#4927 = LINE('',#4928,#4929);
#4928 = CARTESIAN_POINT('',(25.35,44.4));
#4929 = VECTOR('',#4930,1.);
#4930 = DIRECTION('',(-1.,0.));
#4931 = ( GEOMETRIC_REPRESENTATION_CONTEXT(2) 
PARAMETRIC_REPRESENTATION_CONTEXT() REPRESENTATION_CONTEXT('2D SPACE',''
  ) );
#4932 = ORIENTED_EDGE('',*,*,#4933,.F.);
#4933 = EDGE_CURVE('',#3314,#4911,#4934,.T.);
#4934 = SURFACE_CURVE('',#4935,(#4939,#4945),.PCURVE_S1.);
#4935 = LINE('',#4936,#4937);
#4936 = CARTESIAN_POINT('',(21.295463898281,44.4,2.79));
#4937 = VECTOR('',#4938,1.);
#4938 = DIRECTION('',(-0.,-0.,-1.));
#4939 = PCURVE('',#3354,#4940);
#4940 = DEFINITIONAL_REPRESENTATION('',(#4941),#4944);
#4941 = B_SPLINE_CURVE_WITH_KNOTS('',1,(#4942,#4943),.UNSPECIFIED.,.F.,
  .F.,(2,2),(-0.56,5.999999999062E-07),.PIECEWISE_BEZIER_KNOTS.);
#4942 = CARTESIAN_POINT('',(4.054536101719,-0.55));
#4943 = CARTESIAN_POINT('',(4.054536101719,1.00006E-02));
#4944 = ( GEOMETRIC_REPRESENTATION_CONTEXT(2) 
PARAMETRIC_REPRESENTATION_CONTEXT() REPRESENTATION_CONTEXT('2D SPACE',''
  ) );
#4945 = PCURVE('',#3387,#4946);
#4946 = DEFINITIONAL_REPRESENTATION('',(#4947),#4950);
#4947 = B_SPLINE_CURVE_WITH_KNOTS('',1,(#4948,#4949),.UNSPECIFIED.,.F.,
  .F.,(2,2),(-0.51,-1.E-02),.PIECEWISE_BEZIER_KNOTS.);
#4948 = CARTESIAN_POINT('',(-8.212242852487,-0.51));
#4949 = CARTESIAN_POINT('',(-8.212242852487,-1.E-02));
#4950 = ( GEOMETRIC_REPRESENTATION_CONTEXT(2) 
PARAMETRIC_REPRESENTATION_CONTEXT() REPRESENTATION_CONTEXT('2D SPACE',''
  ) );
#4951 = ORIENTED_EDGE('',*,*,#3340,.F.);
#4952 = ORIENTED_EDGE('',*,*,#4815,.T.);
#4953 = ADVANCED_FACE('',(#4954),#3387,.F.);
#4954 = FACE_BOUND('',#4955,.T.);
#4955 = EDGE_LOOP('',(#4956,#4982,#5015,#5039,#5040,#5041));
#4956 = ORIENTED_EDGE('',*,*,#4957,.T.);
#4957 = EDGE_CURVE('',#4911,#4958,#4960,.T.);
#4958 = VERTEX_POINT('',#4959);
#4959 = CARTESIAN_POINT('',(21.295463898281,44.4,2.79));
#4960 = SURFACE_CURVE('',#4961,(#4965,#4971),.PCURVE_S1.);
#4961 = LINE('',#4962,#4963);
#4962 = CARTESIAN_POINT('',(21.295463898281,44.4,2.79));
#4963 = VECTOR('',#4964,1.);
#4964 = DIRECTION('',(-0.,-0.,-1.));
#4965 = PCURVE('',#3387,#4966);
#4966 = DEFINITIONAL_REPRESENTATION('',(#4967),#4970);
#4967 = B_SPLINE_CURVE_WITH_KNOTS('',1,(#4968,#4969),.UNSPECIFIED.,.F.,
  .F.,(2,2),(-0.19,5.999999999062E-07),.PIECEWISE_BEZIER_KNOTS.);
#4968 = CARTESIAN_POINT('',(-8.212242852487,-0.19));
#4969 = CARTESIAN_POINT('',(-8.212242852487,5.999999999062E-07));
#4970 = ( GEOMETRIC_REPRESENTATION_CONTEXT(2) 
PARAMETRIC_REPRESENTATION_CONTEXT() REPRESENTATION_CONTEXT('2D SPACE',''
  ) );
#4971 = PCURVE('',#4972,#4977);
#4972 = PLANE('',#4973);
#4973 = AXIS2_PLACEMENT_3D('',#4974,#4975,#4976);
#4974 = CARTESIAN_POINT('',(25.35,44.4,1.));
#4975 = DIRECTION('',(0.,-1.,0.));
#4976 = DIRECTION('',(-1.,0.,0.));
#4977 = DEFINITIONAL_REPRESENTATION('',(#4978),#4981);
#4978 = B_SPLINE_CURVE_WITH_KNOTS('',1,(#4979,#4980),.UNSPECIFIED.,.F.,
  .F.,(2,2),(-0.19,5.999999999062E-07),.PIECEWISE_BEZIER_KNOTS.);
#4979 = CARTESIAN_POINT('',(4.054536101719,-1.98));
#4980 = CARTESIAN_POINT('',(4.054536101719,-1.7899994));
#4981 = ( GEOMETRIC_REPRESENTATION_CONTEXT(2) 
PARAMETRIC_REPRESENTATION_CONTEXT() REPRESENTATION_CONTEXT('2D SPACE',''
  ) );
#4982 = ORIENTED_EDGE('',*,*,#4983,.T.);
#4983 = EDGE_CURVE('',#4958,#4984,#4986,.T.);
#4984 = VERTEX_POINT('',#4985);
#4985 = CARTESIAN_POINT('',(25.35,40.345463898281,2.79));
#4986 = SURFACE_CURVE('',#4987,(#4992,#4999),.PCURVE_S1.);
#4987 = CIRCLE('',#4988,3.15);
#4988 = AXIS2_PLACEMENT_3D('',#4989,#4990,#4991);
#4989 = CARTESIAN_POINT('',(22.4,41.45,2.79));
#4990 = DIRECTION('',(0.,0.,-1.));
#4991 = DIRECTION('',(-0.948271557539,0.31746031746,0.));
#4992 = PCURVE('',#3387,#4993);
#4993 = DEFINITIONAL_REPRESENTATION('',(#4994),#4998);
#4994 = LINE('',#4995,#4996);
#4995 = CARTESIAN_POINT('',(-9.101727901257,0.));
#4996 = VECTOR('',#4997,1.);
#4997 = DIRECTION('',(1.,-0.));
#4998 = ( GEOMETRIC_REPRESENTATION_CONTEXT(2) 
PARAMETRIC_REPRESENTATION_CONTEXT() REPRESENTATION_CONTEXT('2D SPACE',''
  ) );
#4999 = PCURVE('',#5000,#5005);
#5000 = PLANE('',#5001);
#5001 = AXIS2_PLACEMENT_3D('',#5002,#5003,#5004);
#5002 = CARTESIAN_POINT('',(-22.4,-41.45,2.79));
#5003 = DIRECTION('',(0.,0.,1.));
#5004 = DIRECTION('',(1.,0.,-0.));
#5005 = DEFINITIONAL_REPRESENTATION('',(#5006),#5014);
#5006 = ( BOUNDED_CURVE() B_SPLINE_CURVE(2,(#5007,#5008,#5009,#5010,
#5011,#5012,#5013),.UNSPECIFIED.,.T.,.F.) B_SPLINE_CURVE_WITH_KNOTS((1,2
    ,2,2,2,1),(-2.094395102393,0.,2.094395102393,4.188790204786,
6.28318530718,8.377580409573),.UNSPECIFIED.) CURVE() 
GEOMETRIC_REPRESENTATION_ITEM() RATIONAL_B_SPLINE_CURVE((1.,0.5,1.,0.5,
1.,0.5,1.)) REPRESENTATION_ITEM('') );
#5007 = CARTESIAN_POINT('',(41.812944593751,83.9));
#5008 = CARTESIAN_POINT('',(43.54499540132,89.073731728646));
#5009 = CARTESIAN_POINT('',(47.159553106909,84.986865864323));
#5010 = CARTESIAN_POINT('',(50.774110812498,80.9));
#5011 = CARTESIAN_POINT('',(45.42750229934,79.813134135677));
#5012 = CARTESIAN_POINT('',(40.080893786182,78.726268271354));
#5013 = CARTESIAN_POINT('',(41.812944593751,83.9));
#5014 = ( GEOMETRIC_REPRESENTATION_CONTEXT(2) 
PARAMETRIC_REPRESENTATION_CONTEXT() REPRESENTATION_CONTEXT('2D SPACE',''
  ) );
#5015 = ORIENTED_EDGE('',*,*,#5016,.F.);
#5016 = EDGE_CURVE('',#4864,#4984,#5017,.T.);
#5017 = SURFACE_CURVE('',#5018,(#5022,#5028),.PCURVE_S1.);
#5018 = LINE('',#5019,#5020);
#5019 = CARTESIAN_POINT('',(25.35,40.345463898281,2.79));
#5020 = VECTOR('',#5021,1.);
#5021 = DIRECTION('',(-0.,-0.,-1.));
#5022 = PCURVE('',#3387,#5023);
#5023 = DEFINITIONAL_REPRESENTATION('',(#5024),#5027);
#5024 = B_SPLINE_CURVE_WITH_KNOTS('',1,(#5025,#5026),.UNSPECIFIED.,.F.,
  .F.,(2,2),(-0.19,5.999999999062E-07),.PIECEWISE_BEZIER_KNOTS.);
#5025 = CARTESIAN_POINT('',(-5.924924088667,-0.19));
#5026 = CARTESIAN_POINT('',(-5.924924088667,5.999999999062E-07));
#5027 = ( GEOMETRIC_REPRESENTATION_CONTEXT(2) 
PARAMETRIC_REPRESENTATION_CONTEXT() REPRESENTATION_CONTEXT('2D SPACE',''
  ) );
#5028 = PCURVE('',#5029,#5034);
#5029 = PLANE('',#5030);
#5030 = AXIS2_PLACEMENT_3D('',#5031,#5032,#5033);
#5031 = CARTESIAN_POINT('',(25.35,-44.4,1.));
#5032 = DIRECTION('',(-1.,0.,0.));
#5033 = DIRECTION('',(0.,1.,0.));
#5034 = DEFINITIONAL_REPRESENTATION('',(#5035),#5038);
#5035 = B_SPLINE_CURVE_WITH_KNOTS('',1,(#5036,#5037),.UNSPECIFIED.,.F.,
  .F.,(2,2),(-0.19,5.999999999062E-07),.PIECEWISE_BEZIER_KNOTS.);
#5036 = CARTESIAN_POINT('',(84.745463898281,-1.98));
#5037 = CARTESIAN_POINT('',(84.745463898281,-1.7899994));
#5038 = ( GEOMETRIC_REPRESENTATION_CONTEXT(2) 
PARAMETRIC_REPRESENTATION_CONTEXT() REPRESENTATION_CONTEXT('2D SPACE',''
  ) );
#5039 = ORIENTED_EDGE('',*,*,#4888,.F.);
#5040 = ORIENTED_EDGE('',*,*,#3372,.F.);
#5041 = ORIENTED_EDGE('',*,*,#4933,.T.);
#5042 = ADVANCED_FACE('',(#5043),#3590,.T.);
#5043 = FACE_BOUND('',#5044,.T.);
#5044 = EDGE_LOOP('',(#5045,#5066,#5067,#5088));
#5045 = ORIENTED_EDGE('',*,*,#5046,.F.);
#5046 = EDGE_CURVE('',#3554,#5047,#5049,.T.);
#5047 = VERTEX_POINT('',#5048);
#5048 = CARTESIAN_POINT('',(22.4,-44.3,-0.15));
#5049 = SURFACE_CURVE('',#5050,(#5054,#5060),.PCURVE_S1.);
#5050 = LINE('',#5051,#5052);
#5051 = CARTESIAN_POINT('',(22.4,-44.4,-5.E-02));
#5052 = VECTOR('',#5053,1.);
#5053 = DIRECTION('',(-1.387778780781E-17,0.707106781187,-0.707106781187
    ));
#5054 = PCURVE('',#3590,#5055);
#5055 = DEFINITIONAL_REPRESENTATION('',(#5056),#5059);
#5056 = B_SPLINE_CURVE_WITH_KNOTS('',1,(#5057,#5058),.UNSPECIFIED.,.F.,
  .F.,(2,2),(0.,0.141421356237),.PIECEWISE_BEZIER_KNOTS.);
#5057 = CARTESIAN_POINT('',(0.,-7.071067811865E-02));
#5058 = CARTESIAN_POINT('',(0.,7.071067811865E-02));
#5059 = ( GEOMETRIC_REPRESENTATION_CONTEXT(2) 
PARAMETRIC_REPRESENTATION_CONTEXT() REPRESENTATION_CONTEXT('2D SPACE',''
  ) );
#5060 = PCURVE('',#3623,#5061);
#5061 = DEFINITIONAL_REPRESENTATION('',(#5062),#5065);
#5062 = B_SPLINE_CURVE_WITH_KNOTS('',1,(#5063,#5064),.UNSPECIFIED.,.F.,
  .F.,(2,2),(0.,0.141421356237),.PIECEWISE_BEZIER_KNOTS.);
#5063 = CARTESIAN_POINT('',(-0.170313706844,0.));
#5064 = CARTESIAN_POINT('',(-0.170313706844,-1.E-01));
#5065 = ( GEOMETRIC_REPRESENTATION_CONTEXT(2) 
PARAMETRIC_REPRESENTATION_CONTEXT() REPRESENTATION_CONTEXT('2D SPACE',''
  ) );
#5066 = ORIENTED_EDGE('',*,*,#3576,.T.);
#5067 = ORIENTED_EDGE('',*,*,#5068,.T.);
#5068 = EDGE_CURVE('',#3530,#5069,#5071,.T.);
#5069 = VERTEX_POINT('',#5070);
#5070 = CARTESIAN_POINT('',(-22.4,-44.3,-0.15));
#5071 = SURFACE_CURVE('',#5072,(#5076,#5082),.PCURVE_S1.);
#5072 = LINE('',#5073,#5074);
#5073 = CARTESIAN_POINT('',(-22.4,-44.35,-1.E-01));
#5074 = VECTOR('',#5075,1.);
#5075 = DIRECTION('',(-0.,0.707106781187,-0.707106781187));
#5076 = PCURVE('',#3590,#5077);
#5077 = DEFINITIONAL_REPRESENTATION('',(#5078),#5081);
#5078 = B_SPLINE_CURVE_WITH_KNOTS('',1,(#5079,#5080),.UNSPECIFIED.,.F.,
  .F.,(2,2),(-7.071067811865E-02,7.071067811866E-02),
  .PIECEWISE_BEZIER_KNOTS.);
#5079 = CARTESIAN_POINT('',(44.8,-7.071067811865E-02));
#5080 = CARTESIAN_POINT('',(44.8,7.071067811866E-02));
#5081 = ( GEOMETRIC_REPRESENTATION_CONTEXT(2) 
PARAMETRIC_REPRESENTATION_CONTEXT() REPRESENTATION_CONTEXT('2D SPACE',''
  ) );
#5082 = PCURVE('',#4374,#5083);
#5083 = DEFINITIONAL_REPRESENTATION('',(#5084),#5087);
#5084 = B_SPLINE_CURVE_WITH_KNOTS('',1,(#5085,#5086),.UNSPECIFIED.,.F.,
  .F.,(2,2),(-7.071067811865E-02,7.071067811866E-02),
  .PIECEWISE_BEZIER_KNOTS.);
#5085 = CARTESIAN_POINT('',(0.,0.));
#5086 = CARTESIAN_POINT('',(0.,-0.1));
#5087 = ( GEOMETRIC_REPRESENTATION_CONTEXT(2) 
PARAMETRIC_REPRESENTATION_CONTEXT() REPRESENTATION_CONTEXT('2D SPACE',''
  ) );
#5088 = ORIENTED_EDGE('',*,*,#5089,.F.);
#5089 = EDGE_CURVE('',#5047,#5069,#5090,.T.);
#5090 = SURFACE_CURVE('',#5091,(#5095,#5102),.PCURVE_S1.);
#5091 = LINE('',#5092,#5093);
#5092 = CARTESIAN_POINT('',(22.4,-44.3,-0.15));
#5093 = VECTOR('',#5094,1.);
#5094 = DIRECTION('',(-1.,-0.,-0.));
#5095 = PCURVE('',#3590,#5096);
#5096 = DEFINITIONAL_REPRESENTATION('',(#5097),#5101);
#5097 = LINE('',#5098,#5099);
#5098 = CARTESIAN_POINT('',(0.,7.071067811866E-02));
#5099 = VECTOR('',#5100,1.);
#5100 = DIRECTION('',(1.,0.));
#5101 = ( GEOMETRIC_REPRESENTATION_CONTEXT(2) 
PARAMETRIC_REPRESENTATION_CONTEXT() REPRESENTATION_CONTEXT('2D SPACE',''
  ) );
#5102 = PCURVE('',#5103,#5108);
#5103 = PLANE('',#5104);
#5104 = AXIS2_PLACEMENT_3D('',#5105,#5106,#5107);
#5105 = CARTESIAN_POINT('',(0.,0.,-0.15));
#5106 = DIRECTION('',(0.,0.,1.));
#5107 = DIRECTION('',(1.,0.,-0.));
#5108 = DEFINITIONAL_REPRESENTATION('',(#5109),#5113);
#5109 = LINE('',#5110,#5111);
#5110 = CARTESIAN_POINT('',(22.4,-44.3));
#5111 = VECTOR('',#5112,1.);
#5112 = DIRECTION('',(-1.,0.));
#5113 = ( GEOMETRIC_REPRESENTATION_CONTEXT(2) 
PARAMETRIC_REPRESENTATION_CONTEXT() REPRESENTATION_CONTEXT('2D SPACE',''
  ) );
#5114 = ADVANCED_FACE('',(#5115),#3623,.T.);
#5115 = FACE_BOUND('',#5116,.T.);
#5116 = EDGE_LOOP('',(#5117,#5144,#5145,#5146));
#5117 = ORIENTED_EDGE('',*,*,#5118,.F.);
#5118 = EDGE_CURVE('',#3607,#5119,#5121,.T.);
#5119 = VERTEX_POINT('',#5120);
#5120 = CARTESIAN_POINT('',(23.,-44.23612634315,-0.15));
#5121 = SURFACE_CURVE('',#5122,(#5127,#5137),.PCURVE_S1.);
#5122 = PARABOLA('',#5123,1.219759197547);
#5123 = AXIS2_PLACEMENT_3D('',#5124,#5125,#5126);
#5124 = CARTESIAN_POINT('',(24.125,-41.45,-1.275));
#5125 = DIRECTION('',(-0.707106781187,0.,-0.707106781187));
#5126 = DIRECTION('',(-0.707106781187,0.,0.707106781187));
#5127 = PCURVE('',#3623,#5128);
#5128 = DEFINITIONAL_REPRESENTATION('',(#5129),#5136);
#5129 = B_SPLINE_CURVE_WITH_KNOTS('',5,(#5130,#5131,#5132,#5133,#5134,
    #5135),.UNSPECIFIED.,.F.,.F.,(6,6),(-2.907318352021,-2.786126343151)
  ,.PIECEWISE_BEZIER_KNOTS.);
#5130 = CARTESIAN_POINT('',(1.59872115546E-14,0.));
#5131 = CARTESIAN_POINT('',(8.216407381055E-03,-2.042572472504E-02));
#5132 = CARTESIAN_POINT('',(1.650392750833E-02,-4.063858708757E-02));
#5133 = CARTESIAN_POINT('',(2.486321352679E-02,-6.063858708756E-02));
#5134 = CARTESIAN_POINT('',(3.329490125852E-02,-8.042572472505E-02));
#5135 = CARTESIAN_POINT('',(4.179960363538E-02,-0.1));
#5136 = ( GEOMETRIC_REPRESENTATION_CONTEXT(2) 
PARAMETRIC_REPRESENTATION_CONTEXT() REPRESENTATION_CONTEXT('2D SPACE',''
  ) );
#5137 = PCURVE('',#3695,#5138);
#5138 = DEFINITIONAL_REPRESENTATION('',(#5139),#5143);
#5139 = B_SPLINE_CURVE_WITH_KNOTS('',2,(#5140,#5141,#5142),
  .UNSPECIFIED.,.F.,.F.,(3,3),(-2.907318352021,-2.786126343151),
  .PIECEWISE_BEZIER_KNOTS.);
#5140 = CARTESIAN_POINT('',(1.42108547152E-14,-7.071067811866E-02));
#5141 = CARTESIAN_POINT('',(6.059600443518E-02,1.505164199985E-03));
#5142 = CARTESIAN_POINT('',(0.12119200887,7.071067811865E-02));
#5143 = ( GEOMETRIC_REPRESENTATION_CONTEXT(2) 
PARAMETRIC_REPRESENTATION_CONTEXT() REPRESENTATION_CONTEXT('2D SPACE',''
  ) );
#5144 = ORIENTED_EDGE('',*,*,#3606,.T.);
#5145 = ORIENTED_EDGE('',*,*,#5046,.T.);
#5146 = ORIENTED_EDGE('',*,*,#5147,.F.);
#5147 = EDGE_CURVE('',#5119,#5047,#5148,.T.);
#5148 = SURFACE_CURVE('',#5149,(#5154,#5161),.PCURVE_S1.);
#5149 = CIRCLE('',#5150,2.85);
#5150 = AXIS2_PLACEMENT_3D('',#5151,#5152,#5153);
#5151 = CARTESIAN_POINT('',(22.4,-41.45,-0.15));
#5152 = DIRECTION('',(0.,-0.,-1.));
#5153 = DIRECTION('',(0.169491525424,-0.985531644753,0.));
#5154 = PCURVE('',#3623,#5155);
#5155 = DEFINITIONAL_REPRESENTATION('',(#5156),#5160);
#5156 = LINE('',#5157,#5158);
#5157 = CARTESIAN_POINT('',(-0.,-1.E-01));
#5158 = VECTOR('',#5159,1.);
#5159 = DIRECTION('',(-1.,-0.));
#5160 = ( GEOMETRIC_REPRESENTATION_CONTEXT(2) 
PARAMETRIC_REPRESENTATION_CONTEXT() REPRESENTATION_CONTEXT('2D SPACE',''
  ) );
#5161 = PCURVE('',#5103,#5162);
#5162 = DEFINITIONAL_REPRESENTATION('',(#5163),#5171);
#5163 = ( BOUNDED_CURVE() B_SPLINE_CURVE(2,(#5164,#5165,#5166,#5167,
#5168,#5169,#5170),.UNSPECIFIED.,.T.,.F.) B_SPLINE_CURVE_WITH_KNOTS((1,2
    ,2,2,2,1),(-2.094395102393,0.,2.094395102393,4.188790204786,
6.28318530718,8.377580409573),.UNSPECIFIED.) CURVE() 
GEOMETRIC_REPRESENTATION_ITEM() RATIONAL_B_SPLINE_CURVE((1.,0.5,1.,0.5,
1.,0.5,1.)) REPRESENTATION_ITEM('') );
#5164 = CARTESIAN_POINT('',(22.883050847458,-44.25876518754));
#5165 = CARTESIAN_POINT('',(18.018126836097,-45.09543379798));
#5166 = CARTESIAN_POINT('',(19.726012570591,-40.46395171144));
#5167 = CARTESIAN_POINT('',(21.433898305085,-35.8324696249));
#5168 = CARTESIAN_POINT('',(24.590936581951,-39.627283101));
#5169 = CARTESIAN_POINT('',(27.747974858818,-43.42209657711));
#5170 = CARTESIAN_POINT('',(22.883050847458,-44.25876518754));
#5171 = ( GEOMETRIC_REPRESENTATION_CONTEXT(2) 
PARAMETRIC_REPRESENTATION_CONTEXT() REPRESENTATION_CONTEXT('2D SPACE',''
  ) );
#5172 = ADVANCED_FACE('',(#5173),#3695,.T.);
#5173 = FACE_BOUND('',#5174,.F.);
#5174 = EDGE_LOOP('',(#5175,#5176,#5177,#5200));
#5175 = ORIENTED_EDGE('',*,*,#5118,.F.);
#5176 = ORIENTED_EDGE('',*,*,#3681,.T.);
#5177 = ORIENTED_EDGE('',*,*,#5178,.T.);
#5178 = EDGE_CURVE('',#3659,#5179,#5181,.T.);
#5179 = VERTEX_POINT('',#5180);
#5180 = CARTESIAN_POINT('',(23.,-44.35,-0.15));
#5181 = SURFACE_CURVE('',#5182,(#5186,#5193),.PCURVE_S1.);
#5182 = LINE('',#5183,#5184);
#5183 = CARTESIAN_POINT('',(22.948780274663,-44.40121972533,
    -9.878027466311E-02));
#5184 = VECTOR('',#5185,1.);
#5185 = DIRECTION('',(0.57735026919,0.57735026919,-0.57735026919));
#5186 = PCURVE('',#3695,#5187);
#5187 = DEFINITIONAL_REPRESENTATION('',(#5188),#5192);
#5188 = LINE('',#5189,#5190);
#5189 = CARTESIAN_POINT('',(-4.390137331555E-02,-1.724952113801E-03));
#5190 = VECTOR('',#5191,1.);
#5191 = DIRECTION('',(0.57735026919,0.816496580928));
#5192 = ( GEOMETRIC_REPRESENTATION_CONTEXT(2) 
PARAMETRIC_REPRESENTATION_CONTEXT() REPRESENTATION_CONTEXT('2D SPACE',''
  ) );
#5193 = PCURVE('',#3751,#5194);
#5194 = DEFINITIONAL_REPRESENTATION('',(#5195),#5199);
#5195 = LINE('',#5196,#5197);
#5196 = CARTESIAN_POINT('',(-4.878027466311E-02,-1.724952113798E-03));
#5197 = VECTOR('',#5198,1.);
#5198 = DIRECTION('',(-0.57735026919,0.816496580928));
#5199 = ( GEOMETRIC_REPRESENTATION_CONTEXT(2) 
PARAMETRIC_REPRESENTATION_CONTEXT() REPRESENTATION_CONTEXT('2D SPACE',''
  ) );
#5200 = ORIENTED_EDGE('',*,*,#5201,.F.);
#5201 = EDGE_CURVE('',#5119,#5179,#5202,.T.);
#5202 = SURFACE_CURVE('',#5203,(#5207,#5214),.PCURVE_S1.);
#5203 = LINE('',#5204,#5205);
#5204 = CARTESIAN_POINT('',(23.,-44.35731835202,-0.15));
#5205 = VECTOR('',#5206,1.);
#5206 = DIRECTION('',(0.,-1.,0.));
#5207 = PCURVE('',#3695,#5208);
#5208 = DEFINITIONAL_REPRESENTATION('',(#5209),#5213);
#5209 = LINE('',#5210,#5211);
#5210 = CARTESIAN_POINT('',(-0.,7.071067811865E-02));
#5211 = VECTOR('',#5212,1.);
#5212 = DIRECTION('',(-1.,0.));
#5213 = ( GEOMETRIC_REPRESENTATION_CONTEXT(2) 
PARAMETRIC_REPRESENTATION_CONTEXT() REPRESENTATION_CONTEXT('2D SPACE',''
  ) );
#5214 = PCURVE('',#5103,#5215);
#5215 = DEFINITIONAL_REPRESENTATION('',(#5216),#5220);
#5216 = LINE('',#5217,#5218);
#5217 = CARTESIAN_POINT('',(23.,-44.35731835202));
#5218 = VECTOR('',#5219,1.);
#5219 = DIRECTION('',(0.,-1.));
#5220 = ( GEOMETRIC_REPRESENTATION_CONTEXT(2) 
PARAMETRIC_REPRESENTATION_CONTEXT() REPRESENTATION_CONTEXT('2D SPACE',''
  ) );
#5221 = ADVANCED_FACE('',(#5222),#3751,.T.);
#5222 = FACE_BOUND('',#5223,.F.);
#5223 = EDGE_LOOP('',(#5224,#5225,#5226,#5249));
#5224 = ORIENTED_EDGE('',*,*,#5178,.F.);
#5225 = ORIENTED_EDGE('',*,*,#3737,.T.);
#5226 = ORIENTED_EDGE('',*,*,#5227,.T.);
#5227 = EDGE_CURVE('',#3715,#5228,#5230,.T.);
#5228 = VERTEX_POINT('',#5229);
#5229 = CARTESIAN_POINT('',(24.3,-44.35,-0.15));
#5230 = SURFACE_CURVE('',#5231,(#5235,#5242),.PCURVE_S1.);
#5231 = LINE('',#5232,#5233);
#5232 = CARTESIAN_POINT('',(24.116666666667,-44.16666666666,
    -0.333333333333));
#5233 = VECTOR('',#5234,1.);
#5234 = DIRECTION('',(-0.57735026919,0.57735026919,-0.57735026919));
#5235 = PCURVE('',#3751,#5236);
#5236 = DEFINITIONAL_REPRESENTATION('',(#5237),#5241);
#5237 = LINE('',#5238,#5239);
#5238 = CARTESIAN_POINT('',(-1.216666666667,0.329983164554));
#5239 = VECTOR('',#5240,1.);
#5240 = DIRECTION('',(0.57735026919,0.816496580928));
#5241 = ( GEOMETRIC_REPRESENTATION_CONTEXT(2) 
PARAMETRIC_REPRESENTATION_CONTEXT() REPRESENTATION_CONTEXT('2D SPACE',''
  ) );
#5242 = PCURVE('',#3801,#5243);
#5243 = DEFINITIONAL_REPRESENTATION('',(#5244),#5248);
#5244 = LINE('',#5245,#5246);
#5245 = CARTESIAN_POINT('',(-0.283333333333,0.329983164554));
#5246 = VECTOR('',#5247,1.);
#5247 = DIRECTION('',(-0.57735026919,0.816496580928));
#5248 = ( GEOMETRIC_REPRESENTATION_CONTEXT(2) 
PARAMETRIC_REPRESENTATION_CONTEXT() REPRESENTATION_CONTEXT('2D SPACE',''
  ) );
#5249 = ORIENTED_EDGE('',*,*,#5250,.F.);
#5250 = EDGE_CURVE('',#5179,#5228,#5251,.T.);
#5251 = SURFACE_CURVE('',#5252,(#5256,#5263),.PCURVE_S1.);
#5252 = LINE('',#5253,#5254);
#5253 = CARTESIAN_POINT('',(22.9,-44.35,-0.15));
#5254 = VECTOR('',#5255,1.);
#5255 = DIRECTION('',(1.,0.,0.));
#5256 = PCURVE('',#3751,#5257);
#5257 = DEFINITIONAL_REPRESENTATION('',(#5258),#5262);
#5258 = LINE('',#5259,#5260);
#5259 = CARTESIAN_POINT('',(-0.,7.071067811866E-02));
#5260 = VECTOR('',#5261,1.);
#5261 = DIRECTION('',(-1.,0.));
#5262 = ( GEOMETRIC_REPRESENTATION_CONTEXT(2) 
PARAMETRIC_REPRESENTATION_CONTEXT() REPRESENTATION_CONTEXT('2D SPACE',''
  ) );
#5263 = PCURVE('',#5103,#5264);
#5264 = DEFINITIONAL_REPRESENTATION('',(#5265),#5269);
#5265 = LINE('',#5266,#5267);
#5266 = CARTESIAN_POINT('',(22.9,-44.35));
#5267 = VECTOR('',#5268,1.);
#5268 = DIRECTION('',(1.,0.));
#5269 = ( GEOMETRIC_REPRESENTATION_CONTEXT(2) 
PARAMETRIC_REPRESENTATION_CONTEXT() REPRESENTATION_CONTEXT('2D SPACE',''
  ) );
#5270 = ADVANCED_FACE('',(#5271),#3801,.T.);
#5271 = FACE_BOUND('',#5272,.F.);
#5272 = EDGE_LOOP('',(#5273,#5274,#5275,#5302));
#5273 = ORIENTED_EDGE('',*,*,#5227,.F.);
#5274 = ORIENTED_EDGE('',*,*,#3787,.T.);
#5275 = ORIENTED_EDGE('',*,*,#5276,.T.);
#5276 = EDGE_CURVE('',#3767,#5277,#5279,.T.);
#5277 = VERTEX_POINT('',#5278);
#5278 = CARTESIAN_POINT('',(24.3,-43.57426457862,-0.15));
#5279 = SURFACE_CURVE('',#5280,(#5285,#5292),.PCURVE_S1.);
#5280 = PARABOLA('',#5281,0.335875721064);
#5281 = AXIS2_PLACEMENT_3D('',#5282,#5283,#5284);
#5282 = CARTESIAN_POINT('',(21.925,-41.45,-2.525));
#5283 = DIRECTION('',(-0.707106781187,-0.,0.707106781187));
#5284 = DIRECTION('',(0.707106781187,0.,0.707106781187));
#5285 = PCURVE('',#3801,#5286);
#5286 = DEFINITIONAL_REPRESENTATION('',(#5287),#5291);
#5287 = B_SPLINE_CURVE_WITH_KNOTS('',2,(#5288,#5289,#5290),
  .UNSPECIFIED.,.F.,.F.,(3,3),(-2.16852484422,-2.124264578625),
  .PIECEWISE_BEZIER_KNOTS.);
#5288 = CARTESIAN_POINT('',(-0.83147515578,-7.071067811756E-02));
#5289 = CARTESIAN_POINT('',(-0.853605288578,7.290535566145E-04));
#5290 = CARTESIAN_POINT('',(-0.875735421375,7.071067811877E-02));
#5291 = ( GEOMETRIC_REPRESENTATION_CONTEXT(2) 
PARAMETRIC_REPRESENTATION_CONTEXT() REPRESENTATION_CONTEXT('2D SPACE',''
  ) );
#5292 = PCURVE('',#3836,#5293);
#5293 = DEFINITIONAL_REPRESENTATION('',(#5294),#5301);
#5294 = B_SPLINE_CURVE_WITH_KNOTS('',5,(#5295,#5296,#5297,#5298,#5299,
    #5300),.UNSPECIFIED.,.F.,.F.,(6,6),(-2.16852484422,-2.124264578625),
  .PIECEWISE_BEZIER_KNOTS.);
#5295 = CARTESIAN_POINT('',(5.417888360171E-14,0.));
#5296 = CARTESIAN_POINT('',(-3.000695972492E-03,-2.020620748518E-02));
#5297 = CARTESIAN_POINT('',(-6.027083760703E-03,-4.03093112277E-02));
#5298 = CARTESIAN_POINT('',(-9.079575165462E-03,-6.030931122757E-02));
#5299 = CARTESIAN_POINT('',(-1.215859415745E-02,-8.020620748476E-02));
#5300 = CARTESIAN_POINT('',(-1.526457770798E-02,-9.999999999931E-02));
#5301 = ( GEOMETRIC_REPRESENTATION_CONTEXT(2) 
PARAMETRIC_REPRESENTATION_CONTEXT() REPRESENTATION_CONTEXT('2D SPACE',''
  ) );
#5302 = ORIENTED_EDGE('',*,*,#5303,.F.);
#5303 = EDGE_CURVE('',#5228,#5277,#5304,.T.);
#5304 = SURFACE_CURVE('',#5305,(#5309,#5316),.PCURVE_S1.);
#5305 = LINE('',#5306,#5307);
#5306 = CARTESIAN_POINT('',(24.3,-44.45,-0.15));
#5307 = VECTOR('',#5308,1.);
#5308 = DIRECTION('',(0.,1.,0.));
#5309 = PCURVE('',#3801,#5310);
#5310 = DEFINITIONAL_REPRESENTATION('',(#5311),#5315);
#5311 = LINE('',#5312,#5313);
#5312 = CARTESIAN_POINT('',(-0.,7.071067811865E-02));
#5313 = VECTOR('',#5314,1.);
#5314 = DIRECTION('',(-1.,0.));
#5315 = ( GEOMETRIC_REPRESENTATION_CONTEXT(2) 
PARAMETRIC_REPRESENTATION_CONTEXT() REPRESENTATION_CONTEXT('2D SPACE',''
  ) );
#5316 = PCURVE('',#5103,#5317);
#5317 = DEFINITIONAL_REPRESENTATION('',(#5318),#5322);
#5318 = LINE('',#5319,#5320);
#5319 = CARTESIAN_POINT('',(24.3,-44.45));
#5320 = VECTOR('',#5321,1.);
#5321 = DIRECTION('',(0.,1.));
#5322 = ( GEOMETRIC_REPRESENTATION_CONTEXT(2) 
PARAMETRIC_REPRESENTATION_CONTEXT() REPRESENTATION_CONTEXT('2D SPACE',''
  ) );
#5323 = ADVANCED_FACE('',(#5324),#3836,.T.);
#5324 = FACE_BOUND('',#5325,.F.);
#5325 = EDGE_LOOP('',(#5326,#5327,#5328,#5349));
#5326 = ORIENTED_EDGE('',*,*,#5276,.F.);
#5327 = ORIENTED_EDGE('',*,*,#3819,.T.);
#5328 = ORIENTED_EDGE('',*,*,#5329,.T.);
#5329 = EDGE_CURVE('',#3820,#5330,#5332,.T.);
#5330 = VERTEX_POINT('',#5331);
#5331 = CARTESIAN_POINT('',(25.25,-41.45,-0.15));
#5332 = SURFACE_CURVE('',#5333,(#5337,#5343),.PCURVE_S1.);
#5333 = LINE('',#5334,#5335);
#5334 = CARTESIAN_POINT('',(25.35,-41.45,-5.E-02));
#5335 = VECTOR('',#5336,1.);
#5336 = DIRECTION('',(-0.707106781187,4.996003610813E-16,-0.707106781187
    ));
#5337 = PCURVE('',#3836,#5338);
#5338 = DEFINITIONAL_REPRESENTATION('',(#5339),#5342);
#5339 = B_SPLINE_CURVE_WITH_KNOTS('',1,(#5340,#5341),.UNSPECIFIED.,.F.,
  .F.,(2,2),(0.,0.141421356237),.PIECEWISE_BEZIER_KNOTS.);
#5340 = CARTESIAN_POINT('',(0.82580409286,0.));
#5341 = CARTESIAN_POINT('',(0.82580409286,-1.E-01));
#5342 = ( GEOMETRIC_REPRESENTATION_CONTEXT(2) 
PARAMETRIC_REPRESENTATION_CONTEXT() REPRESENTATION_CONTEXT('2D SPACE',''
  ) );
#5343 = PCURVE('',#3912,#5344);
#5344 = DEFINITIONAL_REPRESENTATION('',(#5345),#5348);
#5345 = B_SPLINE_CURVE_WITH_KNOTS('',1,(#5346,#5347),.UNSPECIFIED.,.F.,
  .F.,(2,2),(0.,0.141421356237),.PIECEWISE_BEZIER_KNOTS.);
#5346 = CARTESIAN_POINT('',(0.,-7.071067811866E-02));
#5347 = CARTESIAN_POINT('',(0.,7.071067811865E-02));
#5348 = ( GEOMETRIC_REPRESENTATION_CONTEXT(2) 
PARAMETRIC_REPRESENTATION_CONTEXT() REPRESENTATION_CONTEXT('2D SPACE',''
  ) );
#5349 = ORIENTED_EDGE('',*,*,#5350,.F.);
#5350 = EDGE_CURVE('',#5277,#5330,#5351,.T.);
#5351 = SURFACE_CURVE('',#5352,(#5357,#5364),.PCURVE_S1.);
#5352 = CIRCLE('',#5353,2.85);
#5353 = AXIS2_PLACEMENT_3D('',#5354,#5355,#5356);
#5354 = CARTESIAN_POINT('',(22.4,-41.45,-0.15));
#5355 = DIRECTION('',(0.,0.,1.));
#5356 = DIRECTION('',(0.677966101695,-0.735093167532,0.));
#5357 = PCURVE('',#3836,#5358);
#5358 = DEFINITIONAL_REPRESENTATION('',(#5359),#5363);
#5359 = LINE('',#5360,#5361);
#5360 = CARTESIAN_POINT('',(0.,-1.E-01));
#5361 = VECTOR('',#5362,1.);
#5362 = DIRECTION('',(1.,-0.));
#5363 = ( GEOMETRIC_REPRESENTATION_CONTEXT(2) 
PARAMETRIC_REPRESENTATION_CONTEXT() REPRESENTATION_CONTEXT('2D SPACE',''
  ) );
#5364 = PCURVE('',#5103,#5365);
#5365 = DEFINITIONAL_REPRESENTATION('',(#5366),#5370);
#5366 = CIRCLE('',#5367,2.85);
#5367 = AXIS2_PLACEMENT_2D('',#5368,#5369);
#5368 = CARTESIAN_POINT('',(22.4,-41.45));
#5369 = DIRECTION('',(0.677966101695,-0.735093167532));
#5370 = ( GEOMETRIC_REPRESENTATION_CONTEXT(2) 
PARAMETRIC_REPRESENTATION_CONTEXT() REPRESENTATION_CONTEXT('2D SPACE',''
  ) );
#5371 = ADVANCED_FACE('',(#5372),#3912,.T.);
#5372 = FACE_BOUND('',#5373,.F.);
#5373 = EDGE_LOOP('',(#5374,#5375,#5376,#5397));
#5374 = ORIENTED_EDGE('',*,*,#5329,.F.);
#5375 = ORIENTED_EDGE('',*,*,#3898,.T.);
#5376 = ORIENTED_EDGE('',*,*,#5377,.T.);
#5377 = EDGE_CURVE('',#3876,#5378,#5380,.T.);
#5378 = VERTEX_POINT('',#5379);
#5379 = CARTESIAN_POINT('',(25.25,41.45,-0.15));
#5380 = SURFACE_CURVE('',#5381,(#5385,#5391),.PCURVE_S1.);
#5381 = LINE('',#5382,#5383);
#5382 = CARTESIAN_POINT('',(25.3,41.45,-1.E-01));
#5383 = VECTOR('',#5384,1.);
#5384 = DIRECTION('',(-0.707106781187,0.,-0.707106781187));
#5385 = PCURVE('',#3912,#5386);
#5386 = DEFINITIONAL_REPRESENTATION('',(#5387),#5390);
#5387 = B_SPLINE_CURVE_WITH_KNOTS('',1,(#5388,#5389),.UNSPECIFIED.,.F.,
  .F.,(2,2),(-7.071067811866E-02,7.071067811865E-02),
  .PIECEWISE_BEZIER_KNOTS.);
#5388 = CARTESIAN_POINT('',(-82.9,-7.071067811866E-02));
#5389 = CARTESIAN_POINT('',(-82.9,7.071067811865E-02));
#5390 = ( GEOMETRIC_REPRESENTATION_CONTEXT(2) 
PARAMETRIC_REPRESENTATION_CONTEXT() REPRESENTATION_CONTEXT('2D SPACE',''
  ) );
#5391 = PCURVE('',#3945,#5392);
#5392 = DEFINITIONAL_REPRESENTATION('',(#5393),#5396);
#5393 = B_SPLINE_CURVE_WITH_KNOTS('',1,(#5394,#5395),.UNSPECIFIED.,.F.,
  .F.,(2,2),(-7.071067811866E-02,7.071067811865E-02),
  .PIECEWISE_BEZIER_KNOTS.);
#5394 = CARTESIAN_POINT('',(0.,0.));
#5395 = CARTESIAN_POINT('',(0.,-1.E-01));
#5396 = ( GEOMETRIC_REPRESENTATION_CONTEXT(2) 
PARAMETRIC_REPRESENTATION_CONTEXT() REPRESENTATION_CONTEXT('2D SPACE',''
  ) );
#5397 = ORIENTED_EDGE('',*,*,#5398,.F.);
#5398 = EDGE_CURVE('',#5330,#5378,#5399,.T.);
#5399 = SURFACE_CURVE('',#5400,(#5404,#5411),.PCURVE_S1.);
#5400 = LINE('',#5401,#5402);
#5401 = CARTESIAN_POINT('',(25.25,-41.45,-0.15));
#5402 = VECTOR('',#5403,1.);
#5403 = DIRECTION('',(0.,1.,0.));
#5404 = PCURVE('',#3912,#5405);
#5405 = DEFINITIONAL_REPRESENTATION('',(#5406),#5410);
#5406 = LINE('',#5407,#5408);
#5407 = CARTESIAN_POINT('',(-0.,7.071067811865E-02));
#5408 = VECTOR('',#5409,1.);
#5409 = DIRECTION('',(-1.,0.));
#5410 = ( GEOMETRIC_REPRESENTATION_CONTEXT(2) 
PARAMETRIC_REPRESENTATION_CONTEXT() REPRESENTATION_CONTEXT('2D SPACE',''
  ) );
#5411 = PCURVE('',#5103,#5412);
#5412 = DEFINITIONAL_REPRESENTATION('',(#5413),#5417);
#5413 = LINE('',#5414,#5415);
#5414 = CARTESIAN_POINT('',(25.25,-41.45));
#5415 = VECTOR('',#5416,1.);
#5416 = DIRECTION('',(0.,1.));
#5417 = ( GEOMETRIC_REPRESENTATION_CONTEXT(2) 
PARAMETRIC_REPRESENTATION_CONTEXT() REPRESENTATION_CONTEXT('2D SPACE',''
  ) );
#5418 = ADVANCED_FACE('',(#5419),#3945,.T.);
#5419 = FACE_BOUND('',#5420,.F.);
#5420 = EDGE_LOOP('',(#5421,#5422,#5423,#5450));
#5421 = ORIENTED_EDGE('',*,*,#5377,.F.);
#5422 = ORIENTED_EDGE('',*,*,#3928,.T.);
#5423 = ORIENTED_EDGE('',*,*,#5424,.T.);
#5424 = EDGE_CURVE('',#3929,#5425,#5427,.T.);
#5425 = VERTEX_POINT('',#5426);
#5426 = CARTESIAN_POINT('',(24.3,43.574264578625,-0.15));
#5427 = SURFACE_CURVE('',#5428,(#5433,#5443),.PCURVE_S1.);
#5428 = PARABOLA('',#5429,0.335875721064);
#5429 = AXIS2_PLACEMENT_3D('',#5430,#5431,#5432);
#5430 = CARTESIAN_POINT('',(21.925,41.45,-2.525));
#5431 = DIRECTION('',(0.707106781187,0.,-0.707106781187));
#5432 = DIRECTION('',(0.707106781187,0.,0.707106781187));
#5433 = PCURVE('',#3945,#5434);
#5434 = DEFINITIONAL_REPRESENTATION('',(#5435),#5442);
#5435 = B_SPLINE_CURVE_WITH_KNOTS('',5,(#5436,#5437,#5438,#5439,#5440,
    #5441),.UNSPECIFIED.,.F.,.F.,(6,6),(-2.16852484422,-2.124264578625),
  .PIECEWISE_BEZIER_KNOTS.);
#5436 = CARTESIAN_POINT('',(0.82580409286,2.525757381022E-15));
#5437 = CARTESIAN_POINT('',(0.828804788832,-2.020620748532E-02));
#5438 = CARTESIAN_POINT('',(0.831831176621,-4.030931122798E-02));
#5439 = CARTESIAN_POINT('',(0.834883668025,-6.030931122798E-02));
#5440 = CARTESIAN_POINT('',(0.837962687017,-8.020620748531E-02));
#5441 = CARTESIAN_POINT('',(0.841068670568,-9.999999999999E-02));
#5442 = ( GEOMETRIC_REPRESENTATION_CONTEXT(2) 
PARAMETRIC_REPRESENTATION_CONTEXT() REPRESENTATION_CONTEXT('2D SPACE',''
  ) );
#5443 = PCURVE('',#4017,#5444);
#5444 = DEFINITIONAL_REPRESENTATION('',(#5445),#5449);
#5445 = B_SPLINE_CURVE_WITH_KNOTS('',2,(#5446,#5447,#5448),
  .UNSPECIFIED.,.F.,.F.,(3,3),(-2.16852484422,-2.124264578625),
  .PIECEWISE_BEZIER_KNOTS.);
#5446 = CARTESIAN_POINT('',(1.42108547152E-13,-7.071067811866E-02));
#5447 = CARTESIAN_POINT('',(2.213013279781E-02,7.290535560061E-04));
#5448 = CARTESIAN_POINT('',(4.426026559548E-02,7.071067811864E-02));
#5449 = ( GEOMETRIC_REPRESENTATION_CONTEXT(2) 
PARAMETRIC_REPRESENTATION_CONTEXT() REPRESENTATION_CONTEXT('2D SPACE',''
  ) );
#5450 = ORIENTED_EDGE('',*,*,#5451,.F.);
#5451 = EDGE_CURVE('',#5378,#5425,#5452,.T.);
#5452 = SURFACE_CURVE('',#5453,(#5458,#5465),.PCURVE_S1.);
#5453 = CIRCLE('',#5454,2.85);
#5454 = AXIS2_PLACEMENT_3D('',#5455,#5456,#5457);
#5455 = CARTESIAN_POINT('',(22.4,41.45,-0.15));
#5456 = DIRECTION('',(0.,0.,1.));
#5457 = DIRECTION('',(1.,0.,-0.));
#5458 = PCURVE('',#3945,#5459);
#5459 = DEFINITIONAL_REPRESENTATION('',(#5460),#5464);
#5460 = LINE('',#5461,#5462);
#5461 = CARTESIAN_POINT('',(0.,-1.E-01));
#5462 = VECTOR('',#5463,1.);
#5463 = DIRECTION('',(1.,-0.));
#5464 = ( GEOMETRIC_REPRESENTATION_CONTEXT(2) 
PARAMETRIC_REPRESENTATION_CONTEXT() REPRESENTATION_CONTEXT('2D SPACE',''
  ) );
#5465 = PCURVE('',#5103,#5466);
#5466 = DEFINITIONAL_REPRESENTATION('',(#5467),#5471);
#5467 = CIRCLE('',#5468,2.85);
#5468 = AXIS2_PLACEMENT_2D('',#5469,#5470);
#5469 = CARTESIAN_POINT('',(22.4,41.45));
#5470 = DIRECTION('',(1.,0.));
#5471 = ( GEOMETRIC_REPRESENTATION_CONTEXT(2) 
PARAMETRIC_REPRESENTATION_CONTEXT() REPRESENTATION_CONTEXT('2D SPACE',''
  ) );
#5472 = ADVANCED_FACE('',(#5473),#4017,.T.);
#5473 = FACE_BOUND('',#5474,.F.);
#5474 = EDGE_LOOP('',(#5475,#5476,#5477,#5500));
#5475 = ORIENTED_EDGE('',*,*,#5424,.F.);
#5476 = ORIENTED_EDGE('',*,*,#4003,.T.);
#5477 = ORIENTED_EDGE('',*,*,#5478,.T.);
#5478 = EDGE_CURVE('',#3981,#5479,#5481,.T.);
#5479 = VERTEX_POINT('',#5480);
#5480 = CARTESIAN_POINT('',(24.3,44.35,-0.15));
#5481 = SURFACE_CURVE('',#5482,(#5486,#5493),.PCURVE_S1.);
#5482 = LINE('',#5483,#5484);
#5483 = CARTESIAN_POINT('',(24.228087474037,44.278087474037,
    -0.221912525963));
#5484 = VECTOR('',#5485,1.);
#5485 = DIRECTION('',(-0.57735026919,-0.57735026919,-0.57735026919));
#5486 = PCURVE('',#4017,#5487);
#5487 = DEFINITIONAL_REPRESENTATION('',(#5488),#5492);
#5488 = LINE('',#5489,#5490);
#5489 = CARTESIAN_POINT('',(-0.659562629816,0.17241034764));
#5490 = VECTOR('',#5491,1.);
#5491 = DIRECTION('',(0.57735026919,0.816496580928));
#5492 = ( GEOMETRIC_REPRESENTATION_CONTEXT(2) 
PARAMETRIC_REPRESENTATION_CONTEXT() REPRESENTATION_CONTEXT('2D SPACE',''
  ) );
#5493 = PCURVE('',#4073,#5494);
#5494 = DEFINITIONAL_REPRESENTATION('',(#5495),#5499);
#5495 = LINE('',#5496,#5497);
#5496 = CARTESIAN_POINT('',(-0.171912525963,0.17241034764));
#5497 = VECTOR('',#5498,1.);
#5498 = DIRECTION('',(-0.57735026919,0.816496580928));
#5499 = ( GEOMETRIC_REPRESENTATION_CONTEXT(2) 
PARAMETRIC_REPRESENTATION_CONTEXT() REPRESENTATION_CONTEXT('2D SPACE',''
  ) );
#5500 = ORIENTED_EDGE('',*,*,#5501,.F.);
#5501 = EDGE_CURVE('',#5425,#5479,#5502,.T.);
#5502 = SURFACE_CURVE('',#5503,(#5507,#5514),.PCURVE_S1.);
#5503 = LINE('',#5504,#5505);
#5504 = CARTESIAN_POINT('',(24.3,43.61852484422,-0.15));
#5505 = VECTOR('',#5506,1.);
#5506 = DIRECTION('',(0.,1.,0.));
#5507 = PCURVE('',#4017,#5508);
#5508 = DEFINITIONAL_REPRESENTATION('',(#5509),#5513);
#5509 = LINE('',#5510,#5511);
#5510 = CARTESIAN_POINT('',(-0.,7.071067811865E-02));
#5511 = VECTOR('',#5512,1.);
#5512 = DIRECTION('',(-1.,0.));
#5513 = ( GEOMETRIC_REPRESENTATION_CONTEXT(2) 
PARAMETRIC_REPRESENTATION_CONTEXT() REPRESENTATION_CONTEXT('2D SPACE',''
  ) );
#5514 = PCURVE('',#5103,#5515);
#5515 = DEFINITIONAL_REPRESENTATION('',(#5516),#5520);
#5516 = LINE('',#5517,#5518);
#5517 = CARTESIAN_POINT('',(24.3,43.61852484422));
#5518 = VECTOR('',#5519,1.);
#5519 = DIRECTION('',(0.,1.));
#5520 = ( GEOMETRIC_REPRESENTATION_CONTEXT(2) 
PARAMETRIC_REPRESENTATION_CONTEXT() REPRESENTATION_CONTEXT('2D SPACE',''
  ) );
#5521 = ADVANCED_FACE('',(#5522),#4073,.T.);
#5522 = FACE_BOUND('',#5523,.F.);
#5523 = EDGE_LOOP('',(#5524,#5525,#5526,#5549));
#5524 = ORIENTED_EDGE('',*,*,#5478,.F.);
#5525 = ORIENTED_EDGE('',*,*,#4059,.T.);
#5526 = ORIENTED_EDGE('',*,*,#5527,.T.);
#5527 = EDGE_CURVE('',#4037,#5528,#5530,.T.);
#5528 = VERTEX_POINT('',#5529);
#5529 = CARTESIAN_POINT('',(23.,44.35,-0.15));
#5530 = SURFACE_CURVE('',#5531,(#5535,#5542),.PCURVE_S1.);
#5531 = LINE('',#5532,#5533);
#5532 = CARTESIAN_POINT('',(23.183333333333,44.166666666667,
    -0.333333333333));
#5533 = VECTOR('',#5534,1.);
#5534 = DIRECTION('',(0.57735026919,-0.57735026919,-0.57735026919));
#5535 = PCURVE('',#4073,#5536);
#5536 = DEFINITIONAL_REPRESENTATION('',(#5537),#5541);
#5537 = LINE('',#5538,#5539);
#5538 = CARTESIAN_POINT('',(-1.216666666667,0.329983164554));
#5539 = VECTOR('',#5540,1.);
#5540 = DIRECTION('',(0.57735026919,0.816496580928));
#5541 = ( GEOMETRIC_REPRESENTATION_CONTEXT(2) 
PARAMETRIC_REPRESENTATION_CONTEXT() REPRESENTATION_CONTEXT('2D SPACE',''
  ) );
#5542 = PCURVE('',#4123,#5543);
#5543 = DEFINITIONAL_REPRESENTATION('',(#5544),#5548);
#5544 = LINE('',#5545,#5546);
#5545 = CARTESIAN_POINT('',(-0.283333333333,0.329983164554));
#5546 = VECTOR('',#5547,1.);
#5547 = DIRECTION('',(-0.57735026919,0.816496580928));
#5548 = ( GEOMETRIC_REPRESENTATION_CONTEXT(2) 
PARAMETRIC_REPRESENTATION_CONTEXT() REPRESENTATION_CONTEXT('2D SPACE',''
  ) );
#5549 = ORIENTED_EDGE('',*,*,#5550,.F.);
#5550 = EDGE_CURVE('',#5479,#5528,#5551,.T.);
#5551 = SURFACE_CURVE('',#5552,(#5556,#5563),.PCURVE_S1.);
#5552 = LINE('',#5553,#5554);
#5553 = CARTESIAN_POINT('',(24.4,44.35,-0.15));
#5554 = VECTOR('',#5555,1.);
#5555 = DIRECTION('',(-1.,0.,0.));
#5556 = PCURVE('',#4073,#5557);
#5557 = DEFINITIONAL_REPRESENTATION('',(#5558),#5562);
#5558 = LINE('',#5559,#5560);
#5559 = CARTESIAN_POINT('',(-0.,7.071067811866E-02));
#5560 = VECTOR('',#5561,1.);
#5561 = DIRECTION('',(-1.,0.));
#5562 = ( GEOMETRIC_REPRESENTATION_CONTEXT(2) 
PARAMETRIC_REPRESENTATION_CONTEXT() REPRESENTATION_CONTEXT('2D SPACE',''
  ) );
#5563 = PCURVE('',#5103,#5564);
#5564 = DEFINITIONAL_REPRESENTATION('',(#5565),#5569);
#5565 = LINE('',#5566,#5567);
#5566 = CARTESIAN_POINT('',(24.4,44.35));
#5567 = VECTOR('',#5568,1.);
#5568 = DIRECTION('',(-1.,0.));
#5569 = ( GEOMETRIC_REPRESENTATION_CONTEXT(2) 
PARAMETRIC_REPRESENTATION_CONTEXT() REPRESENTATION_CONTEXT('2D SPACE',''
  ) );
#5570 = ADVANCED_FACE('',(#5571),#4123,.T.);
#5571 = FACE_BOUND('',#5572,.F.);
#5572 = EDGE_LOOP('',(#5573,#5574,#5575,#5602));
#5573 = ORIENTED_EDGE('',*,*,#5527,.F.);
#5574 = ORIENTED_EDGE('',*,*,#4109,.T.);
#5575 = ORIENTED_EDGE('',*,*,#5576,.T.);
#5576 = EDGE_CURVE('',#4089,#5577,#5579,.T.);
#5577 = VERTEX_POINT('',#5578);
#5578 = CARTESIAN_POINT('',(23.,44.236126343151,-0.15));
#5579 = SURFACE_CURVE('',#5580,(#5585,#5592),.PCURVE_S1.);
#5580 = PARABOLA('',#5581,1.219759197547);
#5581 = AXIS2_PLACEMENT_3D('',#5582,#5583,#5584);
#5582 = CARTESIAN_POINT('',(24.125,41.45,-1.275));
#5583 = DIRECTION('',(0.707106781187,0.,0.707106781187));
#5584 = DIRECTION('',(-0.707106781187,0.,0.707106781187));
#5585 = PCURVE('',#4123,#5586);
#5586 = DEFINITIONAL_REPRESENTATION('',(#5587),#5591);
#5587 = B_SPLINE_CURVE_WITH_KNOTS('',2,(#5588,#5589,#5590),
  .UNSPECIFIED.,.F.,.F.,(3,3),(-2.907318352021,-2.786126343151),
  .PIECEWISE_BEZIER_KNOTS.);
#5588 = CARTESIAN_POINT('',(-9.268164797867E-02,-7.071067811866E-02));
#5589 = CARTESIAN_POINT('',(-0.153277652414,1.505164199985E-03));
#5590 = CARTESIAN_POINT('',(-0.213873656849,7.071067811865E-02));
#5591 = ( GEOMETRIC_REPRESENTATION_CONTEXT(2) 
PARAMETRIC_REPRESENTATION_CONTEXT() REPRESENTATION_CONTEXT('2D SPACE',''
  ) );
#5592 = PCURVE('',#4158,#5593);
#5593 = DEFINITIONAL_REPRESENTATION('',(#5594),#5601);
#5594 = B_SPLINE_CURVE_WITH_KNOTS('',5,(#5595,#5596,#5597,#5598,#5599,
    #5600),.UNSPECIFIED.,.F.,.F.,(6,6),(-2.907318352021,-2.786126343151)
  ,.PIECEWISE_BEZIER_KNOTS.);
#5595 = CARTESIAN_POINT('',(-0.170313706844,1.304512053935E-15));
#5596 = CARTESIAN_POINT('',(-0.178530114225,-2.042572472504E-02));
#5597 = CARTESIAN_POINT('',(-0.186817634352,-4.063858708757E-02));
#5598 = CARTESIAN_POINT('',(-0.195176920371,-6.063858708757E-02));
#5599 = CARTESIAN_POINT('',(-0.203608608102,-8.042572472504E-02));
#5600 = CARTESIAN_POINT('',(-0.212113310479,-0.1));
#5601 = ( GEOMETRIC_REPRESENTATION_CONTEXT(2) 
PARAMETRIC_REPRESENTATION_CONTEXT() REPRESENTATION_CONTEXT('2D SPACE',''
  ) );
#5602 = ORIENTED_EDGE('',*,*,#5603,.F.);
#5603 = EDGE_CURVE('',#5528,#5577,#5604,.T.);
#5604 = SURFACE_CURVE('',#5605,(#5609,#5616),.PCURVE_S1.);
#5605 = LINE('',#5606,#5607);
#5606 = CARTESIAN_POINT('',(23.,44.45,-0.15));
#5607 = VECTOR('',#5608,1.);
#5608 = DIRECTION('',(0.,-1.,0.));
#5609 = PCURVE('',#4123,#5610);
#5610 = DEFINITIONAL_REPRESENTATION('',(#5611),#5615);
#5611 = LINE('',#5612,#5613);
#5612 = CARTESIAN_POINT('',(-0.,7.071067811865E-02));
#5613 = VECTOR('',#5614,1.);
#5614 = DIRECTION('',(-1.,0.));
#5615 = ( GEOMETRIC_REPRESENTATION_CONTEXT(2) 
PARAMETRIC_REPRESENTATION_CONTEXT() REPRESENTATION_CONTEXT('2D SPACE',''
  ) );
#5616 = PCURVE('',#5103,#5617);
#5617 = DEFINITIONAL_REPRESENTATION('',(#5618),#5622);
#5618 = LINE('',#5619,#5620);
#5619 = CARTESIAN_POINT('',(23.,44.45));
#5620 = VECTOR('',#5621,1.);
#5621 = DIRECTION('',(0.,-1.));
#5622 = ( GEOMETRIC_REPRESENTATION_CONTEXT(2) 
PARAMETRIC_REPRESENTATION_CONTEXT() REPRESENTATION_CONTEXT('2D SPACE',''
  ) );
#5623 = ADVANCED_FACE('',(#5624),#4158,.T.);
#5624 = FACE_BOUND('',#5625,.T.);
#5625 = EDGE_LOOP('',(#5626,#5647,#5648,#5649));
#5626 = ORIENTED_EDGE('',*,*,#5627,.F.);
#5627 = EDGE_CURVE('',#4142,#5628,#5630,.T.);
#5628 = VERTEX_POINT('',#5629);
#5629 = CARTESIAN_POINT('',(22.4,44.3,-0.15));
#5630 = SURFACE_CURVE('',#5631,(#5635,#5641),.PCURVE_S1.);
#5631 = LINE('',#5632,#5633);
#5632 = CARTESIAN_POINT('',(22.4,44.35,-1.E-01));
#5633 = VECTOR('',#5634,1.);
#5634 = DIRECTION('',(0.,-0.707106781187,-0.707106781187));
#5635 = PCURVE('',#4158,#5636);
#5636 = DEFINITIONAL_REPRESENTATION('',(#5637),#5640);
#5637 = B_SPLINE_CURVE_WITH_KNOTS('',1,(#5638,#5639),.UNSPECIFIED.,.F.,
  .F.,(2,2),(-7.071067811865E-02,7.071067811866E-02),
  .PIECEWISE_BEZIER_KNOTS.);
#5638 = CARTESIAN_POINT('',(0.,0.));
#5639 = CARTESIAN_POINT('',(0.,-0.1));
#5640 = ( GEOMETRIC_REPRESENTATION_CONTEXT(2) 
PARAMETRIC_REPRESENTATION_CONTEXT() REPRESENTATION_CONTEXT('2D SPACE',''
  ) );
#5641 = PCURVE('',#4234,#5642);
#5642 = DEFINITIONAL_REPRESENTATION('',(#5643),#5646);
#5643 = B_SPLINE_CURVE_WITH_KNOTS('',1,(#5644,#5645),.UNSPECIFIED.,.F.,
  .F.,(2,2),(-7.071067811865E-02,7.071067811866E-02),
  .PIECEWISE_BEZIER_KNOTS.);
#5644 = CARTESIAN_POINT('',(44.8,-7.071067811865E-02));
#5645 = CARTESIAN_POINT('',(44.8,7.071067811866E-02));
#5646 = ( GEOMETRIC_REPRESENTATION_CONTEXT(2) 
PARAMETRIC_REPRESENTATION_CONTEXT() REPRESENTATION_CONTEXT('2D SPACE',''
  ) );
#5647 = ORIENTED_EDGE('',*,*,#4141,.T.);
#5648 = ORIENTED_EDGE('',*,*,#5576,.T.);
#5649 = ORIENTED_EDGE('',*,*,#5650,.F.);
#5650 = EDGE_CURVE('',#5628,#5577,#5651,.T.);
#5651 = SURFACE_CURVE('',#5652,(#5657,#5664),.PCURVE_S1.);
#5652 = CIRCLE('',#5653,2.85);
#5653 = AXIS2_PLACEMENT_3D('',#5654,#5655,#5656);
#5654 = CARTESIAN_POINT('',(22.4,41.45,-0.15));
#5655 = DIRECTION('',(0.,-0.,-1.));
#5656 = DIRECTION('',(0.,1.,-0.));
#5657 = PCURVE('',#4158,#5658);
#5658 = DEFINITIONAL_REPRESENTATION('',(#5659),#5663);
#5659 = LINE('',#5660,#5661);
#5660 = CARTESIAN_POINT('',(-0.,-1.E-01));
#5661 = VECTOR('',#5662,1.);
#5662 = DIRECTION('',(-1.,-0.));
#5663 = ( GEOMETRIC_REPRESENTATION_CONTEXT(2) 
PARAMETRIC_REPRESENTATION_CONTEXT() REPRESENTATION_CONTEXT('2D SPACE',''
  ) );
#5664 = PCURVE('',#5103,#5665);
#5665 = DEFINITIONAL_REPRESENTATION('',(#5666),#5674);
#5666 = ( BOUNDED_CURVE() B_SPLINE_CURVE(2,(#5667,#5668,#5669,#5670,
#5671,#5672,#5673),.UNSPECIFIED.,.T.,.F.) B_SPLINE_CURVE_WITH_KNOTS((1,2
    ,2,2,2,1),(-2.094395102393,0.,2.094395102393,4.188790204786,
6.28318530718,8.377580409573),.UNSPECIFIED.) CURVE() 
GEOMETRIC_REPRESENTATION_ITEM() RATIONAL_B_SPLINE_CURVE((1.,0.5,1.,0.5,
1.,0.5,1.)) REPRESENTATION_ITEM('') );
#5667 = CARTESIAN_POINT('',(22.4,44.3));
#5668 = CARTESIAN_POINT('',(27.336344801571,44.3));
#5669 = CARTESIAN_POINT('',(24.868172400786,40.025));
#5670 = CARTESIAN_POINT('',(22.4,35.75));
#5671 = CARTESIAN_POINT('',(19.931827599214,40.025));
#5672 = CARTESIAN_POINT('',(17.463655198429,44.3));
#5673 = CARTESIAN_POINT('',(22.4,44.3));
#5674 = ( GEOMETRIC_REPRESENTATION_CONTEXT(2) 
PARAMETRIC_REPRESENTATION_CONTEXT() REPRESENTATION_CONTEXT('2D SPACE',''
  ) );
#5675 = ADVANCED_FACE('',(#5676),#4234,.T.);
#5676 = FACE_BOUND('',#5677,.T.);
#5677 = EDGE_LOOP('',(#5678,#5699,#5700,#5701));
#5678 = ORIENTED_EDGE('',*,*,#5679,.F.);
#5679 = EDGE_CURVE('',#4198,#5680,#5682,.T.);
#5680 = VERTEX_POINT('',#5681);
#5681 = CARTESIAN_POINT('',(-22.4,44.3,-0.15));
#5682 = SURFACE_CURVE('',#5683,(#5687,#5693),.PCURVE_S1.);
#5683 = LINE('',#5684,#5685);
#5684 = CARTESIAN_POINT('',(-22.4,44.4,-5.E-02));
#5685 = VECTOR('',#5686,1.);
#5686 = DIRECTION('',(4.329780281177E-17,-0.707106781187,-0.707106781187
    ));
#5687 = PCURVE('',#4234,#5688);
#5688 = DEFINITIONAL_REPRESENTATION('',(#5689),#5692);
#5689 = B_SPLINE_CURVE_WITH_KNOTS('',1,(#5690,#5691),.UNSPECIFIED.,.F.,
  .F.,(2,2),(0.,0.141421356237),.PIECEWISE_BEZIER_KNOTS.);
#5690 = CARTESIAN_POINT('',(0.,-7.071067811865E-02));
#5691 = CARTESIAN_POINT('',(0.,7.071067811865E-02));
#5692 = ( GEOMETRIC_REPRESENTATION_CONTEXT(2) 
PARAMETRIC_REPRESENTATION_CONTEXT() REPRESENTATION_CONTEXT('2D SPACE',''
  ) );
#5693 = PCURVE('',#4267,#5694);
#5694 = DEFINITIONAL_REPRESENTATION('',(#5695),#5698);
#5695 = B_SPLINE_CURVE_WITH_KNOTS('',1,(#5696,#5697),.UNSPECIFIED.,.F.,
  .F.,(2,2),(0.,0.141421356237),.PIECEWISE_BEZIER_KNOTS.);
#5696 = CARTESIAN_POINT('',(-1.570796326795,0.));
#5697 = CARTESIAN_POINT('',(-1.570796326795,-1.E-01));
#5698 = ( GEOMETRIC_REPRESENTATION_CONTEXT(2) 
PARAMETRIC_REPRESENTATION_CONTEXT() REPRESENTATION_CONTEXT('2D SPACE',''
  ) );
#5699 = ORIENTED_EDGE('',*,*,#4220,.T.);
#5700 = ORIENTED_EDGE('',*,*,#5627,.T.);
#5701 = ORIENTED_EDGE('',*,*,#5702,.F.);
#5702 = EDGE_CURVE('',#5680,#5628,#5703,.T.);
#5703 = SURFACE_CURVE('',#5704,(#5708,#5715),.PCURVE_S1.);
#5704 = LINE('',#5705,#5706);
#5705 = CARTESIAN_POINT('',(-22.4,44.3,-0.15));
#5706 = VECTOR('',#5707,1.);
#5707 = DIRECTION('',(1.,-0.,-0.));
#5708 = PCURVE('',#4234,#5709);
#5709 = DEFINITIONAL_REPRESENTATION('',(#5710),#5714);
#5710 = LINE('',#5711,#5712);
#5711 = CARTESIAN_POINT('',(0.,7.071067811866E-02));
#5712 = VECTOR('',#5713,1.);
#5713 = DIRECTION('',(1.,0.));
#5714 = ( GEOMETRIC_REPRESENTATION_CONTEXT(2) 
PARAMETRIC_REPRESENTATION_CONTEXT() REPRESENTATION_CONTEXT('2D SPACE',''
  ) );
#5715 = PCURVE('',#5103,#5716);
#5716 = DEFINITIONAL_REPRESENTATION('',(#5717),#5721);
#5717 = LINE('',#5718,#5719);
#5718 = CARTESIAN_POINT('',(-22.4,44.3));
#5719 = VECTOR('',#5720,1.);
#5720 = DIRECTION('',(1.,-0.));
#5721 = ( GEOMETRIC_REPRESENTATION_CONTEXT(2) 
PARAMETRIC_REPRESENTATION_CONTEXT() REPRESENTATION_CONTEXT('2D SPACE',''
  ) );
#5722 = ADVANCED_FACE('',(#5723),#4267,.T.);
#5723 = FACE_BOUND('',#5724,.T.);
#5724 = EDGE_LOOP('',(#5725,#5746,#5747,#5748));
#5725 = ORIENTED_EDGE('',*,*,#5726,.F.);
#5726 = EDGE_CURVE('',#4251,#5727,#5729,.T.);
#5727 = VERTEX_POINT('',#5728);
#5728 = CARTESIAN_POINT('',(-25.25,41.45,-0.15));
#5729 = SURFACE_CURVE('',#5730,(#5734,#5740),.PCURVE_S1.);
#5730 = LINE('',#5731,#5732);
#5731 = CARTESIAN_POINT('',(-25.3,41.45,-1.E-01));
#5732 = VECTOR('',#5733,1.);
#5733 = DIRECTION('',(0.707106781187,0.,-0.707106781187));
#5734 = PCURVE('',#4267,#5735);
#5735 = DEFINITIONAL_REPRESENTATION('',(#5736),#5739);
#5736 = B_SPLINE_CURVE_WITH_KNOTS('',1,(#5737,#5738),.UNSPECIFIED.,.F.,
  .F.,(2,2),(-7.071067811866E-02,7.071067811865E-02),
  .PIECEWISE_BEZIER_KNOTS.);
#5737 = CARTESIAN_POINT('',(0.,0.));
#5738 = CARTESIAN_POINT('',(0.,-1.E-01));
#5739 = ( GEOMETRIC_REPRESENTATION_CONTEXT(2) 
PARAMETRIC_REPRESENTATION_CONTEXT() REPRESENTATION_CONTEXT('2D SPACE',''
  ) );
#5740 = PCURVE('',#4343,#5741);
#5741 = DEFINITIONAL_REPRESENTATION('',(#5742),#5745);
#5742 = B_SPLINE_CURVE_WITH_KNOTS('',1,(#5743,#5744),.UNSPECIFIED.,.F.,
  .F.,(2,2),(-7.071067811866E-02,7.071067811865E-02),
  .PIECEWISE_BEZIER_KNOTS.);
#5743 = CARTESIAN_POINT('',(82.9,-7.071067811866E-02));
#5744 = CARTESIAN_POINT('',(82.9,7.071067811865E-02));
#5745 = ( GEOMETRIC_REPRESENTATION_CONTEXT(2) 
PARAMETRIC_REPRESENTATION_CONTEXT() REPRESENTATION_CONTEXT('2D SPACE',''
  ) );
#5746 = ORIENTED_EDGE('',*,*,#4250,.T.);
#5747 = ORIENTED_EDGE('',*,*,#5679,.T.);
#5748 = ORIENTED_EDGE('',*,*,#5749,.F.);
#5749 = EDGE_CURVE('',#5727,#5680,#5750,.T.);
#5750 = SURFACE_CURVE('',#5751,(#5756,#5763),.PCURVE_S1.);
#5751 = CIRCLE('',#5752,2.85);
#5752 = AXIS2_PLACEMENT_3D('',#5753,#5754,#5755);
#5753 = CARTESIAN_POINT('',(-22.4,41.45,-0.15));
#5754 = DIRECTION('',(-0.,0.,-1.));
#5755 = DIRECTION('',(-1.,0.,0.));
#5756 = PCURVE('',#4267,#5757);
#5757 = DEFINITIONAL_REPRESENTATION('',(#5758),#5762);
#5758 = LINE('',#5759,#5760);
#5759 = CARTESIAN_POINT('',(-0.,-1.E-01));
#5760 = VECTOR('',#5761,1.);
#5761 = DIRECTION('',(-1.,-0.));
#5762 = ( GEOMETRIC_REPRESENTATION_CONTEXT(2) 
PARAMETRIC_REPRESENTATION_CONTEXT() REPRESENTATION_CONTEXT('2D SPACE',''
  ) );
#5763 = PCURVE('',#5103,#5764);
#5764 = DEFINITIONAL_REPRESENTATION('',(#5765),#5773);
#5765 = ( BOUNDED_CURVE() B_SPLINE_CURVE(2,(#5766,#5767,#5768,#5769,
#5770,#5771,#5772),.UNSPECIFIED.,.T.,.F.) B_SPLINE_CURVE_WITH_KNOTS((1,2
    ,2,2,2,1),(-2.094395102393,0.,2.094395102393,4.188790204786,
6.28318530718,8.377580409573),.UNSPECIFIED.) CURVE() 
GEOMETRIC_REPRESENTATION_ITEM() RATIONAL_B_SPLINE_CURVE((1.,0.5,1.,0.5,
1.,0.5,1.)) REPRESENTATION_ITEM('') );
#5766 = CARTESIAN_POINT('',(-25.25,41.45));
#5767 = CARTESIAN_POINT('',(-25.25,46.386344801571));
#5768 = CARTESIAN_POINT('',(-20.975,43.918172400786));
#5769 = CARTESIAN_POINT('',(-16.7,41.45));
#5770 = CARTESIAN_POINT('',(-20.975,38.981827599214));
#5771 = CARTESIAN_POINT('',(-25.25,36.513655198429));
#5772 = CARTESIAN_POINT('',(-25.25,41.45));
#5773 = ( GEOMETRIC_REPRESENTATION_CONTEXT(2) 
PARAMETRIC_REPRESENTATION_CONTEXT() REPRESENTATION_CONTEXT('2D SPACE',''
  ) );
#5774 = ADVANCED_FACE('',(#5775),#4343,.T.);
#5775 = FACE_BOUND('',#5776,.T.);
#5776 = EDGE_LOOP('',(#5777,#5798,#5799,#5800));
#5777 = ORIENTED_EDGE('',*,*,#5778,.F.);
#5778 = EDGE_CURVE('',#4307,#5779,#5781,.T.);
#5779 = VERTEX_POINT('',#5780);
#5780 = CARTESIAN_POINT('',(-25.25,-41.45,-0.15));
#5781 = SURFACE_CURVE('',#5782,(#5786,#5792),.PCURVE_S1.);
#5782 = LINE('',#5783,#5784);
#5783 = CARTESIAN_POINT('',(-25.35,-41.45,-5.E-02));
#5784 = VECTOR('',#5785,1.);
#5785 = DIRECTION('',(0.707106781187,4.329780281177E-17,-0.707106781187)
  );
#5786 = PCURVE('',#4343,#5787);
#5787 = DEFINITIONAL_REPRESENTATION('',(#5788),#5791);
#5788 = B_SPLINE_CURVE_WITH_KNOTS('',1,(#5789,#5790),.UNSPECIFIED.,.F.,
  .F.,(2,2),(0.,0.141421356237),.PIECEWISE_BEZIER_KNOTS.);
#5789 = CARTESIAN_POINT('',(0.,-7.071067811866E-02));
#5790 = CARTESIAN_POINT('',(0.,7.071067811865E-02));
#5791 = ( GEOMETRIC_REPRESENTATION_CONTEXT(2) 
PARAMETRIC_REPRESENTATION_CONTEXT() REPRESENTATION_CONTEXT('2D SPACE',''
  ) );
#5792 = PCURVE('',#4374,#5793);
#5793 = DEFINITIONAL_REPRESENTATION('',(#5794),#5797);
#5794 = B_SPLINE_CURVE_WITH_KNOTS('',1,(#5795,#5796),.UNSPECIFIED.,.F.,
  .F.,(2,2),(0.,0.141421356237),.PIECEWISE_BEZIER_KNOTS.);
#5795 = CARTESIAN_POINT('',(-1.570796326795,0.));
#5796 = CARTESIAN_POINT('',(-1.570796326795,-1.E-01));
#5797 = ( GEOMETRIC_REPRESENTATION_CONTEXT(2) 
PARAMETRIC_REPRESENTATION_CONTEXT() REPRESENTATION_CONTEXT('2D SPACE',''
  ) );
#5798 = ORIENTED_EDGE('',*,*,#4329,.T.);
#5799 = ORIENTED_EDGE('',*,*,#5726,.T.);
#5800 = ORIENTED_EDGE('',*,*,#5801,.F.);
#5801 = EDGE_CURVE('',#5779,#5727,#5802,.T.);
#5802 = SURFACE_CURVE('',#5803,(#5807,#5814),.PCURVE_S1.);
#5803 = LINE('',#5804,#5805);
#5804 = CARTESIAN_POINT('',(-25.25,-41.45,-0.15));
#5805 = VECTOR('',#5806,1.);
#5806 = DIRECTION('',(-0.,1.,-0.));
#5807 = PCURVE('',#4343,#5808);
#5808 = DEFINITIONAL_REPRESENTATION('',(#5809),#5813);
#5809 = LINE('',#5810,#5811);
#5810 = CARTESIAN_POINT('',(0.,7.071067811865E-02));
#5811 = VECTOR('',#5812,1.);
#5812 = DIRECTION('',(1.,0.));
#5813 = ( GEOMETRIC_REPRESENTATION_CONTEXT(2) 
PARAMETRIC_REPRESENTATION_CONTEXT() REPRESENTATION_CONTEXT('2D SPACE',''
  ) );
#5814 = PCURVE('',#5103,#5815);
#5815 = DEFINITIONAL_REPRESENTATION('',(#5816),#5820);
#5816 = LINE('',#5817,#5818);
#5817 = CARTESIAN_POINT('',(-25.25,-41.45));
#5818 = VECTOR('',#5819,1.);
#5819 = DIRECTION('',(0.,1.));
#5820 = ( GEOMETRIC_REPRESENTATION_CONTEXT(2) 
PARAMETRIC_REPRESENTATION_CONTEXT() REPRESENTATION_CONTEXT('2D SPACE',''
  ) );
#5821 = ADVANCED_FACE('',(#5822),#4374,.T.);
#5822 = FACE_BOUND('',#5823,.T.);
#5823 = EDGE_LOOP('',(#5824,#5825,#5826,#5827));
#5824 = ORIENTED_EDGE('',*,*,#5068,.F.);
#5825 = ORIENTED_EDGE('',*,*,#4359,.T.);
#5826 = ORIENTED_EDGE('',*,*,#5778,.T.);
#5827 = ORIENTED_EDGE('',*,*,#5828,.F.);
#5828 = EDGE_CURVE('',#5069,#5779,#5829,.T.);
#5829 = SURFACE_CURVE('',#5830,(#5835,#5842),.PCURVE_S1.);
#5830 = CIRCLE('',#5831,2.85);
#5831 = AXIS2_PLACEMENT_3D('',#5832,#5833,#5834);
#5832 = CARTESIAN_POINT('',(-22.4,-41.45,-0.15));
#5833 = DIRECTION('',(-0.,-0.,-1.));
#5834 = DIRECTION('',(0.,-1.,0.));
#5835 = PCURVE('',#4374,#5836);
#5836 = DEFINITIONAL_REPRESENTATION('',(#5837),#5841);
#5837 = LINE('',#5838,#5839);
#5838 = CARTESIAN_POINT('',(-0.,-1.E-01));
#5839 = VECTOR('',#5840,1.);
#5840 = DIRECTION('',(-1.,-0.));
#5841 = ( GEOMETRIC_REPRESENTATION_CONTEXT(2) 
PARAMETRIC_REPRESENTATION_CONTEXT() REPRESENTATION_CONTEXT('2D SPACE',''
  ) );
#5842 = PCURVE('',#5103,#5843);
#5843 = DEFINITIONAL_REPRESENTATION('',(#5844),#5852);
#5844 = ( BOUNDED_CURVE() B_SPLINE_CURVE(2,(#5845,#5846,#5847,#5848,
#5849,#5850,#5851),.UNSPECIFIED.,.T.,.F.) B_SPLINE_CURVE_WITH_KNOTS((1,2
    ,2,2,2,1),(-2.094395102393,0.,2.094395102393,4.188790204786,
6.28318530718,8.377580409573),.UNSPECIFIED.) CURVE() 
GEOMETRIC_REPRESENTATION_ITEM() RATIONAL_B_SPLINE_CURVE((1.,0.5,1.,0.5,
1.,0.5,1.)) REPRESENTATION_ITEM('') );
#5845 = CARTESIAN_POINT('',(-22.4,-44.3));
#5846 = CARTESIAN_POINT('',(-27.33634480157,-44.3));
#5847 = CARTESIAN_POINT('',(-24.86817240078,-40.025));
#5848 = CARTESIAN_POINT('',(-22.4,-35.75));
#5849 = CARTESIAN_POINT('',(-19.93182759921,-40.025));
#5850 = CARTESIAN_POINT('',(-17.46365519842,-44.3));
#5851 = CARTESIAN_POINT('',(-22.4,-44.3));
#5852 = ( GEOMETRIC_REPRESENTATION_CONTEXT(2) 
PARAMETRIC_REPRESENTATION_CONTEXT() REPRESENTATION_CONTEXT('2D SPACE',''
  ) );
#5853 = ADVANCED_FACE('',(#5854),#4444,.T.);
#5854 = FACE_BOUND('',#5855,.T.);
#5855 = EDGE_LOOP('',(#5856,#5877,#5878,#5899));
#5856 = ORIENTED_EDGE('',*,*,#5857,.T.);
#5857 = EDGE_CURVE('',#5858,#4426,#5860,.T.);
#5858 = VERTEX_POINT('',#5859);
#5859 = CARTESIAN_POINT('',(-25.35,-41.45,2.79));
#5860 = SURFACE_CURVE('',#5861,(#5865,#5871),.PCURVE_S1.);
#5861 = LINE('',#5862,#5863);
#5862 = CARTESIAN_POINT('',(-25.35,1.475,2.79));
#5863 = VECTOR('',#5864,1.);
#5864 = DIRECTION('',(-0.,1.,0.));
#5865 = PCURVE('',#4444,#5866);
#5866 = DEFINITIONAL_REPRESENTATION('',(#5867),#5870);
#5867 = B_SPLINE_CURVE_WITH_KNOTS('',1,(#5868,#5869),.UNSPECIFIED.,.F.,
  .F.,(2,2),(-42.925,-39.81493569198),.PIECEWISE_BEZIER_KNOTS.);
#5868 = CARTESIAN_POINT('',(-2.95,1.42108547152E-14));
#5869 = CARTESIAN_POINT('',(-2.95,3.110064308017));
#5870 = ( GEOMETRIC_REPRESENTATION_CONTEXT(2) 
PARAMETRIC_REPRESENTATION_CONTEXT() REPRESENTATION_CONTEXT('2D SPACE',''
  ) );
#5871 = PCURVE('',#4471,#5872);
#5872 = DEFINITIONAL_REPRESENTATION('',(#5873),#5876);
#5873 = B_SPLINE_CURVE_WITH_KNOTS('',1,(#5874,#5875),.UNSPECIFIED.,.F.,
  .F.,(2,2),(-42.925,-39.81493569198),.PIECEWISE_BEZIER_KNOTS.);
#5874 = CARTESIAN_POINT('',(85.85,-1.79));
#5875 = CARTESIAN_POINT('',(82.739935691983,-1.79));
#5876 = ( GEOMETRIC_REPRESENTATION_CONTEXT(2) 
PARAMETRIC_REPRESENTATION_CONTEXT() REPRESENTATION_CONTEXT('2D SPACE',''
  ) );
#5877 = ORIENTED_EDGE('',*,*,#4425,.T.);
#5878 = ORIENTED_EDGE('',*,*,#5879,.T.);
#5879 = EDGE_CURVE('',#4428,#5880,#5882,.T.);
#5880 = VERTEX_POINT('',#5881);
#5881 = CARTESIAN_POINT('',(-22.4,-44.4,2.79));
#5882 = SURFACE_CURVE('',#5883,(#5887,#5893),.PCURVE_S1.);
#5883 = LINE('',#5884,#5885);
#5884 = CARTESIAN_POINT('',(-23.875,-44.4,2.79));
#5885 = VECTOR('',#5886,1.);
#5886 = DIRECTION('',(-1.,0.,0.));
#5887 = PCURVE('',#4444,#5888);
#5888 = DEFINITIONAL_REPRESENTATION('',(#5889),#5892);
#5889 = B_SPLINE_CURVE_WITH_KNOTS('',1,(#5890,#5891),.UNSPECIFIED.,.F.,
  .F.,(2,2),(-4.462055406249,-1.475),.PIECEWISE_BEZIER_KNOTS.);
#5890 = CARTESIAN_POINT('',(2.987055406249,-2.95));
#5891 = CARTESIAN_POINT('',(3.552713678801E-15,-2.95));
#5892 = ( GEOMETRIC_REPRESENTATION_CONTEXT(2) 
PARAMETRIC_REPRESENTATION_CONTEXT() REPRESENTATION_CONTEXT('2D SPACE',''
  ) );
#5893 = PCURVE('',#4536,#5894);
#5894 = DEFINITIONAL_REPRESENTATION('',(#5895),#5898);
#5895 = B_SPLINE_CURVE_WITH_KNOTS('',1,(#5896,#5897),.UNSPECIFIED.,.F.,
  .F.,(2,2),(-4.462055406249,-1.475),.PIECEWISE_BEZIER_KNOTS.);
#5896 = CARTESIAN_POINT('',(5.937055406249,-1.79));
#5897 = CARTESIAN_POINT('',(2.95,-1.79));
#5898 = ( GEOMETRIC_REPRESENTATION_CONTEXT(2) 
PARAMETRIC_REPRESENTATION_CONTEXT() REPRESENTATION_CONTEXT('2D SPACE',''
  ) );
#5899 = ORIENTED_EDGE('',*,*,#5900,.F.);
#5900 = EDGE_CURVE('',#5858,#5880,#5901,.T.);
#5901 = SURFACE_CURVE('',#5902,(#5907,#5914),.PCURVE_S1.);
#5902 = CIRCLE('',#5903,2.95);
#5903 = AXIS2_PLACEMENT_3D('',#5904,#5905,#5906);
#5904 = CARTESIAN_POINT('',(-22.4,-41.45,2.79));
#5905 = DIRECTION('',(0.,0.,1.));
#5906 = DIRECTION('',(0.,-1.,0.));
#5907 = PCURVE('',#4444,#5908);
#5908 = DEFINITIONAL_REPRESENTATION('',(#5909),#5913);
#5909 = CIRCLE('',#5910,2.95);
#5910 = AXIS2_PLACEMENT_2D('',#5911,#5912);
#5911 = CARTESIAN_POINT('',(3.552713678801E-15,7.105427357601E-15));
#5912 = DIRECTION('',(0.,-1.));
#5913 = ( GEOMETRIC_REPRESENTATION_CONTEXT(2) 
PARAMETRIC_REPRESENTATION_CONTEXT() REPRESENTATION_CONTEXT('2D SPACE',''
  ) );
#5914 = PCURVE('',#5915,#5920);
#5915 = CYLINDRICAL_SURFACE('',#5916,2.95);
#5916 = AXIS2_PLACEMENT_3D('',#5917,#5918,#5919);
#5917 = CARTESIAN_POINT('',(-22.4,-41.45,1.));
#5918 = DIRECTION('',(0.,0.,1.));
#5919 = DIRECTION('',(0.,-1.,0.));
#5920 = DEFINITIONAL_REPRESENTATION('',(#5921),#5925);
#5921 = LINE('',#5922,#5923);
#5922 = CARTESIAN_POINT('',(-6.28318530718,1.79));
#5923 = VECTOR('',#5924,1.);
#5924 = DIRECTION('',(1.,-0.));
#5925 = ( GEOMETRIC_REPRESENTATION_CONTEXT(2) 
PARAMETRIC_REPRESENTATION_CONTEXT() REPRESENTATION_CONTEXT('2D SPACE',''
  ) );
#5926 = ADVANCED_FACE('',(#5927),#4536,.F.);
#5927 = FACE_BOUND('',#5928,.F.);
#5928 = EDGE_LOOP('',(#5929,#5930,#5953,#5974));
#5929 = ORIENTED_EDGE('',*,*,#5879,.T.);
#5930 = ORIENTED_EDGE('',*,*,#5931,.T.);
#5931 = EDGE_CURVE('',#5880,#5932,#5934,.T.);
#5932 = VERTEX_POINT('',#5933);
#5933 = CARTESIAN_POINT('',(-22.4,-44.4,2.8));
#5934 = SURFACE_CURVE('',#5935,(#5939,#5946),.PCURVE_S1.);
#5935 = LINE('',#5936,#5937);
#5936 = CARTESIAN_POINT('',(-22.4,-44.4,1.));
#5937 = VECTOR('',#5938,1.);
#5938 = DIRECTION('',(0.,0.,1.));
#5939 = PCURVE('',#4536,#5940);
#5940 = DEFINITIONAL_REPRESENTATION('',(#5941),#5945);
#5941 = LINE('',#5942,#5943);
#5942 = CARTESIAN_POINT('',(2.95,0.));
#5943 = VECTOR('',#5944,1.);
#5944 = DIRECTION('',(0.,-1.));
#5945 = ( GEOMETRIC_REPRESENTATION_CONTEXT(2) 
PARAMETRIC_REPRESENTATION_CONTEXT() REPRESENTATION_CONTEXT('2D SPACE',''
  ) );
#5946 = PCURVE('',#5915,#5947);
#5947 = DEFINITIONAL_REPRESENTATION('',(#5948),#5952);
#5948 = LINE('',#5949,#5950);
#5949 = CARTESIAN_POINT('',(-0.,0.));
#5950 = VECTOR('',#5951,1.);
#5951 = DIRECTION('',(-0.,1.));
#5952 = ( GEOMETRIC_REPRESENTATION_CONTEXT(2) 
PARAMETRIC_REPRESENTATION_CONTEXT() REPRESENTATION_CONTEXT('2D SPACE',''
  ) );
#5953 = ORIENTED_EDGE('',*,*,#5954,.T.);
#5954 = EDGE_CURVE('',#5932,#4503,#5955,.T.);
#5955 = SURFACE_CURVE('',#5956,(#5960,#5967),.PCURVE_S1.);
#5956 = LINE('',#5957,#5958);
#5957 = CARTESIAN_POINT('',(-25.35,-44.4,2.8));
#5958 = VECTOR('',#5959,1.);
#5959 = DIRECTION('',(1.,0.,0.));
#5960 = PCURVE('',#4536,#5961);
#5961 = DEFINITIONAL_REPRESENTATION('',(#5962),#5966);
#5962 = LINE('',#5963,#5964);
#5963 = CARTESIAN_POINT('',(0.,-1.8));
#5964 = VECTOR('',#5965,1.);
#5965 = DIRECTION('',(1.,0.));
#5966 = ( GEOMETRIC_REPRESENTATION_CONTEXT(2) 
PARAMETRIC_REPRESENTATION_CONTEXT() REPRESENTATION_CONTEXT('2D SPACE',''
  ) );
#5967 = PCURVE('',#4566,#5968);
#5968 = DEFINITIONAL_REPRESENTATION('',(#5969),#5973);
#5969 = LINE('',#5970,#5971);
#5970 = CARTESIAN_POINT('',(-25.35,-44.4));
#5971 = VECTOR('',#5972,1.);
#5972 = DIRECTION('',(1.,0.));
#5973 = ( GEOMETRIC_REPRESENTATION_CONTEXT(2) 
PARAMETRIC_REPRESENTATION_CONTEXT() REPRESENTATION_CONTEXT('2D SPACE',''
  ) );
#5974 = ORIENTED_EDGE('',*,*,#4523,.T.);
#5975 = ADVANCED_FACE('',(#5976),#4471,.F.);
#5976 = FACE_BOUND('',#5977,.F.);
#5977 = EDGE_LOOP('',(#5978,#6001,#6002,#6003));
#5978 = ORIENTED_EDGE('',*,*,#5979,.F.);
#5979 = EDGE_CURVE('',#5858,#5980,#5982,.T.);
#5980 = VERTEX_POINT('',#5981);
#5981 = CARTESIAN_POINT('',(-25.35,-41.45,2.8));
#5982 = SURFACE_CURVE('',#5983,(#5987,#5994),.PCURVE_S1.);
#5983 = LINE('',#5984,#5985);
#5984 = CARTESIAN_POINT('',(-25.35,-41.45,1.));
#5985 = VECTOR('',#5986,1.);
#5986 = DIRECTION('',(0.,0.,1.));
#5987 = PCURVE('',#4471,#5988);
#5988 = DEFINITIONAL_REPRESENTATION('',(#5989),#5993);
#5989 = LINE('',#5990,#5991);
#5990 = CARTESIAN_POINT('',(85.85,0.));
#5991 = VECTOR('',#5992,1.);
#5992 = DIRECTION('',(0.,-1.));
#5993 = ( GEOMETRIC_REPRESENTATION_CONTEXT(2) 
PARAMETRIC_REPRESENTATION_CONTEXT() REPRESENTATION_CONTEXT('2D SPACE',''
  ) );
#5994 = PCURVE('',#5915,#5995);
#5995 = DEFINITIONAL_REPRESENTATION('',(#5996),#6000);
#5996 = LINE('',#5997,#5998);
#5997 = CARTESIAN_POINT('',(-1.570796326795,0.));
#5998 = VECTOR('',#5999,1.);
#5999 = DIRECTION('',(-0.,1.));
#6000 = ( GEOMETRIC_REPRESENTATION_CONTEXT(2) 
PARAMETRIC_REPRESENTATION_CONTEXT() REPRESENTATION_CONTEXT('2D SPACE',''
  ) );
#6001 = ORIENTED_EDGE('',*,*,#5857,.T.);
#6002 = ORIENTED_EDGE('',*,*,#4456,.F.);
#6003 = ORIENTED_EDGE('',*,*,#6004,.T.);
#6004 = EDGE_CURVE('',#4457,#5980,#6005,.T.);
#6005 = SURFACE_CURVE('',#6006,(#6010,#6017),.PCURVE_S1.);
#6006 = LINE('',#6007,#6008);
#6007 = CARTESIAN_POINT('',(-25.35,44.4,2.8));
#6008 = VECTOR('',#6009,1.);
#6009 = DIRECTION('',(0.,-1.,0.));
#6010 = PCURVE('',#4471,#6011);
#6011 = DEFINITIONAL_REPRESENTATION('',(#6012),#6016);
#6012 = LINE('',#6013,#6014);
#6013 = CARTESIAN_POINT('',(0.,-1.8));
#6014 = VECTOR('',#6015,1.);
#6015 = DIRECTION('',(1.,0.));
#6016 = ( GEOMETRIC_REPRESENTATION_CONTEXT(2) 
PARAMETRIC_REPRESENTATION_CONTEXT() REPRESENTATION_CONTEXT('2D SPACE',''
  ) );
#6017 = PCURVE('',#4566,#6018);
#6018 = DEFINITIONAL_REPRESENTATION('',(#6019),#6023);
#6019 = LINE('',#6020,#6021);
#6020 = CARTESIAN_POINT('',(-25.35,44.4));
#6021 = VECTOR('',#6022,1.);
#6022 = DIRECTION('',(0.,-1.));
#6023 = ( GEOMETRIC_REPRESENTATION_CONTEXT(2) 
PARAMETRIC_REPRESENTATION_CONTEXT() REPRESENTATION_CONTEXT('2D SPACE',''
  ) );
#6024 = ADVANCED_FACE('',(#6025,#6278,#6313,#6348,#6383,#6909),#4566,.T.
  );
#6025 = FACE_BOUND('',#6026,.T.);
#6026 = EDGE_LOOP('',(#6027,#6028,#6051,#6080,#6101,#6102,#6125,#6154,
    #6175,#6176,#6199,#6228,#6249,#6250,#6251,#6277));
#6027 = ORIENTED_EDGE('',*,*,#4550,.T.);
#6028 = ORIENTED_EDGE('',*,*,#6029,.T.);
#6029 = EDGE_CURVE('',#4551,#6030,#6032,.T.);
#6030 = VERTEX_POINT('',#6031);
#6031 = CARTESIAN_POINT('',(22.4,-44.4,2.8));
#6032 = SURFACE_CURVE('',#6033,(#6037,#6044),.PCURVE_S1.);
#6033 = LINE('',#6034,#6035);
#6034 = CARTESIAN_POINT('',(-25.35,-44.4,2.8));
#6035 = VECTOR('',#6036,1.);
#6036 = DIRECTION('',(1.,0.,0.));
#6037 = PCURVE('',#4566,#6038);
#6038 = DEFINITIONAL_REPRESENTATION('',(#6039),#6043);
#6039 = LINE('',#6040,#6041);
#6040 = CARTESIAN_POINT('',(-25.35,-44.4));
#6041 = VECTOR('',#6042,1.);
#6042 = DIRECTION('',(1.,0.));
#6043 = ( GEOMETRIC_REPRESENTATION_CONTEXT(2) 
PARAMETRIC_REPRESENTATION_CONTEXT() REPRESENTATION_CONTEXT('2D SPACE',''
  ) );
#6044 = PCURVE('',#4723,#6045);
#6045 = DEFINITIONAL_REPRESENTATION('',(#6046),#6050);
#6046 = LINE('',#6047,#6048);
#6047 = CARTESIAN_POINT('',(0.,-1.8));
#6048 = VECTOR('',#6049,1.);
#6049 = DIRECTION('',(1.,0.));
#6050 = ( GEOMETRIC_REPRESENTATION_CONTEXT(2) 
PARAMETRIC_REPRESENTATION_CONTEXT() REPRESENTATION_CONTEXT('2D SPACE',''
  ) );
#6051 = ORIENTED_EDGE('',*,*,#6052,.T.);
#6052 = EDGE_CURVE('',#6030,#6053,#6055,.T.);
#6053 = VERTEX_POINT('',#6054);
#6054 = CARTESIAN_POINT('',(25.35,-41.45,2.8));
#6055 = SURFACE_CURVE('',#6056,(#6061,#6068),.PCURVE_S1.);
#6056 = CIRCLE('',#6057,2.95);
#6057 = AXIS2_PLACEMENT_3D('',#6058,#6059,#6060);
#6058 = CARTESIAN_POINT('',(22.4,-41.45,2.8));
#6059 = DIRECTION('',(0.,0.,1.));
#6060 = DIRECTION('',(0.,-1.,0.));
#6061 = PCURVE('',#4566,#6062);
#6062 = DEFINITIONAL_REPRESENTATION('',(#6063),#6067);
#6063 = CIRCLE('',#6064,2.95);
#6064 = AXIS2_PLACEMENT_2D('',#6065,#6066);
#6065 = CARTESIAN_POINT('',(22.4,-41.45));
#6066 = DIRECTION('',(0.,-1.));
#6067 = ( GEOMETRIC_REPRESENTATION_CONTEXT(2) 
PARAMETRIC_REPRESENTATION_CONTEXT() REPRESENTATION_CONTEXT('2D SPACE',''
  ) );
#6068 = PCURVE('',#6069,#6074);
#6069 = CYLINDRICAL_SURFACE('',#6070,2.95);
#6070 = AXIS2_PLACEMENT_3D('',#6071,#6072,#6073);
#6071 = CARTESIAN_POINT('',(22.4,-41.45,1.));
#6072 = DIRECTION('',(0.,0.,1.));
#6073 = DIRECTION('',(0.,-1.,0.));
#6074 = DEFINITIONAL_REPRESENTATION('',(#6075),#6079);
#6075 = LINE('',#6076,#6077);
#6076 = CARTESIAN_POINT('',(0.,1.8));
#6077 = VECTOR('',#6078,1.);
#6078 = DIRECTION('',(1.,0.));
#6079 = ( GEOMETRIC_REPRESENTATION_CONTEXT(2) 
PARAMETRIC_REPRESENTATION_CONTEXT() REPRESENTATION_CONTEXT('2D SPACE',''
  ) );
#6080 = ORIENTED_EDGE('',*,*,#6081,.T.);
#6081 = EDGE_CURVE('',#6053,#4650,#6082,.T.);
#6082 = SURFACE_CURVE('',#6083,(#6087,#6094),.PCURVE_S1.);
#6083 = LINE('',#6084,#6085);
#6084 = CARTESIAN_POINT('',(25.35,-44.4,2.8));
#6085 = VECTOR('',#6086,1.);
#6086 = DIRECTION('',(0.,1.,0.));
#6087 = PCURVE('',#4566,#6088);
#6088 = DEFINITIONAL_REPRESENTATION('',(#6089),#6093);
#6089 = LINE('',#6090,#6091);
#6090 = CARTESIAN_POINT('',(25.35,-44.4));
#6091 = VECTOR('',#6092,1.);
#6092 = DIRECTION('',(0.,1.));
#6093 = ( GEOMETRIC_REPRESENTATION_CONTEXT(2) 
PARAMETRIC_REPRESENTATION_CONTEXT() REPRESENTATION_CONTEXT('2D SPACE',''
  ) );
#6094 = PCURVE('',#4666,#6095);
#6095 = DEFINITIONAL_REPRESENTATION('',(#6096),#6100);
#6096 = LINE('',#6097,#6098);
#6097 = CARTESIAN_POINT('',(0.,-1.8));
#6098 = VECTOR('',#6099,1.);
#6099 = DIRECTION('',(1.,0.));
#6100 = ( GEOMETRIC_REPRESENTATION_CONTEXT(2) 
PARAMETRIC_REPRESENTATION_CONTEXT() REPRESENTATION_CONTEXT('2D SPACE',''
  ) );
#6101 = ORIENTED_EDGE('',*,*,#4863,.T.);
#6102 = ORIENTED_EDGE('',*,*,#6103,.T.);
#6103 = EDGE_CURVE('',#4864,#6104,#6106,.T.);
#6104 = VERTEX_POINT('',#6105);
#6105 = CARTESIAN_POINT('',(25.35,41.45,2.8));
#6106 = SURFACE_CURVE('',#6107,(#6111,#6118),.PCURVE_S1.);
#6107 = LINE('',#6108,#6109);
#6108 = CARTESIAN_POINT('',(25.35,-44.4,2.8));
#6109 = VECTOR('',#6110,1.);
#6110 = DIRECTION('',(0.,1.,0.));
#6111 = PCURVE('',#4566,#6112);
#6112 = DEFINITIONAL_REPRESENTATION('',(#6113),#6117);
#6113 = LINE('',#6114,#6115);
#6114 = CARTESIAN_POINT('',(25.35,-44.4));
#6115 = VECTOR('',#6116,1.);
#6116 = DIRECTION('',(0.,1.));
#6117 = ( GEOMETRIC_REPRESENTATION_CONTEXT(2) 
PARAMETRIC_REPRESENTATION_CONTEXT() REPRESENTATION_CONTEXT('2D SPACE',''
  ) );
#6118 = PCURVE('',#5029,#6119);
#6119 = DEFINITIONAL_REPRESENTATION('',(#6120),#6124);
#6120 = LINE('',#6121,#6122);
#6121 = CARTESIAN_POINT('',(0.,-1.8));
#6122 = VECTOR('',#6123,1.);
#6123 = DIRECTION('',(1.,0.));
#6124 = ( GEOMETRIC_REPRESENTATION_CONTEXT(2) 
PARAMETRIC_REPRESENTATION_CONTEXT() REPRESENTATION_CONTEXT('2D SPACE',''
  ) );
#6125 = ORIENTED_EDGE('',*,*,#6126,.T.);
#6126 = EDGE_CURVE('',#6104,#6127,#6129,.T.);
#6127 = VERTEX_POINT('',#6128);
#6128 = CARTESIAN_POINT('',(22.4,44.4,2.8));
#6129 = SURFACE_CURVE('',#6130,(#6135,#6142),.PCURVE_S1.);
#6130 = CIRCLE('',#6131,2.95);
#6131 = AXIS2_PLACEMENT_3D('',#6132,#6133,#6134);
#6132 = CARTESIAN_POINT('',(22.4,41.45,2.8));
#6133 = DIRECTION('',(0.,0.,1.));
#6134 = DIRECTION('',(0.,-1.,0.));
#6135 = PCURVE('',#4566,#6136);
#6136 = DEFINITIONAL_REPRESENTATION('',(#6137),#6141);
#6137 = CIRCLE('',#6138,2.95);
#6138 = AXIS2_PLACEMENT_2D('',#6139,#6140);
#6139 = CARTESIAN_POINT('',(22.4,41.45));
#6140 = DIRECTION('',(0.,-1.));
#6141 = ( GEOMETRIC_REPRESENTATION_CONTEXT(2) 
PARAMETRIC_REPRESENTATION_CONTEXT() REPRESENTATION_CONTEXT('2D SPACE',''
  ) );
#6142 = PCURVE('',#6143,#6148);
#6143 = CYLINDRICAL_SURFACE('',#6144,2.95);
#6144 = AXIS2_PLACEMENT_3D('',#6145,#6146,#6147);
#6145 = CARTESIAN_POINT('',(22.4,41.45,1.));
#6146 = DIRECTION('',(0.,0.,1.));
#6147 = DIRECTION('',(1.,0.,-0.));
#6148 = DEFINITIONAL_REPRESENTATION('',(#6149),#6153);
#6149 = LINE('',#6150,#6151);
#6150 = CARTESIAN_POINT('',(-1.570796326795,1.8));
#6151 = VECTOR('',#6152,1.);
#6152 = DIRECTION('',(1.,0.));
#6153 = ( GEOMETRIC_REPRESENTATION_CONTEXT(2) 
PARAMETRIC_REPRESENTATION_CONTEXT() REPRESENTATION_CONTEXT('2D SPACE',''
  ) );
#6154 = ORIENTED_EDGE('',*,*,#6155,.T.);
#6155 = EDGE_CURVE('',#6127,#4911,#6156,.T.);
#6156 = SURFACE_CURVE('',#6157,(#6161,#6168),.PCURVE_S1.);
#6157 = LINE('',#6158,#6159);
#6158 = CARTESIAN_POINT('',(25.35,44.4,2.8));
#6159 = VECTOR('',#6160,1.);
#6160 = DIRECTION('',(-1.,0.,0.));
#6161 = PCURVE('',#4566,#6162);
#6162 = DEFINITIONAL_REPRESENTATION('',(#6163),#6167);
#6163 = LINE('',#6164,#6165);
#6164 = CARTESIAN_POINT('',(25.35,44.4));
#6165 = VECTOR('',#6166,1.);
#6166 = DIRECTION('',(-1.,0.));
#6167 = ( GEOMETRIC_REPRESENTATION_CONTEXT(2) 
PARAMETRIC_REPRESENTATION_CONTEXT() REPRESENTATION_CONTEXT('2D SPACE',''
  ) );
#6168 = PCURVE('',#4972,#6169);
#6169 = DEFINITIONAL_REPRESENTATION('',(#6170),#6174);
#6170 = LINE('',#6171,#6172);
#6171 = CARTESIAN_POINT('',(0.,-1.8));
#6172 = VECTOR('',#6173,1.);
#6173 = DIRECTION('',(1.,0.));
#6174 = ( GEOMETRIC_REPRESENTATION_CONTEXT(2) 
PARAMETRIC_REPRESENTATION_CONTEXT() REPRESENTATION_CONTEXT('2D SPACE',''
  ) );
#6175 = ORIENTED_EDGE('',*,*,#4910,.T.);
#6176 = ORIENTED_EDGE('',*,*,#6177,.T.);
#6177 = EDGE_CURVE('',#4790,#6178,#6180,.T.);
#6178 = VERTEX_POINT('',#6179);
#6179 = CARTESIAN_POINT('',(-22.4,44.4,2.8));
#6180 = SURFACE_CURVE('',#6181,(#6185,#6192),.PCURVE_S1.);
#6181 = LINE('',#6182,#6183);
#6182 = CARTESIAN_POINT('',(25.35,44.4,2.8));
#6183 = VECTOR('',#6184,1.);
#6184 = DIRECTION('',(-1.,0.,0.));
#6185 = PCURVE('',#4566,#6186);
#6186 = DEFINITIONAL_REPRESENTATION('',(#6187),#6191);
#6187 = LINE('',#6188,#6189);
#6188 = CARTESIAN_POINT('',(25.35,44.4));
#6189 = VECTOR('',#6190,1.);
#6190 = DIRECTION('',(-1.,0.));
#6191 = ( GEOMETRIC_REPRESENTATION_CONTEXT(2) 
PARAMETRIC_REPRESENTATION_CONTEXT() REPRESENTATION_CONTEXT('2D SPACE',''
  ) );
#6192 = PCURVE('',#4804,#6193);
#6193 = DEFINITIONAL_REPRESENTATION('',(#6194),#6198);
#6194 = LINE('',#6195,#6196);
#6195 = CARTESIAN_POINT('',(0.,-1.8));
#6196 = VECTOR('',#6197,1.);
#6197 = DIRECTION('',(1.,0.));
#6198 = ( GEOMETRIC_REPRESENTATION_CONTEXT(2) 
PARAMETRIC_REPRESENTATION_CONTEXT() REPRESENTATION_CONTEXT('2D SPACE',''
  ) );
#6199 = ORIENTED_EDGE('',*,*,#6200,.T.);
#6200 = EDGE_CURVE('',#6178,#6201,#6203,.T.);
#6201 = VERTEX_POINT('',#6202);
#6202 = CARTESIAN_POINT('',(-25.35,41.45,2.8));
#6203 = SURFACE_CURVE('',#6204,(#6209,#6216),.PCURVE_S1.);
#6204 = CIRCLE('',#6205,2.95);
#6205 = AXIS2_PLACEMENT_3D('',#6206,#6207,#6208);
#6206 = CARTESIAN_POINT('',(-22.4,41.45,2.8));
#6207 = DIRECTION('',(0.,0.,1.));
#6208 = DIRECTION('',(0.,-1.,0.));
#6209 = PCURVE('',#4566,#6210);
#6210 = DEFINITIONAL_REPRESENTATION('',(#6211),#6215);
#6211 = CIRCLE('',#6212,2.95);
#6212 = AXIS2_PLACEMENT_2D('',#6213,#6214);
#6213 = CARTESIAN_POINT('',(-22.4,41.45));
#6214 = DIRECTION('',(0.,-1.));
#6215 = ( GEOMETRIC_REPRESENTATION_CONTEXT(2) 
PARAMETRIC_REPRESENTATION_CONTEXT() REPRESENTATION_CONTEXT('2D SPACE',''
  ) );
#6216 = PCURVE('',#6217,#6222);
#6217 = CYLINDRICAL_SURFACE('',#6218,2.95);
#6218 = AXIS2_PLACEMENT_3D('',#6219,#6220,#6221);
#6219 = CARTESIAN_POINT('',(-22.4,41.45,1.));
#6220 = DIRECTION('',(0.,0.,1.));
#6221 = DIRECTION('',(-0.,1.,0.));
#6222 = DEFINITIONAL_REPRESENTATION('',(#6223),#6227);
#6223 = LINE('',#6224,#6225);
#6224 = CARTESIAN_POINT('',(-3.14159265359,1.8));
#6225 = VECTOR('',#6226,1.);
#6226 = DIRECTION('',(1.,0.));
#6227 = ( GEOMETRIC_REPRESENTATION_CONTEXT(2) 
PARAMETRIC_REPRESENTATION_CONTEXT() REPRESENTATION_CONTEXT('2D SPACE',''
  ) );
#6228 = ORIENTED_EDGE('',*,*,#6229,.T.);
#6229 = EDGE_CURVE('',#6201,#4603,#6230,.T.);
#6230 = SURFACE_CURVE('',#6231,(#6235,#6242),.PCURVE_S1.);
#6231 = LINE('',#6232,#6233);
#6232 = CARTESIAN_POINT('',(-25.35,44.4,2.8));
#6233 = VECTOR('',#6234,1.);
#6234 = DIRECTION('',(0.,-1.,0.));
#6235 = PCURVE('',#4566,#6236);
#6236 = DEFINITIONAL_REPRESENTATION('',(#6237),#6241);
#6237 = LINE('',#6238,#6239);
#6238 = CARTESIAN_POINT('',(-25.35,44.4));
#6239 = VECTOR('',#6240,1.);
#6240 = DIRECTION('',(0.,-1.));
#6241 = ( GEOMETRIC_REPRESENTATION_CONTEXT(2) 
PARAMETRIC_REPRESENTATION_CONTEXT() REPRESENTATION_CONTEXT('2D SPACE',''
  ) );
#6242 = PCURVE('',#4849,#6243);
#6243 = DEFINITIONAL_REPRESENTATION('',(#6244),#6248);
#6244 = LINE('',#6245,#6246);
#6245 = CARTESIAN_POINT('',(0.,-1.8));
#6246 = VECTOR('',#6247,1.);
#6247 = DIRECTION('',(1.,0.));
#6248 = ( GEOMETRIC_REPRESENTATION_CONTEXT(2) 
PARAMETRIC_REPRESENTATION_CONTEXT() REPRESENTATION_CONTEXT('2D SPACE',''
  ) );
#6249 = ORIENTED_EDGE('',*,*,#4602,.T.);
#6250 = ORIENTED_EDGE('',*,*,#6004,.T.);
#6251 = ORIENTED_EDGE('',*,*,#6252,.F.);
#6252 = EDGE_CURVE('',#5932,#5980,#6253,.T.);
#6253 = SURFACE_CURVE('',#6254,(#6259,#6270),.PCURVE_S1.);
#6254 = CIRCLE('',#6255,2.95);
#6255 = AXIS2_PLACEMENT_3D('',#6256,#6257,#6258);
#6256 = CARTESIAN_POINT('',(-22.4,-41.45,2.8));
#6257 = DIRECTION('',(-0.,-0.,-1.));
#6258 = DIRECTION('',(0.,-1.,0.));
#6259 = PCURVE('',#4566,#6260);
#6260 = DEFINITIONAL_REPRESENTATION('',(#6261),#6269);
#6261 = ( BOUNDED_CURVE() B_SPLINE_CURVE(2,(#6262,#6263,#6264,#6265,
#6266,#6267,#6268),.UNSPECIFIED.,.T.,.F.) B_SPLINE_CURVE_WITH_KNOTS((1,2
    ,2,2,2,1),(-2.094395102393,0.,2.094395102393,4.188790204786,
6.28318530718,8.377580409573),.UNSPECIFIED.) CURVE() 
GEOMETRIC_REPRESENTATION_ITEM() RATIONAL_B_SPLINE_CURVE((1.,0.5,1.,0.5,
1.,0.5,1.)) REPRESENTATION_ITEM('') );
#6262 = CARTESIAN_POINT('',(-22.4,-44.4));
#6263 = CARTESIAN_POINT('',(-27.50954988232,-44.4));
#6264 = CARTESIAN_POINT('',(-24.95477494116,-39.975));
#6265 = CARTESIAN_POINT('',(-22.4,-35.55));
#6266 = CARTESIAN_POINT('',(-19.84522505883,-39.975));
#6267 = CARTESIAN_POINT('',(-17.29045011767,-44.4));
#6268 = CARTESIAN_POINT('',(-22.4,-44.4));
#6269 = ( GEOMETRIC_REPRESENTATION_CONTEXT(2) 
PARAMETRIC_REPRESENTATION_CONTEXT() REPRESENTATION_CONTEXT('2D SPACE',''
  ) );
#6270 = PCURVE('',#5915,#6271);
#6271 = DEFINITIONAL_REPRESENTATION('',(#6272),#6276);
#6272 = LINE('',#6273,#6274);
#6273 = CARTESIAN_POINT('',(-0.,1.8));
#6274 = VECTOR('',#6275,1.);
#6275 = DIRECTION('',(-1.,0.));
#6276 = ( GEOMETRIC_REPRESENTATION_CONTEXT(2) 
PARAMETRIC_REPRESENTATION_CONTEXT() REPRESENTATION_CONTEXT('2D SPACE',''
  ) );
#6277 = ORIENTED_EDGE('',*,*,#5954,.T.);
#6278 = FACE_BOUND('',#6279,.T.);
#6279 = EDGE_LOOP('',(#6280));
#6280 = ORIENTED_EDGE('',*,*,#6281,.T.);
#6281 = EDGE_CURVE('',#6282,#6282,#6284,.T.);
#6282 = VERTEX_POINT('',#6283);
#6283 = CARTESIAN_POINT('',(-21.6,-41.45,2.8));
#6284 = SURFACE_CURVE('',#6285,(#6290,#6301),.PCURVE_S1.);
#6285 = CIRCLE('',#6286,0.8);
#6286 = AXIS2_PLACEMENT_3D('',#6287,#6288,#6289);
#6287 = CARTESIAN_POINT('',(-22.4,-41.45,2.8));
#6288 = DIRECTION('',(0.,0.,-1.));
#6289 = DIRECTION('',(1.,0.,0.));
#6290 = PCURVE('',#4566,#6291);
#6291 = DEFINITIONAL_REPRESENTATION('',(#6292),#6300);
#6292 = ( BOUNDED_CURVE() B_SPLINE_CURVE(2,(#6293,#6294,#6295,#6296,
#6297,#6298,#6299),.UNSPECIFIED.,.T.,.F.) B_SPLINE_CURVE_WITH_KNOTS((1,2
    ,2,2,2,1),(-2.094395102393,0.,2.094395102393,4.188790204786,
6.28318530718,8.377580409573),.UNSPECIFIED.) CURVE() 
GEOMETRIC_REPRESENTATION_ITEM() RATIONAL_B_SPLINE_CURVE((1.,0.5,1.,0.5,
1.,0.5,1.)) REPRESENTATION_ITEM('') );
#6293 = CARTESIAN_POINT('',(-21.6,-41.45));
#6294 = CARTESIAN_POINT('',(-21.6,-42.83564064605));
#6295 = CARTESIAN_POINT('',(-22.8,-42.14282032302));
#6296 = CARTESIAN_POINT('',(-24.,-41.45));
#6297 = CARTESIAN_POINT('',(-22.8,-40.75717967697));
#6298 = CARTESIAN_POINT('',(-21.6,-40.06435935394));
#6299 = CARTESIAN_POINT('',(-21.6,-41.45));
#6300 = ( GEOMETRIC_REPRESENTATION_CONTEXT(2) 
PARAMETRIC_REPRESENTATION_CONTEXT() REPRESENTATION_CONTEXT('2D SPACE',''
  ) );
#6301 = PCURVE('',#6302,#6307);
#6302 = CYLINDRICAL_SURFACE('',#6303,0.8);
#6303 = AXIS2_PLACEMENT_3D('',#6304,#6305,#6306);
#6304 = CARTESIAN_POINT('',(-22.4,-41.45,-0.25));
#6305 = DIRECTION('',(-0.,-0.,-1.));
#6306 = DIRECTION('',(1.,0.,0.));
#6307 = DEFINITIONAL_REPRESENTATION('',(#6308),#6312);
#6308 = LINE('',#6309,#6310);
#6309 = CARTESIAN_POINT('',(-6.28318530718,-3.05));
#6310 = VECTOR('',#6311,1.);
#6311 = DIRECTION('',(1.,-0.));
#6312 = ( GEOMETRIC_REPRESENTATION_CONTEXT(2) 
PARAMETRIC_REPRESENTATION_CONTEXT() REPRESENTATION_CONTEXT('2D SPACE',''
  ) );
#6313 = FACE_BOUND('',#6314,.T.);
#6314 = EDGE_LOOP('',(#6315));
#6315 = ORIENTED_EDGE('',*,*,#6316,.T.);
#6316 = EDGE_CURVE('',#6317,#6317,#6319,.T.);
#6317 = VERTEX_POINT('',#6318);
#6318 = CARTESIAN_POINT('',(23.2,-41.45,2.8));
#6319 = SURFACE_CURVE('',#6320,(#6325,#6336),.PCURVE_S1.);
#6320 = CIRCLE('',#6321,0.8);
#6321 = AXIS2_PLACEMENT_3D('',#6322,#6323,#6324);
#6322 = CARTESIAN_POINT('',(22.4,-41.45,2.8));
#6323 = DIRECTION('',(0.,0.,-1.));
#6324 = DIRECTION('',(1.,0.,0.));
#6325 = PCURVE('',#4566,#6326);
#6326 = DEFINITIONAL_REPRESENTATION('',(#6327),#6335);
#6327 = ( BOUNDED_CURVE() B_SPLINE_CURVE(2,(#6328,#6329,#6330,#6331,
#6332,#6333,#6334),.UNSPECIFIED.,.T.,.F.) B_SPLINE_CURVE_WITH_KNOTS((1,2
    ,2,2,2,1),(-2.094395102393,0.,2.094395102393,4.188790204786,
6.28318530718,8.377580409573),.UNSPECIFIED.) CURVE() 
GEOMETRIC_REPRESENTATION_ITEM() RATIONAL_B_SPLINE_CURVE((1.,0.5,1.,0.5,
1.,0.5,1.)) REPRESENTATION_ITEM('') );
#6328 = CARTESIAN_POINT('',(23.2,-41.45));
#6329 = CARTESIAN_POINT('',(23.2,-42.83564064605));
#6330 = CARTESIAN_POINT('',(22.,-42.14282032302));
#6331 = CARTESIAN_POINT('',(20.8,-41.45));
#6332 = CARTESIAN_POINT('',(22.,-40.75717967697));
#6333 = CARTESIAN_POINT('',(23.2,-40.06435935394));
#6334 = CARTESIAN_POINT('',(23.2,-41.45));
#6335 = ( GEOMETRIC_REPRESENTATION_CONTEXT(2) 
PARAMETRIC_REPRESENTATION_CONTEXT() REPRESENTATION_CONTEXT('2D SPACE',''
  ) );
#6336 = PCURVE('',#6337,#6342);
#6337 = CYLINDRICAL_SURFACE('',#6338,0.8);
#6338 = AXIS2_PLACEMENT_3D('',#6339,#6340,#6341);
#6339 = CARTESIAN_POINT('',(22.4,-41.45,-0.25));
#6340 = DIRECTION('',(-0.,-0.,-1.));
#6341 = DIRECTION('',(1.,0.,0.));
#6342 = DEFINITIONAL_REPRESENTATION('',(#6343),#6347);
#6343 = LINE('',#6344,#6345);
#6344 = CARTESIAN_POINT('',(-6.28318530718,-3.05));
#6345 = VECTOR('',#6346,1.);
#6346 = DIRECTION('',(1.,-0.));
#6347 = ( GEOMETRIC_REPRESENTATION_CONTEXT(2) 
PARAMETRIC_REPRESENTATION_CONTEXT() REPRESENTATION_CONTEXT('2D SPACE',''
  ) );
#6348 = FACE_BOUND('',#6349,.T.);
#6349 = EDGE_LOOP('',(#6350));
#6350 = ORIENTED_EDGE('',*,*,#6351,.T.);
#6351 = EDGE_CURVE('',#6352,#6352,#6354,.T.);
#6352 = VERTEX_POINT('',#6353);
#6353 = CARTESIAN_POINT('',(-21.6,41.45,2.8));
#6354 = SURFACE_CURVE('',#6355,(#6360,#6371),.PCURVE_S1.);
#6355 = CIRCLE('',#6356,0.8);
#6356 = AXIS2_PLACEMENT_3D('',#6357,#6358,#6359);
#6357 = CARTESIAN_POINT('',(-22.4,41.45,2.8));
#6358 = DIRECTION('',(0.,0.,-1.));
#6359 = DIRECTION('',(1.,0.,0.));
#6360 = PCURVE('',#4566,#6361);
#6361 = DEFINITIONAL_REPRESENTATION('',(#6362),#6370);
#6362 = ( BOUNDED_CURVE() B_SPLINE_CURVE(2,(#6363,#6364,#6365,#6366,
#6367,#6368,#6369),.UNSPECIFIED.,.T.,.F.) B_SPLINE_CURVE_WITH_KNOTS((1,2
    ,2,2,2,1),(-2.094395102393,0.,2.094395102393,4.188790204786,
6.28318530718,8.377580409573),.UNSPECIFIED.) CURVE() 
GEOMETRIC_REPRESENTATION_ITEM() RATIONAL_B_SPLINE_CURVE((1.,0.5,1.,0.5,
1.,0.5,1.)) REPRESENTATION_ITEM('') );
#6363 = CARTESIAN_POINT('',(-21.6,41.45));
#6364 = CARTESIAN_POINT('',(-21.6,40.064359353945));
#6365 = CARTESIAN_POINT('',(-22.8,40.757179676972));
#6366 = CARTESIAN_POINT('',(-24.,41.45));
#6367 = CARTESIAN_POINT('',(-22.8,42.142820323028));
#6368 = CARTESIAN_POINT('',(-21.6,42.835640646055));
#6369 = CARTESIAN_POINT('',(-21.6,41.45));
#6370 = ( GEOMETRIC_REPRESENTATION_CONTEXT(2) 
PARAMETRIC_REPRESENTATION_CONTEXT() REPRESENTATION_CONTEXT('2D SPACE',''
  ) );
#6371 = PCURVE('',#6372,#6377);
#6372 = CYLINDRICAL_SURFACE('',#6373,0.8);
#6373 = AXIS2_PLACEMENT_3D('',#6374,#6375,#6376);
#6374 = CARTESIAN_POINT('',(-22.4,41.45,-0.25));
#6375 = DIRECTION('',(-0.,-0.,-1.));
#6376 = DIRECTION('',(1.,0.,0.));
#6377 = DEFINITIONAL_REPRESENTATION('',(#6378),#6382);
#6378 = LINE('',#6379,#6380);
#6379 = CARTESIAN_POINT('',(-6.28318530718,-3.05));
#6380 = VECTOR('',#6381,1.);
#6381 = DIRECTION('',(1.,-0.));
#6382 = ( GEOMETRIC_REPRESENTATION_CONTEXT(2) 
PARAMETRIC_REPRESENTATION_CONTEXT() REPRESENTATION_CONTEXT('2D SPACE',''
  ) );
#6383 = FACE_BOUND('',#6384,.T.);
#6384 = EDGE_LOOP('',(#6385,#6415,#6447,#6474,#6503,#6531,#6560,#6588,
    #6617,#6645,#6674,#6701,#6733,#6761,#6789,#6822,#6850,#6883));
#6385 = ORIENTED_EDGE('',*,*,#6386,.T.);
#6386 = EDGE_CURVE('',#6387,#6389,#6391,.T.);
#6387 = VERTEX_POINT('',#6388);
#6388 = CARTESIAN_POINT('',(23.,-34.55,2.8));
#6389 = VERTEX_POINT('',#6390);
#6390 = CARTESIAN_POINT('',(23.,-38.35767078078,2.8));
#6391 = SURFACE_CURVE('',#6392,(#6396,#6403),.PCURVE_S1.);
#6392 = LINE('',#6393,#6394);
#6393 = CARTESIAN_POINT('',(23.,-42.45,2.8));
#6394 = VECTOR('',#6395,1.);
#6395 = DIRECTION('',(-6.123233995737E-17,-1.,-6.123233995737E-17));
#6396 = PCURVE('',#4566,#6397);
#6397 = DEFINITIONAL_REPRESENTATION('',(#6398),#6402);
#6398 = LINE('',#6399,#6400);
#6399 = CARTESIAN_POINT('',(23.,-42.45));
#6400 = VECTOR('',#6401,1.);
#6401 = DIRECTION('',(-6.123233995737E-17,-1.));
#6402 = ( GEOMETRIC_REPRESENTATION_CONTEXT(2) 
PARAMETRIC_REPRESENTATION_CONTEXT() REPRESENTATION_CONTEXT('2D SPACE',''
  ) );
#6403 = PCURVE('',#6404,#6409);
#6404 = PLANE('',#6405);
#6405 = AXIS2_PLACEMENT_3D('',#6406,#6407,#6408);
#6406 = CARTESIAN_POINT('',(22.9,-42.45,2.7));
#6407 = DIRECTION('',(0.707106781187,0.,-0.707106781187));
#6408 = DIRECTION('',(0.707106781187,-8.659560562355E-17,0.707106781187)
  );
#6409 = DEFINITIONAL_REPRESENTATION('',(#6410),#6414);
#6410 = LINE('',#6411,#6412);
#6411 = CARTESIAN_POINT('',(0.141421356237,-1.224646799147E-17));
#6412 = VECTOR('',#6413,1.);
#6413 = DIRECTION('',(6.162975822039E-33,1.));
#6414 = ( GEOMETRIC_REPRESENTATION_CONTEXT(2) 
PARAMETRIC_REPRESENTATION_CONTEXT() REPRESENTATION_CONTEXT('2D SPACE',''
  ) );
#6415 = ORIENTED_EDGE('',*,*,#6416,.T.);
#6416 = EDGE_CURVE('',#6389,#6417,#6419,.T.);
#6417 = VERTEX_POINT('',#6418);
#6418 = CARTESIAN_POINT('',(24.4,-39.01638129527,2.8));
#6419 = SURFACE_CURVE('',#6420,(#6425,#6436),.PCURVE_S1.);
#6420 = CIRCLE('',#6421,3.15);
#6421 = AXIS2_PLACEMENT_3D('',#6422,#6423,#6424);
#6422 = CARTESIAN_POINT('',(22.4,-41.45,2.8));
#6423 = DIRECTION('',(0.,0.,-1.));
#6424 = DIRECTION('',(1.,0.,0.));
#6425 = PCURVE('',#4566,#6426);
#6426 = DEFINITIONAL_REPRESENTATION('',(#6427),#6435);
#6427 = ( BOUNDED_CURVE() B_SPLINE_CURVE(2,(#6428,#6429,#6430,#6431,
#6432,#6433,#6434),.UNSPECIFIED.,.T.,.F.) B_SPLINE_CURVE_WITH_KNOTS((1,2
    ,2,2,2,1),(-2.094395102393,0.,2.094395102393,4.188790204786,
6.28318530718,8.377580409573),.UNSPECIFIED.) CURVE() 
GEOMETRIC_REPRESENTATION_ITEM() RATIONAL_B_SPLINE_CURVE((1.,0.5,1.,0.5,
1.,0.5,1.)) REPRESENTATION_ITEM('') );
#6428 = CARTESIAN_POINT('',(25.55,-41.45));
#6429 = CARTESIAN_POINT('',(25.55,-46.90596004384));
#6430 = CARTESIAN_POINT('',(20.825,-44.17798002192));
#6431 = CARTESIAN_POINT('',(16.1,-41.45));
#6432 = CARTESIAN_POINT('',(20.825,-38.72201997807));
#6433 = CARTESIAN_POINT('',(25.55,-35.99403995615));
#6434 = CARTESIAN_POINT('',(25.55,-41.45));
#6435 = ( GEOMETRIC_REPRESENTATION_CONTEXT(2) 
PARAMETRIC_REPRESENTATION_CONTEXT() REPRESENTATION_CONTEXT('2D SPACE',''
  ) );
#6436 = PCURVE('',#6437,#6442);
#6437 = CYLINDRICAL_SURFACE('',#6438,3.15);
#6438 = AXIS2_PLACEMENT_3D('',#6439,#6440,#6441);
#6439 = CARTESIAN_POINT('',(22.4,-41.45,2.79));
#6440 = DIRECTION('',(-0.,-0.,-1.));
#6441 = DIRECTION('',(1.,0.,0.));
#6442 = DEFINITIONAL_REPRESENTATION('',(#6443),#6446);
#6443 = B_SPLINE_CURVE_WITH_KNOTS('',1,(#6444,#6445),.UNSPECIFIED.,.F.,
  .F.,(2,2),(4.871793352946,5.924924088667),.PIECEWISE_BEZIER_KNOTS.);
#6444 = CARTESIAN_POINT('',(-7.694577261413,-1.E-02));
#6445 = CARTESIAN_POINT('',(-6.641446525692,-1.E-02));
#6446 = ( GEOMETRIC_REPRESENTATION_CONTEXT(2) 
PARAMETRIC_REPRESENTATION_CONTEXT() REPRESENTATION_CONTEXT('2D SPACE',''
  ) );
#6447 = ORIENTED_EDGE('',*,*,#6448,.T.);
#6448 = EDGE_CURVE('',#6417,#6449,#6451,.T.);
#6449 = VERTEX_POINT('',#6450);
#6450 = CARTESIAN_POINT('',(24.4,-39.95,2.8));
#6451 = SURFACE_CURVE('',#6452,(#6456,#6463),.PCURVE_S1.);
#6452 = LINE('',#6453,#6454);
#6453 = CARTESIAN_POINT('',(24.4,-21.225,2.8));
#6454 = VECTOR('',#6455,1.);
#6455 = DIRECTION('',(0.,-1.,0.));
#6456 = PCURVE('',#4566,#6457);
#6457 = DEFINITIONAL_REPRESENTATION('',(#6458),#6462);
#6458 = LINE('',#6459,#6460);
#6459 = CARTESIAN_POINT('',(24.4,-21.225));
#6460 = VECTOR('',#6461,1.);
#6461 = DIRECTION('',(0.,-1.));
#6462 = ( GEOMETRIC_REPRESENTATION_CONTEXT(2) 
PARAMETRIC_REPRESENTATION_CONTEXT() REPRESENTATION_CONTEXT('2D SPACE',''
  ) );
#6463 = PCURVE('',#6464,#6469);
#6464 = PLANE('',#6465);
#6465 = AXIS2_PLACEMENT_3D('',#6466,#6467,#6468);
#6466 = CARTESIAN_POINT('',(24.4,-42.45,0.99));
#6467 = DIRECTION('',(-1.,0.,0.));
#6468 = DIRECTION('',(0.,1.,0.));
#6469 = DEFINITIONAL_REPRESENTATION('',(#6470),#6473);
#6470 = B_SPLINE_CURVE_WITH_KNOTS('',1,(#6471,#6472),.UNSPECIFIED.,.F.,
  .F.,(2,2),(-61.725,19.275),.PIECEWISE_BEZIER_KNOTS.);
#6471 = CARTESIAN_POINT('',(82.95,-1.81));
#6472 = CARTESIAN_POINT('',(1.95,-1.81));
#6473 = ( GEOMETRIC_REPRESENTATION_CONTEXT(2) 
PARAMETRIC_REPRESENTATION_CONTEXT() REPRESENTATION_CONTEXT('2D SPACE',''
  ) );
#6474 = ORIENTED_EDGE('',*,*,#6475,.T.);
#6475 = EDGE_CURVE('',#6449,#6476,#6478,.T.);
#6476 = VERTEX_POINT('',#6477);
#6477 = CARTESIAN_POINT('',(20.155005567936,-42.55,2.8));
#6478 = SURFACE_CURVE('',#6479,(#6484,#6491),.PCURVE_S1.);
#6479 = CIRCLE('',#6480,2.5);
#6480 = AXIS2_PLACEMENT_3D('',#6481,#6482,#6483);
#6481 = CARTESIAN_POINT('',(22.4,-41.45,2.8));
#6482 = DIRECTION('',(0.,0.,1.));
#6483 = DIRECTION('',(1.,0.,-0.));
#6484 = PCURVE('',#4566,#6485);
#6485 = DEFINITIONAL_REPRESENTATION('',(#6486),#6490);
#6486 = CIRCLE('',#6487,2.5);
#6487 = AXIS2_PLACEMENT_2D('',#6488,#6489);
#6488 = CARTESIAN_POINT('',(22.4,-41.45));
#6489 = DIRECTION('',(1.,0.));
#6490 = ( GEOMETRIC_REPRESENTATION_CONTEXT(2) 
PARAMETRIC_REPRESENTATION_CONTEXT() REPRESENTATION_CONTEXT('2D SPACE',''
  ) );
#6491 = PCURVE('',#6492,#6497);
#6492 = CONICAL_SURFACE('',#6493,2.6,0.785398163397);
#6493 = AXIS2_PLACEMENT_3D('',#6494,#6495,#6496);
#6494 = CARTESIAN_POINT('',(22.4,-41.45,2.7));
#6495 = DIRECTION('',(-0.,-0.,-1.));
#6496 = DIRECTION('',(1.,0.,0.));
#6497 = DEFINITIONAL_REPRESENTATION('',(#6498),#6502);
#6498 = LINE('',#6499,#6500);
#6499 = CARTESIAN_POINT('',(-0.,-1.E-01));
#6500 = VECTOR('',#6501,1.);
#6501 = DIRECTION('',(-1.,-0.));
#6502 = ( GEOMETRIC_REPRESENTATION_CONTEXT(2) 
PARAMETRIC_REPRESENTATION_CONTEXT() REPRESENTATION_CONTEXT('2D SPACE',''
  ) );
#6503 = ORIENTED_EDGE('',*,*,#6504,.T.);
#6504 = EDGE_CURVE('',#6476,#6505,#6507,.T.);
#6505 = VERTEX_POINT('',#6506);
#6506 = CARTESIAN_POINT('',(-20.15500556793,-42.55,2.8));
#6507 = SURFACE_CURVE('',#6508,(#6512,#6519),.PCURVE_S1.);
#6508 = LINE('',#6509,#6510);
#6509 = CARTESIAN_POINT('',(-22.9,-42.55,2.8));
#6510 = VECTOR('',#6511,1.);
#6511 = DIRECTION('',(-1.,6.123233995737E-17,-6.123233995737E-17));
#6512 = PCURVE('',#4566,#6513);
#6513 = DEFINITIONAL_REPRESENTATION('',(#6514),#6518);
#6514 = LINE('',#6515,#6516);
#6515 = CARTESIAN_POINT('',(-22.9,-42.55));
#6516 = VECTOR('',#6517,1.);
#6517 = DIRECTION('',(-1.,6.123233995737E-17));
#6518 = ( GEOMETRIC_REPRESENTATION_CONTEXT(2) 
PARAMETRIC_REPRESENTATION_CONTEXT() REPRESENTATION_CONTEXT('2D SPACE',''
  ) );
#6519 = PCURVE('',#6520,#6525);
#6520 = PLANE('',#6521);
#6521 = AXIS2_PLACEMENT_3D('',#6522,#6523,#6524);
#6522 = CARTESIAN_POINT('',(-22.9,-42.45,2.7));
#6523 = DIRECTION('',(-0.,-0.707106781187,-0.707106781187));
#6524 = DIRECTION('',(-8.659560562355E-17,-0.707106781187,0.707106781187
    ));
#6525 = DEFINITIONAL_REPRESENTATION('',(#6526),#6530);
#6526 = LINE('',#6527,#6528);
#6527 = CARTESIAN_POINT('',(0.141421356237,-1.224646799147E-17));
#6528 = VECTOR('',#6529,1.);
#6529 = DIRECTION('',(6.162975822039E-33,1.));
#6530 = ( GEOMETRIC_REPRESENTATION_CONTEXT(2) 
PARAMETRIC_REPRESENTATION_CONTEXT() REPRESENTATION_CONTEXT('2D SPACE',''
  ) );
#6531 = ORIENTED_EDGE('',*,*,#6532,.T.);
#6532 = EDGE_CURVE('',#6505,#6533,#6535,.T.);
#6533 = VERTEX_POINT('',#6534);
#6534 = CARTESIAN_POINT('',(-23.,-39.02306778009,2.8));
#6535 = SURFACE_CURVE('',#6536,(#6541,#6548),.PCURVE_S1.);
#6536 = CIRCLE('',#6537,2.5);
#6537 = AXIS2_PLACEMENT_3D('',#6538,#6539,#6540);
#6538 = CARTESIAN_POINT('',(-22.4,-41.45,2.8));
#6539 = DIRECTION('',(-0.,0.,1.));
#6540 = DIRECTION('',(0.897997772826,-0.44,0.));
#6541 = PCURVE('',#4566,#6542);
#6542 = DEFINITIONAL_REPRESENTATION('',(#6543),#6547);
#6543 = CIRCLE('',#6544,2.5);
#6544 = AXIS2_PLACEMENT_2D('',#6545,#6546);
#6545 = CARTESIAN_POINT('',(-22.4,-41.45));
#6546 = DIRECTION('',(0.897997772826,-0.44));
#6547 = ( GEOMETRIC_REPRESENTATION_CONTEXT(2) 
PARAMETRIC_REPRESENTATION_CONTEXT() REPRESENTATION_CONTEXT('2D SPACE',''
  ) );
#6548 = PCURVE('',#6549,#6554);
#6549 = CONICAL_SURFACE('',#6550,2.6,0.785398163397);
#6550 = AXIS2_PLACEMENT_3D('',#6551,#6552,#6553);
#6551 = CARTESIAN_POINT('',(-22.4,-41.45,2.7));
#6552 = DIRECTION('',(-0.,-0.,-1.));
#6553 = DIRECTION('',(1.,0.,0.));
#6554 = DEFINITIONAL_REPRESENTATION('',(#6555),#6559);
#6555 = LINE('',#6556,#6557);
#6556 = CARTESIAN_POINT('',(-5.827586633784,-1.E-01));
#6557 = VECTOR('',#6558,1.);
#6558 = DIRECTION('',(-1.,-0.));
#6559 = ( GEOMETRIC_REPRESENTATION_CONTEXT(2) 
PARAMETRIC_REPRESENTATION_CONTEXT() REPRESENTATION_CONTEXT('2D SPACE',''
  ) );
#6560 = ORIENTED_EDGE('',*,*,#6561,.T.);
#6561 = EDGE_CURVE('',#6533,#6562,#6564,.T.);
#6562 = VERTEX_POINT('',#6563);
#6563 = CARTESIAN_POINT('',(-23.,39.023067780098,2.8));
#6564 = SURFACE_CURVE('',#6565,(#6569,#6576),.PCURVE_S1.);
#6565 = LINE('',#6566,#6567);
#6566 = CARTESIAN_POINT('',(-23.,42.45,2.8));
#6567 = VECTOR('',#6568,1.);
#6568 = DIRECTION('',(6.123233995737E-17,1.,-6.123233995737E-17));
#6569 = PCURVE('',#4566,#6570);
#6570 = DEFINITIONAL_REPRESENTATION('',(#6571),#6575);
#6571 = LINE('',#6572,#6573);
#6572 = CARTESIAN_POINT('',(-23.,42.45));
#6573 = VECTOR('',#6574,1.);
#6574 = DIRECTION('',(6.123233995737E-17,1.));
#6575 = ( GEOMETRIC_REPRESENTATION_CONTEXT(2) 
PARAMETRIC_REPRESENTATION_CONTEXT() REPRESENTATION_CONTEXT('2D SPACE',''
  ) );
#6576 = PCURVE('',#6577,#6582);
#6577 = PLANE('',#6578);
#6578 = AXIS2_PLACEMENT_3D('',#6579,#6580,#6581);
#6579 = CARTESIAN_POINT('',(-22.9,42.45,2.7));
#6580 = DIRECTION('',(-0.707106781187,0.,-0.707106781187));
#6581 = DIRECTION('',(-0.707106781187,8.659560562355E-17,0.707106781187)
  );
#6582 = DEFINITIONAL_REPRESENTATION('',(#6583),#6587);
#6583 = LINE('',#6584,#6585);
#6584 = CARTESIAN_POINT('',(0.141421356237,-1.224646799147E-17));
#6585 = VECTOR('',#6586,1.);
#6586 = DIRECTION('',(6.162975822039E-33,1.));
#6587 = ( GEOMETRIC_REPRESENTATION_CONTEXT(2) 
PARAMETRIC_REPRESENTATION_CONTEXT() REPRESENTATION_CONTEXT('2D SPACE',''
  ) );
#6588 = ORIENTED_EDGE('',*,*,#6589,.T.);
#6589 = EDGE_CURVE('',#6562,#6590,#6592,.T.);
#6590 = VERTEX_POINT('',#6591);
#6591 = CARTESIAN_POINT('',(-20.15500556793,42.55,2.8));
#6592 = SURFACE_CURVE('',#6593,(#6598,#6605),.PCURVE_S1.);
#6593 = CIRCLE('',#6594,2.5);
#6594 = AXIS2_PLACEMENT_3D('',#6595,#6596,#6597);
#6595 = CARTESIAN_POINT('',(-22.4,41.45,2.8));
#6596 = DIRECTION('',(0.,0.,1.));
#6597 = DIRECTION('',(-0.24,-0.970772887961,0.));
#6598 = PCURVE('',#4566,#6599);
#6599 = DEFINITIONAL_REPRESENTATION('',(#6600),#6604);
#6600 = CIRCLE('',#6601,2.5);
#6601 = AXIS2_PLACEMENT_2D('',#6602,#6603);
#6602 = CARTESIAN_POINT('',(-22.4,41.45));
#6603 = DIRECTION('',(-0.24,-0.970772887961));
#6604 = ( GEOMETRIC_REPRESENTATION_CONTEXT(2) 
PARAMETRIC_REPRESENTATION_CONTEXT() REPRESENTATION_CONTEXT('2D SPACE',''
  ) );
#6605 = PCURVE('',#6606,#6611);
#6606 = CONICAL_SURFACE('',#6607,2.6,0.785398163397);
#6607 = AXIS2_PLACEMENT_3D('',#6608,#6609,#6610);
#6608 = CARTESIAN_POINT('',(-22.4,41.45,2.7));
#6609 = DIRECTION('',(-0.,-0.,-1.));
#6610 = DIRECTION('',(1.,0.,0.));
#6611 = DEFINITIONAL_REPRESENTATION('',(#6612),#6616);
#6612 = LINE('',#6613,#6614);
#6613 = CARTESIAN_POINT('',(-4.470023129346,-1.E-01));
#6614 = VECTOR('',#6615,1.);
#6615 = DIRECTION('',(-1.,-0.));
#6616 = ( GEOMETRIC_REPRESENTATION_CONTEXT(2) 
PARAMETRIC_REPRESENTATION_CONTEXT() REPRESENTATION_CONTEXT('2D SPACE',''
  ) );
#6617 = ORIENTED_EDGE('',*,*,#6618,.T.);
#6618 = EDGE_CURVE('',#6590,#6619,#6621,.T.);
#6619 = VERTEX_POINT('',#6620);
#6620 = CARTESIAN_POINT('',(20.155005567936,42.55,2.8));
#6621 = SURFACE_CURVE('',#6622,(#6626,#6633),.PCURVE_S1.);
#6622 = LINE('',#6623,#6624);
#6623 = CARTESIAN_POINT('',(22.9,42.55,2.8));
#6624 = VECTOR('',#6625,1.);
#6625 = DIRECTION('',(1.,-6.123233995737E-17,-6.123233995737E-17));
#6626 = PCURVE('',#4566,#6627);
#6627 = DEFINITIONAL_REPRESENTATION('',(#6628),#6632);
#6628 = LINE('',#6629,#6630);
#6629 = CARTESIAN_POINT('',(22.9,42.55));
#6630 = VECTOR('',#6631,1.);
#6631 = DIRECTION('',(1.,-6.123233995737E-17));
#6632 = ( GEOMETRIC_REPRESENTATION_CONTEXT(2) 
PARAMETRIC_REPRESENTATION_CONTEXT() REPRESENTATION_CONTEXT('2D SPACE',''
  ) );
#6633 = PCURVE('',#6634,#6639);
#6634 = PLANE('',#6635);
#6635 = AXIS2_PLACEMENT_3D('',#6636,#6637,#6638);
#6636 = CARTESIAN_POINT('',(22.9,42.45,2.7));
#6637 = DIRECTION('',(0.,0.707106781187,-0.707106781187));
#6638 = DIRECTION('',(8.659560562355E-17,0.707106781187,0.707106781187)
  );
#6639 = DEFINITIONAL_REPRESENTATION('',(#6640),#6644);
#6640 = LINE('',#6641,#6642);
#6641 = CARTESIAN_POINT('',(0.141421356237,-1.224646799147E-17));
#6642 = VECTOR('',#6643,1.);
#6643 = DIRECTION('',(6.162975822039E-33,1.));
#6644 = ( GEOMETRIC_REPRESENTATION_CONTEXT(2) 
PARAMETRIC_REPRESENTATION_CONTEXT() REPRESENTATION_CONTEXT('2D SPACE',''
  ) );
#6645 = ORIENTED_EDGE('',*,*,#6646,.T.);
#6646 = EDGE_CURVE('',#6619,#6647,#6649,.T.);
#6647 = VERTEX_POINT('',#6648);
#6648 = CARTESIAN_POINT('',(24.4,39.95,2.8));
#6649 = SURFACE_CURVE('',#6650,(#6655,#6662),.PCURVE_S1.);
#6650 = CIRCLE('',#6651,2.5);
#6651 = AXIS2_PLACEMENT_3D('',#6652,#6653,#6654);
#6652 = CARTESIAN_POINT('',(22.4,41.45,2.8));
#6653 = DIRECTION('',(0.,0.,1.));
#6654 = DIRECTION('',(1.,0.,-0.));
#6655 = PCURVE('',#4566,#6656);
#6656 = DEFINITIONAL_REPRESENTATION('',(#6657),#6661);
#6657 = CIRCLE('',#6658,2.5);
#6658 = AXIS2_PLACEMENT_2D('',#6659,#6660);
#6659 = CARTESIAN_POINT('',(22.4,41.45));
#6660 = DIRECTION('',(1.,0.));
#6661 = ( GEOMETRIC_REPRESENTATION_CONTEXT(2) 
PARAMETRIC_REPRESENTATION_CONTEXT() REPRESENTATION_CONTEXT('2D SPACE',''
  ) );
#6662 = PCURVE('',#6663,#6668);
#6663 = CONICAL_SURFACE('',#6664,2.6,0.785398163397);
#6664 = AXIS2_PLACEMENT_3D('',#6665,#6666,#6667);
#6665 = CARTESIAN_POINT('',(22.4,41.45,2.7));
#6666 = DIRECTION('',(-0.,-0.,-1.));
#6667 = DIRECTION('',(1.,0.,0.));
#6668 = DEFINITIONAL_REPRESENTATION('',(#6669),#6673);
#6669 = LINE('',#6670,#6671);
#6670 = CARTESIAN_POINT('',(-0.,-1.E-01));
#6671 = VECTOR('',#6672,1.);
#6672 = DIRECTION('',(-1.,-0.));
#6673 = ( GEOMETRIC_REPRESENTATION_CONTEXT(2) 
PARAMETRIC_REPRESENTATION_CONTEXT() REPRESENTATION_CONTEXT('2D SPACE',''
  ) );
#6674 = ORIENTED_EDGE('',*,*,#6675,.T.);
#6675 = EDGE_CURVE('',#6647,#6676,#6678,.T.);
#6676 = VERTEX_POINT('',#6677);
#6677 = CARTESIAN_POINT('',(24.4,39.016381295272,2.8));
#6678 = SURFACE_CURVE('',#6679,(#6683,#6690),.PCURVE_S1.);
#6679 = LINE('',#6680,#6681);
#6680 = CARTESIAN_POINT('',(24.4,-21.225,2.8));
#6681 = VECTOR('',#6682,1.);
#6682 = DIRECTION('',(0.,-1.,0.));
#6683 = PCURVE('',#4566,#6684);
#6684 = DEFINITIONAL_REPRESENTATION('',(#6685),#6689);
#6685 = LINE('',#6686,#6687);
#6686 = CARTESIAN_POINT('',(24.4,-21.225));
#6687 = VECTOR('',#6688,1.);
#6688 = DIRECTION('',(0.,-1.));
#6689 = ( GEOMETRIC_REPRESENTATION_CONTEXT(2) 
PARAMETRIC_REPRESENTATION_CONTEXT() REPRESENTATION_CONTEXT('2D SPACE',''
  ) );
#6690 = PCURVE('',#6691,#6696);
#6691 = PLANE('',#6692);
#6692 = AXIS2_PLACEMENT_3D('',#6693,#6694,#6695);
#6693 = CARTESIAN_POINT('',(24.4,-42.45,0.99));
#6694 = DIRECTION('',(-1.,0.,0.));
#6695 = DIRECTION('',(0.,1.,0.));
#6696 = DEFINITIONAL_REPRESENTATION('',(#6697),#6700);
#6697 = B_SPLINE_CURVE_WITH_KNOTS('',1,(#6698,#6699),.UNSPECIFIED.,.F.,
  .F.,(2,2),(-61.725,19.275),.PIECEWISE_BEZIER_KNOTS.);
#6698 = CARTESIAN_POINT('',(82.95,-1.81));
#6699 = CARTESIAN_POINT('',(1.95,-1.81));
#6700 = ( GEOMETRIC_REPRESENTATION_CONTEXT(2) 
PARAMETRIC_REPRESENTATION_CONTEXT() REPRESENTATION_CONTEXT('2D SPACE',''
  ) );
#6701 = ORIENTED_EDGE('',*,*,#6702,.T.);
#6702 = EDGE_CURVE('',#6676,#6703,#6705,.T.);
#6703 = VERTEX_POINT('',#6704);
#6704 = CARTESIAN_POINT('',(23.,38.357670780787,2.8));
#6705 = SURFACE_CURVE('',#6706,(#6711,#6722),.PCURVE_S1.);
#6706 = CIRCLE('',#6707,3.15);
#6707 = AXIS2_PLACEMENT_3D('',#6708,#6709,#6710);
#6708 = CARTESIAN_POINT('',(22.4,41.45,2.8));
#6709 = DIRECTION('',(0.,0.,-1.));
#6710 = DIRECTION('',(1.,0.,0.));
#6711 = PCURVE('',#4566,#6712);
#6712 = DEFINITIONAL_REPRESENTATION('',(#6713),#6721);
#6713 = ( BOUNDED_CURVE() B_SPLINE_CURVE(2,(#6714,#6715,#6716,#6717,
#6718,#6719,#6720),.UNSPECIFIED.,.T.,.F.) B_SPLINE_CURVE_WITH_KNOTS((1,2
    ,2,2,2,1),(-2.094395102393,0.,2.094395102393,4.188790204786,
6.28318530718,8.377580409573),.UNSPECIFIED.) CURVE() 
GEOMETRIC_REPRESENTATION_ITEM() RATIONAL_B_SPLINE_CURVE((1.,0.5,1.,0.5,
1.,0.5,1.)) REPRESENTATION_ITEM('') );
#6714 = CARTESIAN_POINT('',(25.55,41.45));
#6715 = CARTESIAN_POINT('',(25.55,35.994039956158));
#6716 = CARTESIAN_POINT('',(20.825,38.722019978079));
#6717 = CARTESIAN_POINT('',(16.1,41.45));
#6718 = CARTESIAN_POINT('',(20.825,44.177980021921));
#6719 = CARTESIAN_POINT('',(25.55,46.905960043842));
#6720 = CARTESIAN_POINT('',(25.55,41.45));
#6721 = ( GEOMETRIC_REPRESENTATION_CONTEXT(2) 
PARAMETRIC_REPRESENTATION_CONTEXT() REPRESENTATION_CONTEXT('2D SPACE',''
  ) );
#6722 = PCURVE('',#6723,#6728);
#6723 = CYLINDRICAL_SURFACE('',#6724,3.15);
#6724 = AXIS2_PLACEMENT_3D('',#6725,#6726,#6727);
#6725 = CARTESIAN_POINT('',(22.4,41.45,2.79));
#6726 = DIRECTION('',(-0.,-0.,-1.));
#6727 = DIRECTION('',(1.,0.,0.));
#6728 = DEFINITIONAL_REPRESENTATION('',(#6729),#6732);
#6729 = B_SPLINE_CURVE_WITH_KNOTS('',1,(#6730,#6731),.UNSPECIFIED.,.F.,
  .F.,(2,2),(0.358261218513,1.411391954233),.PIECEWISE_BEZIER_KNOTS.);
#6730 = CARTESIAN_POINT('',(-5.924924088667,-1.E-02));
#6731 = CARTESIAN_POINT('',(-4.871793352946,-1.E-02));
#6732 = ( GEOMETRIC_REPRESENTATION_CONTEXT(2) 
PARAMETRIC_REPRESENTATION_CONTEXT() REPRESENTATION_CONTEXT('2D SPACE',''
  ) );
#6733 = ORIENTED_EDGE('',*,*,#6734,.T.);
#6734 = EDGE_CURVE('',#6703,#6735,#6737,.T.);
#6735 = VERTEX_POINT('',#6736);
#6736 = CARTESIAN_POINT('',(23.,13.65,2.8));
#6737 = SURFACE_CURVE('',#6738,(#6742,#6749),.PCURVE_S1.);
#6738 = LINE('',#6739,#6740);
#6739 = CARTESIAN_POINT('',(23.,13.55,2.8));
#6740 = VECTOR('',#6741,1.);
#6741 = DIRECTION('',(-6.123233995737E-17,-1.,-6.123233995737E-17));
#6742 = PCURVE('',#4566,#6743);
#6743 = DEFINITIONAL_REPRESENTATION('',(#6744),#6748);
#6744 = LINE('',#6745,#6746);
#6745 = CARTESIAN_POINT('',(23.,13.55));
#6746 = VECTOR('',#6747,1.);
#6747 = DIRECTION('',(-6.123233995737E-17,-1.));
#6748 = ( GEOMETRIC_REPRESENTATION_CONTEXT(2) 
PARAMETRIC_REPRESENTATION_CONTEXT() REPRESENTATION_CONTEXT('2D SPACE',''
  ) );
#6749 = PCURVE('',#6750,#6755);
#6750 = PLANE('',#6751);
#6751 = AXIS2_PLACEMENT_3D('',#6752,#6753,#6754);
#6752 = CARTESIAN_POINT('',(22.9,13.55,2.7));
#6753 = DIRECTION('',(0.707106781187,0.,-0.707106781187));
#6754 = DIRECTION('',(0.707106781187,-8.659560562355E-17,0.707106781187)
  );
#6755 = DEFINITIONAL_REPRESENTATION('',(#6756),#6760);
#6756 = LINE('',#6757,#6758);
#6757 = CARTESIAN_POINT('',(0.141421356237,-1.224646799147E-17));
#6758 = VECTOR('',#6759,1.);
#6759 = DIRECTION('',(6.162975822039E-33,1.));
#6760 = ( GEOMETRIC_REPRESENTATION_CONTEXT(2) 
PARAMETRIC_REPRESENTATION_CONTEXT() REPRESENTATION_CONTEXT('2D SPACE',''
  ) );
#6761 = ORIENTED_EDGE('',*,*,#6762,.T.);
#6762 = EDGE_CURVE('',#6735,#6763,#6765,.T.);
#6763 = VERTEX_POINT('',#6764);
#6764 = CARTESIAN_POINT('',(24.4,13.65,2.8));
#6765 = SURFACE_CURVE('',#6766,(#6770,#6777),.PCURVE_S1.);
#6766 = LINE('',#6767,#6768);
#6767 = CARTESIAN_POINT('',(24.4,13.65,2.8));
#6768 = VECTOR('',#6769,1.);
#6769 = DIRECTION('',(1.,-6.123233995737E-17,-6.123233995737E-17));
#6770 = PCURVE('',#4566,#6771);
#6771 = DEFINITIONAL_REPRESENTATION('',(#6772),#6776);
#6772 = LINE('',#6773,#6774);
#6773 = CARTESIAN_POINT('',(24.4,13.65));
#6774 = VECTOR('',#6775,1.);
#6775 = DIRECTION('',(1.,-6.123233995737E-17));
#6776 = ( GEOMETRIC_REPRESENTATION_CONTEXT(2) 
PARAMETRIC_REPRESENTATION_CONTEXT() REPRESENTATION_CONTEXT('2D SPACE',''
  ) );
#6777 = PCURVE('',#6778,#6783);
#6778 = PLANE('',#6779);
#6779 = AXIS2_PLACEMENT_3D('',#6780,#6781,#6782);
#6780 = CARTESIAN_POINT('',(24.4,13.55,2.7));
#6781 = DIRECTION('',(0.,0.707106781187,-0.707106781187));
#6782 = DIRECTION('',(8.659560562355E-17,0.707106781187,0.707106781187)
  );
#6783 = DEFINITIONAL_REPRESENTATION('',(#6784),#6788);
#6784 = LINE('',#6785,#6786);
#6785 = CARTESIAN_POINT('',(0.141421356237,-1.224646799147E-17));
#6786 = VECTOR('',#6787,1.);
#6787 = DIRECTION('',(6.162975822039E-33,1.));
#6788 = ( GEOMETRIC_REPRESENTATION_CONTEXT(2) 
PARAMETRIC_REPRESENTATION_CONTEXT() REPRESENTATION_CONTEXT('2D SPACE',''
  ) );
#6789 = ORIENTED_EDGE('',*,*,#6790,.T.);
#6790 = EDGE_CURVE('',#6763,#6791,#6793,.T.);
#6791 = VERTEX_POINT('',#6792);
#6792 = CARTESIAN_POINT('',(24.5,13.55,2.8));
#6793 = SURFACE_CURVE('',#6794,(#6799,#6810),.PCURVE_S1.);
#6794 = CIRCLE('',#6795,0.1);
#6795 = AXIS2_PLACEMENT_3D('',#6796,#6797,#6798);
#6796 = CARTESIAN_POINT('',(24.4,13.55,2.8));
#6797 = DIRECTION('',(0.,0.,-1.));
#6798 = DIRECTION('',(-1.,0.,0.));
#6799 = PCURVE('',#4566,#6800);
#6800 = DEFINITIONAL_REPRESENTATION('',(#6801),#6809);
#6801 = ( BOUNDED_CURVE() B_SPLINE_CURVE(2,(#6802,#6803,#6804,#6805,
#6806,#6807,#6808),.UNSPECIFIED.,.T.,.F.) B_SPLINE_CURVE_WITH_KNOTS((1,2
    ,2,2,2,1),(-2.094395102393,0.,2.094395102393,4.188790204786,
6.28318530718,8.377580409573),.UNSPECIFIED.) CURVE() 
GEOMETRIC_REPRESENTATION_ITEM() RATIONAL_B_SPLINE_CURVE((1.,0.5,1.,0.5,
1.,0.5,1.)) REPRESENTATION_ITEM('') );
#6802 = CARTESIAN_POINT('',(24.3,13.55));
#6803 = CARTESIAN_POINT('',(24.3,13.723205080757));
#6804 = CARTESIAN_POINT('',(24.45,13.636602540378));
#6805 = CARTESIAN_POINT('',(24.6,13.55));
#6806 = CARTESIAN_POINT('',(24.45,13.463397459622));
#6807 = CARTESIAN_POINT('',(24.3,13.376794919243));
#6808 = CARTESIAN_POINT('',(24.3,13.55));
#6809 = ( GEOMETRIC_REPRESENTATION_CONTEXT(2) 
PARAMETRIC_REPRESENTATION_CONTEXT() REPRESENTATION_CONTEXT('2D SPACE',''
  ) );
#6810 = PCURVE('',#6811,#6816);
#6811 = CONICAL_SURFACE('',#6812,0.,0.785398163397);
#6812 = AXIS2_PLACEMENT_3D('',#6813,#6814,#6815);
#6813 = CARTESIAN_POINT('',(24.4,13.55,2.7));
#6814 = DIRECTION('',(0.,0.,1.));
#6815 = DIRECTION('',(-1.,0.,0.));
#6816 = DEFINITIONAL_REPRESENTATION('',(#6817),#6821);
#6817 = LINE('',#6818,#6819);
#6818 = CARTESIAN_POINT('',(-0.,0.1));
#6819 = VECTOR('',#6820,1.);
#6820 = DIRECTION('',(-1.,0.));
#6821 = ( GEOMETRIC_REPRESENTATION_CONTEXT(2) 
PARAMETRIC_REPRESENTATION_CONTEXT() REPRESENTATION_CONTEXT('2D SPACE',''
  ) );
#6822 = ORIENTED_EDGE('',*,*,#6823,.T.);
#6823 = EDGE_CURVE('',#6791,#6824,#6826,.T.);
#6824 = VERTEX_POINT('',#6825);
#6825 = CARTESIAN_POINT('',(24.5,-34.45,2.8));
#6826 = SURFACE_CURVE('',#6827,(#6831,#6838),.PCURVE_S1.);
#6827 = LINE('',#6828,#6829);
#6828 = CARTESIAN_POINT('',(24.5,-34.45,2.8));
#6829 = VECTOR('',#6830,1.);
#6830 = DIRECTION('',(-6.123233995737E-17,-1.,-6.123233995737E-17));
#6831 = PCURVE('',#4566,#6832);
#6832 = DEFINITIONAL_REPRESENTATION('',(#6833),#6837);
#6833 = LINE('',#6834,#6835);
#6834 = CARTESIAN_POINT('',(24.5,-34.45));
#6835 = VECTOR('',#6836,1.);
#6836 = DIRECTION('',(-6.123233995737E-17,-1.));
#6837 = ( GEOMETRIC_REPRESENTATION_CONTEXT(2) 
PARAMETRIC_REPRESENTATION_CONTEXT() REPRESENTATION_CONTEXT('2D SPACE',''
  ) );
#6838 = PCURVE('',#6839,#6844);
#6839 = PLANE('',#6840);
#6840 = AXIS2_PLACEMENT_3D('',#6841,#6842,#6843);
#6841 = CARTESIAN_POINT('',(24.4,-34.45,2.7));
#6842 = DIRECTION('',(0.707106781187,0.,-0.707106781187));
#6843 = DIRECTION('',(0.707106781187,-8.659560562355E-17,0.707106781187)
  );
#6844 = DEFINITIONAL_REPRESENTATION('',(#6845),#6849);
#6845 = LINE('',#6846,#6847);
#6846 = CARTESIAN_POINT('',(0.141421356237,-1.224646799147E-17));
#6847 = VECTOR('',#6848,1.);
#6848 = DIRECTION('',(6.162975822039E-33,1.));
#6849 = ( GEOMETRIC_REPRESENTATION_CONTEXT(2) 
PARAMETRIC_REPRESENTATION_CONTEXT() REPRESENTATION_CONTEXT('2D SPACE',''
  ) );
#6850 = ORIENTED_EDGE('',*,*,#6851,.T.);
#6851 = EDGE_CURVE('',#6824,#6852,#6854,.T.);
#6852 = VERTEX_POINT('',#6853);
#6853 = CARTESIAN_POINT('',(24.4,-34.55,2.8));
#6854 = SURFACE_CURVE('',#6855,(#6860,#6871),.PCURVE_S1.);
#6855 = CIRCLE('',#6856,0.1);
#6856 = AXIS2_PLACEMENT_3D('',#6857,#6858,#6859);
#6857 = CARTESIAN_POINT('',(24.4,-34.45,2.8));
#6858 = DIRECTION('',(0.,0.,-1.));
#6859 = DIRECTION('',(0.,1.,0.));
#6860 = PCURVE('',#4566,#6861);
#6861 = DEFINITIONAL_REPRESENTATION('',(#6862),#6870);
#6862 = ( BOUNDED_CURVE() B_SPLINE_CURVE(2,(#6863,#6864,#6865,#6866,
#6867,#6868,#6869),.UNSPECIFIED.,.T.,.F.) B_SPLINE_CURVE_WITH_KNOTS((1,2
    ,2,2,2,1),(-2.094395102393,0.,2.094395102393,4.188790204786,
6.28318530718,8.377580409573),.UNSPECIFIED.) CURVE() 
GEOMETRIC_REPRESENTATION_ITEM() RATIONAL_B_SPLINE_CURVE((1.,0.5,1.,0.5,
1.,0.5,1.)) REPRESENTATION_ITEM('') );
#6863 = CARTESIAN_POINT('',(24.4,-34.35));
#6864 = CARTESIAN_POINT('',(24.573205080757,-34.35));
#6865 = CARTESIAN_POINT('',(24.486602540378,-34.5));
#6866 = CARTESIAN_POINT('',(24.4,-34.65));
#6867 = CARTESIAN_POINT('',(24.313397459622,-34.5));
#6868 = CARTESIAN_POINT('',(24.226794919243,-34.35));
#6869 = CARTESIAN_POINT('',(24.4,-34.35));
#6870 = ( GEOMETRIC_REPRESENTATION_CONTEXT(2) 
PARAMETRIC_REPRESENTATION_CONTEXT() REPRESENTATION_CONTEXT('2D SPACE',''
  ) );
#6871 = PCURVE('',#6872,#6877);
#6872 = CONICAL_SURFACE('',#6873,0.,0.785398163397);
#6873 = AXIS2_PLACEMENT_3D('',#6874,#6875,#6876);
#6874 = CARTESIAN_POINT('',(24.4,-34.45,2.7));
#6875 = DIRECTION('',(0.,0.,1.));
#6876 = DIRECTION('',(0.,1.,0.));
#6877 = DEFINITIONAL_REPRESENTATION('',(#6878),#6882);
#6878 = LINE('',#6879,#6880);
#6879 = CARTESIAN_POINT('',(-0.,0.1));
#6880 = VECTOR('',#6881,1.);
#6881 = DIRECTION('',(-1.,0.));
#6882 = ( GEOMETRIC_REPRESENTATION_CONTEXT(2) 
PARAMETRIC_REPRESENTATION_CONTEXT() REPRESENTATION_CONTEXT('2D SPACE',''
  ) );
#6883 = ORIENTED_EDGE('',*,*,#6884,.T.);
#6884 = EDGE_CURVE('',#6852,#6387,#6885,.T.);
#6885 = SURFACE_CURVE('',#6886,(#6890,#6897),.PCURVE_S1.);
#6886 = LINE('',#6887,#6888);
#6887 = CARTESIAN_POINT('',(22.9,-34.55,2.8));
#6888 = VECTOR('',#6889,1.);
#6889 = DIRECTION('',(-1.,6.123233995737E-17,-6.123233995737E-17));
#6890 = PCURVE('',#4566,#6891);
#6891 = DEFINITIONAL_REPRESENTATION('',(#6892),#6896);
#6892 = LINE('',#6893,#6894);
#6893 = CARTESIAN_POINT('',(22.9,-34.55));
#6894 = VECTOR('',#6895,1.);
#6895 = DIRECTION('',(-1.,6.123233995737E-17));
#6896 = ( GEOMETRIC_REPRESENTATION_CONTEXT(2) 
PARAMETRIC_REPRESENTATION_CONTEXT() REPRESENTATION_CONTEXT('2D SPACE',''
  ) );
#6897 = PCURVE('',#6898,#6903);
#6898 = PLANE('',#6899);
#6899 = AXIS2_PLACEMENT_3D('',#6900,#6901,#6902);
#6900 = CARTESIAN_POINT('',(22.9,-34.45,2.7));
#6901 = DIRECTION('',(-0.,-0.707106781187,-0.707106781187));
#6902 = DIRECTION('',(-8.659560562355E-17,-0.707106781187,0.707106781187
    ));
#6903 = DEFINITIONAL_REPRESENTATION('',(#6904),#6908);
#6904 = LINE('',#6905,#6906);
#6905 = CARTESIAN_POINT('',(0.141421356237,-1.224646799147E-17));
#6906 = VECTOR('',#6907,1.);
#6907 = DIRECTION('',(6.162975822039E-33,1.));
#6908 = ( GEOMETRIC_REPRESENTATION_CONTEXT(2) 
PARAMETRIC_REPRESENTATION_CONTEXT() REPRESENTATION_CONTEXT('2D SPACE',''
  ) );
#6909 = FACE_BOUND('',#6910,.T.);
#6910 = EDGE_LOOP('',(#6911));
#6911 = ORIENTED_EDGE('',*,*,#6912,.T.);
#6912 = EDGE_CURVE('',#6913,#6913,#6915,.T.);
#6913 = VERTEX_POINT('',#6914);
#6914 = CARTESIAN_POINT('',(23.2,41.45,2.8));
#6915 = SURFACE_CURVE('',#6916,(#6921,#6932),.PCURVE_S1.);
#6916 = CIRCLE('',#6917,0.8);
#6917 = AXIS2_PLACEMENT_3D('',#6918,#6919,#6920);
#6918 = CARTESIAN_POINT('',(22.4,41.45,2.8));
#6919 = DIRECTION('',(0.,0.,-1.));
#6920 = DIRECTION('',(1.,0.,0.));
#6921 = PCURVE('',#4566,#6922);
#6922 = DEFINITIONAL_REPRESENTATION('',(#6923),#6931);
#6923 = ( BOUNDED_CURVE() B_SPLINE_CURVE(2,(#6924,#6925,#6926,#6927,
#6928,#6929,#6930),.UNSPECIFIED.,.T.,.F.) B_SPLINE_CURVE_WITH_KNOTS((1,2
    ,2,2,2,1),(-2.094395102393,0.,2.094395102393,4.188790204786,
6.28318530718,8.377580409573),.UNSPECIFIED.) CURVE() 
GEOMETRIC_REPRESENTATION_ITEM() RATIONAL_B_SPLINE_CURVE((1.,0.5,1.,0.5,
1.,0.5,1.)) REPRESENTATION_ITEM('') );
#6924 = CARTESIAN_POINT('',(23.2,41.45));
#6925 = CARTESIAN_POINT('',(23.2,40.064359353945));
#6926 = CARTESIAN_POINT('',(22.,40.757179676972));
#6927 = CARTESIAN_POINT('',(20.8,41.45));
#6928 = CARTESIAN_POINT('',(22.,42.142820323028));
#6929 = CARTESIAN_POINT('',(23.2,42.835640646055));
#6930 = CARTESIAN_POINT('',(23.2,41.45));
#6931 = ( GEOMETRIC_REPRESENTATION_CONTEXT(2) 
PARAMETRIC_REPRESENTATION_CONTEXT() REPRESENTATION_CONTEXT('2D SPACE',''
  ) );
#6932 = PCURVE('',#6933,#6938);
#6933 = CYLINDRICAL_SURFACE('',#6934,0.8);
#6934 = AXIS2_PLACEMENT_3D('',#6935,#6936,#6937);
#6935 = CARTESIAN_POINT('',(22.4,41.45,-0.25));
#6936 = DIRECTION('',(-0.,-0.,-1.));
#6937 = DIRECTION('',(1.,0.,0.));
#6938 = DEFINITIONAL_REPRESENTATION('',(#6939),#6943);
#6939 = LINE('',#6940,#6941);
#6940 = CARTESIAN_POINT('',(-6.28318530718,-3.05));
#6941 = VECTOR('',#6942,1.);
#6942 = DIRECTION('',(1.,-0.));
#6943 = ( GEOMETRIC_REPRESENTATION_CONTEXT(2) 
PARAMETRIC_REPRESENTATION_CONTEXT() REPRESENTATION_CONTEXT('2D SPACE',''
  ) );
#6944 = ADVANCED_FACE('',(#6945),#4666,.F.);
#6945 = FACE_BOUND('',#6946,.F.);
#6946 = EDGE_LOOP('',(#6947,#6968,#6989,#6990));
#6947 = ORIENTED_EDGE('',*,*,#6948,.T.);
#6948 = EDGE_CURVE('',#4652,#6949,#6951,.T.);
#6949 = VERTEX_POINT('',#6950);
#6950 = CARTESIAN_POINT('',(25.35,-41.45,2.79));
#6951 = SURFACE_CURVE('',#6952,(#6956,#6962),.PCURVE_S1.);
#6952 = LINE('',#6953,#6954);
#6953 = CARTESIAN_POINT('',(25.35,-42.925,2.79));
#6954 = VECTOR('',#6955,1.);
#6955 = DIRECTION('',(0.,-1.,0.));
#6956 = PCURVE('',#4666,#6957);
#6957 = DEFINITIONAL_REPRESENTATION('',(#6958),#6961);
#6958 = B_SPLINE_CURVE_WITH_KNOTS('',1,(#6959,#6960),.UNSPECIFIED.,.F.,
  .F.,(2,2),(-4.585064308017,-1.475),.PIECEWISE_BEZIER_KNOTS.);
#6959 = CARTESIAN_POINT('',(6.060064308017,-1.79));
#6960 = CARTESIAN_POINT('',(2.95,-1.79));
#6961 = ( GEOMETRIC_REPRESENTATION_CONTEXT(2) 
PARAMETRIC_REPRESENTATION_CONTEXT() REPRESENTATION_CONTEXT('2D SPACE',''
  ) );
#6962 = PCURVE('',#4694,#6963);
#6963 = DEFINITIONAL_REPRESENTATION('',(#6964),#6967);
#6964 = B_SPLINE_CURVE_WITH_KNOTS('',1,(#6965,#6966),.UNSPECIFIED.,.F.,
  .F.,(2,2),(-4.585064308017,-1.475),.PIECEWISE_BEZIER_KNOTS.);
#6965 = CARTESIAN_POINT('',(47.75,3.110064308017));
#6966 = CARTESIAN_POINT('',(47.75,7.105427357601E-15));
#6967 = ( GEOMETRIC_REPRESENTATION_CONTEXT(2) 
PARAMETRIC_REPRESENTATION_CONTEXT() REPRESENTATION_CONTEXT('2D SPACE',''
  ) );
#6968 = ORIENTED_EDGE('',*,*,#6969,.T.);
#6969 = EDGE_CURVE('',#6949,#6053,#6970,.T.);
#6970 = SURFACE_CURVE('',#6971,(#6975,#6982),.PCURVE_S1.);
#6971 = LINE('',#6972,#6973);
#6972 = CARTESIAN_POINT('',(25.35,-41.45,1.));
#6973 = VECTOR('',#6974,1.);
#6974 = DIRECTION('',(0.,0.,1.));
#6975 = PCURVE('',#4666,#6976);
#6976 = DEFINITIONAL_REPRESENTATION('',(#6977),#6981);
#6977 = LINE('',#6978,#6979);
#6978 = CARTESIAN_POINT('',(2.95,0.));
#6979 = VECTOR('',#6980,1.);
#6980 = DIRECTION('',(0.,-1.));
#6981 = ( GEOMETRIC_REPRESENTATION_CONTEXT(2) 
PARAMETRIC_REPRESENTATION_CONTEXT() REPRESENTATION_CONTEXT('2D SPACE',''
  ) );
#6982 = PCURVE('',#6069,#6983);
#6983 = DEFINITIONAL_REPRESENTATION('',(#6984),#6988);
#6984 = LINE('',#6985,#6986);
#6985 = CARTESIAN_POINT('',(1.570796326795,0.));
#6986 = VECTOR('',#6987,1.);
#6987 = DIRECTION('',(0.,1.));
#6988 = ( GEOMETRIC_REPRESENTATION_CONTEXT(2) 
PARAMETRIC_REPRESENTATION_CONTEXT() REPRESENTATION_CONTEXT('2D SPACE',''
  ) );
#6989 = ORIENTED_EDGE('',*,*,#6081,.T.);
#6990 = ORIENTED_EDGE('',*,*,#4649,.T.);
#6991 = ADVANCED_FACE('',(#6992),#4723,.F.);
#6992 = FACE_BOUND('',#6993,.F.);
#6993 = EDGE_LOOP('',(#6994,#7017,#7036,#7037));
#6994 = ORIENTED_EDGE('',*,*,#6995,.F.);
#6995 = EDGE_CURVE('',#6996,#6030,#6998,.T.);
#6996 = VERTEX_POINT('',#6997);
#6997 = CARTESIAN_POINT('',(22.4,-44.4,2.79));
#6998 = SURFACE_CURVE('',#6999,(#7003,#7010),.PCURVE_S1.);
#6999 = LINE('',#7000,#7001);
#7000 = CARTESIAN_POINT('',(22.4,-44.4,1.));
#7001 = VECTOR('',#7002,1.);
#7002 = DIRECTION('',(0.,0.,1.));
#7003 = PCURVE('',#4723,#7004);
#7004 = DEFINITIONAL_REPRESENTATION('',(#7005),#7009);
#7005 = LINE('',#7006,#7007);
#7006 = CARTESIAN_POINT('',(47.75,0.));
#7007 = VECTOR('',#7008,1.);
#7008 = DIRECTION('',(0.,-1.));
#7009 = ( GEOMETRIC_REPRESENTATION_CONTEXT(2) 
PARAMETRIC_REPRESENTATION_CONTEXT() REPRESENTATION_CONTEXT('2D SPACE',''
  ) );
#7010 = PCURVE('',#6069,#7011);
#7011 = DEFINITIONAL_REPRESENTATION('',(#7012),#7016);
#7012 = LINE('',#7013,#7014);
#7013 = CARTESIAN_POINT('',(0.,0.));
#7014 = VECTOR('',#7015,1.);
#7015 = DIRECTION('',(0.,1.));
#7016 = ( GEOMETRIC_REPRESENTATION_CONTEXT(2) 
PARAMETRIC_REPRESENTATION_CONTEXT() REPRESENTATION_CONTEXT('2D SPACE',''
  ) );
#7017 = ORIENTED_EDGE('',*,*,#7018,.T.);
#7018 = EDGE_CURVE('',#6996,#4678,#7019,.T.);
#7019 = SURFACE_CURVE('',#7020,(#7024,#7030),.PCURVE_S1.);
#7020 = LINE('',#7021,#7022);
#7021 = CARTESIAN_POINT('',(-23.875,-44.4,2.79));
#7022 = VECTOR('',#7023,1.);
#7023 = DIRECTION('',(-1.,0.,0.));
#7024 = PCURVE('',#4723,#7025);
#7025 = DEFINITIONAL_REPRESENTATION('',(#7026),#7029);
#7026 = B_SPLINE_CURVE_WITH_KNOTS('',1,(#7027,#7028),.UNSPECIFIED.,.F.,
  .F.,(2,2),(-46.275,-43.28794459375),.PIECEWISE_BEZIER_KNOTS.);
#7027 = CARTESIAN_POINT('',(47.75,-1.79));
#7028 = CARTESIAN_POINT('',(44.762944593751,-1.79));
#7029 = ( GEOMETRIC_REPRESENTATION_CONTEXT(2) 
PARAMETRIC_REPRESENTATION_CONTEXT() REPRESENTATION_CONTEXT('2D SPACE',''
  ) );
#7030 = PCURVE('',#4694,#7031);
#7031 = DEFINITIONAL_REPRESENTATION('',(#7032),#7035);
#7032 = B_SPLINE_CURVE_WITH_KNOTS('',1,(#7033,#7034),.UNSPECIFIED.,.F.,
  .F.,(2,2),(-46.275,-43.28794459375),.PIECEWISE_BEZIER_KNOTS.);
#7033 = CARTESIAN_POINT('',(44.8,-2.95));
#7034 = CARTESIAN_POINT('',(41.812944593751,-2.95));
#7035 = ( GEOMETRIC_REPRESENTATION_CONTEXT(2) 
PARAMETRIC_REPRESENTATION_CONTEXT() REPRESENTATION_CONTEXT('2D SPACE',''
  ) );
#7036 = ORIENTED_EDGE('',*,*,#4710,.F.);
#7037 = ORIENTED_EDGE('',*,*,#6029,.T.);
#7038 = ADVANCED_FACE('',(#7039),#4694,.T.);
#7039 = FACE_BOUND('',#7040,.T.);
#7040 = EDGE_LOOP('',(#7041,#7042,#7043,#7044));
#7041 = ORIENTED_EDGE('',*,*,#7018,.T.);
#7042 = ORIENTED_EDGE('',*,*,#4677,.F.);
#7043 = ORIENTED_EDGE('',*,*,#6948,.T.);
#7044 = ORIENTED_EDGE('',*,*,#7045,.F.);
#7045 = EDGE_CURVE('',#6996,#6949,#7046,.T.);
#7046 = SURFACE_CURVE('',#7047,(#7052,#7059),.PCURVE_S1.);
#7047 = CIRCLE('',#7048,2.95);
#7048 = AXIS2_PLACEMENT_3D('',#7049,#7050,#7051);
#7049 = CARTESIAN_POINT('',(22.4,-41.45,2.79));
#7050 = DIRECTION('',(0.,0.,1.));
#7051 = DIRECTION('',(0.,-1.,0.));
#7052 = PCURVE('',#4694,#7053);
#7053 = DEFINITIONAL_REPRESENTATION('',(#7054),#7058);
#7054 = CIRCLE('',#7055,2.95);
#7055 = AXIS2_PLACEMENT_2D('',#7056,#7057);
#7056 = CARTESIAN_POINT('',(44.8,7.105427357601E-15));
#7057 = DIRECTION('',(0.,-1.));
#7058 = ( GEOMETRIC_REPRESENTATION_CONTEXT(2) 
PARAMETRIC_REPRESENTATION_CONTEXT() REPRESENTATION_CONTEXT('2D SPACE',''
  ) );
#7059 = PCURVE('',#6069,#7060);
#7060 = DEFINITIONAL_REPRESENTATION('',(#7061),#7065);
#7061 = LINE('',#7062,#7063);
#7062 = CARTESIAN_POINT('',(0.,1.79));
#7063 = VECTOR('',#7064,1.);
#7064 = DIRECTION('',(1.,0.));
#7065 = ( GEOMETRIC_REPRESENTATION_CONTEXT(2) 
PARAMETRIC_REPRESENTATION_CONTEXT() REPRESENTATION_CONTEXT('2D SPACE',''
  ) );
#7066 = ADVANCED_FACE('',(#7067),#4777,.T.);
#7067 = FACE_BOUND('',#7068,.T.);
#7068 = EDGE_LOOP('',(#7069,#7090,#7091,#7112));
#7069 = ORIENTED_EDGE('',*,*,#7070,.T.);
#7070 = EDGE_CURVE('',#7071,#4759,#7073,.T.);
#7071 = VERTEX_POINT('',#7072);
#7072 = CARTESIAN_POINT('',(-22.4,44.4,2.79));
#7073 = SURFACE_CURVE('',#7074,(#7078,#7084),.PCURVE_S1.);
#7074 = LINE('',#7075,#7076);
#7075 = CARTESIAN_POINT('',(1.475,44.4,2.79));
#7076 = VECTOR('',#7077,1.);
#7077 = DIRECTION('',(1.,0.,-0.));
#7078 = PCURVE('',#4777,#7079);
#7079 = DEFINITIONAL_REPRESENTATION('',(#7080),#7083);
#7080 = B_SPLINE_CURVE_WITH_KNOTS('',1,(#7081,#7082),.UNSPECIFIED.,.F.,
  .F.,(2,2),(-23.875,-20.88794459375),.PIECEWISE_BEZIER_KNOTS.);
#7081 = CARTESIAN_POINT('',(0.,85.85));
#7082 = CARTESIAN_POINT('',(2.987055406249,85.85));
#7083 = ( GEOMETRIC_REPRESENTATION_CONTEXT(2) 
PARAMETRIC_REPRESENTATION_CONTEXT() REPRESENTATION_CONTEXT('2D SPACE',''
  ) );
#7084 = PCURVE('',#4804,#7085);
#7085 = DEFINITIONAL_REPRESENTATION('',(#7086),#7089);
#7086 = B_SPLINE_CURVE_WITH_KNOTS('',1,(#7087,#7088),.UNSPECIFIED.,.F.,
  .F.,(2,2),(-23.875,-20.88794459375),.PIECEWISE_BEZIER_KNOTS.);
#7087 = CARTESIAN_POINT('',(47.75,-1.79));
#7088 = CARTESIAN_POINT('',(44.762944593751,-1.79));
#7089 = ( GEOMETRIC_REPRESENTATION_CONTEXT(2) 
PARAMETRIC_REPRESENTATION_CONTEXT() REPRESENTATION_CONTEXT('2D SPACE',''
  ) );
#7090 = ORIENTED_EDGE('',*,*,#4758,.T.);
#7091 = ORIENTED_EDGE('',*,*,#7092,.T.);
#7092 = EDGE_CURVE('',#4761,#7093,#7095,.T.);
#7093 = VERTEX_POINT('',#7094);
#7094 = CARTESIAN_POINT('',(-25.35,41.45,2.79));
#7095 = SURFACE_CURVE('',#7096,(#7100,#7106),.PCURVE_S1.);
#7096 = LINE('',#7097,#7098);
#7097 = CARTESIAN_POINT('',(-25.35,1.475,2.79));
#7098 = VECTOR('',#7099,1.);
#7099 = DIRECTION('',(-0.,1.,0.));
#7100 = PCURVE('',#4777,#7101);
#7101 = DEFINITIONAL_REPRESENTATION('',(#7102),#7105);
#7102 = B_SPLINE_CURVE_WITH_KNOTS('',1,(#7103,#7104),.UNSPECIFIED.,.F.,
  .F.,(2,2),(36.864935691983,39.975),.PIECEWISE_BEZIER_KNOTS.);
#7103 = CARTESIAN_POINT('',(-2.95,79.789935691983));
#7104 = CARTESIAN_POINT('',(-2.95,82.9));
#7105 = ( GEOMETRIC_REPRESENTATION_CONTEXT(2) 
PARAMETRIC_REPRESENTATION_CONTEXT() REPRESENTATION_CONTEXT('2D SPACE',''
  ) );
#7106 = PCURVE('',#4849,#7107);
#7107 = DEFINITIONAL_REPRESENTATION('',(#7108),#7111);
#7108 = B_SPLINE_CURVE_WITH_KNOTS('',1,(#7109,#7110),.UNSPECIFIED.,.F.,
  .F.,(2,2),(36.864935691983,39.975),.PIECEWISE_BEZIER_KNOTS.);
#7109 = CARTESIAN_POINT('',(6.060064308017,-1.79));
#7110 = CARTESIAN_POINT('',(2.95,-1.79));
#7111 = ( GEOMETRIC_REPRESENTATION_CONTEXT(2) 
PARAMETRIC_REPRESENTATION_CONTEXT() REPRESENTATION_CONTEXT('2D SPACE',''
  ) );
#7112 = ORIENTED_EDGE('',*,*,#7113,.F.);
#7113 = EDGE_CURVE('',#7071,#7093,#7114,.T.);
#7114 = SURFACE_CURVE('',#7115,(#7120,#7127),.PCURVE_S1.);
#7115 = CIRCLE('',#7116,2.95);
#7116 = AXIS2_PLACEMENT_3D('',#7117,#7118,#7119);
#7117 = CARTESIAN_POINT('',(-22.4,41.45,2.79));
#7118 = DIRECTION('',(0.,0.,1.));
#7119 = DIRECTION('',(-0.,1.,0.));
#7120 = PCURVE('',#4777,#7121);
#7121 = DEFINITIONAL_REPRESENTATION('',(#7122),#7126);
#7122 = CIRCLE('',#7123,2.95);
#7123 = AXIS2_PLACEMENT_2D('',#7124,#7125);
#7124 = CARTESIAN_POINT('',(3.552713678801E-15,82.9));
#7125 = DIRECTION('',(0.,1.));
#7126 = ( GEOMETRIC_REPRESENTATION_CONTEXT(2) 
PARAMETRIC_REPRESENTATION_CONTEXT() REPRESENTATION_CONTEXT('2D SPACE',''
  ) );
#7127 = PCURVE('',#6217,#7128);
#7128 = DEFINITIONAL_REPRESENTATION('',(#7129),#7133);
#7129 = LINE('',#7130,#7131);
#7130 = CARTESIAN_POINT('',(0.,1.79));
#7131 = VECTOR('',#7132,1.);
#7132 = DIRECTION('',(1.,0.));
#7133 = ( GEOMETRIC_REPRESENTATION_CONTEXT(2) 
PARAMETRIC_REPRESENTATION_CONTEXT() REPRESENTATION_CONTEXT('2D SPACE',''
  ) );
#7134 = ADVANCED_FACE('',(#7135),#4849,.F.);
#7135 = FACE_BOUND('',#7136,.F.);
#7136 = EDGE_LOOP('',(#7137,#7138,#7159,#7160));
#7137 = ORIENTED_EDGE('',*,*,#7092,.T.);
#7138 = ORIENTED_EDGE('',*,*,#7139,.T.);
#7139 = EDGE_CURVE('',#7093,#6201,#7140,.T.);
#7140 = SURFACE_CURVE('',#7141,(#7145,#7152),.PCURVE_S1.);
#7141 = LINE('',#7142,#7143);
#7142 = CARTESIAN_POINT('',(-25.35,41.45,1.));
#7143 = VECTOR('',#7144,1.);
#7144 = DIRECTION('',(0.,0.,1.));
#7145 = PCURVE('',#4849,#7146);
#7146 = DEFINITIONAL_REPRESENTATION('',(#7147),#7151);
#7147 = LINE('',#7148,#7149);
#7148 = CARTESIAN_POINT('',(2.95,0.));
#7149 = VECTOR('',#7150,1.);
#7150 = DIRECTION('',(0.,-1.));
#7151 = ( GEOMETRIC_REPRESENTATION_CONTEXT(2) 
PARAMETRIC_REPRESENTATION_CONTEXT() REPRESENTATION_CONTEXT('2D SPACE',''
  ) );
#7152 = PCURVE('',#6217,#7153);
#7153 = DEFINITIONAL_REPRESENTATION('',(#7154),#7158);
#7154 = LINE('',#7155,#7156);
#7155 = CARTESIAN_POINT('',(1.570796326795,0.));
#7156 = VECTOR('',#7157,1.);
#7157 = DIRECTION('',(0.,1.));
#7158 = ( GEOMETRIC_REPRESENTATION_CONTEXT(2) 
PARAMETRIC_REPRESENTATION_CONTEXT() REPRESENTATION_CONTEXT('2D SPACE',''
  ) );
#7159 = ORIENTED_EDGE('',*,*,#6229,.T.);
#7160 = ORIENTED_EDGE('',*,*,#4836,.T.);
#7161 = ADVANCED_FACE('',(#7162),#4804,.F.);
#7162 = FACE_BOUND('',#7163,.F.);
#7163 = EDGE_LOOP('',(#7164,#7185,#7186,#7187));
#7164 = ORIENTED_EDGE('',*,*,#7165,.F.);
#7165 = EDGE_CURVE('',#7071,#6178,#7166,.T.);
#7166 = SURFACE_CURVE('',#7167,(#7171,#7178),.PCURVE_S1.);
#7167 = LINE('',#7168,#7169);
#7168 = CARTESIAN_POINT('',(-22.4,44.4,1.));
#7169 = VECTOR('',#7170,1.);
#7170 = DIRECTION('',(0.,0.,1.));
#7171 = PCURVE('',#4804,#7172);
#7172 = DEFINITIONAL_REPRESENTATION('',(#7173),#7177);
#7173 = LINE('',#7174,#7175);
#7174 = CARTESIAN_POINT('',(47.75,0.));
#7175 = VECTOR('',#7176,1.);
#7176 = DIRECTION('',(0.,-1.));
#7177 = ( GEOMETRIC_REPRESENTATION_CONTEXT(2) 
PARAMETRIC_REPRESENTATION_CONTEXT() REPRESENTATION_CONTEXT('2D SPACE',''
  ) );
#7178 = PCURVE('',#6217,#7179);
#7179 = DEFINITIONAL_REPRESENTATION('',(#7180),#7184);
#7180 = LINE('',#7181,#7182);
#7181 = CARTESIAN_POINT('',(0.,0.));
#7182 = VECTOR('',#7183,1.);
#7183 = DIRECTION('',(0.,1.));
#7184 = ( GEOMETRIC_REPRESENTATION_CONTEXT(2) 
PARAMETRIC_REPRESENTATION_CONTEXT() REPRESENTATION_CONTEXT('2D SPACE',''
  ) );
#7185 = ORIENTED_EDGE('',*,*,#7070,.T.);
#7186 = ORIENTED_EDGE('',*,*,#4789,.F.);
#7187 = ORIENTED_EDGE('',*,*,#6177,.T.);
#7188 = ADVANCED_FACE('',(#7189),#4972,.F.);
#7189 = FACE_BOUND('',#7190,.F.);
#7190 = EDGE_LOOP('',(#7191,#7212,#7233,#7234));
#7191 = ORIENTED_EDGE('',*,*,#7192,.T.);
#7192 = EDGE_CURVE('',#4958,#7193,#7195,.T.);
#7193 = VERTEX_POINT('',#7194);
#7194 = CARTESIAN_POINT('',(22.4,44.4,2.79));
#7195 = SURFACE_CURVE('',#7196,(#7200,#7206),.PCURVE_S1.);
#7196 = LINE('',#7197,#7198);
#7197 = CARTESIAN_POINT('',(1.475,44.4,2.79));
#7198 = VECTOR('',#7199,1.);
#7199 = DIRECTION('',(1.,0.,-0.));
#7200 = PCURVE('',#4972,#7201);
#7201 = DEFINITIONAL_REPRESENTATION('',(#7202),#7205);
#7202 = B_SPLINE_CURVE_WITH_KNOTS('',1,(#7203,#7204),.UNSPECIFIED.,.F.,
  .F.,(2,2),(17.937944593751,20.925),.PIECEWISE_BEZIER_KNOTS.);
#7203 = CARTESIAN_POINT('',(5.937055406249,-1.79));
#7204 = CARTESIAN_POINT('',(2.95,-1.79));
#7205 = ( GEOMETRIC_REPRESENTATION_CONTEXT(2) 
PARAMETRIC_REPRESENTATION_CONTEXT() REPRESENTATION_CONTEXT('2D SPACE',''
  ) );
#7206 = PCURVE('',#5000,#7207);
#7207 = DEFINITIONAL_REPRESENTATION('',(#7208),#7211);
#7208 = B_SPLINE_CURVE_WITH_KNOTS('',1,(#7209,#7210),.UNSPECIFIED.,.F.,
  .F.,(2,2),(17.937944593751,20.925),.PIECEWISE_BEZIER_KNOTS.);
#7209 = CARTESIAN_POINT('',(41.812944593751,85.85));
#7210 = CARTESIAN_POINT('',(44.8,85.85));
#7211 = ( GEOMETRIC_REPRESENTATION_CONTEXT(2) 
PARAMETRIC_REPRESENTATION_CONTEXT() REPRESENTATION_CONTEXT('2D SPACE',''
  ) );
#7212 = ORIENTED_EDGE('',*,*,#7213,.T.);
#7213 = EDGE_CURVE('',#7193,#6127,#7214,.T.);
#7214 = SURFACE_CURVE('',#7215,(#7219,#7226),.PCURVE_S1.);
#7215 = LINE('',#7216,#7217);
#7216 = CARTESIAN_POINT('',(22.4,44.4,1.));
#7217 = VECTOR('',#7218,1.);
#7218 = DIRECTION('',(0.,0.,1.));
#7219 = PCURVE('',#4972,#7220);
#7220 = DEFINITIONAL_REPRESENTATION('',(#7221),#7225);
#7221 = LINE('',#7222,#7223);
#7222 = CARTESIAN_POINT('',(2.95,0.));
#7223 = VECTOR('',#7224,1.);
#7224 = DIRECTION('',(0.,-1.));
#7225 = ( GEOMETRIC_REPRESENTATION_CONTEXT(2) 
PARAMETRIC_REPRESENTATION_CONTEXT() REPRESENTATION_CONTEXT('2D SPACE',''
  ) );
#7226 = PCURVE('',#6143,#7227);
#7227 = DEFINITIONAL_REPRESENTATION('',(#7228),#7232);
#7228 = LINE('',#7229,#7230);
#7229 = CARTESIAN_POINT('',(1.570796326795,0.));
#7230 = VECTOR('',#7231,1.);
#7231 = DIRECTION('',(0.,1.));
#7232 = ( GEOMETRIC_REPRESENTATION_CONTEXT(2) 
PARAMETRIC_REPRESENTATION_CONTEXT() REPRESENTATION_CONTEXT('2D SPACE',''
  ) );
#7233 = ORIENTED_EDGE('',*,*,#6155,.T.);
#7234 = ORIENTED_EDGE('',*,*,#4957,.T.);
#7235 = ADVANCED_FACE('',(#7236),#5029,.F.);
#7236 = FACE_BOUND('',#7237,.F.);
#7237 = EDGE_LOOP('',(#7238,#7261,#7280,#7281));
#7238 = ORIENTED_EDGE('',*,*,#7239,.F.);
#7239 = EDGE_CURVE('',#7240,#6104,#7242,.T.);
#7240 = VERTEX_POINT('',#7241);
#7241 = CARTESIAN_POINT('',(25.35,41.45,2.79));
#7242 = SURFACE_CURVE('',#7243,(#7247,#7254),.PCURVE_S1.);
#7243 = LINE('',#7244,#7245);
#7244 = CARTESIAN_POINT('',(25.35,41.45,1.));
#7245 = VECTOR('',#7246,1.);
#7246 = DIRECTION('',(0.,0.,1.));
#7247 = PCURVE('',#5029,#7248);
#7248 = DEFINITIONAL_REPRESENTATION('',(#7249),#7253);
#7249 = LINE('',#7250,#7251);
#7250 = CARTESIAN_POINT('',(85.85,0.));
#7251 = VECTOR('',#7252,1.);
#7252 = DIRECTION('',(0.,-1.));
#7253 = ( GEOMETRIC_REPRESENTATION_CONTEXT(2) 
PARAMETRIC_REPRESENTATION_CONTEXT() REPRESENTATION_CONTEXT('2D SPACE',''
  ) );
#7254 = PCURVE('',#6143,#7255);
#7255 = DEFINITIONAL_REPRESENTATION('',(#7256),#7260);
#7256 = LINE('',#7257,#7258);
#7257 = CARTESIAN_POINT('',(0.,0.));
#7258 = VECTOR('',#7259,1.);
#7259 = DIRECTION('',(0.,1.));
#7260 = ( GEOMETRIC_REPRESENTATION_CONTEXT(2) 
PARAMETRIC_REPRESENTATION_CONTEXT() REPRESENTATION_CONTEXT('2D SPACE',''
  ) );
#7261 = ORIENTED_EDGE('',*,*,#7262,.T.);
#7262 = EDGE_CURVE('',#7240,#4984,#7263,.T.);
#7263 = SURFACE_CURVE('',#7264,(#7268,#7274),.PCURVE_S1.);
#7264 = LINE('',#7265,#7266);
#7265 = CARTESIAN_POINT('',(25.35,-42.925,2.79));
#7266 = VECTOR('',#7267,1.);
#7267 = DIRECTION('',(0.,-1.,0.));
#7268 = PCURVE('',#5029,#7269);
#7269 = DEFINITIONAL_REPRESENTATION('',(#7270),#7273);
#7270 = B_SPLINE_CURVE_WITH_KNOTS('',1,(#7271,#7272),.UNSPECIFIED.,.F.,
  .F.,(2,2),(-84.375,-81.26493569198),.PIECEWISE_BEZIER_KNOTS.);
#7271 = CARTESIAN_POINT('',(85.85,-1.79));
#7272 = CARTESIAN_POINT('',(82.739935691983,-1.79));
#7273 = ( GEOMETRIC_REPRESENTATION_CONTEXT(2) 
PARAMETRIC_REPRESENTATION_CONTEXT() REPRESENTATION_CONTEXT('2D SPACE',''
  ) );
#7274 = PCURVE('',#5000,#7275);
#7275 = DEFINITIONAL_REPRESENTATION('',(#7276),#7279);
#7276 = B_SPLINE_CURVE_WITH_KNOTS('',1,(#7277,#7278),.UNSPECIFIED.,.F.,
  .F.,(2,2),(-84.375,-81.26493569198),.PIECEWISE_BEZIER_KNOTS.);
#7277 = CARTESIAN_POINT('',(47.75,82.9));
#7278 = CARTESIAN_POINT('',(47.75,79.789935691983));
#7279 = ( GEOMETRIC_REPRESENTATION_CONTEXT(2) 
PARAMETRIC_REPRESENTATION_CONTEXT() REPRESENTATION_CONTEXT('2D SPACE',''
  ) );
#7280 = ORIENTED_EDGE('',*,*,#5016,.F.);
#7281 = ORIENTED_EDGE('',*,*,#6103,.T.);
#7282 = ADVANCED_FACE('',(#7283),#5000,.T.);
#7283 = FACE_BOUND('',#7284,.T.);
#7284 = EDGE_LOOP('',(#7285,#7286,#7287,#7288));
#7285 = ORIENTED_EDGE('',*,*,#7262,.T.);
#7286 = ORIENTED_EDGE('',*,*,#4983,.F.);
#7287 = ORIENTED_EDGE('',*,*,#7192,.T.);
#7288 = ORIENTED_EDGE('',*,*,#7289,.F.);
#7289 = EDGE_CURVE('',#7240,#7193,#7290,.T.);
#7290 = SURFACE_CURVE('',#7291,(#7296,#7303),.PCURVE_S1.);
#7291 = CIRCLE('',#7292,2.95);
#7292 = AXIS2_PLACEMENT_3D('',#7293,#7294,#7295);
#7293 = CARTESIAN_POINT('',(22.4,41.45,2.79));
#7294 = DIRECTION('',(0.,0.,1.));
#7295 = DIRECTION('',(1.,0.,-0.));
#7296 = PCURVE('',#5000,#7297);
#7297 = DEFINITIONAL_REPRESENTATION('',(#7298),#7302);
#7298 = CIRCLE('',#7299,2.95);
#7299 = AXIS2_PLACEMENT_2D('',#7300,#7301);
#7300 = CARTESIAN_POINT('',(44.8,82.9));
#7301 = DIRECTION('',(1.,0.));
#7302 = ( GEOMETRIC_REPRESENTATION_CONTEXT(2) 
PARAMETRIC_REPRESENTATION_CONTEXT() REPRESENTATION_CONTEXT('2D SPACE',''
  ) );
#7303 = PCURVE('',#6143,#7304);
#7304 = DEFINITIONAL_REPRESENTATION('',(#7305),#7309);
#7305 = LINE('',#7306,#7307);
#7306 = CARTESIAN_POINT('',(0.,1.79));
#7307 = VECTOR('',#7308,1.);
#7308 = DIRECTION('',(1.,0.));
#7309 = ( GEOMETRIC_REPRESENTATION_CONTEXT(2) 
PARAMETRIC_REPRESENTATION_CONTEXT() REPRESENTATION_CONTEXT('2D SPACE',''
  ) );
#7310 = ADVANCED_FACE('',(#7311,#7329,#7364,#7399,#7434,#7784),#5103,.F.
  );
#7311 = FACE_BOUND('',#7312,.F.);
#7312 = EDGE_LOOP('',(#7313,#7314,#7315,#7316,#7317,#7318,#7319,#7320,
    #7321,#7322,#7323,#7324,#7325,#7326,#7327,#7328));
#7313 = ORIENTED_EDGE('',*,*,#5147,.F.);
#7314 = ORIENTED_EDGE('',*,*,#5201,.T.);
#7315 = ORIENTED_EDGE('',*,*,#5250,.T.);
#7316 = ORIENTED_EDGE('',*,*,#5303,.T.);
#7317 = ORIENTED_EDGE('',*,*,#5350,.T.);
#7318 = ORIENTED_EDGE('',*,*,#5398,.T.);
#7319 = ORIENTED_EDGE('',*,*,#5451,.T.);
#7320 = ORIENTED_EDGE('',*,*,#5501,.T.);
#7321 = ORIENTED_EDGE('',*,*,#5550,.T.);
#7322 = ORIENTED_EDGE('',*,*,#5603,.T.);
#7323 = ORIENTED_EDGE('',*,*,#5650,.F.);
#7324 = ORIENTED_EDGE('',*,*,#5702,.F.);
#7325 = ORIENTED_EDGE('',*,*,#5749,.F.);
#7326 = ORIENTED_EDGE('',*,*,#5801,.F.);
#7327 = ORIENTED_EDGE('',*,*,#5828,.F.);
#7328 = ORIENTED_EDGE('',*,*,#5089,.F.);
#7329 = FACE_BOUND('',#7330,.F.);
#7330 = EDGE_LOOP('',(#7331));
#7331 = ORIENTED_EDGE('',*,*,#7332,.T.);
#7332 = EDGE_CURVE('',#7333,#7333,#7335,.T.);
#7333 = VERTEX_POINT('',#7334);
#7334 = CARTESIAN_POINT('',(-20.8,-41.45,-0.15));
#7335 = SURFACE_CURVE('',#7336,(#7341,#7352),.PCURVE_S1.);
#7336 = CIRCLE('',#7337,1.6);
#7337 = AXIS2_PLACEMENT_3D('',#7338,#7339,#7340);
#7338 = CARTESIAN_POINT('',(-22.4,-41.45,-0.15));
#7339 = DIRECTION('',(0.,-0.,-1.));
#7340 = DIRECTION('',(1.,0.,-0.));
#7341 = PCURVE('',#5103,#7342);
#7342 = DEFINITIONAL_REPRESENTATION('',(#7343),#7351);
#7343 = ( BOUNDED_CURVE() B_SPLINE_CURVE(2,(#7344,#7345,#7346,#7347,
#7348,#7349,#7350),.UNSPECIFIED.,.T.,.F.) B_SPLINE_CURVE_WITH_KNOTS((1,2
    ,2,2,2,1),(-2.094395102393,0.,2.094395102393,4.188790204786,
6.28318530718,8.377580409573),.UNSPECIFIED.) CURVE() 
GEOMETRIC_REPRESENTATION_ITEM() RATIONAL_B_SPLINE_CURVE((1.,0.5,1.,0.5,
1.,0.5,1.)) REPRESENTATION_ITEM('') );
#7344 = CARTESIAN_POINT('',(-20.8,-41.45));
#7345 = CARTESIAN_POINT('',(-20.8,-44.22128129211));
#7346 = CARTESIAN_POINT('',(-23.2,-42.83564064605));
#7347 = CARTESIAN_POINT('',(-25.6,-41.45));
#7348 = CARTESIAN_POINT('',(-23.2,-40.06435935394));
#7349 = CARTESIAN_POINT('',(-20.8,-38.67871870789));
#7350 = CARTESIAN_POINT('',(-20.8,-41.45));
#7351 = ( GEOMETRIC_REPRESENTATION_CONTEXT(2) 
PARAMETRIC_REPRESENTATION_CONTEXT() REPRESENTATION_CONTEXT('2D SPACE',''
  ) );
#7352 = PCURVE('',#7353,#7358);
#7353 = CONICAL_SURFACE('',#7354,1.5,0.785398163397);
#7354 = AXIS2_PLACEMENT_3D('',#7355,#7356,#7357);
#7355 = CARTESIAN_POINT('',(-22.4,-41.45,-5.E-02));
#7356 = DIRECTION('',(-0.,-0.,-1.));
#7357 = DIRECTION('',(1.,0.,-0.));
#7358 = DEFINITIONAL_REPRESENTATION('',(#7359),#7363);
#7359 = LINE('',#7360,#7361);
#7360 = CARTESIAN_POINT('',(-0.,1.E-01));
#7361 = VECTOR('',#7362,1.);
#7362 = DIRECTION('',(1.,-0.));
#7363 = ( GEOMETRIC_REPRESENTATION_CONTEXT(2) 
PARAMETRIC_REPRESENTATION_CONTEXT() REPRESENTATION_CONTEXT('2D SPACE',''
  ) );
#7364 = FACE_BOUND('',#7365,.F.);
#7365 = EDGE_LOOP('',(#7366));
#7366 = ORIENTED_EDGE('',*,*,#7367,.T.);
#7367 = EDGE_CURVE('',#7368,#7368,#7370,.T.);
#7368 = VERTEX_POINT('',#7369);
#7369 = CARTESIAN_POINT('',(24.,-41.45,-0.15));
#7370 = SURFACE_CURVE('',#7371,(#7376,#7387),.PCURVE_S1.);
#7371 = CIRCLE('',#7372,1.6);
#7372 = AXIS2_PLACEMENT_3D('',#7373,#7374,#7375);
#7373 = CARTESIAN_POINT('',(22.4,-41.45,-0.15));
#7374 = DIRECTION('',(0.,-0.,-1.));
#7375 = DIRECTION('',(1.,0.,-0.));
#7376 = PCURVE('',#5103,#7377);
#7377 = DEFINITIONAL_REPRESENTATION('',(#7378),#7386);
#7378 = ( BOUNDED_CURVE() B_SPLINE_CURVE(2,(#7379,#7380,#7381,#7382,
#7383,#7384,#7385),.UNSPECIFIED.,.T.,.F.) B_SPLINE_CURVE_WITH_KNOTS((1,2
    ,2,2,2,1),(-2.094395102393,0.,2.094395102393,4.188790204786,
6.28318530718,8.377580409573),.UNSPECIFIED.) CURVE() 
GEOMETRIC_REPRESENTATION_ITEM() RATIONAL_B_SPLINE_CURVE((1.,0.5,1.,0.5,
1.,0.5,1.)) REPRESENTATION_ITEM('') );
#7379 = CARTESIAN_POINT('',(24.,-41.45));
#7380 = CARTESIAN_POINT('',(24.,-44.22128129211));
#7381 = CARTESIAN_POINT('',(21.6,-42.83564064605));
#7382 = CARTESIAN_POINT('',(19.2,-41.45));
#7383 = CARTESIAN_POINT('',(21.6,-40.06435935394));
#7384 = CARTESIAN_POINT('',(24.,-38.67871870789));
#7385 = CARTESIAN_POINT('',(24.,-41.45));
#7386 = ( GEOMETRIC_REPRESENTATION_CONTEXT(2) 
PARAMETRIC_REPRESENTATION_CONTEXT() REPRESENTATION_CONTEXT('2D SPACE',''
  ) );
#7387 = PCURVE('',#7388,#7393);
#7388 = CONICAL_SURFACE('',#7389,1.5,0.785398163397);
#7389 = AXIS2_PLACEMENT_3D('',#7390,#7391,#7392);
#7390 = CARTESIAN_POINT('',(22.4,-41.45,-5.E-02));
#7391 = DIRECTION('',(-0.,-0.,-1.));
#7392 = DIRECTION('',(1.,0.,-0.));
#7393 = DEFINITIONAL_REPRESENTATION('',(#7394),#7398);
#7394 = LINE('',#7395,#7396);
#7395 = CARTESIAN_POINT('',(-0.,1.E-01));
#7396 = VECTOR('',#7397,1.);
#7397 = DIRECTION('',(1.,-0.));
#7398 = ( GEOMETRIC_REPRESENTATION_CONTEXT(2) 
PARAMETRIC_REPRESENTATION_CONTEXT() REPRESENTATION_CONTEXT('2D SPACE',''
  ) );
#7399 = FACE_BOUND('',#7400,.F.);
#7400 = EDGE_LOOP('',(#7401));
#7401 = ORIENTED_EDGE('',*,*,#7402,.T.);
#7402 = EDGE_CURVE('',#7403,#7403,#7405,.T.);
#7403 = VERTEX_POINT('',#7404);
#7404 = CARTESIAN_POINT('',(-20.8,41.45,-0.15));
#7405 = SURFACE_CURVE('',#7406,(#7411,#7422),.PCURVE_S1.);
#7406 = CIRCLE('',#7407,1.6);
#7407 = AXIS2_PLACEMENT_3D('',#7408,#7409,#7410);
#7408 = CARTESIAN_POINT('',(-22.4,41.45,-0.15));
#7409 = DIRECTION('',(0.,-0.,-1.));
#7410 = DIRECTION('',(1.,0.,-0.));
#7411 = PCURVE('',#5103,#7412);
#7412 = DEFINITIONAL_REPRESENTATION('',(#7413),#7421);
#7413 = ( BOUNDED_CURVE() B_SPLINE_CURVE(2,(#7414,#7415,#7416,#7417,
#7418,#7419,#7420),.UNSPECIFIED.,.T.,.F.) B_SPLINE_CURVE_WITH_KNOTS((1,2
    ,2,2,2,1),(-2.094395102393,0.,2.094395102393,4.188790204786,
6.28318530718,8.377580409573),.UNSPECIFIED.) CURVE() 
GEOMETRIC_REPRESENTATION_ITEM() RATIONAL_B_SPLINE_CURVE((1.,0.5,1.,0.5,
1.,0.5,1.)) REPRESENTATION_ITEM('') );
#7414 = CARTESIAN_POINT('',(-20.8,41.45));
#7415 = CARTESIAN_POINT('',(-20.8,38.67871870789));
#7416 = CARTESIAN_POINT('',(-23.2,40.064359353945));
#7417 = CARTESIAN_POINT('',(-25.6,41.45));
#7418 = CARTESIAN_POINT('',(-23.2,42.835640646055));
#7419 = CARTESIAN_POINT('',(-20.8,44.22128129211));
#7420 = CARTESIAN_POINT('',(-20.8,41.45));
#7421 = ( GEOMETRIC_REPRESENTATION_CONTEXT(2) 
PARAMETRIC_REPRESENTATION_CONTEXT() REPRESENTATION_CONTEXT('2D SPACE',''
  ) );
#7422 = PCURVE('',#7423,#7428);
#7423 = CONICAL_SURFACE('',#7424,1.5,0.785398163397);
#7424 = AXIS2_PLACEMENT_3D('',#7425,#7426,#7427);
#7425 = CARTESIAN_POINT('',(-22.4,41.45,-5.E-02));
#7426 = DIRECTION('',(-0.,-0.,-1.));
#7427 = DIRECTION('',(1.,0.,-0.));
#7428 = DEFINITIONAL_REPRESENTATION('',(#7429),#7433);
#7429 = LINE('',#7430,#7431);
#7430 = CARTESIAN_POINT('',(-0.,1.E-01));
#7431 = VECTOR('',#7432,1.);
#7432 = DIRECTION('',(1.,-0.));
#7433 = ( GEOMETRIC_REPRESENTATION_CONTEXT(2) 
PARAMETRIC_REPRESENTATION_CONTEXT() REPRESENTATION_CONTEXT('2D SPACE',''
  ) );
#7434 = FACE_BOUND('',#7435,.F.);
#7435 = EDGE_LOOP('',(#7436,#7466,#7495,#7523,#7551,#7579,#7607,#7635,
    #7664,#7692,#7725,#7753));
#7436 = ORIENTED_EDGE('',*,*,#7437,.T.);
#7437 = EDGE_CURVE('',#7438,#7440,#7442,.T.);
#7438 = VERTEX_POINT('',#7439);
#7439 = CARTESIAN_POINT('',(-20.15500556793,42.55,-0.15));
#7440 = VERTEX_POINT('',#7441);
#7441 = CARTESIAN_POINT('',(20.155005567936,42.55,-0.15));
#7442 = SURFACE_CURVE('',#7443,(#7447,#7454),.PCURVE_S1.);
#7443 = LINE('',#7444,#7445);
#7444 = CARTESIAN_POINT('',(-20.,42.55,-0.15));
#7445 = VECTOR('',#7446,1.);
#7446 = DIRECTION('',(1.,0.,-0.));
#7447 = PCURVE('',#5103,#7448);
#7448 = DEFINITIONAL_REPRESENTATION('',(#7449),#7453);
#7449 = LINE('',#7450,#7451);
#7450 = CARTESIAN_POINT('',(-20.,42.55));
#7451 = VECTOR('',#7452,1.);
#7452 = DIRECTION('',(1.,0.));
#7453 = ( GEOMETRIC_REPRESENTATION_CONTEXT(2) 
PARAMETRIC_REPRESENTATION_CONTEXT() REPRESENTATION_CONTEXT('2D SPACE',''
  ) );
#7454 = PCURVE('',#7455,#7460);
#7455 = PLANE('',#7456);
#7456 = AXIS2_PLACEMENT_3D('',#7457,#7458,#7459);
#7457 = CARTESIAN_POINT('',(-20.,42.5,-1.E-01));
#7458 = DIRECTION('',(0.,0.707106781187,0.707106781187));
#7459 = DIRECTION('',(-1.,-0.,0.));
#7460 = DEFINITIONAL_REPRESENTATION('',(#7461),#7465);
#7461 = LINE('',#7462,#7463);
#7462 = CARTESIAN_POINT('',(-0.,-7.071067811865E-02));
#7463 = VECTOR('',#7464,1.);
#7464 = DIRECTION('',(-1.,0.));
#7465 = ( GEOMETRIC_REPRESENTATION_CONTEXT(2) 
PARAMETRIC_REPRESENTATION_CONTEXT() REPRESENTATION_CONTEXT('2D SPACE',''
  ) );
#7466 = ORIENTED_EDGE('',*,*,#7467,.T.);
#7467 = EDGE_CURVE('',#7440,#7468,#7470,.T.);
#7468 = VERTEX_POINT('',#7469);
#7469 = CARTESIAN_POINT('',(23.,39.023067780098,-0.15));
#7470 = SURFACE_CURVE('',#7471,(#7476,#7483),.PCURVE_S1.);
#7471 = CIRCLE('',#7472,2.5);
#7472 = AXIS2_PLACEMENT_3D('',#7473,#7474,#7475);
#7473 = CARTESIAN_POINT('',(22.4,41.45,-0.15));
#7474 = DIRECTION('',(0.,0.,1.));
#7475 = DIRECTION('',(-0.923076923077,0.384615384615,0.));
#7476 = PCURVE('',#5103,#7477);
#7477 = DEFINITIONAL_REPRESENTATION('',(#7478),#7482);
#7478 = CIRCLE('',#7479,2.5);
#7479 = AXIS2_PLACEMENT_2D('',#7480,#7481);
#7480 = CARTESIAN_POINT('',(22.4,41.45));
#7481 = DIRECTION('',(-0.923076923077,0.384615384615));
#7482 = ( GEOMETRIC_REPRESENTATION_CONTEXT(2) 
PARAMETRIC_REPRESENTATION_CONTEXT() REPRESENTATION_CONTEXT('2D SPACE',''
  ) );
#7483 = PCURVE('',#7484,#7489);
#7484 = CONICAL_SURFACE('',#7485,2.6,0.785398163397);
#7485 = AXIS2_PLACEMENT_3D('',#7486,#7487,#7488);
#7486 = CARTESIAN_POINT('',(22.4,41.45,-5.E-02));
#7487 = DIRECTION('',(0.,0.,1.));
#7488 = DIRECTION('',(-0.923076923077,0.384615384615,0.));
#7489 = DEFINITIONAL_REPRESENTATION('',(#7490),#7494);
#7490 = LINE('',#7491,#7492);
#7491 = CARTESIAN_POINT('',(0.,-1.E-01));
#7492 = VECTOR('',#7493,1.);
#7493 = DIRECTION('',(1.,0.));
#7494 = ( GEOMETRIC_REPRESENTATION_CONTEXT(2) 
PARAMETRIC_REPRESENTATION_CONTEXT() REPRESENTATION_CONTEXT('2D SPACE',''
  ) );
#7495 = ORIENTED_EDGE('',*,*,#7496,.T.);
#7496 = EDGE_CURVE('',#7468,#7497,#7499,.T.);
#7497 = VERTEX_POINT('',#7498);
#7498 = CARTESIAN_POINT('',(23.,13.65,-0.15));
#7499 = SURFACE_CURVE('',#7500,(#7504,#7511),.PCURVE_S1.);
#7500 = LINE('',#7501,#7502);
#7501 = CARTESIAN_POINT('',(23.,38.898529835565,-0.15));
#7502 = VECTOR('',#7503,1.);
#7503 = DIRECTION('',(0.,-1.,0.));
#7504 = PCURVE('',#5103,#7505);
#7505 = DEFINITIONAL_REPRESENTATION('',(#7506),#7510);
#7506 = LINE('',#7507,#7508);
#7507 = CARTESIAN_POINT('',(23.,38.898529835565));
#7508 = VECTOR('',#7509,1.);
#7509 = DIRECTION('',(0.,-1.));
#7510 = ( GEOMETRIC_REPRESENTATION_CONTEXT(2) 
PARAMETRIC_REPRESENTATION_CONTEXT() REPRESENTATION_CONTEXT('2D SPACE',''
  ) );
#7511 = PCURVE('',#7512,#7517);
#7512 = PLANE('',#7513);
#7513 = AXIS2_PLACEMENT_3D('',#7514,#7515,#7516);
#7514 = CARTESIAN_POINT('',(22.95,38.898529835565,-1.E-01));
#7515 = DIRECTION('',(-0.707106781187,0.,-0.707106781187));
#7516 = DIRECTION('',(0.,-1.,-0.));
#7517 = DEFINITIONAL_REPRESENTATION('',(#7518),#7522);
#7518 = LINE('',#7519,#7520);
#7519 = CARTESIAN_POINT('',(0.,-7.071067811865E-02));
#7520 = VECTOR('',#7521,1.);
#7521 = DIRECTION('',(1.,0.));
#7522 = ( GEOMETRIC_REPRESENTATION_CONTEXT(2) 
PARAMETRIC_REPRESENTATION_CONTEXT() REPRESENTATION_CONTEXT('2D SPACE',''
  ) );
#7523 = ORIENTED_EDGE('',*,*,#7524,.T.);
#7524 = EDGE_CURVE('',#7497,#7525,#7527,.T.);
#7525 = VERTEX_POINT('',#7526);
#7526 = CARTESIAN_POINT('',(24.5,13.65,-0.15));
#7527 = SURFACE_CURVE('',#7528,(#7532,#7539),.PCURVE_S1.);
#7528 = LINE('',#7529,#7530);
#7529 = CARTESIAN_POINT('',(22.9,13.65,-0.15));
#7530 = VECTOR('',#7531,1.);
#7531 = DIRECTION('',(1.,0.,0.));
#7532 = PCURVE('',#5103,#7533);
#7533 = DEFINITIONAL_REPRESENTATION('',(#7534),#7538);
#7534 = LINE('',#7535,#7536);
#7535 = CARTESIAN_POINT('',(22.9,13.65));
#7536 = VECTOR('',#7537,1.);
#7537 = DIRECTION('',(1.,0.));
#7538 = ( GEOMETRIC_REPRESENTATION_CONTEXT(2) 
PARAMETRIC_REPRESENTATION_CONTEXT() REPRESENTATION_CONTEXT('2D SPACE',''
  ) );
#7539 = PCURVE('',#7540,#7545);
#7540 = PLANE('',#7541);
#7541 = AXIS2_PLACEMENT_3D('',#7542,#7543,#7544);
#7542 = CARTESIAN_POINT('',(22.9,13.6,-1.E-01));
#7543 = DIRECTION('',(0.,-0.707106781187,-0.707106781187));
#7544 = DIRECTION('',(1.,0.,0.));
#7545 = DEFINITIONAL_REPRESENTATION('',(#7546),#7550);
#7546 = LINE('',#7547,#7548);
#7547 = CARTESIAN_POINT('',(0.,-7.071067811865E-02));
#7548 = VECTOR('',#7549,1.);
#7549 = DIRECTION('',(1.,0.));
#7550 = ( GEOMETRIC_REPRESENTATION_CONTEXT(2) 
PARAMETRIC_REPRESENTATION_CONTEXT() REPRESENTATION_CONTEXT('2D SPACE',''
  ) );
#7551 = ORIENTED_EDGE('',*,*,#7552,.T.);
#7552 = EDGE_CURVE('',#7525,#7553,#7555,.T.);
#7553 = VERTEX_POINT('',#7554);
#7554 = CARTESIAN_POINT('',(24.5,-34.55,-0.15));
#7555 = SURFACE_CURVE('',#7556,(#7560,#7567),.PCURVE_S1.);
#7556 = LINE('',#7557,#7558);
#7557 = CARTESIAN_POINT('',(24.5,13.55,-0.15));
#7558 = VECTOR('',#7559,1.);
#7559 = DIRECTION('',(0.,-1.,0.));
#7560 = PCURVE('',#5103,#7561);
#7561 = DEFINITIONAL_REPRESENTATION('',(#7562),#7566);
#7562 = LINE('',#7563,#7564);
#7563 = CARTESIAN_POINT('',(24.5,13.55));
#7564 = VECTOR('',#7565,1.);
#7565 = DIRECTION('',(0.,-1.));
#7566 = ( GEOMETRIC_REPRESENTATION_CONTEXT(2) 
PARAMETRIC_REPRESENTATION_CONTEXT() REPRESENTATION_CONTEXT('2D SPACE',''
  ) );
#7567 = PCURVE('',#7568,#7573);
#7568 = PLANE('',#7569);
#7569 = AXIS2_PLACEMENT_3D('',#7570,#7571,#7572);
#7570 = CARTESIAN_POINT('',(24.45,13.55,-1.E-01));
#7571 = DIRECTION('',(0.707106781187,0.,0.707106781187));
#7572 = DIRECTION('',(-0.,1.,-0.));
#7573 = DEFINITIONAL_REPRESENTATION('',(#7574),#7578);
#7574 = LINE('',#7575,#7576);
#7575 = CARTESIAN_POINT('',(-0.,-7.071067811865E-02));
#7576 = VECTOR('',#7577,1.);
#7577 = DIRECTION('',(-1.,0.));
#7578 = ( GEOMETRIC_REPRESENTATION_CONTEXT(2) 
PARAMETRIC_REPRESENTATION_CONTEXT() REPRESENTATION_CONTEXT('2D SPACE',''
  ) );
#7579 = ORIENTED_EDGE('',*,*,#7580,.T.);
#7580 = EDGE_CURVE('',#7553,#7581,#7583,.T.);
#7581 = VERTEX_POINT('',#7582);
#7582 = CARTESIAN_POINT('',(23.,-34.55,-0.15));
#7583 = SURFACE_CURVE('',#7584,(#7588,#7595),.PCURVE_S1.);
#7584 = LINE('',#7585,#7586);
#7585 = CARTESIAN_POINT('',(24.4,-34.55,-0.15));
#7586 = VECTOR('',#7587,1.);
#7587 = DIRECTION('',(-1.,0.,0.));
#7588 = PCURVE('',#5103,#7589);
#7589 = DEFINITIONAL_REPRESENTATION('',(#7590),#7594);
#7590 = LINE('',#7591,#7592);
#7591 = CARTESIAN_POINT('',(24.4,-34.55));
#7592 = VECTOR('',#7593,1.);
#7593 = DIRECTION('',(-1.,0.));
#7594 = ( GEOMETRIC_REPRESENTATION_CONTEXT(2) 
PARAMETRIC_REPRESENTATION_CONTEXT() REPRESENTATION_CONTEXT('2D SPACE',''
  ) );
#7595 = PCURVE('',#7596,#7601);
#7596 = PLANE('',#7597);
#7597 = AXIS2_PLACEMENT_3D('',#7598,#7599,#7600);
#7598 = CARTESIAN_POINT('',(24.4,-34.5,-1.E-01));
#7599 = DIRECTION('',(0.,0.707106781187,-0.707106781187));
#7600 = DIRECTION('',(-1.,0.,0.));
#7601 = DEFINITIONAL_REPRESENTATION('',(#7602),#7606);
#7602 = LINE('',#7603,#7604);
#7603 = CARTESIAN_POINT('',(0.,-7.071067811865E-02));
#7604 = VECTOR('',#7605,1.);
#7605 = DIRECTION('',(1.,0.));
#7606 = ( GEOMETRIC_REPRESENTATION_CONTEXT(2) 
PARAMETRIC_REPRESENTATION_CONTEXT() REPRESENTATION_CONTEXT('2D SPACE',''
  ) );
#7607 = ORIENTED_EDGE('',*,*,#7608,.T.);
#7608 = EDGE_CURVE('',#7581,#7609,#7611,.T.);
#7609 = VERTEX_POINT('',#7610);
#7610 = CARTESIAN_POINT('',(23.,-39.02306778009,-0.15));
#7611 = SURFACE_CURVE('',#7612,(#7616,#7623),.PCURVE_S1.);
#7612 = LINE('',#7613,#7614);
#7613 = CARTESIAN_POINT('',(23.,-34.45,-0.15));
#7614 = VECTOR('',#7615,1.);
#7615 = DIRECTION('',(0.,-1.,0.));
#7616 = PCURVE('',#5103,#7617);
#7617 = DEFINITIONAL_REPRESENTATION('',(#7618),#7622);
#7618 = LINE('',#7619,#7620);
#7619 = CARTESIAN_POINT('',(23.,-34.45));
#7620 = VECTOR('',#7621,1.);
#7621 = DIRECTION('',(0.,-1.));
#7622 = ( GEOMETRIC_REPRESENTATION_CONTEXT(2) 
PARAMETRIC_REPRESENTATION_CONTEXT() REPRESENTATION_CONTEXT('2D SPACE',''
  ) );
#7623 = PCURVE('',#7624,#7629);
#7624 = PLANE('',#7625);
#7625 = AXIS2_PLACEMENT_3D('',#7626,#7627,#7628);
#7626 = CARTESIAN_POINT('',(22.95,-34.45,-1.E-01));
#7627 = DIRECTION('',(-0.707106781187,0.,-0.707106781187));
#7628 = DIRECTION('',(0.,-1.,-0.));
#7629 = DEFINITIONAL_REPRESENTATION('',(#7630),#7634);
#7630 = LINE('',#7631,#7632);
#7631 = CARTESIAN_POINT('',(0.,-7.071067811865E-02));
#7632 = VECTOR('',#7633,1.);
#7633 = DIRECTION('',(1.,0.));
#7634 = ( GEOMETRIC_REPRESENTATION_CONTEXT(2) 
PARAMETRIC_REPRESENTATION_CONTEXT() REPRESENTATION_CONTEXT('2D SPACE',''
  ) );
#7635 = ORIENTED_EDGE('',*,*,#7636,.T.);
#7636 = EDGE_CURVE('',#7609,#7637,#7639,.T.);
#7637 = VERTEX_POINT('',#7638);
#7638 = CARTESIAN_POINT('',(20.155005567936,-42.55,-0.15));
#7639 = SURFACE_CURVE('',#7640,(#7645,#7652),.PCURVE_S1.);
#7640 = CIRCLE('',#7641,2.5);
#7641 = AXIS2_PLACEMENT_3D('',#7642,#7643,#7644);
#7642 = CARTESIAN_POINT('',(22.4,-41.45,-0.15));
#7643 = DIRECTION('',(0.,0.,1.));
#7644 = DIRECTION('',(0.192307692308,0.981334678629,-0.));
#7645 = PCURVE('',#5103,#7646);
#7646 = DEFINITIONAL_REPRESENTATION('',(#7647),#7651);
#7647 = CIRCLE('',#7648,2.5);
#7648 = AXIS2_PLACEMENT_2D('',#7649,#7650);
#7649 = CARTESIAN_POINT('',(22.4,-41.45));
#7650 = DIRECTION('',(0.192307692308,0.981334678629));
#7651 = ( GEOMETRIC_REPRESENTATION_CONTEXT(2) 
PARAMETRIC_REPRESENTATION_CONTEXT() REPRESENTATION_CONTEXT('2D SPACE',''
  ) );
#7652 = PCURVE('',#7653,#7658);
#7653 = CONICAL_SURFACE('',#7654,2.6,0.785398163397);
#7654 = AXIS2_PLACEMENT_3D('',#7655,#7656,#7657);
#7655 = CARTESIAN_POINT('',(22.4,-41.45,-5.E-02));
#7656 = DIRECTION('',(0.,0.,1.));
#7657 = DIRECTION('',(0.192307692308,0.981334678629,-0.));
#7658 = DEFINITIONAL_REPRESENTATION('',(#7659),#7663);
#7659 = LINE('',#7660,#7661);
#7660 = CARTESIAN_POINT('',(0.,-1.E-01));
#7661 = VECTOR('',#7662,1.);
#7662 = DIRECTION('',(1.,0.));
#7663 = ( GEOMETRIC_REPRESENTATION_CONTEXT(2) 
PARAMETRIC_REPRESENTATION_CONTEXT() REPRESENTATION_CONTEXT('2D SPACE',''
  ) );
#7664 = ORIENTED_EDGE('',*,*,#7665,.T.);
#7665 = EDGE_CURVE('',#7637,#7666,#7668,.T.);
#7666 = VERTEX_POINT('',#7667);
#7667 = CARTESIAN_POINT('',(-20.15500556793,-42.55,-0.15));
#7668 = SURFACE_CURVE('',#7669,(#7673,#7680),.PCURVE_S1.);
#7669 = LINE('',#7670,#7671);
#7670 = CARTESIAN_POINT('',(20.,-42.55,-0.15));
#7671 = VECTOR('',#7672,1.);
#7672 = DIRECTION('',(-1.,0.,0.));
#7673 = PCURVE('',#5103,#7674);
#7674 = DEFINITIONAL_REPRESENTATION('',(#7675),#7679);
#7675 = LINE('',#7676,#7677);
#7676 = CARTESIAN_POINT('',(20.,-42.55));
#7677 = VECTOR('',#7678,1.);
#7678 = DIRECTION('',(-1.,0.));
#7679 = ( GEOMETRIC_REPRESENTATION_CONTEXT(2) 
PARAMETRIC_REPRESENTATION_CONTEXT() REPRESENTATION_CONTEXT('2D SPACE',''
  ) );
#7680 = PCURVE('',#7681,#7686);
#7681 = PLANE('',#7682);
#7682 = AXIS2_PLACEMENT_3D('',#7683,#7684,#7685);
#7683 = CARTESIAN_POINT('',(20.,-42.5,-1.E-01));
#7684 = DIRECTION('',(0.,-0.707106781187,0.707106781187));
#7685 = DIRECTION('',(1.,-0.,-0.));
#7686 = DEFINITIONAL_REPRESENTATION('',(#7687),#7691);
#7687 = LINE('',#7688,#7689);
#7688 = CARTESIAN_POINT('',(-0.,-7.071067811865E-02));
#7689 = VECTOR('',#7690,1.);
#7690 = DIRECTION('',(-1.,0.));
#7691 = ( GEOMETRIC_REPRESENTATION_CONTEXT(2) 
PARAMETRIC_REPRESENTATION_CONTEXT() REPRESENTATION_CONTEXT('2D SPACE',''
  ) );
#7692 = ORIENTED_EDGE('',*,*,#7693,.F.);
#7693 = EDGE_CURVE('',#7694,#7666,#7696,.T.);
#7694 = VERTEX_POINT('',#7695);
#7695 = CARTESIAN_POINT('',(-23.,-39.02306778009,-0.15));
#7696 = SURFACE_CURVE('',#7697,(#7702,#7713),.PCURVE_S1.);
#7697 = CIRCLE('',#7698,2.5);
#7698 = AXIS2_PLACEMENT_3D('',#7699,#7700,#7701);
#7699 = CARTESIAN_POINT('',(-22.4,-41.45,-0.15));
#7700 = DIRECTION('',(-0.,0.,-1.));
#7701 = DIRECTION('',(-0.192307692308,0.981334678629,0.));
#7702 = PCURVE('',#5103,#7703);
#7703 = DEFINITIONAL_REPRESENTATION('',(#7704),#7712);
#7704 = ( BOUNDED_CURVE() B_SPLINE_CURVE(2,(#7705,#7706,#7707,#7708,
#7709,#7710,#7711),.UNSPECIFIED.,.T.,.F.) B_SPLINE_CURVE_WITH_KNOTS((1,2
    ,2,2,2,1),(-2.094395102393,0.,2.094395102393,4.188790204786,
6.28318530718,8.377580409573),.UNSPECIFIED.) CURVE() 
GEOMETRIC_REPRESENTATION_ITEM() RATIONAL_B_SPLINE_CURVE((1.,0.5,1.,0.5,
1.,0.5,1.)) REPRESENTATION_ITEM('') );
#7705 = CARTESIAN_POINT('',(-22.88076923076,-38.99666330342));
#7706 = CARTESIAN_POINT('',(-18.63146542423,-38.16394656902));
#7707 = CARTESIAN_POINT('',(-20.03496348134,-42.26030998108));
#7708 = CARTESIAN_POINT('',(-21.43846153846,-46.35667339314));
#7709 = CARTESIAN_POINT('',(-24.28426728788,-43.09302671549));
#7710 = CARTESIAN_POINT('',(-27.1300730373,-39.82938003783));
#7711 = CARTESIAN_POINT('',(-22.88076923076,-38.99666330342));
#7712 = ( GEOMETRIC_REPRESENTATION_CONTEXT(2) 
PARAMETRIC_REPRESENTATION_CONTEXT() REPRESENTATION_CONTEXT('2D SPACE',''
  ) );
#7713 = PCURVE('',#7714,#7719);
#7714 = CONICAL_SURFACE('',#7715,2.6,0.785398163397);
#7715 = AXIS2_PLACEMENT_3D('',#7716,#7717,#7718);
#7716 = CARTESIAN_POINT('',(-22.4,-41.45,-5.E-02));
#7717 = DIRECTION('',(0.,0.,1.));
#7718 = DIRECTION('',(-0.192307692308,0.981334678629,0.));
#7719 = DEFINITIONAL_REPRESENTATION('',(#7720),#7724);
#7720 = LINE('',#7721,#7722);
#7721 = CARTESIAN_POINT('',(-0.,-1.E-01));
#7722 = VECTOR('',#7723,1.);
#7723 = DIRECTION('',(-1.,0.));
#7724 = ( GEOMETRIC_REPRESENTATION_CONTEXT(2) 
PARAMETRIC_REPRESENTATION_CONTEXT() REPRESENTATION_CONTEXT('2D SPACE',''
  ) );
#7725 = ORIENTED_EDGE('',*,*,#7726,.T.);
#7726 = EDGE_CURVE('',#7694,#7727,#7729,.T.);
#7727 = VERTEX_POINT('',#7728);
#7728 = CARTESIAN_POINT('',(-23.,39.023067780098,-0.15));
#7729 = SURFACE_CURVE('',#7730,(#7734,#7741),.PCURVE_S1.);
#7730 = LINE('',#7731,#7732);
#7731 = CARTESIAN_POINT('',(-23.,-38.89852983556,-0.15));
#7732 = VECTOR('',#7733,1.);
#7733 = DIRECTION('',(-0.,1.,0.));
#7734 = PCURVE('',#5103,#7735);
#7735 = DEFINITIONAL_REPRESENTATION('',(#7736),#7740);
#7736 = LINE('',#7737,#7738);
#7737 = CARTESIAN_POINT('',(-23.,-38.89852983556));
#7738 = VECTOR('',#7739,1.);
#7739 = DIRECTION('',(0.,1.));
#7740 = ( GEOMETRIC_REPRESENTATION_CONTEXT(2) 
PARAMETRIC_REPRESENTATION_CONTEXT() REPRESENTATION_CONTEXT('2D SPACE',''
  ) );
#7741 = PCURVE('',#7742,#7747);
#7742 = PLANE('',#7743);
#7743 = AXIS2_PLACEMENT_3D('',#7744,#7745,#7746);
#7744 = CARTESIAN_POINT('',(-22.95,-38.89852983556,-1.E-01));
#7745 = DIRECTION('',(-0.707106781187,0.,0.707106781187));
#7746 = DIRECTION('',(-0.,-1.,0.));
#7747 = DEFINITIONAL_REPRESENTATION('',(#7748),#7752);
#7748 = LINE('',#7749,#7750);
#7749 = CARTESIAN_POINT('',(-0.,-7.071067811865E-02));
#7750 = VECTOR('',#7751,1.);
#7751 = DIRECTION('',(-1.,0.));
#7752 = ( GEOMETRIC_REPRESENTATION_CONTEXT(2) 
PARAMETRIC_REPRESENTATION_CONTEXT() REPRESENTATION_CONTEXT('2D SPACE',''
  ) );
#7753 = ORIENTED_EDGE('',*,*,#7754,.F.);
#7754 = EDGE_CURVE('',#7438,#7727,#7755,.T.);
#7755 = SURFACE_CURVE('',#7756,(#7761,#7772),.PCURVE_S1.);
#7756 = CIRCLE('',#7757,2.5);
#7757 = AXIS2_PLACEMENT_3D('',#7758,#7759,#7760);
#7758 = CARTESIAN_POINT('',(-22.4,41.45,-0.15));
#7759 = DIRECTION('',(0.,-0.,-1.));
#7760 = DIRECTION('',(0.923076923077,0.384615384615,-0.));
#7761 = PCURVE('',#5103,#7762);
#7762 = DEFINITIONAL_REPRESENTATION('',(#7763),#7771);
#7763 = ( BOUNDED_CURVE() B_SPLINE_CURVE(2,(#7764,#7765,#7766,#7767,
#7768,#7769,#7770),.UNSPECIFIED.,.T.,.F.) B_SPLINE_CURVE_WITH_KNOTS((1,2
    ,2,2,2,1),(-2.094395102393,0.,2.094395102393,4.188790204786,
6.28318530718,8.377580409573),.UNSPECIFIED.) CURVE() 
GEOMETRIC_REPRESENTATION_ITEM() RATIONAL_B_SPLINE_CURVE((1.,0.5,1.,0.5,
1.,0.5,1.)) REPRESENTATION_ITEM('') );
#7764 = CARTESIAN_POINT('',(-20.0923076923,42.411538461538));
#7765 = CARTESIAN_POINT('',(-18.42687422349,38.414498136379));
#7766 = CARTESIAN_POINT('',(-22.72112941943,38.970710606651));
#7767 = CARTESIAN_POINT('',(-27.01538461538,39.526923076923));
#7768 = CARTESIAN_POINT('',(-24.38656288825,42.96775093181));
#7769 = CARTESIAN_POINT('',(-21.75774116112,46.408578786697));
#7770 = CARTESIAN_POINT('',(-20.0923076923,42.411538461538));
#7771 = ( GEOMETRIC_REPRESENTATION_CONTEXT(2) 
PARAMETRIC_REPRESENTATION_CONTEXT() REPRESENTATION_CONTEXT('2D SPACE',''
  ) );
#7772 = PCURVE('',#7773,#7778);
#7773 = CONICAL_SURFACE('',#7774,2.6,0.785398163397);
#7774 = AXIS2_PLACEMENT_3D('',#7775,#7776,#7777);
#7775 = CARTESIAN_POINT('',(-22.4,41.45,-5.E-02));
#7776 = DIRECTION('',(0.,0.,1.));
#7777 = DIRECTION('',(0.923076923077,0.384615384615,-0.));
#7778 = DEFINITIONAL_REPRESENTATION('',(#7779),#7783);
#7779 = LINE('',#7780,#7781);
#7780 = CARTESIAN_POINT('',(-0.,-1.E-01));
#7781 = VECTOR('',#7782,1.);
#7782 = DIRECTION('',(-1.,0.));
#7783 = ( GEOMETRIC_REPRESENTATION_CONTEXT(2) 
PARAMETRIC_REPRESENTATION_CONTEXT() REPRESENTATION_CONTEXT('2D SPACE',''
  ) );
#7784 = FACE_BOUND('',#7785,.F.);
#7785 = EDGE_LOOP('',(#7786));
#7786 = ORIENTED_EDGE('',*,*,#7787,.T.);
#7787 = EDGE_CURVE('',#7788,#7788,#7790,.T.);
#7788 = VERTEX_POINT('',#7789);
#7789 = CARTESIAN_POINT('',(24.,41.45,-0.15));
#7790 = SURFACE_CURVE('',#7791,(#7796,#7807),.PCURVE_S1.);
#7791 = CIRCLE('',#7792,1.6);
#7792 = AXIS2_PLACEMENT_3D('',#7793,#7794,#7795);
#7793 = CARTESIAN_POINT('',(22.4,41.45,-0.15));
#7794 = DIRECTION('',(0.,-0.,-1.));
#7795 = DIRECTION('',(1.,0.,-0.));
#7796 = PCURVE('',#5103,#7797);
#7797 = DEFINITIONAL_REPRESENTATION('',(#7798),#7806);
#7798 = ( BOUNDED_CURVE() B_SPLINE_CURVE(2,(#7799,#7800,#7801,#7802,
#7803,#7804,#7805),.UNSPECIFIED.,.T.,.F.) B_SPLINE_CURVE_WITH_KNOTS((1,2
    ,2,2,2,1),(-2.094395102393,0.,2.094395102393,4.188790204786,
6.28318530718,8.377580409573),.UNSPECIFIED.) CURVE() 
GEOMETRIC_REPRESENTATION_ITEM() RATIONAL_B_SPLINE_CURVE((1.,0.5,1.,0.5,
1.,0.5,1.)) REPRESENTATION_ITEM('') );
#7799 = CARTESIAN_POINT('',(24.,41.45));
#7800 = CARTESIAN_POINT('',(24.,38.67871870789));
#7801 = CARTESIAN_POINT('',(21.6,40.064359353945));
#7802 = CARTESIAN_POINT('',(19.2,41.45));
#7803 = CARTESIAN_POINT('',(21.6,42.835640646055));
#7804 = CARTESIAN_POINT('',(24.,44.22128129211));
#7805 = CARTESIAN_POINT('',(24.,41.45));
#7806 = ( GEOMETRIC_REPRESENTATION_CONTEXT(2) 
PARAMETRIC_REPRESENTATION_CONTEXT() REPRESENTATION_CONTEXT('2D SPACE',''
  ) );
#7807 = PCURVE('',#7808,#7813);
#7808 = CONICAL_SURFACE('',#7809,1.5,0.785398163397);
#7809 = AXIS2_PLACEMENT_3D('',#7810,#7811,#7812);
#7810 = CARTESIAN_POINT('',(22.4,41.45,-5.E-02));
#7811 = DIRECTION('',(-0.,-0.,-1.));
#7812 = DIRECTION('',(1.,0.,-0.));
#7813 = DEFINITIONAL_REPRESENTATION('',(#7814),#7818);
#7814 = LINE('',#7815,#7816);
#7815 = CARTESIAN_POINT('',(-0.,1.E-01));
#7816 = VECTOR('',#7817,1.);
#7817 = DIRECTION('',(1.,-0.));
#7818 = ( GEOMETRIC_REPRESENTATION_CONTEXT(2) 
PARAMETRIC_REPRESENTATION_CONTEXT() REPRESENTATION_CONTEXT('2D SPACE',''
  ) );
#7819 = ADVANCED_FACE('',(#7820),#5915,.T.);
#7820 = FACE_BOUND('',#7821,.F.);
#7821 = EDGE_LOOP('',(#7822,#7823,#7824,#7825));
#7822 = ORIENTED_EDGE('',*,*,#5931,.F.);
#7823 = ORIENTED_EDGE('',*,*,#5900,.F.);
#7824 = ORIENTED_EDGE('',*,*,#5979,.T.);
#7825 = ORIENTED_EDGE('',*,*,#6252,.F.);
#7826 = ADVANCED_FACE('',(#7827),#6069,.T.);
#7827 = FACE_BOUND('',#7828,.T.);
#7828 = EDGE_LOOP('',(#7829,#7830,#7831,#7832));
#7829 = ORIENTED_EDGE('',*,*,#6995,.F.);
#7830 = ORIENTED_EDGE('',*,*,#7045,.T.);
#7831 = ORIENTED_EDGE('',*,*,#6969,.T.);
#7832 = ORIENTED_EDGE('',*,*,#6052,.F.);
#7833 = ADVANCED_FACE('',(#7834),#6217,.T.);
#7834 = FACE_BOUND('',#7835,.T.);
#7835 = EDGE_LOOP('',(#7836,#7837,#7838,#7839));
#7836 = ORIENTED_EDGE('',*,*,#7165,.F.);
#7837 = ORIENTED_EDGE('',*,*,#7113,.T.);
#7838 = ORIENTED_EDGE('',*,*,#7139,.T.);
#7839 = ORIENTED_EDGE('',*,*,#6200,.F.);
#7840 = ADVANCED_FACE('',(#7841),#6143,.T.);
#7841 = FACE_BOUND('',#7842,.T.);
#7842 = EDGE_LOOP('',(#7843,#7844,#7845,#7846));
#7843 = ORIENTED_EDGE('',*,*,#7239,.F.);
#7844 = ORIENTED_EDGE('',*,*,#7289,.T.);
#7845 = ORIENTED_EDGE('',*,*,#7213,.T.);
#7846 = ORIENTED_EDGE('',*,*,#6126,.F.);
#7847 = ADVANCED_FACE('',(#7848),#6302,.F.);
#7848 = FACE_BOUND('',#7849,.T.);
#7849 = EDGE_LOOP('',(#7850,#7883,#7904,#7905));
#7850 = ORIENTED_EDGE('',*,*,#7851,.T.);
#7851 = EDGE_CURVE('',#7852,#7852,#7854,.T.);
#7852 = VERTEX_POINT('',#7853);
#7853 = CARTESIAN_POINT('',(-21.6,-41.45,0.4));
#7854 = SURFACE_CURVE('',#7855,(#7860,#7867),.PCURVE_S1.);
#7855 = CIRCLE('',#7856,0.8);
#7856 = AXIS2_PLACEMENT_3D('',#7857,#7858,#7859);
#7857 = CARTESIAN_POINT('',(-22.4,-41.45,0.4));
#7858 = DIRECTION('',(0.,0.,-1.));
#7859 = DIRECTION('',(1.,0.,0.));
#7860 = PCURVE('',#6302,#7861);
#7861 = DEFINITIONAL_REPRESENTATION('',(#7862),#7866);
#7862 = LINE('',#7863,#7864);
#7863 = CARTESIAN_POINT('',(-6.28318530718,-0.65));
#7864 = VECTOR('',#7865,1.);
#7865 = DIRECTION('',(1.,-0.));
#7866 = ( GEOMETRIC_REPRESENTATION_CONTEXT(2) 
PARAMETRIC_REPRESENTATION_CONTEXT() REPRESENTATION_CONTEXT('2D SPACE',''
  ) );
#7867 = PCURVE('',#7868,#7873);
#7868 = PLANE('',#7869);
#7869 = AXIS2_PLACEMENT_3D('',#7870,#7871,#7872);
#7870 = CARTESIAN_POINT('',(-22.4,-41.45,0.4));
#7871 = DIRECTION('',(0.,0.,1.));
#7872 = DIRECTION('',(1.,0.,-0.));
#7873 = DEFINITIONAL_REPRESENTATION('',(#7874),#7882);
#7874 = ( BOUNDED_CURVE() B_SPLINE_CURVE(2,(#7875,#7876,#7877,#7878,
#7879,#7880,#7881),.UNSPECIFIED.,.T.,.F.) B_SPLINE_CURVE_WITH_KNOTS((1,2
    ,2,2,2,1),(-2.094395102393,0.,2.094395102393,4.188790204786,
6.28318530718,8.377580409573),.UNSPECIFIED.) CURVE() 
GEOMETRIC_REPRESENTATION_ITEM() RATIONAL_B_SPLINE_CURVE((1.,0.5,1.,0.5,
1.,0.5,1.)) REPRESENTATION_ITEM('') );
#7875 = CARTESIAN_POINT('',(0.8,0.));
#7876 = CARTESIAN_POINT('',(0.8,-1.385640646055));
#7877 = CARTESIAN_POINT('',(-0.4,-0.692820323028));
#7878 = CARTESIAN_POINT('',(-1.6,-1.959434878636E-16));
#7879 = CARTESIAN_POINT('',(-0.4,0.692820323028));
#7880 = CARTESIAN_POINT('',(0.8,1.385640646055));
#7881 = CARTESIAN_POINT('',(0.8,0.));
#7882 = ( GEOMETRIC_REPRESENTATION_CONTEXT(2) 
PARAMETRIC_REPRESENTATION_CONTEXT() REPRESENTATION_CONTEXT('2D SPACE',''
  ) );
#7883 = ORIENTED_EDGE('',*,*,#7884,.T.);
#7884 = EDGE_CURVE('',#7852,#6282,#7885,.T.);
#7885 = SEAM_CURVE('',#7886,(#7890,#7897),.PCURVE_S1.);
#7886 = LINE('',#7887,#7888);
#7887 = CARTESIAN_POINT('',(-21.6,-41.45,-0.25));
#7888 = VECTOR('',#7889,1.);
#7889 = DIRECTION('',(0.,0.,1.));
#7890 = PCURVE('',#6302,#7891);
#7891 = DEFINITIONAL_REPRESENTATION('',(#7892),#7896);
#7892 = LINE('',#7893,#7894);
#7893 = CARTESIAN_POINT('',(-6.28318530718,0.));
#7894 = VECTOR('',#7895,1.);
#7895 = DIRECTION('',(-0.,-1.));
#7896 = ( GEOMETRIC_REPRESENTATION_CONTEXT(2) 
PARAMETRIC_REPRESENTATION_CONTEXT() REPRESENTATION_CONTEXT('2D SPACE',''
  ) );
#7897 = PCURVE('',#6302,#7898);
#7898 = DEFINITIONAL_REPRESENTATION('',(#7899),#7903);
#7899 = LINE('',#7900,#7901);
#7900 = CARTESIAN_POINT('',(-0.,0.));
#7901 = VECTOR('',#7902,1.);
#7902 = DIRECTION('',(-0.,-1.));
#7903 = ( GEOMETRIC_REPRESENTATION_CONTEXT(2) 
PARAMETRIC_REPRESENTATION_CONTEXT() REPRESENTATION_CONTEXT('2D SPACE',''
  ) );
#7904 = ORIENTED_EDGE('',*,*,#6281,.F.);
#7905 = ORIENTED_EDGE('',*,*,#7884,.F.);
#7906 = ADVANCED_FACE('',(#7907),#6337,.F.);
#7907 = FACE_BOUND('',#7908,.T.);
#7908 = EDGE_LOOP('',(#7909,#7942,#7963,#7964));
#7909 = ORIENTED_EDGE('',*,*,#7910,.T.);
#7910 = EDGE_CURVE('',#7911,#7911,#7913,.T.);
#7911 = VERTEX_POINT('',#7912);
#7912 = CARTESIAN_POINT('',(23.2,-41.45,0.4));
#7913 = SURFACE_CURVE('',#7914,(#7919,#7926),.PCURVE_S1.);
#7914 = CIRCLE('',#7915,0.8);
#7915 = AXIS2_PLACEMENT_3D('',#7916,#7917,#7918);
#7916 = CARTESIAN_POINT('',(22.4,-41.45,0.4));
#7917 = DIRECTION('',(0.,0.,-1.));
#7918 = DIRECTION('',(1.,0.,0.));
#7919 = PCURVE('',#6337,#7920);
#7920 = DEFINITIONAL_REPRESENTATION('',(#7921),#7925);
#7921 = LINE('',#7922,#7923);
#7922 = CARTESIAN_POINT('',(-6.28318530718,-0.65));
#7923 = VECTOR('',#7924,1.);
#7924 = DIRECTION('',(1.,-0.));
#7925 = ( GEOMETRIC_REPRESENTATION_CONTEXT(2) 
PARAMETRIC_REPRESENTATION_CONTEXT() REPRESENTATION_CONTEXT('2D SPACE',''
  ) );
#7926 = PCURVE('',#7927,#7932);
#7927 = PLANE('',#7928);
#7928 = AXIS2_PLACEMENT_3D('',#7929,#7930,#7931);
#7929 = CARTESIAN_POINT('',(-22.4,-41.45,0.4));
#7930 = DIRECTION('',(0.,0.,1.));
#7931 = DIRECTION('',(1.,0.,-0.));
#7932 = DEFINITIONAL_REPRESENTATION('',(#7933),#7941);
#7933 = ( BOUNDED_CURVE() B_SPLINE_CURVE(2,(#7934,#7935,#7936,#7937,
#7938,#7939,#7940),.UNSPECIFIED.,.T.,.F.) B_SPLINE_CURVE_WITH_KNOTS((1,2
    ,2,2,2,1),(-2.094395102393,0.,2.094395102393,4.188790204786,
6.28318530718,8.377580409573),.UNSPECIFIED.) CURVE() 
GEOMETRIC_REPRESENTATION_ITEM() RATIONAL_B_SPLINE_CURVE((1.,0.5,1.,0.5,
1.,0.5,1.)) REPRESENTATION_ITEM('') );
#7934 = CARTESIAN_POINT('',(45.6,0.));
#7935 = CARTESIAN_POINT('',(45.6,-1.385640646055));
#7936 = CARTESIAN_POINT('',(44.4,-0.692820323028));
#7937 = CARTESIAN_POINT('',(43.2,-1.959434878636E-16));
#7938 = CARTESIAN_POINT('',(44.4,0.692820323028));
#7939 = CARTESIAN_POINT('',(45.6,1.385640646055));
#7940 = CARTESIAN_POINT('',(45.6,0.));
#7941 = ( GEOMETRIC_REPRESENTATION_CONTEXT(2) 
PARAMETRIC_REPRESENTATION_CONTEXT() REPRESENTATION_CONTEXT('2D SPACE',''
  ) );
#7942 = ORIENTED_EDGE('',*,*,#7943,.T.);
#7943 = EDGE_CURVE('',#7911,#6317,#7944,.T.);
#7944 = SEAM_CURVE('',#7945,(#7949,#7956),.PCURVE_S1.);
#7945 = LINE('',#7946,#7947);
#7946 = CARTESIAN_POINT('',(23.2,-41.45,-0.25));
#7947 = VECTOR('',#7948,1.);
#7948 = DIRECTION('',(0.,0.,1.));
#7949 = PCURVE('',#6337,#7950);
#7950 = DEFINITIONAL_REPRESENTATION('',(#7951),#7955);
#7951 = LINE('',#7952,#7953);
#7952 = CARTESIAN_POINT('',(-6.28318530718,0.));
#7953 = VECTOR('',#7954,1.);
#7954 = DIRECTION('',(-0.,-1.));
#7955 = ( GEOMETRIC_REPRESENTATION_CONTEXT(2) 
PARAMETRIC_REPRESENTATION_CONTEXT() REPRESENTATION_CONTEXT('2D SPACE',''
  ) );
#7956 = PCURVE('',#6337,#7957);
#7957 = DEFINITIONAL_REPRESENTATION('',(#7958),#7962);
#7958 = LINE('',#7959,#7960);
#7959 = CARTESIAN_POINT('',(-0.,0.));
#7960 = VECTOR('',#7961,1.);
#7961 = DIRECTION('',(-0.,-1.));
#7962 = ( GEOMETRIC_REPRESENTATION_CONTEXT(2) 
PARAMETRIC_REPRESENTATION_CONTEXT() REPRESENTATION_CONTEXT('2D SPACE',''
  ) );
#7963 = ORIENTED_EDGE('',*,*,#6316,.F.);
#7964 = ORIENTED_EDGE('',*,*,#7943,.F.);
#7965 = ADVANCED_FACE('',(#7966),#6372,.F.);
#7966 = FACE_BOUND('',#7967,.T.);
#7967 = EDGE_LOOP('',(#7968,#8001,#8022,#8023));
#7968 = ORIENTED_EDGE('',*,*,#7969,.T.);
#7969 = EDGE_CURVE('',#7970,#7970,#7972,.T.);
#7970 = VERTEX_POINT('',#7971);
#7971 = CARTESIAN_POINT('',(-21.6,41.45,0.4));
#7972 = SURFACE_CURVE('',#7973,(#7978,#7985),.PCURVE_S1.);
#7973 = CIRCLE('',#7974,0.8);
#7974 = AXIS2_PLACEMENT_3D('',#7975,#7976,#7977);
#7975 = CARTESIAN_POINT('',(-22.4,41.45,0.4));
#7976 = DIRECTION('',(0.,0.,-1.));
#7977 = DIRECTION('',(1.,0.,0.));
#7978 = PCURVE('',#6372,#7979);
#7979 = DEFINITIONAL_REPRESENTATION('',(#7980),#7984);
#7980 = LINE('',#7981,#7982);
#7981 = CARTESIAN_POINT('',(-6.28318530718,-0.65));
#7982 = VECTOR('',#7983,1.);
#7983 = DIRECTION('',(1.,-0.));
#7984 = ( GEOMETRIC_REPRESENTATION_CONTEXT(2) 
PARAMETRIC_REPRESENTATION_CONTEXT() REPRESENTATION_CONTEXT('2D SPACE',''
  ) );
#7985 = PCURVE('',#7986,#7991);
#7986 = PLANE('',#7987);
#7987 = AXIS2_PLACEMENT_3D('',#7988,#7989,#7990);
#7988 = CARTESIAN_POINT('',(-22.4,-41.45,0.4));
#7989 = DIRECTION('',(0.,0.,1.));
#7990 = DIRECTION('',(1.,0.,-0.));
#7991 = DEFINITIONAL_REPRESENTATION('',(#7992),#8000);
#7992 = ( BOUNDED_CURVE() B_SPLINE_CURVE(2,(#7993,#7994,#7995,#7996,
#7997,#7998,#7999),.UNSPECIFIED.,.T.,.F.) B_SPLINE_CURVE_WITH_KNOTS((1,2
    ,2,2,2,1),(-2.094395102393,0.,2.094395102393,4.188790204786,
6.28318530718,8.377580409573),.UNSPECIFIED.) CURVE() 
GEOMETRIC_REPRESENTATION_ITEM() RATIONAL_B_SPLINE_CURVE((1.,0.5,1.,0.5,
1.,0.5,1.)) REPRESENTATION_ITEM('') );
#7993 = CARTESIAN_POINT('',(0.8,82.9));
#7994 = CARTESIAN_POINT('',(0.8,81.514359353945));
#7995 = CARTESIAN_POINT('',(-0.4,82.207179676972));
#7996 = CARTESIAN_POINT('',(-1.6,82.9));
#7997 = CARTESIAN_POINT('',(-0.4,83.592820323028));
#7998 = CARTESIAN_POINT('',(0.8,84.285640646055));
#7999 = CARTESIAN_POINT('',(0.8,82.9));
#8000 = ( GEOMETRIC_REPRESENTATION_CONTEXT(2) 
PARAMETRIC_REPRESENTATION_CONTEXT() REPRESENTATION_CONTEXT('2D SPACE',''
  ) );
#8001 = ORIENTED_EDGE('',*,*,#8002,.T.);
#8002 = EDGE_CURVE('',#7970,#6352,#8003,.T.);
#8003 = SEAM_CURVE('',#8004,(#8008,#8015),.PCURVE_S1.);
#8004 = LINE('',#8005,#8006);
#8005 = CARTESIAN_POINT('',(-21.6,41.45,-0.25));
#8006 = VECTOR('',#8007,1.);
#8007 = DIRECTION('',(0.,0.,1.));
#8008 = PCURVE('',#6372,#8009);
#8009 = DEFINITIONAL_REPRESENTATION('',(#8010),#8014);
#8010 = LINE('',#8011,#8012);
#8011 = CARTESIAN_POINT('',(-6.28318530718,0.));
#8012 = VECTOR('',#8013,1.);
#8013 = DIRECTION('',(-0.,-1.));
#8014 = ( GEOMETRIC_REPRESENTATION_CONTEXT(2) 
PARAMETRIC_REPRESENTATION_CONTEXT() REPRESENTATION_CONTEXT('2D SPACE',''
  ) );
#8015 = PCURVE('',#6372,#8016);
#8016 = DEFINITIONAL_REPRESENTATION('',(#8017),#8021);
#8017 = LINE('',#8018,#8019);
#8018 = CARTESIAN_POINT('',(-0.,0.));
#8019 = VECTOR('',#8020,1.);
#8020 = DIRECTION('',(-0.,-1.));
#8021 = ( GEOMETRIC_REPRESENTATION_CONTEXT(2) 
PARAMETRIC_REPRESENTATION_CONTEXT() REPRESENTATION_CONTEXT('2D SPACE',''
  ) );
#8022 = ORIENTED_EDGE('',*,*,#6351,.F.);
#8023 = ORIENTED_EDGE('',*,*,#8002,.F.);
#8024 = ADVANCED_FACE('',(#8025),#6404,.F.);
#8025 = FACE_BOUND('',#8026,.F.);
#8026 = EDGE_LOOP('',(#8027,#8056,#8084,#8103,#8104,#8131));
#8027 = ORIENTED_EDGE('',*,*,#8028,.T.);
#8028 = EDGE_CURVE('',#8029,#8031,#8033,.T.);
#8029 = VERTEX_POINT('',#8030);
#8030 = CARTESIAN_POINT('',(22.99,-39.01032789088,2.79));
#8031 = VERTEX_POINT('',#8032);
#8032 = CARTESIAN_POINT('',(22.9,-38.89852983556,2.7));
#8033 = SURFACE_CURVE('',#8034,(#8039,#8046),.PCURVE_S1.);
#8034 = PARABOLA('',#8035,1.096015510839);
#8035 = AXIS2_PLACEMENT_3D('',#8036,#8037,#8038);
#8036 = CARTESIAN_POINT('',(23.95,-41.45,3.75));
#8037 = DIRECTION('',(0.707106781187,0.,-0.707106781187));
#8038 = DIRECTION('',(-0.707106781187,-0.,-0.707106781187));
#8039 = PCURVE('',#6404,#8040);
#8040 = DEFINITIONAL_REPRESENTATION('',(#8041),#8045);
#8041 = B_SPLINE_CURVE_WITH_KNOTS('',2,(#8042,#8043,#8044),
  .UNSPECIFIED.,.F.,.F.,(3,3),(2.426932219902,2.551470164435),
  .PIECEWISE_BEZIER_KNOTS.);
#8042 = CARTESIAN_POINT('',(0.141421356237,-3.426932219902));
#8043 = CARTESIAN_POINT('',(7.24795513092E-02,-3.489201192168));
#8044 = CARTESIAN_POINT('',(7.105427357601E-15,-3.551470164435));
#8045 = ( GEOMETRIC_REPRESENTATION_CONTEXT(2) 
PARAMETRIC_REPRESENTATION_CONTEXT() REPRESENTATION_CONTEXT('2D SPACE',''
  ) );
#8046 = PCURVE('',#6492,#8047);
#8047 = DEFINITIONAL_REPRESENTATION('',(#8048),#8055);
#8048 = B_SPLINE_CURVE_WITH_KNOTS('',5,(#8049,#8050,#8051,#8052,#8053,
    #8054),.UNSPECIFIED.,.F.,.F.,(6,6),(2.426932219902,2.551470164435),
  .PIECEWISE_BEZIER_KNOTS.);
#8049 = CARTESIAN_POINT('',(-1.328430475756,-0.1));
#8050 = CARTESIAN_POINT('',(-1.338393511319,-8.050031289124E-02));
#8051 = CARTESIAN_POINT('',(-1.348259408838,-6.075046933686E-02));
#8052 = CARTESIAN_POINT('',(-1.358029032352,-4.075046933686E-02));
#8053 = CARTESIAN_POINT('',(-1.367703292397,-2.050031289124E-02));
#8054 = CARTESIAN_POINT('',(-1.377283134284,-3.774758283725E-15));
#8055 = ( GEOMETRIC_REPRESENTATION_CONTEXT(2) 
PARAMETRIC_REPRESENTATION_CONTEXT() REPRESENTATION_CONTEXT('2D SPACE',''
  ) );
#8056 = ORIENTED_EDGE('',*,*,#8057,.T.);
#8057 = EDGE_CURVE('',#8031,#8058,#8060,.T.);
#8058 = VERTEX_POINT('',#8059);
#8059 = CARTESIAN_POINT('',(22.9,-34.45,2.7));
#8060 = SURFACE_CURVE('',#8061,(#8065,#8072),.PCURVE_S1.);
#8061 = LINE('',#8062,#8063);
#8062 = CARTESIAN_POINT('',(22.9,-42.45,2.7));
#8063 = VECTOR('',#8064,1.);
#8064 = DIRECTION('',(0.,1.,0.));
#8065 = PCURVE('',#6404,#8066);
#8066 = DEFINITIONAL_REPRESENTATION('',(#8067),#8071);
#8067 = LINE('',#8068,#8069);
#8068 = CARTESIAN_POINT('',(0.,-0.));
#8069 = VECTOR('',#8070,1.);
#8070 = DIRECTION('',(-6.162975822039E-33,-1.));
#8071 = ( GEOMETRIC_REPRESENTATION_CONTEXT(2) 
PARAMETRIC_REPRESENTATION_CONTEXT() REPRESENTATION_CONTEXT('2D SPACE',''
  ) );
#8072 = PCURVE('',#8073,#8078);
#8073 = PLANE('',#8074);
#8074 = AXIS2_PLACEMENT_3D('',#8075,#8076,#8077);
#8075 = CARTESIAN_POINT('',(22.9,-34.45,1.));
#8076 = DIRECTION('',(1.,0.,-0.));
#8077 = DIRECTION('',(0.,-1.,0.));
#8078 = DEFINITIONAL_REPRESENTATION('',(#8079),#8083);
#8079 = LINE('',#8080,#8081);
#8080 = CARTESIAN_POINT('',(8.,-1.7));
#8081 = VECTOR('',#8082,1.);
#8082 = DIRECTION('',(-1.,0.));
#8083 = ( GEOMETRIC_REPRESENTATION_CONTEXT(2) 
PARAMETRIC_REPRESENTATION_CONTEXT() REPRESENTATION_CONTEXT('2D SPACE',''
  ) );
#8084 = ORIENTED_EDGE('',*,*,#8085,.T.);
#8085 = EDGE_CURVE('',#8058,#6387,#8086,.T.);
#8086 = SURFACE_CURVE('',#8087,(#8091,#8097),.PCURVE_S1.);
#8087 = LINE('',#8088,#8089);
#8088 = CARTESIAN_POINT('',(22.9,-34.45,2.7));
#8089 = VECTOR('',#8090,1.);
#8090 = DIRECTION('',(0.57735026919,-0.57735026919,0.57735026919));
#8091 = PCURVE('',#6404,#8092);
#8092 = DEFINITIONAL_REPRESENTATION('',(#8093),#8096);
#8093 = B_SPLINE_CURVE_WITH_KNOTS('',1,(#8094,#8095),.UNSPECIFIED.,.F.,
  .F.,(2,2),(0.,0.173205080757),.PIECEWISE_BEZIER_KNOTS.);
#8094 = CARTESIAN_POINT('',(-6.927648449884E-16,-8.));
#8095 = CARTESIAN_POINT('',(0.141421356237,-7.9));
#8096 = ( GEOMETRIC_REPRESENTATION_CONTEXT(2) 
PARAMETRIC_REPRESENTATION_CONTEXT() REPRESENTATION_CONTEXT('2D SPACE',''
  ) );
#8097 = PCURVE('',#6898,#8098);
#8098 = DEFINITIONAL_REPRESENTATION('',(#8099),#8102);
#8099 = B_SPLINE_CURVE_WITH_KNOTS('',1,(#8100,#8101),.UNSPECIFIED.,.F.,
  .F.,(2,2),(0.,0.173205080757),.PIECEWISE_BEZIER_KNOTS.);
#8100 = CARTESIAN_POINT('',(0.,0.));
#8101 = CARTESIAN_POINT('',(0.141421356237,-0.1));
#8102 = ( GEOMETRIC_REPRESENTATION_CONTEXT(2) 
PARAMETRIC_REPRESENTATION_CONTEXT() REPRESENTATION_CONTEXT('2D SPACE',''
  ) );
#8103 = ORIENTED_EDGE('',*,*,#6386,.T.);
#8104 = ORIENTED_EDGE('',*,*,#8105,.F.);
#8105 = EDGE_CURVE('',#8106,#6389,#8108,.T.);
#8106 = VERTEX_POINT('',#8107);
#8107 = CARTESIAN_POINT('',(22.99,-38.35574726307,2.79));
#8108 = SURFACE_CURVE('',#8109,(#8114,#8121),.PCURVE_S1.);
#8109 = ELLIPSE('',#8110,4.454772721475,3.15);
#8110 = AXIS2_PLACEMENT_3D('',#8111,#8112,#8113);
#8111 = CARTESIAN_POINT('',(22.4,-41.45,2.2));
#8112 = DIRECTION('',(0.707106781187,0.,-0.707106781187));
#8113 = DIRECTION('',(-0.707106781187,0.,-0.707106781187));
#8114 = PCURVE('',#6404,#8115);
#8115 = DEFINITIONAL_REPRESENTATION('',(#8116),#8120);
#8116 = ELLIPSE('',#8117,4.454772721475,3.15);
#8117 = AXIS2_PLACEMENT_2D('',#8118,#8119);
#8118 = CARTESIAN_POINT('',(-0.707106781187,-1.));
#8119 = DIRECTION('',(-1.,8.659560562355E-17));
#8120 = ( GEOMETRIC_REPRESENTATION_CONTEXT(2) 
PARAMETRIC_REPRESENTATION_CONTEXT() REPRESENTATION_CONTEXT('2D SPACE',''
  ) );
#8121 = PCURVE('',#6437,#8122);
#8122 = DEFINITIONAL_REPRESENTATION('',(#8123),#8130);
#8123 = B_SPLINE_CURVE_WITH_KNOTS('',5,(#8124,#8125,#8126,#8127,#8128,
    #8129),.UNSPECIFIED.,.F.,.F.,(6,6),(1.759210527792,1.762443715799),
  .PIECEWISE_BEZIER_KNOTS.);
#8124 = CARTESIAN_POINT('',(-7.665567432977,6.000000007944E-07));
#8125 = CARTESIAN_POINT('',(-7.664920795376,-2.00026024161E-03));
#8126 = CARTESIAN_POINT('',(-7.664274157774,-4.000812105147E-03));
#8127 = CARTESIAN_POINT('',(-7.663627520173,-6.001053847605E-03));
#8128 = CARTESIAN_POINT('',(-7.662980882572,-8.00098372653E-03));
#8129 = CARTESIAN_POINT('',(-7.662334244971,-1.00006E-02));
#8130 = ( GEOMETRIC_REPRESENTATION_CONTEXT(2) 
PARAMETRIC_REPRESENTATION_CONTEXT() REPRESENTATION_CONTEXT('2D SPACE',''
  ) );
#8131 = ORIENTED_EDGE('',*,*,#8132,.F.);
#8132 = EDGE_CURVE('',#8029,#8106,#8133,.T.);
#8133 = SURFACE_CURVE('',#8134,(#8138,#8144),.PCURVE_S1.);
#8134 = LINE('',#8135,#8136);
#8135 = CARTESIAN_POINT('',(22.99,-41.95,2.79));
#8136 = VECTOR('',#8137,1.);
#8137 = DIRECTION('',(-0.,1.,0.));
#8138 = PCURVE('',#6404,#8139);
#8139 = DEFINITIONAL_REPRESENTATION('',(#8140),#8143);
#8140 = B_SPLINE_CURVE_WITH_KNOTS('',1,(#8141,#8142),.UNSPECIFIED.,.F.,
  .F.,(2,2),(1.45,3.610064308017),.PIECEWISE_BEZIER_KNOTS.);
#8141 = CARTESIAN_POINT('',(0.127279220614,-1.95));
#8142 = CARTESIAN_POINT('',(0.127279220614,-4.110064308017));
#8143 = ( GEOMETRIC_REPRESENTATION_CONTEXT(2) 
PARAMETRIC_REPRESENTATION_CONTEXT() REPRESENTATION_CONTEXT('2D SPACE',''
  ) );
#8144 = PCURVE('',#8145,#8150);
#8145 = PLANE('',#8146);
#8146 = AXIS2_PLACEMENT_3D('',#8147,#8148,#8149);
#8147 = CARTESIAN_POINT('',(-22.4,-41.45,2.79));
#8148 = DIRECTION('',(0.,0.,1.));
#8149 = DIRECTION('',(1.,0.,-0.));
#8150 = DEFINITIONAL_REPRESENTATION('',(#8151),#8154);
#8151 = B_SPLINE_CURVE_WITH_KNOTS('',1,(#8152,#8153),.UNSPECIFIED.,.F.,
  .F.,(2,2),(1.45,3.610064308017),.PIECEWISE_BEZIER_KNOTS.);
#8152 = CARTESIAN_POINT('',(45.39,0.95));
#8153 = CARTESIAN_POINT('',(45.39,3.110064308017));
#8154 = ( GEOMETRIC_REPRESENTATION_CONTEXT(2) 
PARAMETRIC_REPRESENTATION_CONTEXT() REPRESENTATION_CONTEXT('2D SPACE',''
  ) );
#8155 = ADVANCED_FACE('',(#8156),#6898,.F.);
#8156 = FACE_BOUND('',#8157,.F.);
#8157 = EDGE_LOOP('',(#8158,#8179,#8180,#8181));
#8158 = ORIENTED_EDGE('',*,*,#8159,.T.);
#8159 = EDGE_CURVE('',#8160,#6852,#8162,.T.);
#8160 = VERTEX_POINT('',#8161);
#8161 = CARTESIAN_POINT('',(24.4,-34.45,2.7));
#8162 = SURFACE_CURVE('',#8163,(#8167,#8173),.PCURVE_S1.);
#8163 = LINE('',#8164,#8165);
#8164 = CARTESIAN_POINT('',(24.4,-34.45,2.7));
#8165 = VECTOR('',#8166,1.);
#8166 = DIRECTION('',(8.659560562355E-17,-0.707106781187,0.707106781187)
  );
#8167 = PCURVE('',#6898,#8168);
#8168 = DEFINITIONAL_REPRESENTATION('',(#8169),#8172);
#8169 = B_SPLINE_CURVE_WITH_KNOTS('',1,(#8170,#8171),.UNSPECIFIED.,.F.,
  .F.,(2,2),(0.,0.141421356237),.PIECEWISE_BEZIER_KNOTS.);
#8170 = CARTESIAN_POINT('',(-9.742005632649E-17,-1.5));
#8171 = CARTESIAN_POINT('',(0.141421356237,-1.5));
#8172 = ( GEOMETRIC_REPRESENTATION_CONTEXT(2) 
PARAMETRIC_REPRESENTATION_CONTEXT() REPRESENTATION_CONTEXT('2D SPACE',''
  ) );
#8173 = PCURVE('',#6872,#8174);
#8174 = DEFINITIONAL_REPRESENTATION('',(#8175),#8178);
#8175 = B_SPLINE_CURVE_WITH_KNOTS('',1,(#8176,#8177),.UNSPECIFIED.,.F.,
  .F.,(2,2),(0.,0.141421356237),.PIECEWISE_BEZIER_KNOTS.);
#8176 = CARTESIAN_POINT('',(-3.14159265359,0.));
#8177 = CARTESIAN_POINT('',(-3.14159265359,0.1));
#8178 = ( GEOMETRIC_REPRESENTATION_CONTEXT(2) 
PARAMETRIC_REPRESENTATION_CONTEXT() REPRESENTATION_CONTEXT('2D SPACE',''
  ) );
#8179 = ORIENTED_EDGE('',*,*,#6884,.T.);
#8180 = ORIENTED_EDGE('',*,*,#8085,.F.);
#8181 = ORIENTED_EDGE('',*,*,#8182,.T.);
#8182 = EDGE_CURVE('',#8058,#8160,#8183,.T.);
#8183 = SURFACE_CURVE('',#8184,(#8188,#8195),.PCURVE_S1.);
#8184 = LINE('',#8185,#8186);
#8185 = CARTESIAN_POINT('',(22.9,-34.45,2.7));
#8186 = VECTOR('',#8187,1.);
#8187 = DIRECTION('',(1.,0.,0.));
#8188 = PCURVE('',#6898,#8189);
#8189 = DEFINITIONAL_REPRESENTATION('',(#8190),#8194);
#8190 = LINE('',#8191,#8192);
#8191 = CARTESIAN_POINT('',(0.,0.));
#8192 = VECTOR('',#8193,1.);
#8193 = DIRECTION('',(-6.162975822039E-33,-1.));
#8194 = ( GEOMETRIC_REPRESENTATION_CONTEXT(2) 
PARAMETRIC_REPRESENTATION_CONTEXT() REPRESENTATION_CONTEXT('2D SPACE',''
  ) );
#8195 = PCURVE('',#8196,#8201);
#8196 = PLANE('',#8197);
#8197 = AXIS2_PLACEMENT_3D('',#8198,#8199,#8200);
#8198 = CARTESIAN_POINT('',(24.4,-34.45,1.));
#8199 = DIRECTION('',(0.,-1.,0.));
#8200 = DIRECTION('',(-1.,0.,0.));
#8201 = DEFINITIONAL_REPRESENTATION('',(#8202),#8206);
#8202 = LINE('',#8203,#8204);
#8203 = CARTESIAN_POINT('',(1.5,-1.7));
#8204 = VECTOR('',#8205,1.);
#8205 = DIRECTION('',(-1.,-0.));
#8206 = ( GEOMETRIC_REPRESENTATION_CONTEXT(2) 
PARAMETRIC_REPRESENTATION_CONTEXT() REPRESENTATION_CONTEXT('2D SPACE',''
  ) );
#8207 = ADVANCED_FACE('',(#8208),#6437,.F.);
#8208 = FACE_BOUND('',#8209,.T.);
#8209 = EDGE_LOOP('',(#8210,#8211,#8212,#8240));
#8210 = ORIENTED_EDGE('',*,*,#6416,.F.);
#8211 = ORIENTED_EDGE('',*,*,#8105,.F.);
#8212 = ORIENTED_EDGE('',*,*,#8213,.T.);
#8213 = EDGE_CURVE('',#8106,#8214,#8216,.T.);
#8214 = VERTEX_POINT('',#8215);
#8215 = CARTESIAN_POINT('',(24.4,-39.01638129527,2.79));
#8216 = SURFACE_CURVE('',#8217,(#8222,#8229),.PCURVE_S1.);
#8217 = CIRCLE('',#8218,3.15);
#8218 = AXIS2_PLACEMENT_3D('',#8219,#8220,#8221);
#8219 = CARTESIAN_POINT('',(22.4,-41.45,2.79));
#8220 = DIRECTION('',(0.,0.,-1.));
#8221 = DIRECTION('',(0.15873015873,0.987322002545,0.));
#8222 = PCURVE('',#6437,#8223);
#8223 = DEFINITIONAL_REPRESENTATION('',(#8224),#8228);
#8224 = LINE('',#8225,#8226);
#8225 = CARTESIAN_POINT('',(-7.694577261413,0.));
#8226 = VECTOR('',#8227,1.);
#8227 = DIRECTION('',(1.,-0.));
#8228 = ( GEOMETRIC_REPRESENTATION_CONTEXT(2) 
PARAMETRIC_REPRESENTATION_CONTEXT() REPRESENTATION_CONTEXT('2D SPACE',''
  ) );
#8229 = PCURVE('',#8145,#8230);
#8230 = DEFINITIONAL_REPRESENTATION('',(#8231),#8239);
#8231 = ( BOUNDED_CURVE() B_SPLINE_CURVE(2,(#8232,#8233,#8234,#8235,
#8236,#8237,#8238),.UNSPECIFIED.,.T.,.F.) B_SPLINE_CURVE_WITH_KNOTS((1,2
    ,2,2,2,1),(-2.094395102393,0.,2.094395102393,4.188790204786,
6.28318530718,8.377580409573),.UNSPECIFIED.) CURVE() 
GEOMETRIC_REPRESENTATION_ITEM() RATIONAL_B_SPLINE_CURVE((1.,0.5,1.,0.5,
1.,0.5,1.)) REPRESENTATION_ITEM('') );
#8232 = CARTESIAN_POINT('',(45.3,3.110064308017));
#8233 = CARTESIAN_POINT('',(50.686789396292,2.244038904232));
#8234 = CARTESIAN_POINT('',(47.243394698146,-1.988044855901));
#8235 = CARTESIAN_POINT('',(43.8,-6.220128616034));
#8236 = CARTESIAN_POINT('',(41.856605301854,-1.122019452116));
#8237 = CARTESIAN_POINT('',(39.913210603708,3.976089711801));
#8238 = CARTESIAN_POINT('',(45.3,3.110064308017));
#8239 = ( GEOMETRIC_REPRESENTATION_CONTEXT(2) 
PARAMETRIC_REPRESENTATION_CONTEXT() REPRESENTATION_CONTEXT('2D SPACE',''
  ) );
#8240 = ORIENTED_EDGE('',*,*,#8241,.F.);
#8241 = EDGE_CURVE('',#6417,#8214,#8242,.T.);
#8242 = SURFACE_CURVE('',#8243,(#8247,#8253),.PCURVE_S1.);
#8243 = LINE('',#8244,#8245);
#8244 = CARTESIAN_POINT('',(24.4,-39.01638129527,2.79));
#8245 = VECTOR('',#8246,1.);
#8246 = DIRECTION('',(-0.,-0.,-1.));
#8247 = PCURVE('',#6437,#8248);
#8248 = DEFINITIONAL_REPRESENTATION('',(#8249),#8252);
#8249 = B_SPLINE_CURVE_WITH_KNOTS('',1,(#8250,#8251),.UNSPECIFIED.,.F.,
  .F.,(2,2),(-0.19,5.999999999062E-07),.PIECEWISE_BEZIER_KNOTS.);
#8250 = CARTESIAN_POINT('',(-7.166075845955,-0.19));
#8251 = CARTESIAN_POINT('',(-7.166075845955,5.999999999062E-07));
#8252 = ( GEOMETRIC_REPRESENTATION_CONTEXT(2) 
PARAMETRIC_REPRESENTATION_CONTEXT() REPRESENTATION_CONTEXT('2D SPACE',''
  ) );
#8253 = PCURVE('',#6464,#8254);
#8254 = DEFINITIONAL_REPRESENTATION('',(#8255),#8258);
#8255 = B_SPLINE_CURVE_WITH_KNOTS('',1,(#8256,#8257),.UNSPECIFIED.,.F.,
  .F.,(2,2),(-0.19,5.999999999062E-07),.PIECEWISE_BEZIER_KNOTS.);
#8256 = CARTESIAN_POINT('',(3.433618704728,-1.99));
#8257 = CARTESIAN_POINT('',(3.433618704728,-1.7999994));
#8258 = ( GEOMETRIC_REPRESENTATION_CONTEXT(2) 
PARAMETRIC_REPRESENTATION_CONTEXT() REPRESENTATION_CONTEXT('2D SPACE',''
  ) );
#8259 = ADVANCED_FACE('',(#8260),#6872,.F.);
#8260 = FACE_BOUND('',#8261,.T.);
#8261 = EDGE_LOOP('',(#8262,#8281,#8282));
#8262 = ORIENTED_EDGE('',*,*,#8263,.F.);
#8263 = EDGE_CURVE('',#8160,#6824,#8264,.T.);
#8264 = SURFACE_CURVE('',#8265,(#8269,#8275),.PCURVE_S1.);
#8265 = LINE('',#8266,#8267);
#8266 = CARTESIAN_POINT('',(24.4,-34.45,2.7));
#8267 = VECTOR('',#8268,1.);
#8268 = DIRECTION('',(0.707106781187,-8.659560562355E-17,0.707106781187)
  );
#8269 = PCURVE('',#6872,#8270);
#8270 = DEFINITIONAL_REPRESENTATION('',(#8271),#8274);
#8271 = B_SPLINE_CURVE_WITH_KNOTS('',1,(#8272,#8273),.UNSPECIFIED.,.F.,
  .F.,(2,2),(-2.958228394579E-31,0.141421356237),
  .PIECEWISE_BEZIER_KNOTS.);
#8272 = CARTESIAN_POINT('',(-1.570796326795,0.));
#8273 = CARTESIAN_POINT('',(-1.570796326795,0.1));
#8274 = ( GEOMETRIC_REPRESENTATION_CONTEXT(2) 
PARAMETRIC_REPRESENTATION_CONTEXT() REPRESENTATION_CONTEXT('2D SPACE',''
  ) );
#8275 = PCURVE('',#6839,#8276);
#8276 = DEFINITIONAL_REPRESENTATION('',(#8277),#8280);
#8277 = B_SPLINE_CURVE_WITH_KNOTS('',1,(#8278,#8279),.UNSPECIFIED.,.F.,
  .F.,(2,2),(-2.958228394579E-31,0.141421356237),
  .PIECEWISE_BEZIER_KNOTS.);
#8278 = CARTESIAN_POINT('',(-2.958228394579E-31,8.715763992105E-34));
#8279 = CARTESIAN_POINT('',(0.141421356237,8.715763992105E-34));
#8280 = ( GEOMETRIC_REPRESENTATION_CONTEXT(2) 
PARAMETRIC_REPRESENTATION_CONTEXT() REPRESENTATION_CONTEXT('2D SPACE',''
  ) );
#8281 = ORIENTED_EDGE('',*,*,#8159,.T.);
#8282 = ORIENTED_EDGE('',*,*,#6851,.F.);
#8283 = ADVANCED_FACE('',(#8284),#6464,.T.);
#8284 = FACE_BOUND('',#8285,.T.);
#8285 = EDGE_LOOP('',(#8286,#8287,#8308,#8333));
#8286 = ORIENTED_EDGE('',*,*,#8241,.T.);
#8287 = ORIENTED_EDGE('',*,*,#8288,.T.);
#8288 = EDGE_CURVE('',#8214,#8289,#8291,.T.);
#8289 = VERTEX_POINT('',#8290);
#8290 = CARTESIAN_POINT('',(24.4,-39.93339194252,2.79));
#8291 = SURFACE_CURVE('',#8292,(#8296,#8302),.PCURVE_S1.);
#8292 = LINE('',#8293,#8294);
#8293 = CARTESIAN_POINT('',(24.4,-41.95,2.79));
#8294 = VECTOR('',#8295,1.);
#8295 = DIRECTION('',(0.,-1.,0.));
#8296 = PCURVE('',#6464,#8297);
#8297 = DEFINITIONAL_REPRESENTATION('',(#8298),#8301);
#8298 = B_SPLINE_CURVE_WITH_KNOTS('',1,(#8299,#8300),.UNSPECIFIED.,.F.,
  .F.,(2,2),(-3.610064308017,-1.45),.PIECEWISE_BEZIER_KNOTS.);
#8299 = CARTESIAN_POINT('',(4.110064308017,-1.8));
#8300 = CARTESIAN_POINT('',(1.95,-1.8));
#8301 = ( GEOMETRIC_REPRESENTATION_CONTEXT(2) 
PARAMETRIC_REPRESENTATION_CONTEXT() REPRESENTATION_CONTEXT('2D SPACE',''
  ) );
#8302 = PCURVE('',#8145,#8303);
#8303 = DEFINITIONAL_REPRESENTATION('',(#8304),#8307);
#8304 = B_SPLINE_CURVE_WITH_KNOTS('',1,(#8305,#8306),.UNSPECIFIED.,.F.,
  .F.,(2,2),(-3.610064308017,-1.45),.PIECEWISE_BEZIER_KNOTS.);
#8305 = CARTESIAN_POINT('',(46.8,3.110064308017));
#8306 = CARTESIAN_POINT('',(46.8,0.95));
#8307 = ( GEOMETRIC_REPRESENTATION_CONTEXT(2) 
PARAMETRIC_REPRESENTATION_CONTEXT() REPRESENTATION_CONTEXT('2D SPACE',''
  ) );
#8308 = ORIENTED_EDGE('',*,*,#8309,.T.);
#8309 = EDGE_CURVE('',#8289,#6449,#8310,.T.);
#8310 = SURFACE_CURVE('',#8311,(#8316,#8323),.PCURVE_S1.);
#8311 = HYPERBOLA('',#8312,2.,2.);
#8312 = AXIS2_PLACEMENT_3D('',#8313,#8314,#8315);
#8313 = CARTESIAN_POINT('',(24.4,-41.45,5.3));
#8314 = DIRECTION('',(-1.,0.,0.));
#8315 = DIRECTION('',(-0.,0.,-1.));
#8316 = PCURVE('',#6464,#8317);
#8317 = DEFINITIONAL_REPRESENTATION('',(#8318),#8322);
#8318 = ( BOUNDED_CURVE() B_SPLINE_CURVE(2,(#8319,#8320,#8321),
.UNSPECIFIED.,.F.,.F.) B_SPLINE_CURVE_WITH_KNOTS((3,3),(-0.700436174625,
-0.69314718056),.PIECEWISE_BEZIER_KNOTS.) CURVE() 
GEOMETRIC_REPRESENTATION_ITEM() RATIONAL_B_SPLINE_CURVE((1.,
1.000006641187,1.)) REPRESENTATION_ITEM('') );
#8319 = CARTESIAN_POINT('',(2.518262493774,-1.799));
#8320 = CARTESIAN_POINT('',(2.509111202242,-1.804533278655));
#8321 = CARTESIAN_POINT('',(2.5,-1.81));
#8322 = ( GEOMETRIC_REPRESENTATION_CONTEXT(2) 
PARAMETRIC_REPRESENTATION_CONTEXT() REPRESENTATION_CONTEXT('2D SPACE',''
  ) );
#8323 = PCURVE('',#6492,#8324);
#8324 = DEFINITIONAL_REPRESENTATION('',(#8325),#8332);
#8325 = B_SPLINE_CURVE_WITH_KNOTS('',5,(#8326,#8327,#8328,#8329,#8330,
    #8331),.UNSPECIFIED.,.F.,.F.,(6,6),(-0.700436174625,-0.69314718056),
  .PIECEWISE_BEZIER_KNOTS.);
#8326 = CARTESIAN_POINT('',(-0.649319538683,-8.900000000012E-02));
#8327 = CARTESIAN_POINT('',(-0.648158408605,-9.121332126135E-02));
#8328 = CARTESIAN_POINT('',(-0.646995999179,-9.341997212209E-02));
#8329 = CARTESIAN_POINT('',(-0.645832311788,-9.561996238171E-02));
#8330 = CARTESIAN_POINT('',(-0.644667347844,-9.781330178051E-02));
#8331 = CARTESIAN_POINT('',(-0.643501108793,-1.E-01));
#8332 = ( GEOMETRIC_REPRESENTATION_CONTEXT(2) 
PARAMETRIC_REPRESENTATION_CONTEXT() REPRESENTATION_CONTEXT('2D SPACE',''
  ) );
#8333 = ORIENTED_EDGE('',*,*,#6448,.F.);
#8334 = ADVANCED_FACE('',(#8335),#6839,.F.);
#8335 = FACE_BOUND('',#8336,.F.);
#8336 = EDGE_LOOP('',(#8337,#8358,#8359,#8360));
#8337 = ORIENTED_EDGE('',*,*,#8338,.T.);
#8338 = EDGE_CURVE('',#8339,#6791,#8341,.T.);
#8339 = VERTEX_POINT('',#8340);
#8340 = CARTESIAN_POINT('',(24.4,13.55,2.7));
#8341 = SURFACE_CURVE('',#8342,(#8346,#8352),.PCURVE_S1.);
#8342 = LINE('',#8343,#8344);
#8343 = CARTESIAN_POINT('',(24.4,13.55,2.7));
#8344 = VECTOR('',#8345,1.);
#8345 = DIRECTION('',(0.707106781187,8.659560562355E-17,0.707106781187)
  );
#8346 = PCURVE('',#6839,#8347);
#8347 = DEFINITIONAL_REPRESENTATION('',(#8348),#8351);
#8348 = B_SPLINE_CURVE_WITH_KNOTS('',1,(#8349,#8350),.UNSPECIFIED.,.F.,
  .F.,(2,2),(0.,0.141421356237),.PIECEWISE_BEZIER_KNOTS.);
#8349 = CARTESIAN_POINT('',(-2.958228394579E-31,-48.));
#8350 = CARTESIAN_POINT('',(0.141421356237,-48.));
#8351 = ( GEOMETRIC_REPRESENTATION_CONTEXT(2) 
PARAMETRIC_REPRESENTATION_CONTEXT() REPRESENTATION_CONTEXT('2D SPACE',''
  ) );
#8352 = PCURVE('',#6811,#8353);
#8353 = DEFINITIONAL_REPRESENTATION('',(#8354),#8357);
#8354 = B_SPLINE_CURVE_WITH_KNOTS('',1,(#8355,#8356),.UNSPECIFIED.,.F.,
  .F.,(2,2),(0.,0.141421356237),.PIECEWISE_BEZIER_KNOTS.);
#8355 = CARTESIAN_POINT('',(-3.14159265359,0.));
#8356 = CARTESIAN_POINT('',(-3.14159265359,0.1));
#8357 = ( GEOMETRIC_REPRESENTATION_CONTEXT(2) 
PARAMETRIC_REPRESENTATION_CONTEXT() REPRESENTATION_CONTEXT('2D SPACE',''
  ) );
#8358 = ORIENTED_EDGE('',*,*,#6823,.T.);
#8359 = ORIENTED_EDGE('',*,*,#8263,.F.);
#8360 = ORIENTED_EDGE('',*,*,#8361,.T.);
#8361 = EDGE_CURVE('',#8160,#8339,#8362,.T.);
#8362 = SURFACE_CURVE('',#8363,(#8367,#8374),.PCURVE_S1.);
#8363 = LINE('',#8364,#8365);
#8364 = CARTESIAN_POINT('',(24.4,-34.45,2.7));
#8365 = VECTOR('',#8366,1.);
#8366 = DIRECTION('',(0.,1.,0.));
#8367 = PCURVE('',#6839,#8368);
#8368 = DEFINITIONAL_REPRESENTATION('',(#8369),#8373);
#8369 = LINE('',#8370,#8371);
#8370 = CARTESIAN_POINT('',(0.,-0.));
#8371 = VECTOR('',#8372,1.);
#8372 = DIRECTION('',(-6.162975822039E-33,-1.));
#8373 = ( GEOMETRIC_REPRESENTATION_CONTEXT(2) 
PARAMETRIC_REPRESENTATION_CONTEXT() REPRESENTATION_CONTEXT('2D SPACE',''
  ) );
#8374 = PCURVE('',#8375,#8380);
#8375 = PLANE('',#8376);
#8376 = AXIS2_PLACEMENT_3D('',#8377,#8378,#8379);
#8377 = CARTESIAN_POINT('',(24.4,-42.45,1.));
#8378 = DIRECTION('',(-1.,0.,0.));
#8379 = DIRECTION('',(0.,1.,0.));
#8380 = DEFINITIONAL_REPRESENTATION('',(#8381),#8385);
#8381 = LINE('',#8382,#8383);
#8382 = CARTESIAN_POINT('',(8.,-1.7));
#8383 = VECTOR('',#8384,1.);
#8384 = DIRECTION('',(1.,0.));
#8385 = ( GEOMETRIC_REPRESENTATION_CONTEXT(2) 
PARAMETRIC_REPRESENTATION_CONTEXT() REPRESENTATION_CONTEXT('2D SPACE',''
  ) );
#8386 = ADVANCED_FACE('',(#8387),#6492,.T.);
#8387 = FACE_BOUND('',#8388,.T.);
#8388 = EDGE_LOOP('',(#8389,#8390,#8419,#8444,#8445,#8446));
#8389 = ORIENTED_EDGE('',*,*,#8028,.T.);
#8390 = ORIENTED_EDGE('',*,*,#8391,.T.);
#8391 = EDGE_CURVE('',#8031,#8392,#8394,.T.);
#8392 = VERTEX_POINT('',#8393);
#8393 = CARTESIAN_POINT('',(20.,-42.45,2.7));
#8394 = SURFACE_CURVE('',#8395,(#8400,#8407),.PCURVE_S1.);
#8395 = CIRCLE('',#8396,2.6);
#8396 = AXIS2_PLACEMENT_3D('',#8397,#8398,#8399);
#8397 = CARTESIAN_POINT('',(22.4,-41.45,2.7));
#8398 = DIRECTION('',(0.,0.,1.));
#8399 = DIRECTION('',(1.,0.,-0.));
#8400 = PCURVE('',#6492,#8401);
#8401 = DEFINITIONAL_REPRESENTATION('',(#8402),#8406);
#8402 = LINE('',#8403,#8404);
#8403 = CARTESIAN_POINT('',(-0.,-0.));
#8404 = VECTOR('',#8405,1.);
#8405 = DIRECTION('',(-1.,-0.));
#8406 = ( GEOMETRIC_REPRESENTATION_CONTEXT(2) 
PARAMETRIC_REPRESENTATION_CONTEXT() REPRESENTATION_CONTEXT('2D SPACE',''
  ) );
#8407 = PCURVE('',#8408,#8413);
#8408 = CYLINDRICAL_SURFACE('',#8409,2.6);
#8409 = AXIS2_PLACEMENT_3D('',#8410,#8411,#8412);
#8410 = CARTESIAN_POINT('',(22.4,-41.45,1.));
#8411 = DIRECTION('',(-0.,-0.,-1.));
#8412 = DIRECTION('',(1.,0.,0.));
#8413 = DEFINITIONAL_REPRESENTATION('',(#8414),#8418);
#8414 = LINE('',#8415,#8416);
#8415 = CARTESIAN_POINT('',(-0.,-1.7));
#8416 = VECTOR('',#8417,1.);
#8417 = DIRECTION('',(-1.,0.));
#8418 = ( GEOMETRIC_REPRESENTATION_CONTEXT(2) 
PARAMETRIC_REPRESENTATION_CONTEXT() REPRESENTATION_CONTEXT('2D SPACE',''
  ) );
#8419 = ORIENTED_EDGE('',*,*,#8420,.T.);
#8420 = EDGE_CURVE('',#8392,#6476,#8421,.T.);
#8421 = SURFACE_CURVE('',#8422,(#8427,#8437),.PCURVE_S1.);
#8422 = PARABOLA('',#8423,1.272792206136);
#8423 = AXIS2_PLACEMENT_3D('',#8424,#8425,#8426);
#8424 = CARTESIAN_POINT('',(22.4,-43.25,3.5));
#8425 = DIRECTION('',(0.,-0.707106781187,-0.707106781187));
#8426 = DIRECTION('',(0.,0.707106781187,-0.707106781187));
#8427 = PCURVE('',#6492,#8428);
#8428 = DEFINITIONAL_REPRESENTATION('',(#8429),#8436);
#8429 = B_SPLINE_CURVE_WITH_KNOTS('',5,(#8430,#8431,#8432,#8433,#8434,
    #8435),.UNSPECIFIED.,.F.,.F.,(6,6),(-2.4,-2.244994432064),
  .PIECEWISE_BEZIER_KNOTS.);
#8430 = CARTESIAN_POINT('',(-3.53638377329,-1.7763568394E-15));
#8431 = CARTESIAN_POINT('',(-3.548307278515,-2.066740905809E-02));
#8432 = CARTESIAN_POINT('',(-3.560349258727,-4.100111358713E-02));
#8433 = CARTESIAN_POINT('',(-3.57251030249,-6.100111358713E-02));
#8434 = CARTESIAN_POINT('',(-3.584790881551,-8.066740905808E-02));
#8435 = CARTESIAN_POINT('',(-3.597191326986,-1.E-01));
#8436 = ( GEOMETRIC_REPRESENTATION_CONTEXT(2) 
PARAMETRIC_REPRESENTATION_CONTEXT() REPRESENTATION_CONTEXT('2D SPACE',''
  ) );
#8437 = PCURVE('',#6520,#8438);
#8438 = DEFINITIONAL_REPRESENTATION('',(#8439),#8443);
#8439 = B_SPLINE_CURVE_WITH_KNOTS('',2,(#8440,#8441,#8442),
  .UNSPECIFIED.,.F.,.F.,(3,3),(-2.4,-2.244994432064),
  .PIECEWISE_BEZIER_KNOTS.);
#8440 = CARTESIAN_POINT('',(3.996802888651E-15,-42.9));
#8441 = CARTESIAN_POINT('',(7.307032547264E-02,-42.97750278396));
#8442 = CARTESIAN_POINT('',(0.141421356237,-43.05500556793));
#8443 = ( GEOMETRIC_REPRESENTATION_CONTEXT(2) 
PARAMETRIC_REPRESENTATION_CONTEXT() REPRESENTATION_CONTEXT('2D SPACE',''
  ) );
#8444 = ORIENTED_EDGE('',*,*,#6475,.F.);
#8445 = ORIENTED_EDGE('',*,*,#8309,.F.);
#8446 = ORIENTED_EDGE('',*,*,#8447,.T.);
#8447 = EDGE_CURVE('',#8289,#8029,#8448,.T.);
#8448 = SURFACE_CURVE('',#8449,(#8454,#8461),.PCURVE_S1.);
#8449 = CIRCLE('',#8450,2.51);
#8450 = AXIS2_PLACEMENT_3D('',#8451,#8452,#8453);
#8451 = CARTESIAN_POINT('',(22.4,-41.45,2.79));
#8452 = DIRECTION('',(0.,0.,1.));
#8453 = DIRECTION('',(1.,0.,-0.));
#8454 = PCURVE('',#6492,#8455);
#8455 = DEFINITIONAL_REPRESENTATION('',(#8456),#8460);
#8456 = LINE('',#8457,#8458);
#8457 = CARTESIAN_POINT('',(-0.,-9.E-02));
#8458 = VECTOR('',#8459,1.);
#8459 = DIRECTION('',(-1.,-0.));
#8460 = ( GEOMETRIC_REPRESENTATION_CONTEXT(2) 
PARAMETRIC_REPRESENTATION_CONTEXT() REPRESENTATION_CONTEXT('2D SPACE',''
  ) );
#8461 = PCURVE('',#8145,#8462);
#8462 = DEFINITIONAL_REPRESENTATION('',(#8463),#8467);
#8463 = CIRCLE('',#8464,2.51);
#8464 = AXIS2_PLACEMENT_2D('',#8465,#8466);
#8465 = CARTESIAN_POINT('',(44.8,7.105427357601E-15));
#8466 = DIRECTION('',(1.,0.));
#8467 = ( GEOMETRIC_REPRESENTATION_CONTEXT(2) 
PARAMETRIC_REPRESENTATION_CONTEXT() REPRESENTATION_CONTEXT('2D SPACE',''
  ) );
#8468 = ADVANCED_FACE('',(#8469),#6811,.F.);
#8469 = FACE_BOUND('',#8470,.T.);
#8470 = EDGE_LOOP('',(#8471,#8490,#8491));
#8471 = ORIENTED_EDGE('',*,*,#8472,.F.);
#8472 = EDGE_CURVE('',#8339,#6763,#8473,.T.);
#8473 = SURFACE_CURVE('',#8474,(#8478,#8484),.PCURVE_S1.);
#8474 = LINE('',#8475,#8476);
#8475 = CARTESIAN_POINT('',(24.4,13.55,2.7));
#8476 = VECTOR('',#8477,1.);
#8477 = DIRECTION('',(8.659560562355E-17,0.707106781187,0.707106781187)
  );
#8478 = PCURVE('',#6811,#8479);
#8479 = DEFINITIONAL_REPRESENTATION('',(#8480),#8483);
#8480 = B_SPLINE_CURVE_WITH_KNOTS('',1,(#8481,#8482),.UNSPECIFIED.,.F.,
  .F.,(2,2),(-9.742005632649E-17,0.141421356237),
  .PIECEWISE_BEZIER_KNOTS.);
#8481 = CARTESIAN_POINT('',(-1.570796326795,0.));
#8482 = CARTESIAN_POINT('',(-1.570796326795,0.1));
#8483 = ( GEOMETRIC_REPRESENTATION_CONTEXT(2) 
PARAMETRIC_REPRESENTATION_CONTEXT() REPRESENTATION_CONTEXT('2D SPACE',''
  ) );
#8484 = PCURVE('',#6778,#8485);
#8485 = DEFINITIONAL_REPRESENTATION('',(#8486),#8489);
#8486 = B_SPLINE_CURVE_WITH_KNOTS('',1,(#8487,#8488),.UNSPECIFIED.,.F.,
  .F.,(2,2),(-9.742005632649E-17,0.141421356237),
  .PIECEWISE_BEZIER_KNOTS.);
#8487 = CARTESIAN_POINT('',(-9.742005632649E-17,8.715763992105E-34));
#8488 = CARTESIAN_POINT('',(0.141421356237,8.715763992105E-34));
#8489 = ( GEOMETRIC_REPRESENTATION_CONTEXT(2) 
PARAMETRIC_REPRESENTATION_CONTEXT() REPRESENTATION_CONTEXT('2D SPACE',''
  ) );
#8490 = ORIENTED_EDGE('',*,*,#8338,.T.);
#8491 = ORIENTED_EDGE('',*,*,#6790,.F.);
#8492 = ADVANCED_FACE('',(#8493),#6520,.F.);
#8493 = FACE_BOUND('',#8494,.F.);
#8494 = EDGE_LOOP('',(#8495,#8496,#8523,#8549));
#8495 = ORIENTED_EDGE('',*,*,#6504,.T.);
#8496 = ORIENTED_EDGE('',*,*,#8497,.T.);
#8497 = EDGE_CURVE('',#6505,#8498,#8500,.T.);
#8498 = VERTEX_POINT('',#8499);
#8499 = CARTESIAN_POINT('',(-20.,-42.45,2.7));
#8500 = SURFACE_CURVE('',#8501,(#8506,#8513),.PCURVE_S1.);
#8501 = PARABOLA('',#8502,1.272792206136);
#8502 = AXIS2_PLACEMENT_3D('',#8503,#8504,#8505);
#8503 = CARTESIAN_POINT('',(-22.4,-43.25,3.5));
#8504 = DIRECTION('',(0.,-0.707106781187,-0.707106781187));
#8505 = DIRECTION('',(0.,0.707106781187,-0.707106781187));
#8506 = PCURVE('',#6520,#8507);
#8507 = DEFINITIONAL_REPRESENTATION('',(#8508),#8512);
#8508 = B_SPLINE_CURVE_WITH_KNOTS('',2,(#8509,#8510,#8511),
  .UNSPECIFIED.,.F.,.F.,(3,3),(2.244994432064,2.4),
  .PIECEWISE_BEZIER_KNOTS.);
#8509 = CARTESIAN_POINT('',(0.141421356237,-2.744994432064));
#8510 = CARTESIAN_POINT('',(7.307032547265E-02,-2.822497216032));
#8511 = CARTESIAN_POINT('',(7.549516567451E-15,-2.9));
#8512 = ( GEOMETRIC_REPRESENTATION_CONTEXT(2) 
PARAMETRIC_REPRESENTATION_CONTEXT() REPRESENTATION_CONTEXT('2D SPACE',''
  ) );
#8513 = PCURVE('',#6549,#8514);
#8514 = DEFINITIONAL_REPRESENTATION('',(#8515),#8522);
#8515 = B_SPLINE_CURVE_WITH_KNOTS('',5,(#8516,#8517,#8518,#8519,#8520,
    #8521),.UNSPECIFIED.,.F.,.F.,(6,6),(2.244994432064,2.4),
  .PIECEWISE_BEZIER_KNOTS.);
#8516 = CARTESIAN_POINT('',(-5.827586633784,-1.E-01));
#8517 = CARTESIAN_POINT('',(-5.839987079219,-8.066740905808E-02));
#8518 = CARTESIAN_POINT('',(-5.852267658279,-6.100111358713E-02));
#8519 = CARTESIAN_POINT('',(-5.864428702043,-4.100111358713E-02));
#8520 = CARTESIAN_POINT('',(-5.876470682254,-2.066740905809E-02));
#8521 = CARTESIAN_POINT('',(-5.88839418748,-1.7763568394E-15));
#8522 = ( GEOMETRIC_REPRESENTATION_CONTEXT(2) 
PARAMETRIC_REPRESENTATION_CONTEXT() REPRESENTATION_CONTEXT('2D SPACE',''
  ) );
#8523 = ORIENTED_EDGE('',*,*,#8524,.T.);
#8524 = EDGE_CURVE('',#8498,#8392,#8525,.T.);
#8525 = SURFACE_CURVE('',#8526,(#8530,#8537),.PCURVE_S1.);
#8526 = LINE('',#8527,#8528);
#8527 = CARTESIAN_POINT('',(-22.9,-42.45,2.7));
#8528 = VECTOR('',#8529,1.);
#8529 = DIRECTION('',(1.,0.,0.));
#8530 = PCURVE('',#6520,#8531);
#8531 = DEFINITIONAL_REPRESENTATION('',(#8532),#8536);
#8532 = LINE('',#8533,#8534);
#8533 = CARTESIAN_POINT('',(0.,0.));
#8534 = VECTOR('',#8535,1.);
#8535 = DIRECTION('',(-6.162975822039E-33,-1.));
#8536 = ( GEOMETRIC_REPRESENTATION_CONTEXT(2) 
PARAMETRIC_REPRESENTATION_CONTEXT() REPRESENTATION_CONTEXT('2D SPACE',''
  ) );
#8537 = PCURVE('',#8538,#8543);
#8538 = PLANE('',#8539);
#8539 = AXIS2_PLACEMENT_3D('',#8540,#8541,#8542);
#8540 = CARTESIAN_POINT('',(-22.9,-42.45,1.));
#8541 = DIRECTION('',(0.,1.,0.));
#8542 = DIRECTION('',(1.,0.,0.));
#8543 = DEFINITIONAL_REPRESENTATION('',(#8544),#8548);
#8544 = LINE('',#8545,#8546);
#8545 = CARTESIAN_POINT('',(0.,-1.7));
#8546 = VECTOR('',#8547,1.);
#8547 = DIRECTION('',(1.,0.));
#8548 = ( GEOMETRIC_REPRESENTATION_CONTEXT(2) 
PARAMETRIC_REPRESENTATION_CONTEXT() REPRESENTATION_CONTEXT('2D SPACE',''
  ) );
#8549 = ORIENTED_EDGE('',*,*,#8420,.T.);
#8550 = ADVANCED_FACE('',(#8551),#6778,.F.);
#8551 = FACE_BOUND('',#8552,.F.);
#8552 = EDGE_LOOP('',(#8553,#8574,#8575,#8576));
#8553 = ORIENTED_EDGE('',*,*,#8554,.T.);
#8554 = EDGE_CURVE('',#8555,#6735,#8557,.T.);
#8555 = VERTEX_POINT('',#8556);
#8556 = CARTESIAN_POINT('',(22.9,13.55,2.7));
#8557 = SURFACE_CURVE('',#8558,(#8562,#8568),.PCURVE_S1.);
#8558 = LINE('',#8559,#8560);
#8559 = CARTESIAN_POINT('',(22.9,13.55,2.7));
#8560 = VECTOR('',#8561,1.);
#8561 = DIRECTION('',(0.57735026919,0.57735026919,0.57735026919));
#8562 = PCURVE('',#6778,#8563);
#8563 = DEFINITIONAL_REPRESENTATION('',(#8564),#8567);
#8564 = B_SPLINE_CURVE_WITH_KNOTS('',1,(#8565,#8566),.UNSPECIFIED.,.F.,
  .F.,(2,2),(0.,0.173205080757),.PIECEWISE_BEZIER_KNOTS.);
#8565 = CARTESIAN_POINT('',(-1.298934084353E-16,-1.5));
#8566 = CARTESIAN_POINT('',(0.141421356237,-1.4));
#8567 = ( GEOMETRIC_REPRESENTATION_CONTEXT(2) 
PARAMETRIC_REPRESENTATION_CONTEXT() REPRESENTATION_CONTEXT('2D SPACE',''
  ) );
#8568 = PCURVE('',#6750,#8569);
#8569 = DEFINITIONAL_REPRESENTATION('',(#8570),#8573);
#8570 = B_SPLINE_CURVE_WITH_KNOTS('',1,(#8571,#8572),.UNSPECIFIED.,.F.,
  .F.,(2,2),(0.,0.173205080757),.PIECEWISE_BEZIER_KNOTS.);
#8571 = CARTESIAN_POINT('',(0.,0.));
#8572 = CARTESIAN_POINT('',(0.141421356237,-0.1));
#8573 = ( GEOMETRIC_REPRESENTATION_CONTEXT(2) 
PARAMETRIC_REPRESENTATION_CONTEXT() REPRESENTATION_CONTEXT('2D SPACE',''
  ) );
#8574 = ORIENTED_EDGE('',*,*,#6762,.T.);
#8575 = ORIENTED_EDGE('',*,*,#8472,.F.);
#8576 = ORIENTED_EDGE('',*,*,#8577,.T.);
#8577 = EDGE_CURVE('',#8339,#8555,#8578,.T.);
#8578 = SURFACE_CURVE('',#8579,(#8583,#8590),.PCURVE_S1.);
#8579 = LINE('',#8580,#8581);
#8580 = CARTESIAN_POINT('',(24.4,13.55,2.7));
#8581 = VECTOR('',#8582,1.);
#8582 = DIRECTION('',(-1.,0.,0.));
#8583 = PCURVE('',#6778,#8584);
#8584 = DEFINITIONAL_REPRESENTATION('',(#8585),#8589);
#8585 = LINE('',#8586,#8587);
#8586 = CARTESIAN_POINT('',(0.,0.));
#8587 = VECTOR('',#8588,1.);
#8588 = DIRECTION('',(-6.162975822039E-33,-1.));
#8589 = ( GEOMETRIC_REPRESENTATION_CONTEXT(2) 
PARAMETRIC_REPRESENTATION_CONTEXT() REPRESENTATION_CONTEXT('2D SPACE',''
  ) );
#8590 = PCURVE('',#8591,#8596);
#8591 = PLANE('',#8592);
#8592 = AXIS2_PLACEMENT_3D('',#8593,#8594,#8595);
#8593 = CARTESIAN_POINT('',(22.9,13.55,1.));
#8594 = DIRECTION('',(0.,1.,0.));
#8595 = DIRECTION('',(1.,0.,0.));
#8596 = DEFINITIONAL_REPRESENTATION('',(#8597),#8601);
#8597 = LINE('',#8598,#8599);
#8598 = CARTESIAN_POINT('',(1.5,-1.7));
#8599 = VECTOR('',#8600,1.);
#8600 = DIRECTION('',(-1.,0.));
#8601 = ( GEOMETRIC_REPRESENTATION_CONTEXT(2) 
PARAMETRIC_REPRESENTATION_CONTEXT() REPRESENTATION_CONTEXT('2D SPACE',''
  ) );
#8602 = ADVANCED_FACE('',(#8603),#6549,.T.);
#8603 = FACE_BOUND('',#8604,.T.);
#8604 = EDGE_LOOP('',(#8605,#8606,#8607,#8636));
#8605 = ORIENTED_EDGE('',*,*,#6532,.F.);
#8606 = ORIENTED_EDGE('',*,*,#8497,.T.);
#8607 = ORIENTED_EDGE('',*,*,#8608,.T.);
#8608 = EDGE_CURVE('',#8498,#8609,#8611,.T.);
#8609 = VERTEX_POINT('',#8610);
#8610 = CARTESIAN_POINT('',(-22.9,-38.89852983556,2.7));
#8611 = SURFACE_CURVE('',#8612,(#8617,#8624),.PCURVE_S1.);
#8612 = CIRCLE('',#8613,2.6);
#8613 = AXIS2_PLACEMENT_3D('',#8614,#8615,#8616);
#8614 = CARTESIAN_POINT('',(-22.4,-41.45,2.7));
#8615 = DIRECTION('',(-0.,0.,1.));
#8616 = DIRECTION('',(0.923076923077,-0.384615384615,0.));
#8617 = PCURVE('',#6549,#8618);
#8618 = DEFINITIONAL_REPRESENTATION('',(#8619),#8623);
#8619 = LINE('',#8620,#8621);
#8620 = CARTESIAN_POINT('',(-5.88839418748,-0.));
#8621 = VECTOR('',#8622,1.);
#8622 = DIRECTION('',(-1.,-0.));
#8623 = ( GEOMETRIC_REPRESENTATION_CONTEXT(2) 
PARAMETRIC_REPRESENTATION_CONTEXT() REPRESENTATION_CONTEXT('2D SPACE',''
  ) );
#8624 = PCURVE('',#8625,#8630);
#8625 = CYLINDRICAL_SURFACE('',#8626,2.6);
#8626 = AXIS2_PLACEMENT_3D('',#8627,#8628,#8629);
#8627 = CARTESIAN_POINT('',(-22.4,-41.45,1.));
#8628 = DIRECTION('',(-0.,-0.,-1.));
#8629 = DIRECTION('',(1.,0.,0.));
#8630 = DEFINITIONAL_REPRESENTATION('',(#8631),#8635);
#8631 = LINE('',#8632,#8633);
#8632 = CARTESIAN_POINT('',(-5.88839418748,-1.7));
#8633 = VECTOR('',#8634,1.);
#8634 = DIRECTION('',(-1.,0.));
#8635 = ( GEOMETRIC_REPRESENTATION_CONTEXT(2) 
PARAMETRIC_REPRESENTATION_CONTEXT() REPRESENTATION_CONTEXT('2D SPACE',''
  ) );
#8636 = ORIENTED_EDGE('',*,*,#8637,.T.);
#8637 = EDGE_CURVE('',#8609,#6533,#8638,.T.);
#8638 = SURFACE_CURVE('',#8639,(#8644,#8654),.PCURVE_S1.);
#8639 = PARABOLA('',#8640,1.096015510839);
#8640 = AXIS2_PLACEMENT_3D('',#8641,#8642,#8643);
#8641 = CARTESIAN_POINT('',(-23.95,-41.45,3.75));
#8642 = DIRECTION('',(-0.707106781187,0.,-0.707106781187));
#8643 = DIRECTION('',(0.707106781187,0.,-0.707106781187));
#8644 = PCURVE('',#6549,#8645);
#8645 = DEFINITIONAL_REPRESENTATION('',(#8646),#8653);
#8646 = B_SPLINE_CURVE_WITH_KNOTS('',5,(#8647,#8648,#8649,#8650,#8651,
    #8652),.UNSPECIFIED.,.F.,.F.,(6,6),(-2.551470164435,-2.426932219902)
  ,.PIECEWISE_BEZIER_KNOTS.);
#8647 = CARTESIAN_POINT('',(-8.047494826485,-3.774758283725E-15));
#8648 = CARTESIAN_POINT('',(-8.057074668372,-2.050031289124E-02));
#8649 = CARTESIAN_POINT('',(-8.066748928417,-4.075046933686E-02));
#8650 = CARTESIAN_POINT('',(-8.076518551932,-6.075046933686E-02));
#8651 = CARTESIAN_POINT('',(-8.086384449451,-8.050031289124E-02));
#8652 = CARTESIAN_POINT('',(-8.096347485013,-0.1));
#8653 = ( GEOMETRIC_REPRESENTATION_CONTEXT(2) 
PARAMETRIC_REPRESENTATION_CONTEXT() REPRESENTATION_CONTEXT('2D SPACE',''
  ) );
#8654 = PCURVE('',#6577,#8655);
#8655 = DEFINITIONAL_REPRESENTATION('',(#8656),#8660);
#8656 = B_SPLINE_CURVE_WITH_KNOTS('',2,(#8657,#8658,#8659),
  .UNSPECIFIED.,.F.,.F.,(3,3),(-2.551470164435,-2.426932219902),
  .PIECEWISE_BEZIER_KNOTS.);
#8657 = CARTESIAN_POINT('',(4.440892098501E-16,-81.34852983556));
#8658 = CARTESIAN_POINT('',(7.247955130919E-02,-81.41079880783));
#8659 = CARTESIAN_POINT('',(0.141421356237,-81.47306778009));
#8660 = ( GEOMETRIC_REPRESENTATION_CONTEXT(2) 
PARAMETRIC_REPRESENTATION_CONTEXT() REPRESENTATION_CONTEXT('2D SPACE',''
  ) );
#8661 = ADVANCED_FACE('',(#8662),#6750,.F.);
#8662 = FACE_BOUND('',#8663,.F.);
#8663 = EDGE_LOOP('',(#8664,#8665,#8693,#8720,#8746,#8771));
#8664 = ORIENTED_EDGE('',*,*,#8554,.F.);
#8665 = ORIENTED_EDGE('',*,*,#8666,.T.);
#8666 = EDGE_CURVE('',#8555,#8667,#8669,.T.);
#8667 = VERTEX_POINT('',#8668);
#8668 = CARTESIAN_POINT('',(22.9,38.898529835565,2.7));
#8669 = SURFACE_CURVE('',#8670,(#8674,#8681),.PCURVE_S1.);
#8670 = LINE('',#8671,#8672);
#8671 = CARTESIAN_POINT('',(22.9,13.55,2.7));
#8672 = VECTOR('',#8673,1.);
#8673 = DIRECTION('',(0.,1.,0.));
#8674 = PCURVE('',#6750,#8675);
#8675 = DEFINITIONAL_REPRESENTATION('',(#8676),#8680);
#8676 = LINE('',#8677,#8678);
#8677 = CARTESIAN_POINT('',(0.,-0.));
#8678 = VECTOR('',#8679,1.);
#8679 = DIRECTION('',(-6.162975822039E-33,-1.));
#8680 = ( GEOMETRIC_REPRESENTATION_CONTEXT(2) 
PARAMETRIC_REPRESENTATION_CONTEXT() REPRESENTATION_CONTEXT('2D SPACE',''
  ) );
#8681 = PCURVE('',#8682,#8687);
#8682 = PLANE('',#8683);
#8683 = AXIS2_PLACEMENT_3D('',#8684,#8685,#8686);
#8684 = CARTESIAN_POINT('',(22.9,44.45,1.));
#8685 = DIRECTION('',(1.,0.,-0.));
#8686 = DIRECTION('',(0.,-1.,0.));
#8687 = DEFINITIONAL_REPRESENTATION('',(#8688),#8692);
#8688 = LINE('',#8689,#8690);
#8689 = CARTESIAN_POINT('',(30.9,-1.7));
#8690 = VECTOR('',#8691,1.);
#8691 = DIRECTION('',(-1.,0.));
#8692 = ( GEOMETRIC_REPRESENTATION_CONTEXT(2) 
PARAMETRIC_REPRESENTATION_CONTEXT() REPRESENTATION_CONTEXT('2D SPACE',''
  ) );
#8693 = ORIENTED_EDGE('',*,*,#8694,.T.);
#8694 = EDGE_CURVE('',#8667,#8695,#8697,.T.);
#8695 = VERTEX_POINT('',#8696);
#8696 = CARTESIAN_POINT('',(22.99,39.010327890884,2.79));
#8697 = SURFACE_CURVE('',#8698,(#8703,#8710),.PCURVE_S1.);
#8698 = PARABOLA('',#8699,1.096015510839);
#8699 = AXIS2_PLACEMENT_3D('',#8700,#8701,#8702);
#8700 = CARTESIAN_POINT('',(23.95,41.45,3.75));
#8701 = DIRECTION('',(0.707106781187,0.,-0.707106781187));
#8702 = DIRECTION('',(-0.707106781187,-0.,-0.707106781187));
#8703 = PCURVE('',#6750,#8704);
#8704 = DEFINITIONAL_REPRESENTATION('',(#8705),#8709);
#8705 = B_SPLINE_CURVE_WITH_KNOTS('',2,(#8706,#8707,#8708),
  .UNSPECIFIED.,.F.,.F.,(3,3),(-2.551470164435,-2.426932219902),
  .PIECEWISE_BEZIER_KNOTS.);
#8706 = CARTESIAN_POINT('',(5.107025913276E-15,-25.34852983556));
#8707 = CARTESIAN_POINT('',(7.24795513092E-02,-25.41079880783));
#8708 = CARTESIAN_POINT('',(0.141421356237,-25.47306778009));
#8709 = ( GEOMETRIC_REPRESENTATION_CONTEXT(2) 
PARAMETRIC_REPRESENTATION_CONTEXT() REPRESENTATION_CONTEXT('2D SPACE',''
  ) );
#8710 = PCURVE('',#6663,#8711);
#8711 = DEFINITIONAL_REPRESENTATION('',(#8712),#8719);
#8712 = B_SPLINE_CURVE_WITH_KNOTS('',5,(#8713,#8714,#8715,#8716,#8717,
    #8718),.UNSPECIFIED.,.F.,.F.,(6,6),(-2.551470164435,-2.426932219902)
  ,.PIECEWISE_BEZIER_KNOTS.);
#8713 = CARTESIAN_POINT('',(-4.905902172895,-3.774758283725E-15));
#8714 = CARTESIAN_POINT('',(-4.915482014783,-2.050031289124E-02));
#8715 = CARTESIAN_POINT('',(-4.925156274827,-4.075046933686E-02));
#8716 = CARTESIAN_POINT('',(-4.934925898342,-6.075046933686E-02));
#8717 = CARTESIAN_POINT('',(-4.944791795861,-8.050031289124E-02));
#8718 = CARTESIAN_POINT('',(-4.954754831424,-0.1));
#8719 = ( GEOMETRIC_REPRESENTATION_CONTEXT(2) 
PARAMETRIC_REPRESENTATION_CONTEXT() REPRESENTATION_CONTEXT('2D SPACE',''
  ) );
#8720 = ORIENTED_EDGE('',*,*,#8721,.F.);
#8721 = EDGE_CURVE('',#8722,#8695,#8724,.T.);
#8722 = VERTEX_POINT('',#8723);
#8723 = CARTESIAN_POINT('',(22.99,38.35574726307,2.79));
#8724 = SURFACE_CURVE('',#8725,(#8729,#8735),.PCURVE_S1.);
#8725 = LINE('',#8726,#8727);
#8726 = CARTESIAN_POINT('',(22.99,-13.95,2.79));
#8727 = VECTOR('',#8728,1.);
#8728 = DIRECTION('',(-0.,1.,0.));
#8729 = PCURVE('',#6750,#8730);
#8730 = DEFINITIONAL_REPRESENTATION('',(#8731),#8734);
#8731 = B_SPLINE_CURVE_WITH_KNOTS('',1,(#8732,#8733),.UNSPECIFIED.,.F.,
  .F.,(2,2),(52.289935691983,54.45),.PIECEWISE_BEZIER_KNOTS.);
#8732 = CARTESIAN_POINT('',(0.127279220614,-24.78993569198));
#8733 = CARTESIAN_POINT('',(0.127279220614,-26.95));
#8734 = ( GEOMETRIC_REPRESENTATION_CONTEXT(2) 
PARAMETRIC_REPRESENTATION_CONTEXT() REPRESENTATION_CONTEXT('2D SPACE',''
  ) );
#8735 = PCURVE('',#8736,#8741);
#8736 = PLANE('',#8737);
#8737 = AXIS2_PLACEMENT_3D('',#8738,#8739,#8740);
#8738 = CARTESIAN_POINT('',(-22.4,-41.45,2.79));
#8739 = DIRECTION('',(0.,0.,1.));
#8740 = DIRECTION('',(1.,0.,-0.));
#8741 = DEFINITIONAL_REPRESENTATION('',(#8742),#8745);
#8742 = B_SPLINE_CURVE_WITH_KNOTS('',1,(#8743,#8744),.UNSPECIFIED.,.F.,
  .F.,(2,2),(52.289935691983,54.45),.PIECEWISE_BEZIER_KNOTS.);
#8743 = CARTESIAN_POINT('',(45.39,79.789935691983));
#8744 = CARTESIAN_POINT('',(45.39,81.95));
#8745 = ( GEOMETRIC_REPRESENTATION_CONTEXT(2) 
PARAMETRIC_REPRESENTATION_CONTEXT() REPRESENTATION_CONTEXT('2D SPACE',''
  ) );
#8746 = ORIENTED_EDGE('',*,*,#8747,.F.);
#8747 = EDGE_CURVE('',#6703,#8722,#8748,.T.);
#8748 = SURFACE_CURVE('',#8749,(#8754,#8761),.PCURVE_S1.);
#8749 = ELLIPSE('',#8750,4.454772721475,3.15);
#8750 = AXIS2_PLACEMENT_3D('',#8751,#8752,#8753);
#8751 = CARTESIAN_POINT('',(22.4,41.45,2.2));
#8752 = DIRECTION('',(0.707106781187,0.,-0.707106781187));
#8753 = DIRECTION('',(-0.707106781187,0.,-0.707106781187));
#8754 = PCURVE('',#6750,#8755);
#8755 = DEFINITIONAL_REPRESENTATION('',(#8756),#8760);
#8756 = ELLIPSE('',#8757,4.454772721475,3.15);
#8757 = AXIS2_PLACEMENT_2D('',#8758,#8759);
#8758 = CARTESIAN_POINT('',(-0.707106781187,-27.9));
#8759 = DIRECTION('',(-1.,8.659560562355E-17));
#8760 = ( GEOMETRIC_REPRESENTATION_CONTEXT(2) 
PARAMETRIC_REPRESENTATION_CONTEXT() REPRESENTATION_CONTEXT('2D SPACE',''
  ) );
#8761 = PCURVE('',#6723,#8762);
#8762 = DEFINITIONAL_REPRESENTATION('',(#8763),#8770);
#8763 = B_SPLINE_CURVE_WITH_KNOTS('',5,(#8764,#8765,#8766,#8767,#8768,
    #8769),.UNSPECIFIED.,.F.,.F.,(6,6),(4.520741591381,4.523974779387),
  .PIECEWISE_BEZIER_KNOTS.);
#8764 = CARTESIAN_POINT('',(-4.904036369389,-1.00006E-02));
#8765 = CARTESIAN_POINT('',(-4.903389731787,-8.000983726532E-03));
#8766 = CARTESIAN_POINT('',(-4.902743094186,-6.001053847616E-03));
#8767 = CARTESIAN_POINT('',(-4.902096456585,-4.000812105139E-03));
#8768 = CARTESIAN_POINT('',(-4.901449818983,-2.000260241611E-03));
#8769 = CARTESIAN_POINT('',(-4.900803181382,5.999999999062E-07));
#8770 = ( GEOMETRIC_REPRESENTATION_CONTEXT(2) 
PARAMETRIC_REPRESENTATION_CONTEXT() REPRESENTATION_CONTEXT('2D SPACE',''
  ) );
#8771 = ORIENTED_EDGE('',*,*,#6734,.T.);
#8772 = ADVANCED_FACE('',(#8773),#6577,.F.);
#8773 = FACE_BOUND('',#8774,.F.);
#8774 = EDGE_LOOP('',(#8775,#8802,#8828,#8829));
#8775 = ORIENTED_EDGE('',*,*,#8776,.T.);
#8776 = EDGE_CURVE('',#6562,#8777,#8779,.T.);
#8777 = VERTEX_POINT('',#8778);
#8778 = CARTESIAN_POINT('',(-22.9,38.898529835565,2.7));
#8779 = SURFACE_CURVE('',#8780,(#8785,#8792),.PCURVE_S1.);
#8780 = PARABOLA('',#8781,1.096015510839);
#8781 = AXIS2_PLACEMENT_3D('',#8782,#8783,#8784);
#8782 = CARTESIAN_POINT('',(-23.95,41.45,3.75));
#8783 = DIRECTION('',(-0.707106781187,0.,-0.707106781187));
#8784 = DIRECTION('',(0.707106781187,0.,-0.707106781187));
#8785 = PCURVE('',#6577,#8786);
#8786 = DEFINITIONAL_REPRESENTATION('',(#8787),#8791);
#8787 = B_SPLINE_CURVE_WITH_KNOTS('',2,(#8788,#8789,#8790),
  .UNSPECIFIED.,.F.,.F.,(3,3),(2.426932219902,2.551470164435),
  .PIECEWISE_BEZIER_KNOTS.);
#8788 = CARTESIAN_POINT('',(0.141421356237,-3.426932219902));
#8789 = CARTESIAN_POINT('',(7.24795513092E-02,-3.489201192168));
#8790 = CARTESIAN_POINT('',(7.105427357601E-15,-3.551470164435));
#8791 = ( GEOMETRIC_REPRESENTATION_CONTEXT(2) 
PARAMETRIC_REPRESENTATION_CONTEXT() REPRESENTATION_CONTEXT('2D SPACE',''
  ) );
#8792 = PCURVE('',#6606,#8793);
#8793 = DEFINITIONAL_REPRESENTATION('',(#8794),#8801);
#8794 = B_SPLINE_CURVE_WITH_KNOTS('',5,(#8795,#8796,#8797,#8798,#8799,
    #8800),.UNSPECIFIED.,.F.,.F.,(6,6),(2.426932219902,2.551470164435),
  .PIECEWISE_BEZIER_KNOTS.);
#8795 = CARTESIAN_POINT('',(-4.470023129346,-0.1));
#8796 = CARTESIAN_POINT('',(-4.479986164908,-8.050031289124E-02));
#8797 = CARTESIAN_POINT('',(-4.489852062427,-6.075046933686E-02));
#8798 = CARTESIAN_POINT('',(-4.499621685942,-4.075046933685E-02));
#8799 = CARTESIAN_POINT('',(-4.509295945987,-2.050031289124E-02));
#8800 = CARTESIAN_POINT('',(-4.518875787874,-3.996802888651E-15));
#8801 = ( GEOMETRIC_REPRESENTATION_CONTEXT(2) 
PARAMETRIC_REPRESENTATION_CONTEXT() REPRESENTATION_CONTEXT('2D SPACE',''
  ) );
#8802 = ORIENTED_EDGE('',*,*,#8803,.T.);
#8803 = EDGE_CURVE('',#8777,#8609,#8804,.T.);
#8804 = SURFACE_CURVE('',#8805,(#8809,#8816),.PCURVE_S1.);
#8805 = LINE('',#8806,#8807);
#8806 = CARTESIAN_POINT('',(-22.9,42.45,2.7));
#8807 = VECTOR('',#8808,1.);
#8808 = DIRECTION('',(0.,-1.,0.));
#8809 = PCURVE('',#6577,#8810);
#8810 = DEFINITIONAL_REPRESENTATION('',(#8811),#8815);
#8811 = LINE('',#8812,#8813);
#8812 = CARTESIAN_POINT('',(0.,0.));
#8813 = VECTOR('',#8814,1.);
#8814 = DIRECTION('',(-6.162975822039E-33,-1.));
#8815 = ( GEOMETRIC_REPRESENTATION_CONTEXT(2) 
PARAMETRIC_REPRESENTATION_CONTEXT() REPRESENTATION_CONTEXT('2D SPACE',''
  ) );
#8816 = PCURVE('',#8817,#8822);
#8817 = PLANE('',#8818);
#8818 = AXIS2_PLACEMENT_3D('',#8819,#8820,#8821);
#8819 = CARTESIAN_POINT('',(-22.9,42.45,1.));
#8820 = DIRECTION('',(1.,0.,-0.));
#8821 = DIRECTION('',(0.,-1.,0.));
#8822 = DEFINITIONAL_REPRESENTATION('',(#8823),#8827);
#8823 = LINE('',#8824,#8825);
#8824 = CARTESIAN_POINT('',(0.,-1.7));
#8825 = VECTOR('',#8826,1.);
#8826 = DIRECTION('',(1.,0.));
#8827 = ( GEOMETRIC_REPRESENTATION_CONTEXT(2) 
PARAMETRIC_REPRESENTATION_CONTEXT() REPRESENTATION_CONTEXT('2D SPACE',''
  ) );
#8828 = ORIENTED_EDGE('',*,*,#8637,.T.);
#8829 = ORIENTED_EDGE('',*,*,#6561,.T.);
#8830 = ADVANCED_FACE('',(#8831),#6723,.F.);
#8831 = FACE_BOUND('',#8832,.T.);
#8832 = EDGE_LOOP('',(#8833,#8834,#8855,#8881));
#8833 = ORIENTED_EDGE('',*,*,#6702,.F.);
#8834 = ORIENTED_EDGE('',*,*,#8835,.T.);
#8835 = EDGE_CURVE('',#6676,#8836,#8838,.T.);
#8836 = VERTEX_POINT('',#8837);
#8837 = CARTESIAN_POINT('',(24.4,39.016381295272,2.79));
#8838 = SURFACE_CURVE('',#8839,(#8843,#8849),.PCURVE_S1.);
#8839 = LINE('',#8840,#8841);
#8840 = CARTESIAN_POINT('',(24.4,39.016381295272,2.79));
#8841 = VECTOR('',#8842,1.);
#8842 = DIRECTION('',(-0.,-0.,-1.));
#8843 = PCURVE('',#6723,#8844);
#8844 = DEFINITIONAL_REPRESENTATION('',(#8845),#8848);
#8845 = B_SPLINE_CURVE_WITH_KNOTS('',1,(#8846,#8847),.UNSPECIFIED.,.F.,
  .F.,(2,2),(-0.19,5.999999999062E-07),.PIECEWISE_BEZIER_KNOTS.);
#8846 = CARTESIAN_POINT('',(-5.400294768404,-0.19));
#8847 = CARTESIAN_POINT('',(-5.400294768404,5.999999999062E-07));
#8848 = ( GEOMETRIC_REPRESENTATION_CONTEXT(2) 
PARAMETRIC_REPRESENTATION_CONTEXT() REPRESENTATION_CONTEXT('2D SPACE',''
  ) );
#8849 = PCURVE('',#6691,#8850);
#8850 = DEFINITIONAL_REPRESENTATION('',(#8851),#8854);
#8851 = B_SPLINE_CURVE_WITH_KNOTS('',1,(#8852,#8853),.UNSPECIFIED.,.F.,
  .F.,(2,2),(-0.19,5.999999999062E-07),.PIECEWISE_BEZIER_KNOTS.);
#8852 = CARTESIAN_POINT('',(81.466381295272,-1.99));
#8853 = CARTESIAN_POINT('',(81.466381295272,-1.7999994));
#8854 = ( GEOMETRIC_REPRESENTATION_CONTEXT(2) 
PARAMETRIC_REPRESENTATION_CONTEXT() REPRESENTATION_CONTEXT('2D SPACE',''
  ) );
#8855 = ORIENTED_EDGE('',*,*,#8856,.T.);
#8856 = EDGE_CURVE('',#8836,#8722,#8857,.T.);
#8857 = SURFACE_CURVE('',#8858,(#8863,#8870),.PCURVE_S1.);
#8858 = CIRCLE('',#8859,3.15);
#8859 = AXIS2_PLACEMENT_3D('',#8860,#8861,#8862);
#8860 = CARTESIAN_POINT('',(22.4,41.45,2.79));
#8861 = DIRECTION('',(0.,0.,-1.));
#8862 = DIRECTION('',(-0.948271557539,0.31746031746,0.));
#8863 = PCURVE('',#6723,#8864);
#8864 = DEFINITIONAL_REPRESENTATION('',(#8865),#8869);
#8865 = LINE('',#8866,#8867);
#8866 = CARTESIAN_POINT('',(-9.101727901257,0.));
#8867 = VECTOR('',#8868,1.);
#8868 = DIRECTION('',(1.,-0.));
#8869 = ( GEOMETRIC_REPRESENTATION_CONTEXT(2) 
PARAMETRIC_REPRESENTATION_CONTEXT() REPRESENTATION_CONTEXT('2D SPACE',''
  ) );
#8870 = PCURVE('',#8736,#8871);
#8871 = DEFINITIONAL_REPRESENTATION('',(#8872),#8880);
#8872 = ( BOUNDED_CURVE() B_SPLINE_CURVE(2,(#8873,#8874,#8875,#8876,
#8877,#8878,#8879),.UNSPECIFIED.,.T.,.F.) B_SPLINE_CURVE_WITH_KNOTS((1,2
    ,2,2,2,1),(-2.094395102393,0.,2.094395102393,4.188790204786,
6.28318530718,8.377580409573),.UNSPECIFIED.) CURVE() 
GEOMETRIC_REPRESENTATION_ITEM() RATIONAL_B_SPLINE_CURVE((1.,0.5,1.,0.5,
1.,0.5,1.)) REPRESENTATION_ITEM('') );
#8873 = CARTESIAN_POINT('',(41.812944593751,83.9));
#8874 = CARTESIAN_POINT('',(43.54499540132,89.073731728646));
#8875 = CARTESIAN_POINT('',(47.159553106909,84.986865864323));
#8876 = CARTESIAN_POINT('',(50.774110812498,80.9));
#8877 = CARTESIAN_POINT('',(45.42750229934,79.813134135677));
#8878 = CARTESIAN_POINT('',(40.080893786182,78.726268271354));
#8879 = CARTESIAN_POINT('',(41.812944593751,83.9));
#8880 = ( GEOMETRIC_REPRESENTATION_CONTEXT(2) 
PARAMETRIC_REPRESENTATION_CONTEXT() REPRESENTATION_CONTEXT('2D SPACE',''
  ) );
#8881 = ORIENTED_EDGE('',*,*,#8747,.F.);
#8882 = ADVANCED_FACE('',(#8883),#6606,.T.);
#8883 = FACE_BOUND('',#8884,.T.);
#8884 = EDGE_LOOP('',(#8885,#8886,#8887,#8916));
#8885 = ORIENTED_EDGE('',*,*,#6589,.F.);
#8886 = ORIENTED_EDGE('',*,*,#8776,.T.);
#8887 = ORIENTED_EDGE('',*,*,#8888,.F.);
#8888 = EDGE_CURVE('',#8889,#8777,#8891,.T.);
#8889 = VERTEX_POINT('',#8890);
#8890 = CARTESIAN_POINT('',(-20.,42.45,2.7));
#8891 = SURFACE_CURVE('',#8892,(#8897,#8904),.PCURVE_S1.);
#8892 = CIRCLE('',#8893,2.6);
#8893 = AXIS2_PLACEMENT_3D('',#8894,#8895,#8896);
#8894 = CARTESIAN_POINT('',(-22.4,41.45,2.7));
#8895 = DIRECTION('',(0.,0.,-1.));
#8896 = DIRECTION('',(0.923076923077,0.384615384615,0.));
#8897 = PCURVE('',#6606,#8898);
#8898 = DEFINITIONAL_REPRESENTATION('',(#8899),#8903);
#8899 = LINE('',#8900,#8901);
#8900 = CARTESIAN_POINT('',(-6.677976426879,-0.));
#8901 = VECTOR('',#8902,1.);
#8902 = DIRECTION('',(1.,-0.));
#8903 = ( GEOMETRIC_REPRESENTATION_CONTEXT(2) 
PARAMETRIC_REPRESENTATION_CONTEXT() REPRESENTATION_CONTEXT('2D SPACE',''
  ) );
#8904 = PCURVE('',#8905,#8910);
#8905 = CYLINDRICAL_SURFACE('',#8906,2.6);
#8906 = AXIS2_PLACEMENT_3D('',#8907,#8908,#8909);
#8907 = CARTESIAN_POINT('',(-22.4,41.45,1.));
#8908 = DIRECTION('',(-0.,-0.,-1.));
#8909 = DIRECTION('',(1.,0.,0.));
#8910 = DEFINITIONAL_REPRESENTATION('',(#8911),#8915);
#8911 = LINE('',#8912,#8913);
#8912 = CARTESIAN_POINT('',(-6.677976426879,-1.7));
#8913 = VECTOR('',#8914,1.);
#8914 = DIRECTION('',(1.,-0.));
#8915 = ( GEOMETRIC_REPRESENTATION_CONTEXT(2) 
PARAMETRIC_REPRESENTATION_CONTEXT() REPRESENTATION_CONTEXT('2D SPACE',''
  ) );
#8916 = ORIENTED_EDGE('',*,*,#8917,.T.);
#8917 = EDGE_CURVE('',#8889,#6590,#8918,.T.);
#8918 = SURFACE_CURVE('',#8919,(#8924,#8934),.PCURVE_S1.);
#8919 = PARABOLA('',#8920,1.272792206136);
#8920 = AXIS2_PLACEMENT_3D('',#8921,#8922,#8923);
#8921 = CARTESIAN_POINT('',(-22.4,43.25,3.5));
#8922 = DIRECTION('',(0.,0.707106781187,-0.707106781187));
#8923 = DIRECTION('',(0.,-0.707106781187,-0.707106781187));
#8924 = PCURVE('',#6606,#8925);
#8925 = DEFINITIONAL_REPRESENTATION('',(#8926),#8933);
#8926 = B_SPLINE_CURVE_WITH_KNOTS('',5,(#8927,#8928,#8929,#8930,#8931,
    #8932),.UNSPECIFIED.,.F.,.F.,(6,6),(-2.4,-2.244994432064),
  .PIECEWISE_BEZIER_KNOTS.);
#8927 = CARTESIAN_POINT('',(-6.677976426879,-1.7763568394E-15));
#8928 = CARTESIAN_POINT('',(-6.689899932105,-2.066740905809E-02));
#8929 = CARTESIAN_POINT('',(-6.701941912317,-4.100111358713E-02));
#8930 = CARTESIAN_POINT('',(-6.71410295608,-6.100111358713E-02));
#8931 = CARTESIAN_POINT('',(-6.726383535141,-8.066740905808E-02));
#8932 = CARTESIAN_POINT('',(-6.738783980575,-1.E-01));
#8933 = ( GEOMETRIC_REPRESENTATION_CONTEXT(2) 
PARAMETRIC_REPRESENTATION_CONTEXT() REPRESENTATION_CONTEXT('2D SPACE',''
  ) );
#8934 = PCURVE('',#6634,#8935);
#8935 = DEFINITIONAL_REPRESENTATION('',(#8936),#8940);
#8936 = B_SPLINE_CURVE_WITH_KNOTS('',2,(#8937,#8938,#8939),
  .UNSPECIFIED.,.F.,.F.,(3,3),(-2.4,-2.244994432064),
  .PIECEWISE_BEZIER_KNOTS.);
#8937 = CARTESIAN_POINT('',(3.996802888651E-15,-42.9));
#8938 = CARTESIAN_POINT('',(7.307032547264E-02,-42.97750278396));
#8939 = CARTESIAN_POINT('',(0.141421356237,-43.05500556793));
#8940 = ( GEOMETRIC_REPRESENTATION_CONTEXT(2) 
PARAMETRIC_REPRESENTATION_CONTEXT() REPRESENTATION_CONTEXT('2D SPACE',''
  ) );
#8941 = ADVANCED_FACE('',(#8942),#6691,.T.);
#8942 = FACE_BOUND('',#8943,.T.);
#8943 = EDGE_LOOP('',(#8944,#8971,#8990,#8991));
#8944 = ORIENTED_EDGE('',*,*,#8945,.T.);
#8945 = EDGE_CURVE('',#6647,#8946,#8948,.T.);
#8946 = VERTEX_POINT('',#8947);
#8947 = CARTESIAN_POINT('',(24.4,39.933391942524,2.79));
#8948 = SURFACE_CURVE('',#8949,(#8954,#8961),.PCURVE_S1.);
#8949 = HYPERBOLA('',#8950,2.,2.);
#8950 = AXIS2_PLACEMENT_3D('',#8951,#8952,#8953);
#8951 = CARTESIAN_POINT('',(24.4,41.45,5.3));
#8952 = DIRECTION('',(-1.,0.,0.));
#8953 = DIRECTION('',(-0.,0.,-1.));
#8954 = PCURVE('',#6691,#8955);
#8955 = DEFINITIONAL_REPRESENTATION('',(#8956),#8960);
#8956 = ( BOUNDED_CURVE() B_SPLINE_CURVE(2,(#8957,#8958,#8959),
.UNSPECIFIED.,.F.,.F.) B_SPLINE_CURVE_WITH_KNOTS((3,3),(0.69314718056,
0.700436174625),.PIECEWISE_BEZIER_KNOTS.) CURVE() 
GEOMETRIC_REPRESENTATION_ITEM() RATIONAL_B_SPLINE_CURVE((1.,
1.000006641187,1.)) REPRESENTATION_ITEM('') );
#8957 = CARTESIAN_POINT('',(82.4,-1.81));
#8958 = CARTESIAN_POINT('',(82.390888797758,-1.804533278655));
#8959 = CARTESIAN_POINT('',(82.381737506226,-1.799));
#8960 = ( GEOMETRIC_REPRESENTATION_CONTEXT(2) 
PARAMETRIC_REPRESENTATION_CONTEXT() REPRESENTATION_CONTEXT('2D SPACE',''
  ) );
#8961 = PCURVE('',#6663,#8962);
#8962 = DEFINITIONAL_REPRESENTATION('',(#8963),#8970);
#8963 = B_SPLINE_CURVE_WITH_KNOTS('',5,(#8964,#8965,#8966,#8967,#8968,
    #8969),.UNSPECIFIED.,.F.,.F.,(6,6),(0.69314718056,0.700436174625),
  .PIECEWISE_BEZIER_KNOTS.);
#8964 = CARTESIAN_POINT('',(-5.639684198386,-1.E-01));
#8965 = CARTESIAN_POINT('',(-5.638517959336,-9.781330178051E-02));
#8966 = CARTESIAN_POINT('',(-5.637352995392,-9.56199623817E-02));
#8967 = CARTESIAN_POINT('',(-5.636189308,-9.341997212209E-02));
#8968 = CARTESIAN_POINT('',(-5.635026898574,-9.121332126135E-02));
#8969 = CARTESIAN_POINT('',(-5.633865768496,-8.900000000011E-02));
#8970 = ( GEOMETRIC_REPRESENTATION_CONTEXT(2) 
PARAMETRIC_REPRESENTATION_CONTEXT() REPRESENTATION_CONTEXT('2D SPACE',''
  ) );
#8971 = ORIENTED_EDGE('',*,*,#8972,.T.);
#8972 = EDGE_CURVE('',#8946,#8836,#8973,.T.);
#8973 = SURFACE_CURVE('',#8974,(#8978,#8984),.PCURVE_S1.);
#8974 = LINE('',#8975,#8976);
#8975 = CARTESIAN_POINT('',(24.4,-41.95,2.79));
#8976 = VECTOR('',#8977,1.);
#8977 = DIRECTION('',(0.,-1.,0.));
#8978 = PCURVE('',#6691,#8979);
#8979 = DEFINITIONAL_REPRESENTATION('',(#8980),#8983);
#8980 = B_SPLINE_CURVE_WITH_KNOTS('',1,(#8981,#8982),.UNSPECIFIED.,.F.,
  .F.,(2,2),(-82.45,-80.28993569198),.PIECEWISE_BEZIER_KNOTS.);
#8981 = CARTESIAN_POINT('',(82.95,-1.8));
#8982 = CARTESIAN_POINT('',(80.789935691983,-1.8));
#8983 = ( GEOMETRIC_REPRESENTATION_CONTEXT(2) 
PARAMETRIC_REPRESENTATION_CONTEXT() REPRESENTATION_CONTEXT('2D SPACE',''
  ) );
#8984 = PCURVE('',#8736,#8985);
#8985 = DEFINITIONAL_REPRESENTATION('',(#8986),#8989);
#8986 = B_SPLINE_CURVE_WITH_KNOTS('',1,(#8987,#8988),.UNSPECIFIED.,.F.,
  .F.,(2,2),(-82.45,-80.28993569198),.PIECEWISE_BEZIER_KNOTS.);
#8987 = CARTESIAN_POINT('',(46.8,81.95));
#8988 = CARTESIAN_POINT('',(46.8,79.789935691983));
#8989 = ( GEOMETRIC_REPRESENTATION_CONTEXT(2) 
PARAMETRIC_REPRESENTATION_CONTEXT() REPRESENTATION_CONTEXT('2D SPACE',''
  ) );
#8990 = ORIENTED_EDGE('',*,*,#8835,.F.);
#8991 = ORIENTED_EDGE('',*,*,#6675,.F.);
#8992 = ADVANCED_FACE('',(#8993),#6634,.F.);
#8993 = FACE_BOUND('',#8994,.F.);
#8994 = EDGE_LOOP('',(#8995,#9022,#9048,#9049));
#8995 = ORIENTED_EDGE('',*,*,#8996,.T.);
#8996 = EDGE_CURVE('',#6619,#8997,#8999,.T.);
#8997 = VERTEX_POINT('',#8998);
#8998 = CARTESIAN_POINT('',(20.,42.45,2.7));
#8999 = SURFACE_CURVE('',#9000,(#9005,#9012),.PCURVE_S1.);
#9000 = PARABOLA('',#9001,1.272792206136);
#9001 = AXIS2_PLACEMENT_3D('',#9002,#9003,#9004);
#9002 = CARTESIAN_POINT('',(22.4,43.25,3.5));
#9003 = DIRECTION('',(0.,0.707106781187,-0.707106781187));
#9004 = DIRECTION('',(0.,-0.707106781187,-0.707106781187));
#9005 = PCURVE('',#6634,#9006);
#9006 = DEFINITIONAL_REPRESENTATION('',(#9007),#9011);
#9007 = B_SPLINE_CURVE_WITH_KNOTS('',2,(#9008,#9009,#9010),
  .UNSPECIFIED.,.F.,.F.,(3,3),(2.244994432064,2.4),
  .PIECEWISE_BEZIER_KNOTS.);
#9008 = CARTESIAN_POINT('',(0.141421356237,-2.744994432064));
#9009 = CARTESIAN_POINT('',(7.307032547265E-02,-2.822497216032));
#9010 = CARTESIAN_POINT('',(7.549516567451E-15,-2.9));
#9011 = ( GEOMETRIC_REPRESENTATION_CONTEXT(2) 
PARAMETRIC_REPRESENTATION_CONTEXT() REPRESENTATION_CONTEXT('2D SPACE',''
  ) );
#9012 = PCURVE('',#6663,#9013);
#9013 = DEFINITIONAL_REPRESENTATION('',(#9014),#9021);
#9014 = B_SPLINE_CURVE_WITH_KNOTS('',5,(#9015,#9016,#9017,#9018,#9019,
    #9020),.UNSPECIFIED.,.F.,.F.,(6,6),(2.244994432064,2.4),
  .PIECEWISE_BEZIER_KNOTS.);
#9015 = CARTESIAN_POINT('',(-2.685993980194,-1.E-01));
#9016 = CARTESIAN_POINT('',(-2.698394425629,-8.066740905808E-02));
#9017 = CARTESIAN_POINT('',(-2.710675004689,-6.100111358712E-02));
#9018 = CARTESIAN_POINT('',(-2.722836048453,-4.100111358713E-02));
#9019 = CARTESIAN_POINT('',(-2.734878028664,-2.066740905809E-02));
#9020 = CARTESIAN_POINT('',(-2.74680153389,-1.554312234475E-15));
#9021 = ( GEOMETRIC_REPRESENTATION_CONTEXT(2) 
PARAMETRIC_REPRESENTATION_CONTEXT() REPRESENTATION_CONTEXT('2D SPACE',''
  ) );
#9022 = ORIENTED_EDGE('',*,*,#9023,.T.);
#9023 = EDGE_CURVE('',#8997,#8889,#9024,.T.);
#9024 = SURFACE_CURVE('',#9025,(#9029,#9036),.PCURVE_S1.);
#9025 = LINE('',#9026,#9027);
#9026 = CARTESIAN_POINT('',(22.9,42.45,2.7));
#9027 = VECTOR('',#9028,1.);
#9028 = DIRECTION('',(-1.,0.,0.));
#9029 = PCURVE('',#6634,#9030);
#9030 = DEFINITIONAL_REPRESENTATION('',(#9031),#9035);
#9031 = LINE('',#9032,#9033);
#9032 = CARTESIAN_POINT('',(0.,0.));
#9033 = VECTOR('',#9034,1.);
#9034 = DIRECTION('',(-6.162975822039E-33,-1.));
#9035 = ( GEOMETRIC_REPRESENTATION_CONTEXT(2) 
PARAMETRIC_REPRESENTATION_CONTEXT() REPRESENTATION_CONTEXT('2D SPACE',''
  ) );
#9036 = PCURVE('',#9037,#9042);
#9037 = PLANE('',#9038);
#9038 = AXIS2_PLACEMENT_3D('',#9039,#9040,#9041);
#9039 = CARTESIAN_POINT('',(24.4,42.45,1.));
#9040 = DIRECTION('',(0.,-1.,0.));
#9041 = DIRECTION('',(-1.,0.,0.));
#9042 = DEFINITIONAL_REPRESENTATION('',(#9043),#9047);
#9043 = LINE('',#9044,#9045);
#9044 = CARTESIAN_POINT('',(1.5,-1.7));
#9045 = VECTOR('',#9046,1.);
#9046 = DIRECTION('',(1.,0.));
#9047 = ( GEOMETRIC_REPRESENTATION_CONTEXT(2) 
PARAMETRIC_REPRESENTATION_CONTEXT() REPRESENTATION_CONTEXT('2D SPACE',''
  ) );
#9048 = ORIENTED_EDGE('',*,*,#8917,.T.);
#9049 = ORIENTED_EDGE('',*,*,#6618,.T.);
#9050 = ADVANCED_FACE('',(#9051),#6663,.T.);
#9051 = FACE_BOUND('',#9052,.T.);
#9052 = EDGE_LOOP('',(#9053,#9054,#9081,#9082,#9104,#9105));
#9053 = ORIENTED_EDGE('',*,*,#8996,.T.);
#9054 = ORIENTED_EDGE('',*,*,#9055,.T.);
#9055 = EDGE_CURVE('',#8997,#8667,#9056,.T.);
#9056 = SURFACE_CURVE('',#9057,(#9062,#9069),.PCURVE_S1.);
#9057 = CIRCLE('',#9058,2.6);
#9058 = AXIS2_PLACEMENT_3D('',#9059,#9060,#9061);
#9059 = CARTESIAN_POINT('',(22.4,41.45,2.7));
#9060 = DIRECTION('',(0.,0.,1.));
#9061 = DIRECTION('',(1.,0.,-0.));
#9062 = PCURVE('',#6663,#9063);
#9063 = DEFINITIONAL_REPRESENTATION('',(#9064),#9068);
#9064 = LINE('',#9065,#9066);
#9065 = CARTESIAN_POINT('',(-0.,-0.));
#9066 = VECTOR('',#9067,1.);
#9067 = DIRECTION('',(-1.,-0.));
#9068 = ( GEOMETRIC_REPRESENTATION_CONTEXT(2) 
PARAMETRIC_REPRESENTATION_CONTEXT() REPRESENTATION_CONTEXT('2D SPACE',''
  ) );
#9069 = PCURVE('',#9070,#9075);
#9070 = CYLINDRICAL_SURFACE('',#9071,2.6);
#9071 = AXIS2_PLACEMENT_3D('',#9072,#9073,#9074);
#9072 = CARTESIAN_POINT('',(22.4,41.45,1.));
#9073 = DIRECTION('',(-0.,-0.,-1.));
#9074 = DIRECTION('',(1.,0.,0.));
#9075 = DEFINITIONAL_REPRESENTATION('',(#9076),#9080);
#9076 = LINE('',#9077,#9078);
#9077 = CARTESIAN_POINT('',(-0.,-1.7));
#9078 = VECTOR('',#9079,1.);
#9079 = DIRECTION('',(-1.,0.));
#9080 = ( GEOMETRIC_REPRESENTATION_CONTEXT(2) 
PARAMETRIC_REPRESENTATION_CONTEXT() REPRESENTATION_CONTEXT('2D SPACE',''
  ) );
#9081 = ORIENTED_EDGE('',*,*,#8694,.T.);
#9082 = ORIENTED_EDGE('',*,*,#9083,.T.);
#9083 = EDGE_CURVE('',#8695,#8946,#9084,.T.);
#9084 = SURFACE_CURVE('',#9085,(#9090,#9097),.PCURVE_S1.);
#9085 = CIRCLE('',#9086,2.51);
#9086 = AXIS2_PLACEMENT_3D('',#9087,#9088,#9089);
#9087 = CARTESIAN_POINT('',(22.4,41.45,2.79));
#9088 = DIRECTION('',(0.,0.,1.));
#9089 = DIRECTION('',(1.,0.,-0.));
#9090 = PCURVE('',#6663,#9091);
#9091 = DEFINITIONAL_REPRESENTATION('',(#9092),#9096);
#9092 = LINE('',#9093,#9094);
#9093 = CARTESIAN_POINT('',(-0.,-9.E-02));
#9094 = VECTOR('',#9095,1.);
#9095 = DIRECTION('',(-1.,-0.));
#9096 = ( GEOMETRIC_REPRESENTATION_CONTEXT(2) 
PARAMETRIC_REPRESENTATION_CONTEXT() REPRESENTATION_CONTEXT('2D SPACE',''
  ) );
#9097 = PCURVE('',#8736,#9098);
#9098 = DEFINITIONAL_REPRESENTATION('',(#9099),#9103);
#9099 = CIRCLE('',#9100,2.51);
#9100 = AXIS2_PLACEMENT_2D('',#9101,#9102);
#9101 = CARTESIAN_POINT('',(44.8,82.9));
#9102 = DIRECTION('',(1.,0.));
#9103 = ( GEOMETRIC_REPRESENTATION_CONTEXT(2) 
PARAMETRIC_REPRESENTATION_CONTEXT() REPRESENTATION_CONTEXT('2D SPACE',''
  ) );
#9104 = ORIENTED_EDGE('',*,*,#8945,.F.);
#9105 = ORIENTED_EDGE('',*,*,#6646,.F.);
#9106 = ADVANCED_FACE('',(#9107),#6933,.F.);
#9107 = FACE_BOUND('',#9108,.T.);
#9108 = EDGE_LOOP('',(#9109,#9142,#9163,#9164));
#9109 = ORIENTED_EDGE('',*,*,#9110,.T.);
#9110 = EDGE_CURVE('',#9111,#9111,#9113,.T.);
#9111 = VERTEX_POINT('',#9112);
#9112 = CARTESIAN_POINT('',(23.2,41.45,0.4));
#9113 = SURFACE_CURVE('',#9114,(#9119,#9126),.PCURVE_S1.);
#9114 = CIRCLE('',#9115,0.8);
#9115 = AXIS2_PLACEMENT_3D('',#9116,#9117,#9118);
#9116 = CARTESIAN_POINT('',(22.4,41.45,0.4));
#9117 = DIRECTION('',(0.,0.,-1.));
#9118 = DIRECTION('',(1.,0.,0.));
#9119 = PCURVE('',#6933,#9120);
#9120 = DEFINITIONAL_REPRESENTATION('',(#9121),#9125);
#9121 = LINE('',#9122,#9123);
#9122 = CARTESIAN_POINT('',(-6.28318530718,-0.65));
#9123 = VECTOR('',#9124,1.);
#9124 = DIRECTION('',(1.,-0.));
#9125 = ( GEOMETRIC_REPRESENTATION_CONTEXT(2) 
PARAMETRIC_REPRESENTATION_CONTEXT() REPRESENTATION_CONTEXT('2D SPACE',''
  ) );
#9126 = PCURVE('',#9127,#9132);
#9127 = PLANE('',#9128);
#9128 = AXIS2_PLACEMENT_3D('',#9129,#9130,#9131);
#9129 = CARTESIAN_POINT('',(-22.4,-41.45,0.4));
#9130 = DIRECTION('',(0.,0.,1.));
#9131 = DIRECTION('',(1.,0.,-0.));
#9132 = DEFINITIONAL_REPRESENTATION('',(#9133),#9141);
#9133 = ( BOUNDED_CURVE() B_SPLINE_CURVE(2,(#9134,#9135,#9136,#9137,
#9138,#9139,#9140),.UNSPECIFIED.,.T.,.F.) B_SPLINE_CURVE_WITH_KNOTS((1,2
    ,2,2,2,1),(-2.094395102393,0.,2.094395102393,4.188790204786,
6.28318530718,8.377580409573),.UNSPECIFIED.) CURVE() 
GEOMETRIC_REPRESENTATION_ITEM() RATIONAL_B_SPLINE_CURVE((1.,0.5,1.,0.5,
1.,0.5,1.)) REPRESENTATION_ITEM('') );
#9134 = CARTESIAN_POINT('',(45.6,82.9));
#9135 = CARTESIAN_POINT('',(45.6,81.514359353945));
#9136 = CARTESIAN_POINT('',(44.4,82.207179676972));
#9137 = CARTESIAN_POINT('',(43.2,82.9));
#9138 = CARTESIAN_POINT('',(44.4,83.592820323028));
#9139 = CARTESIAN_POINT('',(45.6,84.285640646055));
#9140 = CARTESIAN_POINT('',(45.6,82.9));
#9141 = ( GEOMETRIC_REPRESENTATION_CONTEXT(2) 
PARAMETRIC_REPRESENTATION_CONTEXT() REPRESENTATION_CONTEXT('2D SPACE',''
  ) );
#9142 = ORIENTED_EDGE('',*,*,#9143,.T.);
#9143 = EDGE_CURVE('',#9111,#6913,#9144,.T.);
#9144 = SEAM_CURVE('',#9145,(#9149,#9156),.PCURVE_S1.);
#9145 = LINE('',#9146,#9147);
#9146 = CARTESIAN_POINT('',(23.2,41.45,-0.25));
#9147 = VECTOR('',#9148,1.);
#9148 = DIRECTION('',(0.,0.,1.));
#9149 = PCURVE('',#6933,#9150);
#9150 = DEFINITIONAL_REPRESENTATION('',(#9151),#9155);
#9151 = LINE('',#9152,#9153);
#9152 = CARTESIAN_POINT('',(-6.28318530718,0.));
#9153 = VECTOR('',#9154,1.);
#9154 = DIRECTION('',(-0.,-1.));
#9155 = ( GEOMETRIC_REPRESENTATION_CONTEXT(2) 
PARAMETRIC_REPRESENTATION_CONTEXT() REPRESENTATION_CONTEXT('2D SPACE',''
  ) );
#9156 = PCURVE('',#6933,#9157);
#9157 = DEFINITIONAL_REPRESENTATION('',(#9158),#9162);
#9158 = LINE('',#9159,#9160);
#9159 = CARTESIAN_POINT('',(-0.,0.));
#9160 = VECTOR('',#9161,1.);
#9161 = DIRECTION('',(-0.,-1.));
#9162 = ( GEOMETRIC_REPRESENTATION_CONTEXT(2) 
PARAMETRIC_REPRESENTATION_CONTEXT() REPRESENTATION_CONTEXT('2D SPACE',''
  ) );
#9163 = ORIENTED_EDGE('',*,*,#6912,.F.);
#9164 = ORIENTED_EDGE('',*,*,#9143,.F.);
#9165 = ADVANCED_FACE('',(#9166),#7353,.F.);
#9166 = FACE_BOUND('',#9167,.T.);
#9167 = EDGE_LOOP('',(#9168,#9189,#9190,#9191));
#9168 = ORIENTED_EDGE('',*,*,#9169,.F.);
#9169 = EDGE_CURVE('',#7333,#9170,#9172,.T.);
#9170 = VERTEX_POINT('',#9171);
#9171 = CARTESIAN_POINT('',(-20.9,-41.45,-5.E-02));
#9172 = SEAM_CURVE('',#9173,(#9177,#9183),.PCURVE_S1.);
#9173 = LINE('',#9174,#9175);
#9174 = CARTESIAN_POINT('',(-20.9,-41.45,-5.E-02));
#9175 = VECTOR('',#9176,1.);
#9176 = DIRECTION('',(-0.707106781187,0.,0.707106781187));
#9177 = PCURVE('',#7353,#9178);
#9178 = DEFINITIONAL_REPRESENTATION('',(#9179),#9182);
#9179 = B_SPLINE_CURVE_WITH_KNOTS('',1,(#9180,#9181),.UNSPECIFIED.,.F.,
  .F.,(2,2),(-0.141421356237,0.),.PIECEWISE_BEZIER_KNOTS.);
#9180 = CARTESIAN_POINT('',(0.,1.E-01));
#9181 = CARTESIAN_POINT('',(0.,0.));
#9182 = ( GEOMETRIC_REPRESENTATION_CONTEXT(2) 
PARAMETRIC_REPRESENTATION_CONTEXT() REPRESENTATION_CONTEXT('2D SPACE',''
  ) );
#9183 = PCURVE('',#7353,#9184);
#9184 = DEFINITIONAL_REPRESENTATION('',(#9185),#9188);
#9185 = B_SPLINE_CURVE_WITH_KNOTS('',1,(#9186,#9187),.UNSPECIFIED.,.F.,
  .F.,(2,2),(-0.141421356237,0.),.PIECEWISE_BEZIER_KNOTS.);
#9186 = CARTESIAN_POINT('',(6.28318530718,1.E-01));
#9187 = CARTESIAN_POINT('',(6.28318530718,0.));
#9188 = ( GEOMETRIC_REPRESENTATION_CONTEXT(2) 
PARAMETRIC_REPRESENTATION_CONTEXT() REPRESENTATION_CONTEXT('2D SPACE',''
  ) );
#9189 = ORIENTED_EDGE('',*,*,#7332,.T.);
#9190 = ORIENTED_EDGE('',*,*,#9169,.T.);
#9191 = ORIENTED_EDGE('',*,*,#9192,.F.);
#9192 = EDGE_CURVE('',#9170,#9170,#9193,.T.);
#9193 = SURFACE_CURVE('',#9194,(#9199,#9206),.PCURVE_S1.);
#9194 = CIRCLE('',#9195,1.5);
#9195 = AXIS2_PLACEMENT_3D('',#9196,#9197,#9198);
#9196 = CARTESIAN_POINT('',(-22.4,-41.45,-5.E-02));
#9197 = DIRECTION('',(0.,-0.,-1.));
#9198 = DIRECTION('',(1.,0.,-0.));
#9199 = PCURVE('',#7353,#9200);
#9200 = DEFINITIONAL_REPRESENTATION('',(#9201),#9205);
#9201 = LINE('',#9202,#9203);
#9202 = CARTESIAN_POINT('',(0.,-0.));
#9203 = VECTOR('',#9204,1.);
#9204 = DIRECTION('',(1.,-0.));
#9205 = ( GEOMETRIC_REPRESENTATION_CONTEXT(2) 
PARAMETRIC_REPRESENTATION_CONTEXT() REPRESENTATION_CONTEXT('2D SPACE',''
  ) );
#9206 = PCURVE('',#9207,#9212);
#9207 = CYLINDRICAL_SURFACE('',#9208,1.5);
#9208 = AXIS2_PLACEMENT_3D('',#9209,#9210,#9211);
#9209 = CARTESIAN_POINT('',(-22.4,-41.45,-0.55));
#9210 = DIRECTION('',(-0.,-0.,-1.));
#9211 = DIRECTION('',(1.,0.,0.));
#9212 = DEFINITIONAL_REPRESENTATION('',(#9213),#9217);
#9213 = LINE('',#9214,#9215);
#9214 = CARTESIAN_POINT('',(-6.28318530718,-0.5));
#9215 = VECTOR('',#9216,1.);
#9216 = DIRECTION('',(1.,-0.));
#9217 = ( GEOMETRIC_REPRESENTATION_CONTEXT(2) 
PARAMETRIC_REPRESENTATION_CONTEXT() REPRESENTATION_CONTEXT('2D SPACE',''
  ) );
#9218 = ADVANCED_FACE('',(#9219),#7388,.F.);
#9219 = FACE_BOUND('',#9220,.T.);
#9220 = EDGE_LOOP('',(#9221,#9242,#9243,#9244));
#9221 = ORIENTED_EDGE('',*,*,#9222,.F.);
#9222 = EDGE_CURVE('',#7368,#9223,#9225,.T.);
#9223 = VERTEX_POINT('',#9224);
#9224 = CARTESIAN_POINT('',(23.9,-41.45,-5.E-02));
#9225 = SEAM_CURVE('',#9226,(#9230,#9236),.PCURVE_S1.);
#9226 = LINE('',#9227,#9228);
#9227 = CARTESIAN_POINT('',(23.9,-41.45,-5.E-02));
#9228 = VECTOR('',#9229,1.);
#9229 = DIRECTION('',(-0.707106781187,0.,0.707106781187));
#9230 = PCURVE('',#7388,#9231);
#9231 = DEFINITIONAL_REPRESENTATION('',(#9232),#9235);
#9232 = B_SPLINE_CURVE_WITH_KNOTS('',1,(#9233,#9234),.UNSPECIFIED.,.F.,
  .F.,(2,2),(-0.141421356237,0.),.PIECEWISE_BEZIER_KNOTS.);
#9233 = CARTESIAN_POINT('',(0.,1.E-01));
#9234 = CARTESIAN_POINT('',(0.,0.));
#9235 = ( GEOMETRIC_REPRESENTATION_CONTEXT(2) 
PARAMETRIC_REPRESENTATION_CONTEXT() REPRESENTATION_CONTEXT('2D SPACE',''
  ) );
#9236 = PCURVE('',#7388,#9237);
#9237 = DEFINITIONAL_REPRESENTATION('',(#9238),#9241);
#9238 = B_SPLINE_CURVE_WITH_KNOTS('',1,(#9239,#9240),.UNSPECIFIED.,.F.,
  .F.,(2,2),(-0.141421356237,0.),.PIECEWISE_BEZIER_KNOTS.);
#9239 = CARTESIAN_POINT('',(6.28318530718,1.E-01));
#9240 = CARTESIAN_POINT('',(6.28318530718,0.));
#9241 = ( GEOMETRIC_REPRESENTATION_CONTEXT(2) 
PARAMETRIC_REPRESENTATION_CONTEXT() REPRESENTATION_CONTEXT('2D SPACE',''
  ) );
#9242 = ORIENTED_EDGE('',*,*,#7367,.T.);
#9243 = ORIENTED_EDGE('',*,*,#9222,.T.);
#9244 = ORIENTED_EDGE('',*,*,#9245,.F.);
#9245 = EDGE_CURVE('',#9223,#9223,#9246,.T.);
#9246 = SURFACE_CURVE('',#9247,(#9252,#9259),.PCURVE_S1.);
#9247 = CIRCLE('',#9248,1.5);
#9248 = AXIS2_PLACEMENT_3D('',#9249,#9250,#9251);
#9249 = CARTESIAN_POINT('',(22.4,-41.45,-5.E-02));
#9250 = DIRECTION('',(0.,-0.,-1.));
#9251 = DIRECTION('',(1.,0.,-0.));
#9252 = PCURVE('',#7388,#9253);
#9253 = DEFINITIONAL_REPRESENTATION('',(#9254),#9258);
#9254 = LINE('',#9255,#9256);
#9255 = CARTESIAN_POINT('',(0.,-0.));
#9256 = VECTOR('',#9257,1.);
#9257 = DIRECTION('',(1.,-0.));
#9258 = ( GEOMETRIC_REPRESENTATION_CONTEXT(2) 
PARAMETRIC_REPRESENTATION_CONTEXT() REPRESENTATION_CONTEXT('2D SPACE',''
  ) );
#9259 = PCURVE('',#9260,#9265);
#9260 = CYLINDRICAL_SURFACE('',#9261,1.5);
#9261 = AXIS2_PLACEMENT_3D('',#9262,#9263,#9264);
#9262 = CARTESIAN_POINT('',(22.4,-41.45,-0.55));
#9263 = DIRECTION('',(-0.,-0.,-1.));
#9264 = DIRECTION('',(1.,0.,0.));
#9265 = DEFINITIONAL_REPRESENTATION('',(#9266),#9270);
#9266 = LINE('',#9267,#9268);
#9267 = CARTESIAN_POINT('',(-6.28318530718,-0.5));
#9268 = VECTOR('',#9269,1.);
#9269 = DIRECTION('',(1.,-0.));
#9270 = ( GEOMETRIC_REPRESENTATION_CONTEXT(2) 
PARAMETRIC_REPRESENTATION_CONTEXT() REPRESENTATION_CONTEXT('2D SPACE',''
  ) );
#9271 = ADVANCED_FACE('',(#9272),#7423,.F.);
#9272 = FACE_BOUND('',#9273,.T.);
#9273 = EDGE_LOOP('',(#9274,#9295,#9296,#9297));
#9274 = ORIENTED_EDGE('',*,*,#9275,.F.);
#9275 = EDGE_CURVE('',#7403,#9276,#9278,.T.);
#9276 = VERTEX_POINT('',#9277);
#9277 = CARTESIAN_POINT('',(-20.9,41.45,-5.E-02));
#9278 = SEAM_CURVE('',#9279,(#9283,#9289),.PCURVE_S1.);
#9279 = LINE('',#9280,#9281);
#9280 = CARTESIAN_POINT('',(-20.9,41.45,-5.E-02));
#9281 = VECTOR('',#9282,1.);
#9282 = DIRECTION('',(-0.707106781187,0.,0.707106781187));
#9283 = PCURVE('',#7423,#9284);
#9284 = DEFINITIONAL_REPRESENTATION('',(#9285),#9288);
#9285 = B_SPLINE_CURVE_WITH_KNOTS('',1,(#9286,#9287),.UNSPECIFIED.,.F.,
  .F.,(2,2),(-0.141421356237,0.),.PIECEWISE_BEZIER_KNOTS.);
#9286 = CARTESIAN_POINT('',(0.,1.E-01));
#9287 = CARTESIAN_POINT('',(0.,0.));
#9288 = ( GEOMETRIC_REPRESENTATION_CONTEXT(2) 
PARAMETRIC_REPRESENTATION_CONTEXT() REPRESENTATION_CONTEXT('2D SPACE',''
  ) );
#9289 = PCURVE('',#7423,#9290);
#9290 = DEFINITIONAL_REPRESENTATION('',(#9291),#9294);
#9291 = B_SPLINE_CURVE_WITH_KNOTS('',1,(#9292,#9293),.UNSPECIFIED.,.F.,
  .F.,(2,2),(-0.141421356237,0.),.PIECEWISE_BEZIER_KNOTS.);
#9292 = CARTESIAN_POINT('',(6.28318530718,1.E-01));
#9293 = CARTESIAN_POINT('',(6.28318530718,0.));
#9294 = ( GEOMETRIC_REPRESENTATION_CONTEXT(2) 
PARAMETRIC_REPRESENTATION_CONTEXT() REPRESENTATION_CONTEXT('2D SPACE',''
  ) );
#9295 = ORIENTED_EDGE('',*,*,#7402,.T.);
#9296 = ORIENTED_EDGE('',*,*,#9275,.T.);
#9297 = ORIENTED_EDGE('',*,*,#9298,.F.);
#9298 = EDGE_CURVE('',#9276,#9276,#9299,.T.);
#9299 = SURFACE_CURVE('',#9300,(#9305,#9312),.PCURVE_S1.);
#9300 = CIRCLE('',#9301,1.5);
#9301 = AXIS2_PLACEMENT_3D('',#9302,#9303,#9304);
#9302 = CARTESIAN_POINT('',(-22.4,41.45,-5.E-02));
#9303 = DIRECTION('',(0.,-0.,-1.));
#9304 = DIRECTION('',(1.,0.,-0.));
#9305 = PCURVE('',#7423,#9306);
#9306 = DEFINITIONAL_REPRESENTATION('',(#9307),#9311);
#9307 = LINE('',#9308,#9309);
#9308 = CARTESIAN_POINT('',(0.,-0.));
#9309 = VECTOR('',#9310,1.);
#9310 = DIRECTION('',(1.,-0.));
#9311 = ( GEOMETRIC_REPRESENTATION_CONTEXT(2) 
PARAMETRIC_REPRESENTATION_CONTEXT() REPRESENTATION_CONTEXT('2D SPACE',''
  ) );
#9312 = PCURVE('',#9313,#9318);
#9313 = CYLINDRICAL_SURFACE('',#9314,1.5);
#9314 = AXIS2_PLACEMENT_3D('',#9315,#9316,#9317);
#9315 = CARTESIAN_POINT('',(-22.4,41.45,-0.55));
#9316 = DIRECTION('',(-0.,-0.,-1.));
#9317 = DIRECTION('',(1.,0.,0.));
#9318 = DEFINITIONAL_REPRESENTATION('',(#9319),#9323);
#9319 = LINE('',#9320,#9321);
#9320 = CARTESIAN_POINT('',(-6.28318530718,-0.5));
#9321 = VECTOR('',#9322,1.);
#9322 = DIRECTION('',(1.,-0.));
#9323 = ( GEOMETRIC_REPRESENTATION_CONTEXT(2) 
PARAMETRIC_REPRESENTATION_CONTEXT() REPRESENTATION_CONTEXT('2D SPACE',''
  ) );
#9324 = ADVANCED_FACE('',(#9325),#7455,.F.);
#9325 = FACE_BOUND('',#9326,.T.);
#9326 = EDGE_LOOP('',(#9327,#9354,#9355,#9382));
#9327 = ORIENTED_EDGE('',*,*,#9328,.F.);
#9328 = EDGE_CURVE('',#7438,#9329,#9331,.T.);
#9329 = VERTEX_POINT('',#9330);
#9330 = CARTESIAN_POINT('',(-20.,42.45,-5.E-02));
#9331 = SURFACE_CURVE('',#9332,(#9337,#9344),.PCURVE_S1.);
#9332 = PARABOLA('',#9333,1.272792206136);
#9333 = AXIS2_PLACEMENT_3D('',#9334,#9335,#9336);
#9334 = CARTESIAN_POINT('',(-22.4,43.25,-0.85));
#9335 = DIRECTION('',(0.,0.707106781187,0.707106781187));
#9336 = DIRECTION('',(0.,-0.707106781187,0.707106781187));
#9337 = PCURVE('',#7455,#9338);
#9338 = DEFINITIONAL_REPRESENTATION('',(#9339),#9343);
#9339 = B_SPLINE_CURVE_WITH_KNOTS('',2,(#9340,#9341,#9342),
  .UNSPECIFIED.,.F.,.F.,(3,3),(2.244994432065,2.4),
  .PIECEWISE_BEZIER_KNOTS.);
#9340 = CARTESIAN_POINT('',(0.155005567935,-7.071067811852E-02));
#9341 = CARTESIAN_POINT('',(7.750278396774E-02,-2.359647353908E-03));
#9342 = CARTESIAN_POINT('',(0.,7.071067811866E-02));
#9343 = ( GEOMETRIC_REPRESENTATION_CONTEXT(2) 
PARAMETRIC_REPRESENTATION_CONTEXT() REPRESENTATION_CONTEXT('2D SPACE',''
  ) );
#9344 = PCURVE('',#7773,#9345);
#9345 = DEFINITIONAL_REPRESENTATION('',(#9346),#9353);
#9346 = B_SPLINE_CURVE_WITH_KNOTS('',5,(#9347,#9348,#9349,#9350,#9351,
    #9352),.UNSPECIFIED.,.F.,.F.,(6,6),(2.244994432065,2.4),
  .PIECEWISE_BEZIER_KNOTS.);
#9347 = CARTESIAN_POINT('',(6.080755369606E-02,-1.E-01));
#9348 = CARTESIAN_POINT('',(4.840710826123E-02,-8.06674090581E-02));
#9349 = CARTESIAN_POINT('',(3.612652920057E-02,-6.100111358716E-02));
#9350 = CARTESIAN_POINT('',(2.396548543727E-02,-4.100111358719E-02));
#9351 = CARTESIAN_POINT('',(1.192350522587E-02,-2.066740905815E-02));
#9352 = CARTESIAN_POINT('',(6.306066779871E-14,-8.924018818624E-14));
#9353 = ( GEOMETRIC_REPRESENTATION_CONTEXT(2) 
PARAMETRIC_REPRESENTATION_CONTEXT() REPRESENTATION_CONTEXT('2D SPACE',''
  ) );
#9354 = ORIENTED_EDGE('',*,*,#7437,.T.);
#9355 = ORIENTED_EDGE('',*,*,#9356,.T.);
#9356 = EDGE_CURVE('',#7440,#9357,#9359,.T.);
#9357 = VERTEX_POINT('',#9358);
#9358 = CARTESIAN_POINT('',(20.,42.45,-5.E-02));
#9359 = SURFACE_CURVE('',#9360,(#9365,#9372),.PCURVE_S1.);
#9360 = PARABOLA('',#9361,1.272792206136);
#9361 = AXIS2_PLACEMENT_3D('',#9362,#9363,#9364);
#9362 = CARTESIAN_POINT('',(22.4,43.25,-0.85));
#9363 = DIRECTION('',(-0.,-0.707106781187,-0.707106781187));
#9364 = DIRECTION('',(0.,-0.707106781187,0.707106781187));
#9365 = PCURVE('',#7455,#9366);
#9366 = DEFINITIONAL_REPRESENTATION('',(#9367),#9371);
#9367 = B_SPLINE_CURVE_WITH_KNOTS('',2,(#9368,#9369,#9370),
  .UNSPECIFIED.,.F.,.F.,(3,3),(2.244994432065,2.4),
  .PIECEWISE_BEZIER_KNOTS.);
#9368 = CARTESIAN_POINT('',(-40.15500556793,-7.071067811849E-02));
#9369 = CARTESIAN_POINT('',(-40.07750278396,-2.359647353794E-03));
#9370 = CARTESIAN_POINT('',(-40.,7.071067811887E-02));
#9371 = ( GEOMETRIC_REPRESENTATION_CONTEXT(2) 
PARAMETRIC_REPRESENTATION_CONTEXT() REPRESENTATION_CONTEXT('2D SPACE',''
  ) );
#9372 = PCURVE('',#7484,#9373);
#9373 = DEFINITIONAL_REPRESENTATION('',(#9374),#9381);
#9374 = B_SPLINE_CURVE_WITH_KNOTS('',5,(#9375,#9376,#9377,#9378,#9379,
    #9380),.UNSPECIFIED.,.F.,.F.,(6,6),(2.244994432065,2.4),
  .PIECEWISE_BEZIER_KNOTS.);
#9375 = CARTESIAN_POINT('',(-6.080755369602E-02,-1.E-01));
#9376 = CARTESIAN_POINT('',(-4.840710826117E-02,-8.066740905808E-02));
#9377 = CARTESIAN_POINT('',(-3.61265292005E-02,-6.100111358713E-02));
#9378 = CARTESIAN_POINT('',(-2.396548543718E-02,-4.100111358708E-02));
#9379 = CARTESIAN_POINT('',(-1.192350522577E-02,-2.066740905806E-02));
#9380 = CARTESIAN_POINT('',(4.707345624411E-14,2.80968822386E-14));
#9381 = ( GEOMETRIC_REPRESENTATION_CONTEXT(2) 
PARAMETRIC_REPRESENTATION_CONTEXT() REPRESENTATION_CONTEXT('2D SPACE',''
  ) );
#9382 = ORIENTED_EDGE('',*,*,#9383,.F.);
#9383 = EDGE_CURVE('',#9329,#9357,#9384,.T.);
#9384 = SURFACE_CURVE('',#9385,(#9389,#9396),.PCURVE_S1.);
#9385 = LINE('',#9386,#9387);
#9386 = CARTESIAN_POINT('',(-20.,42.45,-5.E-02));
#9387 = VECTOR('',#9388,1.);
#9388 = DIRECTION('',(1.,0.,-0.));
#9389 = PCURVE('',#7455,#9390);
#9390 = DEFINITIONAL_REPRESENTATION('',(#9391),#9395);
#9391 = LINE('',#9392,#9393);
#9392 = CARTESIAN_POINT('',(-0.,7.071067811865E-02));
#9393 = VECTOR('',#9394,1.);
#9394 = DIRECTION('',(-1.,0.));
#9395 = ( GEOMETRIC_REPRESENTATION_CONTEXT(2) 
PARAMETRIC_REPRESENTATION_CONTEXT() REPRESENTATION_CONTEXT('2D SPACE',''
  ) );
#9396 = PCURVE('',#9397,#9402);
#9397 = PLANE('',#9398);
#9398 = AXIS2_PLACEMENT_3D('',#9399,#9400,#9401);
#9399 = CARTESIAN_POINT('',(24.4,42.45,-0.16));
#9400 = DIRECTION('',(0.,-1.,0.));
#9401 = DIRECTION('',(-1.,0.,0.));
#9402 = DEFINITIONAL_REPRESENTATION('',(#9403),#9407);
#9403 = LINE('',#9404,#9405);
#9404 = CARTESIAN_POINT('',(44.4,-0.11));
#9405 = VECTOR('',#9406,1.);
#9406 = DIRECTION('',(-1.,0.));
#9407 = ( GEOMETRIC_REPRESENTATION_CONTEXT(2) 
PARAMETRIC_REPRESENTATION_CONTEXT() REPRESENTATION_CONTEXT('2D SPACE',''
  ) );
#9408 = ADVANCED_FACE('',(#9409),#7773,.T.);
#9409 = FACE_BOUND('',#9410,.F.);
#9410 = EDGE_LOOP('',(#9411,#9412,#9413,#9440));
#9411 = ORIENTED_EDGE('',*,*,#9328,.F.);
#9412 = ORIENTED_EDGE('',*,*,#7754,.T.);
#9413 = ORIENTED_EDGE('',*,*,#9414,.T.);
#9414 = EDGE_CURVE('',#7727,#9415,#9417,.T.);
#9415 = VERTEX_POINT('',#9416);
#9416 = CARTESIAN_POINT('',(-22.9,38.898529835565,-5.E-02));
#9417 = SURFACE_CURVE('',#9418,(#9423,#9433),.PCURVE_S1.);
#9418 = PARABOLA('',#9419,1.096015510839);
#9419 = AXIS2_PLACEMENT_3D('',#9420,#9421,#9422);
#9420 = CARTESIAN_POINT('',(-23.95,41.45,-1.1));
#9421 = DIRECTION('',(0.707106781187,0.,-0.707106781187));
#9422 = DIRECTION('',(0.707106781187,0.,0.707106781187));
#9423 = PCURVE('',#7773,#9424);
#9424 = DEFINITIONAL_REPRESENTATION('',(#9425),#9432);
#9425 = B_SPLINE_CURVE_WITH_KNOTS('',5,(#9426,#9427,#9428,#9429,#9430,
    #9431),.UNSPECIFIED.,.F.,.F.,(6,6),(2.426932219902,2.551470164435),
  .PIECEWISE_BEZIER_KNOTS.);
#9426 = CARTESIAN_POINT('',(-2.207953297534,-1.E-01));
#9427 = CARTESIAN_POINT('',(-2.197990261971,-8.050031289124E-02));
#9428 = CARTESIAN_POINT('',(-2.188124364452,-6.075046933686E-02));
#9429 = CARTESIAN_POINT('',(-2.178354740937,-4.075046933685E-02));
#9430 = CARTESIAN_POINT('',(-2.168680480893,-2.050031289124E-02));
#9431 = CARTESIAN_POINT('',(-2.159100639005,-6.689093723367E-15));
#9432 = ( GEOMETRIC_REPRESENTATION_CONTEXT(2) 
PARAMETRIC_REPRESENTATION_CONTEXT() REPRESENTATION_CONTEXT('2D SPACE',''
  ) );
#9433 = PCURVE('',#7742,#9434);
#9434 = DEFINITIONAL_REPRESENTATION('',(#9435),#9439);
#9435 = B_SPLINE_CURVE_WITH_KNOTS('',2,(#9436,#9437,#9438),
  .UNSPECIFIED.,.F.,.F.,(3,3),(2.426932219902,2.551470164435),
  .PIECEWISE_BEZIER_KNOTS.);
#9436 = CARTESIAN_POINT('',(-77.92159761566,-7.071067811865E-02));
#9437 = CARTESIAN_POINT('',(-77.85932864339,-1.76887319054E-03));
#9438 = CARTESIAN_POINT('',(-77.79705967113,7.071067811865E-02));
#9439 = ( GEOMETRIC_REPRESENTATION_CONTEXT(2) 
PARAMETRIC_REPRESENTATION_CONTEXT() REPRESENTATION_CONTEXT('2D SPACE',''
  ) );
#9440 = ORIENTED_EDGE('',*,*,#9441,.F.);
#9441 = EDGE_CURVE('',#9329,#9415,#9442,.T.);
#9442 = SURFACE_CURVE('',#9443,(#9448,#9455),.PCURVE_S1.);
#9443 = CIRCLE('',#9444,2.6);
#9444 = AXIS2_PLACEMENT_3D('',#9445,#9446,#9447);
#9445 = CARTESIAN_POINT('',(-22.4,41.45,-5.E-02));
#9446 = DIRECTION('',(0.,-0.,-1.));
#9447 = DIRECTION('',(0.923076923077,0.384615384615,-0.));
#9448 = PCURVE('',#7773,#9449);
#9449 = DEFINITIONAL_REPRESENTATION('',(#9450),#9454);
#9450 = LINE('',#9451,#9452);
#9451 = CARTESIAN_POINT('',(-0.,0.));
#9452 = VECTOR('',#9453,1.);
#9453 = DIRECTION('',(-1.,0.));
#9454 = ( GEOMETRIC_REPRESENTATION_CONTEXT(2) 
PARAMETRIC_REPRESENTATION_CONTEXT() REPRESENTATION_CONTEXT('2D SPACE',''
  ) );
#9455 = PCURVE('',#9456,#9461);
#9456 = CYLINDRICAL_SURFACE('',#9457,2.6);
#9457 = AXIS2_PLACEMENT_3D('',#9458,#9459,#9460);
#9458 = CARTESIAN_POINT('',(-22.4,41.45,-0.15));
#9459 = DIRECTION('',(-0.,-0.,-1.));
#9460 = DIRECTION('',(1.,0.,0.));
#9461 = DEFINITIONAL_REPRESENTATION('',(#9462),#9466);
#9462 = LINE('',#9463,#9464);
#9463 = CARTESIAN_POINT('',(-6.677976426879,-0.1));
#9464 = VECTOR('',#9465,1.);
#9465 = DIRECTION('',(1.,-0.));
#9466 = ( GEOMETRIC_REPRESENTATION_CONTEXT(2) 
PARAMETRIC_REPRESENTATION_CONTEXT() REPRESENTATION_CONTEXT('2D SPACE',''
  ) );
#9467 = ADVANCED_FACE('',(#9468),#7484,.T.);
#9468 = FACE_BOUND('',#9469,.T.);
#9469 = EDGE_LOOP('',(#9470,#9471,#9472,#9499));
#9470 = ORIENTED_EDGE('',*,*,#9356,.F.);
#9471 = ORIENTED_EDGE('',*,*,#7467,.T.);
#9472 = ORIENTED_EDGE('',*,*,#9473,.T.);
#9473 = EDGE_CURVE('',#7468,#9474,#9476,.T.);
#9474 = VERTEX_POINT('',#9475);
#9475 = CARTESIAN_POINT('',(22.9,38.898529835565,-5.E-02));
#9476 = SURFACE_CURVE('',#9477,(#9482,#9492),.PCURVE_S1.);
#9477 = PARABOLA('',#9478,1.096015510839);
#9478 = AXIS2_PLACEMENT_3D('',#9479,#9480,#9481);
#9479 = CARTESIAN_POINT('',(23.95,41.45,-1.1));
#9480 = DIRECTION('',(0.707106781187,0.,0.707106781187));
#9481 = DIRECTION('',(-0.707106781187,0.,0.707106781187));
#9482 = PCURVE('',#7484,#9483);
#9483 = DEFINITIONAL_REPRESENTATION('',(#9484),#9491);
#9484 = B_SPLINE_CURVE_WITH_KNOTS('',5,(#9485,#9486,#9487,#9488,#9489,
    #9490),.UNSPECIFIED.,.F.,.F.,(6,6),(2.426932219902,2.551470164435),
  .PIECEWISE_BEZIER_KNOTS.);
#9485 = CARTESIAN_POINT('',(2.207953297534,-1.E-01));
#9486 = CARTESIAN_POINT('',(2.197990261971,-8.050031289123E-02));
#9487 = CARTESIAN_POINT('',(2.188124364452,-6.075046933687E-02));
#9488 = CARTESIAN_POINT('',(2.178354740937,-4.075046933685E-02));
#9489 = CARTESIAN_POINT('',(2.168680480893,-2.050031289124E-02));
#9490 = CARTESIAN_POINT('',(2.159100639005,-4.912736883966E-15));
#9491 = ( GEOMETRIC_REPRESENTATION_CONTEXT(2) 
PARAMETRIC_REPRESENTATION_CONTEXT() REPRESENTATION_CONTEXT('2D SPACE',''
  ) );
#9492 = PCURVE('',#7512,#9493);
#9493 = DEFINITIONAL_REPRESENTATION('',(#9494),#9498);
#9494 = B_SPLINE_CURVE_WITH_KNOTS('',2,(#9495,#9496,#9497),
  .UNSPECIFIED.,.F.,.F.,(3,3),(2.426932219902,2.551470164435),
  .PIECEWISE_BEZIER_KNOTS.);
#9495 = CARTESIAN_POINT('',(-0.124537944532,-7.071067811865E-02));
#9496 = CARTESIAN_POINT('',(-6.226897226617E-02,-1.76887319054E-03));
#9497 = CARTESIAN_POINT('',(-2.84217094304E-14,7.071067811865E-02));
#9498 = ( GEOMETRIC_REPRESENTATION_CONTEXT(2) 
PARAMETRIC_REPRESENTATION_CONTEXT() REPRESENTATION_CONTEXT('2D SPACE',''
  ) );
#9499 = ORIENTED_EDGE('',*,*,#9500,.F.);
#9500 = EDGE_CURVE('',#9357,#9474,#9501,.T.);
#9501 = SURFACE_CURVE('',#9502,(#9507,#9514),.PCURVE_S1.);
#9502 = CIRCLE('',#9503,2.6);
#9503 = AXIS2_PLACEMENT_3D('',#9504,#9505,#9506);
#9504 = CARTESIAN_POINT('',(22.4,41.45,-5.E-02));
#9505 = DIRECTION('',(0.,0.,1.));
#9506 = DIRECTION('',(-0.923076923077,0.384615384615,0.));
#9507 = PCURVE('',#7484,#9508);
#9508 = DEFINITIONAL_REPRESENTATION('',(#9509),#9513);
#9509 = LINE('',#9510,#9511);
#9510 = CARTESIAN_POINT('',(0.,0.));
#9511 = VECTOR('',#9512,1.);
#9512 = DIRECTION('',(1.,0.));
#9513 = ( GEOMETRIC_REPRESENTATION_CONTEXT(2) 
PARAMETRIC_REPRESENTATION_CONTEXT() REPRESENTATION_CONTEXT('2D SPACE',''
  ) );
#9514 = PCURVE('',#9515,#9520);
#9515 = CYLINDRICAL_SURFACE('',#9516,2.6);
#9516 = AXIS2_PLACEMENT_3D('',#9517,#9518,#9519);
#9517 = CARTESIAN_POINT('',(22.4,41.45,-0.15));
#9518 = DIRECTION('',(-0.,-0.,-1.));
#9519 = DIRECTION('',(1.,0.,0.));
#9520 = DEFINITIONAL_REPRESENTATION('',(#9521),#9525);
#9521 = LINE('',#9522,#9523);
#9522 = CARTESIAN_POINT('',(-2.74680153389,-0.1));
#9523 = VECTOR('',#9524,1.);
#9524 = DIRECTION('',(-1.,0.));
#9525 = ( GEOMETRIC_REPRESENTATION_CONTEXT(2) 
PARAMETRIC_REPRESENTATION_CONTEXT() REPRESENTATION_CONTEXT('2D SPACE',''
  ) );
#9526 = ADVANCED_FACE('',(#9527),#7742,.F.);
#9527 = FACE_BOUND('',#9528,.T.);
#9528 = EDGE_LOOP('',(#9529,#9556,#9557,#9558));
#9529 = ORIENTED_EDGE('',*,*,#9530,.F.);
#9530 = EDGE_CURVE('',#7694,#9531,#9533,.T.);
#9531 = VERTEX_POINT('',#9532);
#9532 = CARTESIAN_POINT('',(-22.9,-38.89852983556,-5.E-02));
#9533 = SURFACE_CURVE('',#9534,(#9539,#9546),.PCURVE_S1.);
#9534 = PARABOLA('',#9535,1.096015510839);
#9535 = AXIS2_PLACEMENT_3D('',#9536,#9537,#9538);
#9536 = CARTESIAN_POINT('',(-23.95,-41.45,-1.1));
#9537 = DIRECTION('',(-0.707106781187,0.,0.707106781187));
#9538 = DIRECTION('',(0.707106781187,0.,0.707106781187));
#9539 = PCURVE('',#7742,#9540);
#9540 = DEFINITIONAL_REPRESENTATION('',(#9541),#9545);
#9541 = B_SPLINE_CURVE_WITH_KNOTS('',2,(#9542,#9543,#9544),
  .UNSPECIFIED.,.F.,.F.,(3,3),(2.426932219902,2.551470164435),
  .PIECEWISE_BEZIER_KNOTS.);
#9542 = CARTESIAN_POINT('',(0.124537944532,-7.071067811859E-02));
#9543 = CARTESIAN_POINT('',(6.226897226614E-02,-1.768873190487E-03));
#9544 = CARTESIAN_POINT('',(0.,7.07106781187E-02));
#9545 = ( GEOMETRIC_REPRESENTATION_CONTEXT(2) 
PARAMETRIC_REPRESENTATION_CONTEXT() REPRESENTATION_CONTEXT('2D SPACE',''
  ) );
#9546 = PCURVE('',#7714,#9547);
#9547 = DEFINITIONAL_REPRESENTATION('',(#9548),#9555);
#9548 = B_SPLINE_CURVE_WITH_KNOTS('',5,(#9549,#9550,#9551,#9552,#9553,
    #9554),.UNSPECIFIED.,.F.,.F.,(6,6),(2.426932219902,2.551470164435),
  .PIECEWISE_BEZIER_KNOTS.);
#9549 = CARTESIAN_POINT('',(4.885265852822E-02,-1.E-01));
#9550 = CARTESIAN_POINT('',(3.888962296563E-02,-8.050031289124E-02));
#9551 = CARTESIAN_POINT('',(2.902372544658E-02,-6.075046933687E-02));
#9552 = CARTESIAN_POINT('',(1.92541019317E-02,-4.075046933686E-02));
#9553 = CARTESIAN_POINT('',(9.579841887145E-03,-2.050031289126E-02));
#9554 = CARTESIAN_POINT('',(4.796163466381E-14,-2.275218747786E-14));
#9555 = ( GEOMETRIC_REPRESENTATION_CONTEXT(2) 
PARAMETRIC_REPRESENTATION_CONTEXT() REPRESENTATION_CONTEXT('2D SPACE',''
  ) );
#9556 = ORIENTED_EDGE('',*,*,#7726,.T.);
#9557 = ORIENTED_EDGE('',*,*,#9414,.T.);
#9558 = ORIENTED_EDGE('',*,*,#9559,.F.);
#9559 = EDGE_CURVE('',#9531,#9415,#9560,.T.);
#9560 = SURFACE_CURVE('',#9561,(#9565,#9572),.PCURVE_S1.);
#9561 = LINE('',#9562,#9563);
#9562 = CARTESIAN_POINT('',(-22.9,-38.89852983556,-5.E-02));
#9563 = VECTOR('',#9564,1.);
#9564 = DIRECTION('',(-0.,1.,0.));
#9565 = PCURVE('',#7742,#9566);
#9566 = DEFINITIONAL_REPRESENTATION('',(#9567),#9571);
#9567 = LINE('',#9568,#9569);
#9568 = CARTESIAN_POINT('',(-0.,7.071067811866E-02));
#9569 = VECTOR('',#9570,1.);
#9570 = DIRECTION('',(-1.,0.));
#9571 = ( GEOMETRIC_REPRESENTATION_CONTEXT(2) 
PARAMETRIC_REPRESENTATION_CONTEXT() REPRESENTATION_CONTEXT('2D SPACE',''
  ) );
#9572 = PCURVE('',#9573,#9578);
#9573 = PLANE('',#9574);
#9574 = AXIS2_PLACEMENT_3D('',#9575,#9576,#9577);
#9575 = CARTESIAN_POINT('',(-22.9,42.45,-0.16));
#9576 = DIRECTION('',(1.,0.,-0.));
#9577 = DIRECTION('',(0.,-1.,0.));
#9578 = DEFINITIONAL_REPRESENTATION('',(#9579),#9583);
#9579 = LINE('',#9580,#9581);
#9580 = CARTESIAN_POINT('',(81.348529835565,-0.11));
#9581 = VECTOR('',#9582,1.);
#9582 = DIRECTION('',(-1.,-0.));
#9583 = ( GEOMETRIC_REPRESENTATION_CONTEXT(2) 
PARAMETRIC_REPRESENTATION_CONTEXT() REPRESENTATION_CONTEXT('2D SPACE',''
  ) );
#9584 = ADVANCED_FACE('',(#9585),#7512,.T.);
#9585 = FACE_BOUND('',#9586,.T.);
#9586 = EDGE_LOOP('',(#9587,#9588,#9589,#9612));
#9587 = ORIENTED_EDGE('',*,*,#9473,.F.);
#9588 = ORIENTED_EDGE('',*,*,#7496,.T.);
#9589 = ORIENTED_EDGE('',*,*,#9590,.T.);
#9590 = EDGE_CURVE('',#7497,#9591,#9593,.T.);
#9591 = VERTEX_POINT('',#9592);
#9592 = CARTESIAN_POINT('',(22.9,13.55,-5.E-02));
#9593 = SURFACE_CURVE('',#9594,(#9598,#9605),.PCURVE_S1.);
#9594 = LINE('',#9595,#9596);
#9595 = CARTESIAN_POINT('',(27.158088305928,17.808088305927,
    -4.308088305928));
#9596 = VECTOR('',#9597,1.);
#9597 = DIRECTION('',(-0.57735026919,-0.57735026919,0.57735026919));
#9598 = PCURVE('',#7512,#9599);
#9599 = DEFINITIONAL_REPRESENTATION('',(#9600),#9604);
#9600 = LINE('',#9601,#9602);
#9601 = CARTESIAN_POINT('',(21.090441529638,-5.951135553906));
#9602 = VECTOR('',#9603,1.);
#9603 = DIRECTION('',(0.57735026919,0.816496580928));
#9604 = ( GEOMETRIC_REPRESENTATION_CONTEXT(2) 
PARAMETRIC_REPRESENTATION_CONTEXT() REPRESENTATION_CONTEXT('2D SPACE',''
  ) );
#9605 = PCURVE('',#7540,#9606);
#9606 = DEFINITIONAL_REPRESENTATION('',(#9607),#9611);
#9607 = LINE('',#9608,#9609);
#9608 = CARTESIAN_POINT('',(4.258088305928,-5.951135553906));
#9609 = VECTOR('',#9610,1.);
#9610 = DIRECTION('',(-0.57735026919,0.816496580928));
#9611 = ( GEOMETRIC_REPRESENTATION_CONTEXT(2) 
PARAMETRIC_REPRESENTATION_CONTEXT() REPRESENTATION_CONTEXT('2D SPACE',''
  ) );
#9612 = ORIENTED_EDGE('',*,*,#9613,.F.);
#9613 = EDGE_CURVE('',#9474,#9591,#9614,.T.);
#9614 = SURFACE_CURVE('',#9615,(#9619,#9626),.PCURVE_S1.);
#9615 = LINE('',#9616,#9617);
#9616 = CARTESIAN_POINT('',(22.9,38.898529835565,-5.E-02));
#9617 = VECTOR('',#9618,1.);
#9618 = DIRECTION('',(0.,-1.,0.));
#9619 = PCURVE('',#7512,#9620);
#9620 = DEFINITIONAL_REPRESENTATION('',(#9621),#9625);
#9621 = LINE('',#9622,#9623);
#9622 = CARTESIAN_POINT('',(0.,7.071067811866E-02));
#9623 = VECTOR('',#9624,1.);
#9624 = DIRECTION('',(1.,0.));
#9625 = ( GEOMETRIC_REPRESENTATION_CONTEXT(2) 
PARAMETRIC_REPRESENTATION_CONTEXT() REPRESENTATION_CONTEXT('2D SPACE',''
  ) );
#9626 = PCURVE('',#9627,#9632);
#9627 = PLANE('',#9628);
#9628 = AXIS2_PLACEMENT_3D('',#9629,#9630,#9631);
#9629 = CARTESIAN_POINT('',(22.9,44.45,-0.15));
#9630 = DIRECTION('',(1.,0.,-0.));
#9631 = DIRECTION('',(0.,-1.,0.));
#9632 = DEFINITIONAL_REPRESENTATION('',(#9633),#9637);
#9633 = LINE('',#9634,#9635);
#9634 = CARTESIAN_POINT('',(5.551470164435,-0.1));
#9635 = VECTOR('',#9636,1.);
#9636 = DIRECTION('',(1.,0.));
#9637 = ( GEOMETRIC_REPRESENTATION_CONTEXT(2) 
PARAMETRIC_REPRESENTATION_CONTEXT() REPRESENTATION_CONTEXT('2D SPACE',''
  ) );
#9638 = ADVANCED_FACE('',(#9639),#7714,.T.);
#9639 = FACE_BOUND('',#9640,.F.);
#9640 = EDGE_LOOP('',(#9641,#9642,#9643,#9670));
#9641 = ORIENTED_EDGE('',*,*,#9530,.F.);
#9642 = ORIENTED_EDGE('',*,*,#7693,.T.);
#9643 = ORIENTED_EDGE('',*,*,#9644,.T.);
#9644 = EDGE_CURVE('',#7666,#9645,#9647,.T.);
#9645 = VERTEX_POINT('',#9646);
#9646 = CARTESIAN_POINT('',(-20.,-42.45,-5.E-02));
#9647 = SURFACE_CURVE('',#9648,(#9653,#9663),.PCURVE_S1.);
#9648 = PARABOLA('',#9649,1.272792206136);
#9649 = AXIS2_PLACEMENT_3D('',#9650,#9651,#9652);
#9650 = CARTESIAN_POINT('',(-22.4,-43.25,-0.85));
#9651 = DIRECTION('',(-0.,0.707106781187,-0.707106781187));
#9652 = DIRECTION('',(0.,0.707106781187,0.707106781187));
#9653 = PCURVE('',#7714,#9654);
#9654 = DEFINITIONAL_REPRESENTATION('',(#9655),#9662);
#9655 = B_SPLINE_CURVE_WITH_KNOTS('',5,(#9656,#9657,#9658,#9659,#9660,
    #9661),.UNSPECIFIED.,.F.,.F.,(6,6),(2.244994432064,2.4),
  .PIECEWISE_BEZIER_KNOTS.);
#9656 = CARTESIAN_POINT('',(-2.219908192701,-0.1));
#9657 = CARTESIAN_POINT('',(-2.207507747267,-8.066740905809E-02));
#9658 = CARTESIAN_POINT('',(-2.195227168206,-6.100111358712E-02));
#9659 = CARTESIAN_POINT('',(-2.183066124443,-4.100111358714E-02));
#9660 = CARTESIAN_POINT('',(-2.171024144231,-2.066740905808E-02));
#9661 = CARTESIAN_POINT('',(-2.159100639005,2.775557561563E-17));
#9662 = ( GEOMETRIC_REPRESENTATION_CONTEXT(2) 
PARAMETRIC_REPRESENTATION_CONTEXT() REPRESENTATION_CONTEXT('2D SPACE',''
  ) );
#9663 = PCURVE('',#7681,#9664);
#9664 = DEFINITIONAL_REPRESENTATION('',(#9665),#9669);
#9665 = B_SPLINE_CURVE_WITH_KNOTS('',2,(#9666,#9667,#9668),
  .UNSPECIFIED.,.F.,.F.,(3,3),(2.244994432064,2.4),
  .PIECEWISE_BEZIER_KNOTS.);
#9666 = CARTESIAN_POINT('',(-40.15500556793,-7.071067811865E-02));
#9667 = CARTESIAN_POINT('',(-40.07750278396,-2.359647353984E-03));
#9668 = CARTESIAN_POINT('',(-40.,7.071067811866E-02));
#9669 = ( GEOMETRIC_REPRESENTATION_CONTEXT(2) 
PARAMETRIC_REPRESENTATION_CONTEXT() REPRESENTATION_CONTEXT('2D SPACE',''
  ) );
#9670 = ORIENTED_EDGE('',*,*,#9671,.F.);
#9671 = EDGE_CURVE('',#9531,#9645,#9672,.T.);
#9672 = SURFACE_CURVE('',#9673,(#9678,#9685),.PCURVE_S1.);
#9673 = CIRCLE('',#9674,2.6);
#9674 = AXIS2_PLACEMENT_3D('',#9675,#9676,#9677);
#9675 = CARTESIAN_POINT('',(-22.4,-41.45,-5.E-02));
#9676 = DIRECTION('',(-0.,0.,-1.));
#9677 = DIRECTION('',(-0.192307692308,0.981334678629,0.));
#9678 = PCURVE('',#7714,#9679);
#9679 = DEFINITIONAL_REPRESENTATION('',(#9680),#9684);
#9680 = LINE('',#9681,#9682);
#9681 = CARTESIAN_POINT('',(-0.,0.));
#9682 = VECTOR('',#9683,1.);
#9683 = DIRECTION('',(-1.,0.));
#9684 = ( GEOMETRIC_REPRESENTATION_CONTEXT(2) 
PARAMETRIC_REPRESENTATION_CONTEXT() REPRESENTATION_CONTEXT('2D SPACE',''
  ) );
#9685 = PCURVE('',#9686,#9691);
#9686 = CYLINDRICAL_SURFACE('',#9687,2.6);
#9687 = AXIS2_PLACEMENT_3D('',#9688,#9689,#9690);
#9688 = CARTESIAN_POINT('',(-22.4,-41.45,-0.15));
#9689 = DIRECTION('',(-0.,-0.,-1.));
#9690 = DIRECTION('',(1.,0.,0.));
#9691 = DEFINITIONAL_REPRESENTATION('',(#9692),#9696);
#9692 = LINE('',#9693,#9694);
#9693 = CARTESIAN_POINT('',(-8.047494826485,-0.1));
#9694 = VECTOR('',#9695,1.);
#9695 = DIRECTION('',(1.,-0.));
#9696 = ( GEOMETRIC_REPRESENTATION_CONTEXT(2) 
PARAMETRIC_REPRESENTATION_CONTEXT() REPRESENTATION_CONTEXT('2D SPACE',''
  ) );
#9697 = ADVANCED_FACE('',(#9698),#7540,.T.);
#9698 = FACE_BOUND('',#9699,.T.);
#9699 = EDGE_LOOP('',(#9700,#9701,#9702,#9725));
#9700 = ORIENTED_EDGE('',*,*,#9590,.F.);
#9701 = ORIENTED_EDGE('',*,*,#7524,.T.);
#9702 = ORIENTED_EDGE('',*,*,#9703,.T.);
#9703 = EDGE_CURVE('',#7525,#9704,#9706,.T.);
#9704 = VERTEX_POINT('',#9705);
#9705 = CARTESIAN_POINT('',(24.4,13.55,-5.E-02));
#9706 = SURFACE_CURVE('',#9707,(#9711,#9718),.PCURVE_S1.);
#9707 = LINE('',#9708,#9709);
#9708 = CARTESIAN_POINT('',(24.183333333333,13.333333333333,
    0.166666666667));
#9709 = VECTOR('',#9710,1.);
#9710 = DIRECTION('',(-0.57735026919,-0.57735026919,0.57735026919));
#9711 = PCURVE('',#7540,#9712);
#9712 = DEFINITIONAL_REPRESENTATION('',(#9713),#9717);
#9713 = LINE('',#9714,#9715);
#9714 = CARTESIAN_POINT('',(1.283333333333,0.377123616633));
#9715 = VECTOR('',#9716,1.);
#9716 = DIRECTION('',(-0.57735026919,0.816496580928));
#9717 = ( GEOMETRIC_REPRESENTATION_CONTEXT(2) 
PARAMETRIC_REPRESENTATION_CONTEXT() REPRESENTATION_CONTEXT('2D SPACE',''
  ) );
#9718 = PCURVE('',#7568,#9719);
#9719 = DEFINITIONAL_REPRESENTATION('',(#9720),#9724);
#9720 = LINE('',#9721,#9722);
#9721 = CARTESIAN_POINT('',(-0.216666666667,0.377123616633));
#9722 = VECTOR('',#9723,1.);
#9723 = DIRECTION('',(-0.57735026919,0.816496580928));
#9724 = ( GEOMETRIC_REPRESENTATION_CONTEXT(2) 
PARAMETRIC_REPRESENTATION_CONTEXT() REPRESENTATION_CONTEXT('2D SPACE',''
  ) );
#9725 = ORIENTED_EDGE('',*,*,#9726,.F.);
#9726 = EDGE_CURVE('',#9591,#9704,#9727,.T.);
#9727 = SURFACE_CURVE('',#9728,(#9732,#9739),.PCURVE_S1.);
#9728 = LINE('',#9729,#9730);
#9729 = CARTESIAN_POINT('',(22.9,13.55,-5.E-02));
#9730 = VECTOR('',#9731,1.);
#9731 = DIRECTION('',(1.,0.,0.));
#9732 = PCURVE('',#7540,#9733);
#9733 = DEFINITIONAL_REPRESENTATION('',(#9734),#9738);
#9734 = LINE('',#9735,#9736);
#9735 = CARTESIAN_POINT('',(0.,7.071067811865E-02));
#9736 = VECTOR('',#9737,1.);
#9737 = DIRECTION('',(1.,0.));
#9738 = ( GEOMETRIC_REPRESENTATION_CONTEXT(2) 
PARAMETRIC_REPRESENTATION_CONTEXT() REPRESENTATION_CONTEXT('2D SPACE',''
  ) );
#9739 = PCURVE('',#9740,#9745);
#9740 = PLANE('',#9741);
#9741 = AXIS2_PLACEMENT_3D('',#9742,#9743,#9744);
#9742 = CARTESIAN_POINT('',(22.9,13.55,-0.15));
#9743 = DIRECTION('',(0.,1.,0.));
#9744 = DIRECTION('',(1.,0.,0.));
#9745 = DEFINITIONAL_REPRESENTATION('',(#9746),#9750);
#9746 = LINE('',#9747,#9748);
#9747 = CARTESIAN_POINT('',(0.,-0.1));
#9748 = VECTOR('',#9749,1.);
#9749 = DIRECTION('',(1.,0.));
#9750 = ( GEOMETRIC_REPRESENTATION_CONTEXT(2) 
PARAMETRIC_REPRESENTATION_CONTEXT() REPRESENTATION_CONTEXT('2D SPACE',''
  ) );
#9751 = ADVANCED_FACE('',(#9752),#7681,.F.);
#9752 = FACE_BOUND('',#9753,.T.);
#9753 = EDGE_LOOP('',(#9754,#9781,#9782,#9783));
#9754 = ORIENTED_EDGE('',*,*,#9755,.F.);
#9755 = EDGE_CURVE('',#7637,#9756,#9758,.T.);
#9756 = VERTEX_POINT('',#9757);
#9757 = CARTESIAN_POINT('',(20.,-42.45,-5.E-02));
#9758 = SURFACE_CURVE('',#9759,(#9764,#9771),.PCURVE_S1.);
#9759 = PARABOLA('',#9760,1.272792206136);
#9760 = AXIS2_PLACEMENT_3D('',#9761,#9762,#9763);
#9761 = CARTESIAN_POINT('',(22.4,-43.25,-0.85));
#9762 = DIRECTION('',(0.,-0.707106781187,0.707106781187));
#9763 = DIRECTION('',(0.,0.707106781187,0.707106781187));
#9764 = PCURVE('',#7681,#9765);
#9765 = DEFINITIONAL_REPRESENTATION('',(#9766),#9770);
#9766 = B_SPLINE_CURVE_WITH_KNOTS('',2,(#9767,#9768,#9769),
  .UNSPECIFIED.,.F.,.F.,(3,3),(2.244994432064,2.4),
  .PIECEWISE_BEZIER_KNOTS.);
#9767 = CARTESIAN_POINT('',(0.155005567935,-7.071067811858E-02));
#9768 = CARTESIAN_POINT('',(7.750278396775E-02,-2.359647353971E-03));
#9769 = CARTESIAN_POINT('',(0.,7.07106781186E-02));
#9770 = ( GEOMETRIC_REPRESENTATION_CONTEXT(2) 
PARAMETRIC_REPRESENTATION_CONTEXT() REPRESENTATION_CONTEXT('2D SPACE',''
  ) );
#9771 = PCURVE('',#7653,#9772);
#9772 = DEFINITIONAL_REPRESENTATION('',(#9773),#9780);
#9773 = B_SPLINE_CURVE_WITH_KNOTS('',5,(#9774,#9775,#9776,#9777,#9778,
    #9779),.UNSPECIFIED.,.F.,.F.,(6,6),(2.244994432064,2.4),
  .PIECEWISE_BEZIER_KNOTS.);
#9774 = CARTESIAN_POINT('',(2.219908192701,-9.999999999995E-02));
#9775 = CARTESIAN_POINT('',(2.207507747267,-8.066740905805E-02));
#9776 = CARTESIAN_POINT('',(2.195227168206,-6.100111358711E-02));
#9777 = CARTESIAN_POINT('',(2.183066124443,-4.100111358713E-02));
#9778 = CARTESIAN_POINT('',(2.171024144231,-2.06674090581E-02));
#9779 = CARTESIAN_POINT('',(2.159100639005,-3.988476215966E-14));
#9780 = ( GEOMETRIC_REPRESENTATION_CONTEXT(2) 
PARAMETRIC_REPRESENTATION_CONTEXT() REPRESENTATION_CONTEXT('2D SPACE',''
  ) );
#9781 = ORIENTED_EDGE('',*,*,#7665,.T.);
#9782 = ORIENTED_EDGE('',*,*,#9644,.T.);
#9783 = ORIENTED_EDGE('',*,*,#9784,.F.);
#9784 = EDGE_CURVE('',#9756,#9645,#9785,.T.);
#9785 = SURFACE_CURVE('',#9786,(#9790,#9797),.PCURVE_S1.);
#9786 = LINE('',#9787,#9788);
#9787 = CARTESIAN_POINT('',(20.,-42.45,-5.E-02));
#9788 = VECTOR('',#9789,1.);
#9789 = DIRECTION('',(-1.,0.,0.));
#9790 = PCURVE('',#7681,#9791);
#9791 = DEFINITIONAL_REPRESENTATION('',(#9792),#9796);
#9792 = LINE('',#9793,#9794);
#9793 = CARTESIAN_POINT('',(-0.,7.071067811865E-02));
#9794 = VECTOR('',#9795,1.);
#9795 = DIRECTION('',(-1.,0.));
#9796 = ( GEOMETRIC_REPRESENTATION_CONTEXT(2) 
PARAMETRIC_REPRESENTATION_CONTEXT() REPRESENTATION_CONTEXT('2D SPACE',''
  ) );
#9797 = PCURVE('',#9798,#9803);
#9798 = PLANE('',#9799);
#9799 = AXIS2_PLACEMENT_3D('',#9800,#9801,#9802);
#9800 = CARTESIAN_POINT('',(-22.9,-42.45,-0.16));
#9801 = DIRECTION('',(0.,1.,0.));
#9802 = DIRECTION('',(1.,0.,0.));
#9803 = DEFINITIONAL_REPRESENTATION('',(#9804),#9808);
#9804 = LINE('',#9805,#9806);
#9805 = CARTESIAN_POINT('',(42.9,-0.11));
#9806 = VECTOR('',#9807,1.);
#9807 = DIRECTION('',(-1.,0.));
#9808 = ( GEOMETRIC_REPRESENTATION_CONTEXT(2) 
PARAMETRIC_REPRESENTATION_CONTEXT() REPRESENTATION_CONTEXT('2D SPACE',''
  ) );
#9809 = ADVANCED_FACE('',(#9810),#7568,.F.);
#9810 = FACE_BOUND('',#9811,.T.);
#9811 = EDGE_LOOP('',(#9812,#9813,#9814,#9837));
#9812 = ORIENTED_EDGE('',*,*,#9703,.F.);
#9813 = ORIENTED_EDGE('',*,*,#7552,.T.);
#9814 = ORIENTED_EDGE('',*,*,#9815,.T.);
#9815 = EDGE_CURVE('',#7553,#9816,#9818,.T.);
#9816 = VERTEX_POINT('',#9817);
#9817 = CARTESIAN_POINT('',(24.4,-34.45,-5.E-02));
#9818 = SURFACE_CURVE('',#9819,(#9823,#9830),.PCURVE_S1.);
#9819 = LINE('',#9820,#9821);
#9820 = CARTESIAN_POINT('',(16.433333333333,-26.48333333333,
    7.916666666667));
#9821 = VECTOR('',#9822,1.);
#9822 = DIRECTION('',(-0.57735026919,0.57735026919,0.57735026919));
#9823 = PCURVE('',#7568,#9824);
#9824 = DEFINITIONAL_REPRESENTATION('',(#9825),#9829);
#9825 = LINE('',#9826,#9827);
#9826 = CARTESIAN_POINT('',(-40.03333333333,11.337278725024));
#9827 = VECTOR('',#9828,1.);
#9828 = DIRECTION('',(0.57735026919,0.816496580928));
#9829 = ( GEOMETRIC_REPRESENTATION_CONTEXT(2) 
PARAMETRIC_REPRESENTATION_CONTEXT() REPRESENTATION_CONTEXT('2D SPACE',''
  ) );
#9830 = PCURVE('',#7596,#9831);
#9831 = DEFINITIONAL_REPRESENTATION('',(#9832),#9836);
#9832 = LINE('',#9833,#9834);
#9833 = CARTESIAN_POINT('',(7.966666666667,11.337278725024));
#9834 = VECTOR('',#9835,1.);
#9835 = DIRECTION('',(0.57735026919,0.816496580928));
#9836 = ( GEOMETRIC_REPRESENTATION_CONTEXT(2) 
PARAMETRIC_REPRESENTATION_CONTEXT() REPRESENTATION_CONTEXT('2D SPACE',''
  ) );
#9837 = ORIENTED_EDGE('',*,*,#9838,.F.);
#9838 = EDGE_CURVE('',#9704,#9816,#9839,.T.);
#9839 = SURFACE_CURVE('',#9840,(#9844,#9851),.PCURVE_S1.);
#9840 = LINE('',#9841,#9842);
#9841 = CARTESIAN_POINT('',(24.4,13.55,-5.E-02));
#9842 = VECTOR('',#9843,1.);
#9843 = DIRECTION('',(0.,-1.,0.));
#9844 = PCURVE('',#7568,#9845);
#9845 = DEFINITIONAL_REPRESENTATION('',(#9846),#9850);
#9846 = LINE('',#9847,#9848);
#9847 = CARTESIAN_POINT('',(-0.,7.071067811866E-02));
#9848 = VECTOR('',#9849,1.);
#9849 = DIRECTION('',(-1.,0.));
#9850 = ( GEOMETRIC_REPRESENTATION_CONTEXT(2) 
PARAMETRIC_REPRESENTATION_CONTEXT() REPRESENTATION_CONTEXT('2D SPACE',''
  ) );
#9851 = PCURVE('',#9852,#9857);
#9852 = PLANE('',#9853);
#9853 = AXIS2_PLACEMENT_3D('',#9854,#9855,#9856);
#9854 = CARTESIAN_POINT('',(24.4,-42.45,-0.16));
#9855 = DIRECTION('',(-1.,0.,0.));
#9856 = DIRECTION('',(0.,1.,0.));
#9857 = DEFINITIONAL_REPRESENTATION('',(#9858),#9862);
#9858 = LINE('',#9859,#9860);
#9859 = CARTESIAN_POINT('',(56.,-0.11));
#9860 = VECTOR('',#9861,1.);
#9861 = DIRECTION('',(-1.,0.));
#9862 = ( GEOMETRIC_REPRESENTATION_CONTEXT(2) 
PARAMETRIC_REPRESENTATION_CONTEXT() REPRESENTATION_CONTEXT('2D SPACE',''
  ) );
#9863 = ADVANCED_FACE('',(#9864),#7653,.T.);
#9864 = FACE_BOUND('',#9865,.T.);
#9865 = EDGE_LOOP('',(#9866,#9893,#9894,#9895));
#9866 = ORIENTED_EDGE('',*,*,#9867,.F.);
#9867 = EDGE_CURVE('',#7609,#9868,#9870,.T.);
#9868 = VERTEX_POINT('',#9869);
#9869 = CARTESIAN_POINT('',(22.9,-38.89852983556,-5.E-02));
#9870 = SURFACE_CURVE('',#9871,(#9876,#9886),.PCURVE_S1.);
#9871 = PARABOLA('',#9872,1.096015510839);
#9872 = AXIS2_PLACEMENT_3D('',#9873,#9874,#9875);
#9873 = CARTESIAN_POINT('',(23.95,-41.45,-1.1));
#9874 = DIRECTION('',(-0.707106781187,0.,-0.707106781187));
#9875 = DIRECTION('',(-0.707106781187,0.,0.707106781187));
#9876 = PCURVE('',#7653,#9877);
#9877 = DEFINITIONAL_REPRESENTATION('',(#9878),#9885);
#9878 = B_SPLINE_CURVE_WITH_KNOTS('',5,(#9879,#9880,#9881,#9882,#9883,
    #9884),.UNSPECIFIED.,.F.,.F.,(6,6),(2.426932219902,2.551470164435),
  .PIECEWISE_BEZIER_KNOTS.);
#9879 = CARTESIAN_POINT('',(-4.88526585282E-02,-1.E-01));
#9880 = CARTESIAN_POINT('',(-3.888962296562E-02,-8.050031289124E-02));
#9881 = CARTESIAN_POINT('',(-2.902372544656E-02,-6.075046933686E-02));
#9882 = CARTESIAN_POINT('',(-1.925410193167E-02,-4.075046933686E-02));
#9883 = CARTESIAN_POINT('',(-9.579841887126E-03,-2.050031289124E-02));
#9884 = CARTESIAN_POINT('',(-2.6645352591E-14,-4.927361628009E-15));
#9885 = ( GEOMETRIC_REPRESENTATION_CONTEXT(2) 
PARAMETRIC_REPRESENTATION_CONTEXT() REPRESENTATION_CONTEXT('2D SPACE',''
  ) );
#9886 = PCURVE('',#7624,#9887);
#9887 = DEFINITIONAL_REPRESENTATION('',(#9888),#9892);
#9888 = B_SPLINE_CURVE_WITH_KNOTS('',2,(#9889,#9890,#9891),
  .UNSPECIFIED.,.F.,.F.,(3,3),(2.426932219902,2.551470164435),
  .PIECEWISE_BEZIER_KNOTS.);
#9889 = CARTESIAN_POINT('',(4.573067780098,-7.071067811865E-02));
#9890 = CARTESIAN_POINT('',(4.510798807832,-1.76887319054E-03));
#9891 = CARTESIAN_POINT('',(4.448529835565,7.071067811865E-02));
#9892 = ( GEOMETRIC_REPRESENTATION_CONTEXT(2) 
PARAMETRIC_REPRESENTATION_CONTEXT() REPRESENTATION_CONTEXT('2D SPACE',''
  ) );
#9893 = ORIENTED_EDGE('',*,*,#7636,.T.);
#9894 = ORIENTED_EDGE('',*,*,#9755,.T.);
#9895 = ORIENTED_EDGE('',*,*,#9896,.F.);
#9896 = EDGE_CURVE('',#9868,#9756,#9897,.T.);
#9897 = SURFACE_CURVE('',#9898,(#9903,#9910),.PCURVE_S1.);
#9898 = CIRCLE('',#9899,2.6);
#9899 = AXIS2_PLACEMENT_3D('',#9900,#9901,#9902);
#9900 = CARTESIAN_POINT('',(22.4,-41.45,-5.E-02));
#9901 = DIRECTION('',(0.,0.,1.));
#9902 = DIRECTION('',(0.192307692308,0.981334678629,-0.));
#9903 = PCURVE('',#7653,#9904);
#9904 = DEFINITIONAL_REPRESENTATION('',(#9905),#9909);
#9905 = LINE('',#9906,#9907);
#9906 = CARTESIAN_POINT('',(0.,0.));
#9907 = VECTOR('',#9908,1.);
#9908 = DIRECTION('',(1.,0.));
#9909 = ( GEOMETRIC_REPRESENTATION_CONTEXT(2) 
PARAMETRIC_REPRESENTATION_CONTEXT() REPRESENTATION_CONTEXT('2D SPACE',''
  ) );
#9910 = PCURVE('',#9911,#9916);
#9911 = CYLINDRICAL_SURFACE('',#9912,2.6);
#9912 = AXIS2_PLACEMENT_3D('',#9913,#9914,#9915);
#9913 = CARTESIAN_POINT('',(22.4,-41.45,-0.15));
#9914 = DIRECTION('',(-0.,-0.,-1.));
#9915 = DIRECTION('',(1.,0.,0.));
#9916 = DEFINITIONAL_REPRESENTATION('',(#9917),#9921);
#9917 = LINE('',#9918,#9919);
#9918 = CARTESIAN_POINT('',(-1.377283134284,-0.1));
#9919 = VECTOR('',#9920,1.);
#9920 = DIRECTION('',(-1.,0.));
#9921 = ( GEOMETRIC_REPRESENTATION_CONTEXT(2) 
PARAMETRIC_REPRESENTATION_CONTEXT() REPRESENTATION_CONTEXT('2D SPACE',''
  ) );
#9922 = ADVANCED_FACE('',(#9923),#7596,.T.);
#9923 = FACE_BOUND('',#9924,.T.);
#9924 = EDGE_LOOP('',(#9925,#9926,#9927,#9950));
#9925 = ORIENTED_EDGE('',*,*,#9815,.F.);
#9926 = ORIENTED_EDGE('',*,*,#7580,.T.);
#9927 = ORIENTED_EDGE('',*,*,#9928,.T.);
#9928 = EDGE_CURVE('',#7581,#9929,#9931,.T.);
#9929 = VERTEX_POINT('',#9930);
#9930 = CARTESIAN_POINT('',(22.9,-34.45,-5.E-02));
#9931 = SURFACE_CURVE('',#9932,(#9936,#9943),.PCURVE_S1.);
#9932 = LINE('',#9933,#9934);
#9933 = CARTESIAN_POINT('',(23.183333333333,-34.73333333333,
    -0.333333333333));
#9934 = VECTOR('',#9935,1.);
#9935 = DIRECTION('',(-0.57735026919,0.57735026919,0.57735026919));
#9936 = PCURVE('',#7596,#9937);
#9937 = DEFINITIONAL_REPRESENTATION('',(#9938),#9942);
#9938 = LINE('',#9939,#9940);
#9939 = CARTESIAN_POINT('',(1.216666666667,-0.329983164554));
#9940 = VECTOR('',#9941,1.);
#9941 = DIRECTION('',(0.57735026919,0.816496580928));
#9942 = ( GEOMETRIC_REPRESENTATION_CONTEXT(2) 
PARAMETRIC_REPRESENTATION_CONTEXT() REPRESENTATION_CONTEXT('2D SPACE',''
  ) );
#9943 = PCURVE('',#7624,#9944);
#9944 = DEFINITIONAL_REPRESENTATION('',(#9945),#9949);
#9945 = LINE('',#9946,#9947);
#9946 = CARTESIAN_POINT('',(0.283333333333,-0.329983164554));
#9947 = VECTOR('',#9948,1.);
#9948 = DIRECTION('',(-0.57735026919,0.816496580928));
#9949 = ( GEOMETRIC_REPRESENTATION_CONTEXT(2) 
PARAMETRIC_REPRESENTATION_CONTEXT() REPRESENTATION_CONTEXT('2D SPACE',''
  ) );
#9950 = ORIENTED_EDGE('',*,*,#9951,.F.);
#9951 = EDGE_CURVE('',#9816,#9929,#9952,.T.);
#9952 = SURFACE_CURVE('',#9953,(#9957,#9964),.PCURVE_S1.);
#9953 = LINE('',#9954,#9955);
#9954 = CARTESIAN_POINT('',(24.4,-34.45,-5.E-02));
#9955 = VECTOR('',#9956,1.);
#9956 = DIRECTION('',(-1.,0.,0.));
#9957 = PCURVE('',#7596,#9958);
#9958 = DEFINITIONAL_REPRESENTATION('',(#9959),#9963);
#9959 = LINE('',#9960,#9961);
#9960 = CARTESIAN_POINT('',(0.,7.071067811865E-02));
#9961 = VECTOR('',#9962,1.);
#9962 = DIRECTION('',(1.,0.));
#9963 = ( GEOMETRIC_REPRESENTATION_CONTEXT(2) 
PARAMETRIC_REPRESENTATION_CONTEXT() REPRESENTATION_CONTEXT('2D SPACE',''
  ) );
#9964 = PCURVE('',#9965,#9970);
#9965 = PLANE('',#9966);
#9966 = AXIS2_PLACEMENT_3D('',#9967,#9968,#9969);
#9967 = CARTESIAN_POINT('',(24.4,-34.45,-0.15));
#9968 = DIRECTION('',(0.,-1.,0.));
#9969 = DIRECTION('',(-1.,0.,0.));
#9970 = DEFINITIONAL_REPRESENTATION('',(#9971),#9975);
#9971 = LINE('',#9972,#9973);
#9972 = CARTESIAN_POINT('',(0.,-0.1));
#9973 = VECTOR('',#9974,1.);
#9974 = DIRECTION('',(1.,0.));
#9975 = ( GEOMETRIC_REPRESENTATION_CONTEXT(2) 
PARAMETRIC_REPRESENTATION_CONTEXT() REPRESENTATION_CONTEXT('2D SPACE',''
  ) );
#9976 = ADVANCED_FACE('',(#9977),#7624,.T.);
#9977 = FACE_BOUND('',#9978,.T.);
#9978 = EDGE_LOOP('',(#9979,#9980,#9981,#9982));
#9979 = ORIENTED_EDGE('',*,*,#9928,.F.);
#9980 = ORIENTED_EDGE('',*,*,#7608,.T.);
#9981 = ORIENTED_EDGE('',*,*,#9867,.T.);
#9982 = ORIENTED_EDGE('',*,*,#9983,.F.);
#9983 = EDGE_CURVE('',#9929,#9868,#9984,.T.);
#9984 = SURFACE_CURVE('',#9985,(#9989,#9996),.PCURVE_S1.);
#9985 = LINE('',#9986,#9987);
#9986 = CARTESIAN_POINT('',(22.9,-34.45,-5.E-02));
#9987 = VECTOR('',#9988,1.);
#9988 = DIRECTION('',(0.,-1.,0.));
#9989 = PCURVE('',#7624,#9990);
#9990 = DEFINITIONAL_REPRESENTATION('',(#9991),#9995);
#9991 = LINE('',#9992,#9993);
#9992 = CARTESIAN_POINT('',(0.,7.071067811866E-02));
#9993 = VECTOR('',#9994,1.);
#9994 = DIRECTION('',(1.,0.));
#9995 = ( GEOMETRIC_REPRESENTATION_CONTEXT(2) 
PARAMETRIC_REPRESENTATION_CONTEXT() REPRESENTATION_CONTEXT('2D SPACE',''
  ) );
#9996 = PCURVE('',#9997,#10002);
#9997 = PLANE('',#9998);
#9998 = AXIS2_PLACEMENT_3D('',#9999,#10000,#10001);
#9999 = CARTESIAN_POINT('',(22.9,-34.45,-0.15));
#10000 = DIRECTION('',(1.,0.,-0.));
#10001 = DIRECTION('',(0.,-1.,0.));
#10002 = DEFINITIONAL_REPRESENTATION('',(#10003),#10007);
#10003 = LINE('',#10004,#10005);
#10004 = CARTESIAN_POINT('',(0.,-0.1));
#10005 = VECTOR('',#10006,1.);
#10006 = DIRECTION('',(1.,0.));
#10007 = ( GEOMETRIC_REPRESENTATION_CONTEXT(2) 
PARAMETRIC_REPRESENTATION_CONTEXT() REPRESENTATION_CONTEXT('2D SPACE',''
  ) );
#10008 = ADVANCED_FACE('',(#10009),#7808,.F.);
#10009 = FACE_BOUND('',#10010,.T.);
#10010 = EDGE_LOOP('',(#10011,#10032,#10033,#10034));
#10011 = ORIENTED_EDGE('',*,*,#10012,.F.);
#10012 = EDGE_CURVE('',#7788,#10013,#10015,.T.);
#10013 = VERTEX_POINT('',#10014);
#10014 = CARTESIAN_POINT('',(23.9,41.45,-5.E-02));
#10015 = SEAM_CURVE('',#10016,(#10020,#10026),.PCURVE_S1.);
#10016 = LINE('',#10017,#10018);
#10017 = CARTESIAN_POINT('',(23.9,41.45,-5.E-02));
#10018 = VECTOR('',#10019,1.);
#10019 = DIRECTION('',(-0.707106781187,0.,0.707106781187));
#10020 = PCURVE('',#7808,#10021);
#10021 = DEFINITIONAL_REPRESENTATION('',(#10022),#10025);
#10022 = B_SPLINE_CURVE_WITH_KNOTS('',1,(#10023,#10024),.UNSPECIFIED.,
  .F.,.F.,(2,2),(-0.141421356237,0.),.PIECEWISE_BEZIER_KNOTS.);
#10023 = CARTESIAN_POINT('',(0.,1.E-01));
#10024 = CARTESIAN_POINT('',(0.,0.));
#10025 = ( GEOMETRIC_REPRESENTATION_CONTEXT(2) 
PARAMETRIC_REPRESENTATION_CONTEXT() REPRESENTATION_CONTEXT('2D SPACE',''
  ) );
#10026 = PCURVE('',#7808,#10027);
#10027 = DEFINITIONAL_REPRESENTATION('',(#10028),#10031);
#10028 = B_SPLINE_CURVE_WITH_KNOTS('',1,(#10029,#10030),.UNSPECIFIED.,
  .F.,.F.,(2,2),(-0.141421356237,0.),.PIECEWISE_BEZIER_KNOTS.);
#10029 = CARTESIAN_POINT('',(6.28318530718,1.E-01));
#10030 = CARTESIAN_POINT('',(6.28318530718,0.));
#10031 = ( GEOMETRIC_REPRESENTATION_CONTEXT(2) 
PARAMETRIC_REPRESENTATION_CONTEXT() REPRESENTATION_CONTEXT('2D SPACE',''
  ) );
#10032 = ORIENTED_EDGE('',*,*,#7787,.T.);
#10033 = ORIENTED_EDGE('',*,*,#10012,.T.);
#10034 = ORIENTED_EDGE('',*,*,#10035,.F.);
#10035 = EDGE_CURVE('',#10013,#10013,#10036,.T.);
#10036 = SURFACE_CURVE('',#10037,(#10042,#10049),.PCURVE_S1.);
#10037 = CIRCLE('',#10038,1.5);
#10038 = AXIS2_PLACEMENT_3D('',#10039,#10040,#10041);
#10039 = CARTESIAN_POINT('',(22.4,41.45,-5.E-02));
#10040 = DIRECTION('',(0.,-0.,-1.));
#10041 = DIRECTION('',(1.,0.,-0.));
#10042 = PCURVE('',#7808,#10043);
#10043 = DEFINITIONAL_REPRESENTATION('',(#10044),#10048);
#10044 = LINE('',#10045,#10046);
#10045 = CARTESIAN_POINT('',(0.,-0.));
#10046 = VECTOR('',#10047,1.);
#10047 = DIRECTION('',(1.,-0.));
#10048 = ( GEOMETRIC_REPRESENTATION_CONTEXT(2) 
PARAMETRIC_REPRESENTATION_CONTEXT() REPRESENTATION_CONTEXT('2D SPACE',''
  ) );
#10049 = PCURVE('',#10050,#10055);
#10050 = CYLINDRICAL_SURFACE('',#10051,1.5);
#10051 = AXIS2_PLACEMENT_3D('',#10052,#10053,#10054);
#10052 = CARTESIAN_POINT('',(22.4,41.45,-0.55));
#10053 = DIRECTION('',(-0.,-0.,-1.));
#10054 = DIRECTION('',(1.,0.,0.));
#10055 = DEFINITIONAL_REPRESENTATION('',(#10056),#10060);
#10056 = LINE('',#10057,#10058);
#10057 = CARTESIAN_POINT('',(-6.28318530718,-0.5));
#10058 = VECTOR('',#10059,1.);
#10059 = DIRECTION('',(1.,-0.));
#10060 = ( GEOMETRIC_REPRESENTATION_CONTEXT(2) 
PARAMETRIC_REPRESENTATION_CONTEXT() REPRESENTATION_CONTEXT('2D SPACE',''
  ) );
#10061 = ADVANCED_FACE('',(#10062,#10088),#7868,.F.);
#10062 = FACE_BOUND('',#10063,.F.);
#10063 = EDGE_LOOP('',(#10064));
#10064 = ORIENTED_EDGE('',*,*,#10065,.T.);
#10065 = EDGE_CURVE('',#10066,#10066,#10068,.T.);
#10066 = VERTEX_POINT('',#10067);
#10067 = CARTESIAN_POINT('',(-20.9,-41.45,0.4));
#10068 = SURFACE_CURVE('',#10069,(#10074,#10081),.PCURVE_S1.);
#10069 = CIRCLE('',#10070,1.5);
#10070 = AXIS2_PLACEMENT_3D('',#10071,#10072,#10073);
#10071 = CARTESIAN_POINT('',(-22.4,-41.45,0.4));
#10072 = DIRECTION('',(0.,0.,1.));
#10073 = DIRECTION('',(1.,0.,0.));
#10074 = PCURVE('',#7868,#10075);
#10075 = DEFINITIONAL_REPRESENTATION('',(#10076),#10080);
#10076 = CIRCLE('',#10077,1.5);
#10077 = AXIS2_PLACEMENT_2D('',#10078,#10079);
#10078 = CARTESIAN_POINT('',(0.,0.));
#10079 = DIRECTION('',(1.,0.));
#10080 = ( GEOMETRIC_REPRESENTATION_CONTEXT(2) 
PARAMETRIC_REPRESENTATION_CONTEXT() REPRESENTATION_CONTEXT('2D SPACE',''
  ) );
#10081 = PCURVE('',#9207,#10082);
#10082 = DEFINITIONAL_REPRESENTATION('',(#10083),#10087);
#10083 = LINE('',#10084,#10085);
#10084 = CARTESIAN_POINT('',(-0.,-0.95));
#10085 = VECTOR('',#10086,1.);
#10086 = DIRECTION('',(-1.,0.));
#10087 = ( GEOMETRIC_REPRESENTATION_CONTEXT(2) 
PARAMETRIC_REPRESENTATION_CONTEXT() REPRESENTATION_CONTEXT('2D SPACE',''
  ) );
#10088 = FACE_BOUND('',#10089,.F.);
#10089 = EDGE_LOOP('',(#10090));
#10090 = ORIENTED_EDGE('',*,*,#7851,.T.);
#10091 = ADVANCED_FACE('',(#10092,#10118),#7927,.F.);
#10092 = FACE_BOUND('',#10093,.F.);
#10093 = EDGE_LOOP('',(#10094));
#10094 = ORIENTED_EDGE('',*,*,#10095,.T.);
#10095 = EDGE_CURVE('',#10096,#10096,#10098,.T.);
#10096 = VERTEX_POINT('',#10097);
#10097 = CARTESIAN_POINT('',(23.9,-41.45,0.4));
#10098 = SURFACE_CURVE('',#10099,(#10104,#10111),.PCURVE_S1.);
#10099 = CIRCLE('',#10100,1.5);
#10100 = AXIS2_PLACEMENT_3D('',#10101,#10102,#10103);
#10101 = CARTESIAN_POINT('',(22.4,-41.45,0.4));
#10102 = DIRECTION('',(0.,0.,1.));
#10103 = DIRECTION('',(1.,0.,0.));
#10104 = PCURVE('',#7927,#10105);
#10105 = DEFINITIONAL_REPRESENTATION('',(#10106),#10110);
#10106 = CIRCLE('',#10107,1.5);
#10107 = AXIS2_PLACEMENT_2D('',#10108,#10109);
#10108 = CARTESIAN_POINT('',(44.8,0.));
#10109 = DIRECTION('',(1.,0.));
#10110 = ( GEOMETRIC_REPRESENTATION_CONTEXT(2) 
PARAMETRIC_REPRESENTATION_CONTEXT() REPRESENTATION_CONTEXT('2D SPACE',''
  ) );
#10111 = PCURVE('',#9260,#10112);
#10112 = DEFINITIONAL_REPRESENTATION('',(#10113),#10117);
#10113 = LINE('',#10114,#10115);
#10114 = CARTESIAN_POINT('',(-0.,-0.95));
#10115 = VECTOR('',#10116,1.);
#10116 = DIRECTION('',(-1.,0.));
#10117 = ( GEOMETRIC_REPRESENTATION_CONTEXT(2) 
PARAMETRIC_REPRESENTATION_CONTEXT() REPRESENTATION_CONTEXT('2D SPACE',''
  ) );
#10118 = FACE_BOUND('',#10119,.F.);
#10119 = EDGE_LOOP('',(#10120));
#10120 = ORIENTED_EDGE('',*,*,#7910,.T.);
#10121 = ADVANCED_FACE('',(#10122,#10148),#7986,.F.);
#10122 = FACE_BOUND('',#10123,.F.);
#10123 = EDGE_LOOP('',(#10124));
#10124 = ORIENTED_EDGE('',*,*,#10125,.T.);
#10125 = EDGE_CURVE('',#10126,#10126,#10128,.T.);
#10126 = VERTEX_POINT('',#10127);
#10127 = CARTESIAN_POINT('',(-20.9,41.45,0.4));
#10128 = SURFACE_CURVE('',#10129,(#10134,#10141),.PCURVE_S1.);
#10129 = CIRCLE('',#10130,1.5);
#10130 = AXIS2_PLACEMENT_3D('',#10131,#10132,#10133);
#10131 = CARTESIAN_POINT('',(-22.4,41.45,0.4));
#10132 = DIRECTION('',(0.,0.,1.));
#10133 = DIRECTION('',(1.,0.,0.));
#10134 = PCURVE('',#7986,#10135);
#10135 = DEFINITIONAL_REPRESENTATION('',(#10136),#10140);
#10136 = CIRCLE('',#10137,1.5);
#10137 = AXIS2_PLACEMENT_2D('',#10138,#10139);
#10138 = CARTESIAN_POINT('',(0.,82.9));
#10139 = DIRECTION('',(1.,0.));
#10140 = ( GEOMETRIC_REPRESENTATION_CONTEXT(2) 
PARAMETRIC_REPRESENTATION_CONTEXT() REPRESENTATION_CONTEXT('2D SPACE',''
  ) );
#10141 = PCURVE('',#9313,#10142);
#10142 = DEFINITIONAL_REPRESENTATION('',(#10143),#10147);
#10143 = LINE('',#10144,#10145);
#10144 = CARTESIAN_POINT('',(-0.,-0.95));
#10145 = VECTOR('',#10146,1.);
#10146 = DIRECTION('',(-1.,0.));
#10147 = ( GEOMETRIC_REPRESENTATION_CONTEXT(2) 
PARAMETRIC_REPRESENTATION_CONTEXT() REPRESENTATION_CONTEXT('2D SPACE',''
  ) );
#10148 = FACE_BOUND('',#10149,.F.);
#10149 = EDGE_LOOP('',(#10150));
#10150 = ORIENTED_EDGE('',*,*,#7969,.T.);
#10151 = ADVANCED_FACE('',(#10152),#8145,.T.);
#10152 = FACE_BOUND('',#10153,.T.);
#10153 = EDGE_LOOP('',(#10154,#10155,#10156,#10157));
#10154 = ORIENTED_EDGE('',*,*,#8132,.F.);
#10155 = ORIENTED_EDGE('',*,*,#8447,.F.);
#10156 = ORIENTED_EDGE('',*,*,#8288,.F.);
#10157 = ORIENTED_EDGE('',*,*,#8213,.F.);
#10158 = ADVANCED_FACE('',(#10159),#8073,.F.);
#10159 = FACE_BOUND('',#10160,.F.);
#10160 = EDGE_LOOP('',(#10161,#10191,#10212,#10213));
#10161 = ORIENTED_EDGE('',*,*,#10162,.F.);
#10162 = EDGE_CURVE('',#10163,#10165,#10167,.T.);
#10163 = VERTEX_POINT('',#10164);
#10164 = CARTESIAN_POINT('',(22.9,-34.45,1.));
#10165 = VERTEX_POINT('',#10166);
#10166 = CARTESIAN_POINT('',(22.9,-38.89852983556,1.));
#10167 = SURFACE_CURVE('',#10168,(#10172,#10179),.PCURVE_S1.);
#10168 = LINE('',#10169,#10170);
#10169 = CARTESIAN_POINT('',(22.9,-34.45,1.));
#10170 = VECTOR('',#10171,1.);
#10171 = DIRECTION('',(0.,-1.,0.));
#10172 = PCURVE('',#8073,#10173);
#10173 = DEFINITIONAL_REPRESENTATION('',(#10174),#10178);
#10174 = LINE('',#10175,#10176);
#10175 = CARTESIAN_POINT('',(0.,0.));
#10176 = VECTOR('',#10177,1.);
#10177 = DIRECTION('',(1.,0.));
#10178 = ( GEOMETRIC_REPRESENTATION_CONTEXT(2) 
PARAMETRIC_REPRESENTATION_CONTEXT() REPRESENTATION_CONTEXT('2D SPACE',''
  ) );
#10179 = PCURVE('',#10180,#10185);
#10180 = PLANE('',#10181);
#10181 = AXIS2_PLACEMENT_3D('',#10182,#10183,#10184);
#10182 = CARTESIAN_POINT('',(0.75,0.,1.));
#10183 = DIRECTION('',(0.,0.,1.));
#10184 = DIRECTION('',(1.,0.,-0.));
#10185 = DEFINITIONAL_REPRESENTATION('',(#10186),#10190);
#10186 = LINE('',#10187,#10188);
#10187 = CARTESIAN_POINT('',(22.15,-34.45));
#10188 = VECTOR('',#10189,1.);
#10189 = DIRECTION('',(0.,-1.));
#10190 = ( GEOMETRIC_REPRESENTATION_CONTEXT(2) 
PARAMETRIC_REPRESENTATION_CONTEXT() REPRESENTATION_CONTEXT('2D SPACE',''
  ) );
#10191 = ORIENTED_EDGE('',*,*,#10192,.T.);
#10192 = EDGE_CURVE('',#10163,#8058,#10193,.T.);
#10193 = SURFACE_CURVE('',#10194,(#10198,#10205),.PCURVE_S1.);
#10194 = LINE('',#10195,#10196);
#10195 = CARTESIAN_POINT('',(22.9,-34.45,1.));
#10196 = VECTOR('',#10197,1.);
#10197 = DIRECTION('',(0.,0.,1.));
#10198 = PCURVE('',#8073,#10199);
#10199 = DEFINITIONAL_REPRESENTATION('',(#10200),#10204);
#10200 = LINE('',#10201,#10202);
#10201 = CARTESIAN_POINT('',(0.,0.));
#10202 = VECTOR('',#10203,1.);
#10203 = DIRECTION('',(0.,-1.));
#10204 = ( GEOMETRIC_REPRESENTATION_CONTEXT(2) 
PARAMETRIC_REPRESENTATION_CONTEXT() REPRESENTATION_CONTEXT('2D SPACE',''
  ) );
#10205 = PCURVE('',#8196,#10206);
#10206 = DEFINITIONAL_REPRESENTATION('',(#10207),#10211);
#10207 = LINE('',#10208,#10209);
#10208 = CARTESIAN_POINT('',(1.5,0.));
#10209 = VECTOR('',#10210,1.);
#10210 = DIRECTION('',(0.,-1.));
#10211 = ( GEOMETRIC_REPRESENTATION_CONTEXT(2) 
PARAMETRIC_REPRESENTATION_CONTEXT() REPRESENTATION_CONTEXT('2D SPACE',''
  ) );
#10212 = ORIENTED_EDGE('',*,*,#8057,.F.);
#10213 = ORIENTED_EDGE('',*,*,#10214,.T.);
#10214 = EDGE_CURVE('',#8031,#10165,#10215,.T.);
#10215 = SURFACE_CURVE('',#10216,(#10220,#10226),.PCURVE_S1.);
#10216 = LINE('',#10217,#10218);
#10217 = CARTESIAN_POINT('',(22.9,-38.89852983556,1.));
#10218 = VECTOR('',#10219,1.);
#10219 = DIRECTION('',(-0.,-0.,-1.));
#10220 = PCURVE('',#8073,#10221);
#10221 = DEFINITIONAL_REPRESENTATION('',(#10222),#10225);
#10222 = B_SPLINE_CURVE_WITH_KNOTS('',1,(#10223,#10224),.UNSPECIFIED.,
  .F.,.F.,(2,2),(-1.7000006,6.000000000173E-07),
  .PIECEWISE_BEZIER_KNOTS.);
#10223 = CARTESIAN_POINT('',(4.448529835565,-1.7000006));
#10224 = CARTESIAN_POINT('',(4.448529835565,6.000000000173E-07));
#10225 = ( GEOMETRIC_REPRESENTATION_CONTEXT(2) 
PARAMETRIC_REPRESENTATION_CONTEXT() REPRESENTATION_CONTEXT('2D SPACE',''
  ) );
#10226 = PCURVE('',#8408,#10227);
#10227 = DEFINITIONAL_REPRESENTATION('',(#10228),#10231);
#10228 = B_SPLINE_CURVE_WITH_KNOTS('',1,(#10229,#10230),.UNSPECIFIED.,
  .F.,.F.,(2,2),(-1.7000006,6.000000000173E-07),
  .PIECEWISE_BEZIER_KNOTS.);
#10229 = CARTESIAN_POINT('',(-1.377283134284,-1.7000006));
#10230 = CARTESIAN_POINT('',(-1.377283134284,6.000000000173E-07));
#10231 = ( GEOMETRIC_REPRESENTATION_CONTEXT(2) 
PARAMETRIC_REPRESENTATION_CONTEXT() REPRESENTATION_CONTEXT('2D SPACE',''
  ) );
#10232 = ADVANCED_FACE('',(#10233),#8196,.F.);
#10233 = FACE_BOUND('',#10234,.F.);
#10234 = EDGE_LOOP('',(#10235,#10258,#10279,#10280));
#10235 = ORIENTED_EDGE('',*,*,#10236,.F.);
#10236 = EDGE_CURVE('',#10237,#10163,#10239,.T.);
#10237 = VERTEX_POINT('',#10238);
#10238 = CARTESIAN_POINT('',(24.4,-34.45,1.));
#10239 = SURFACE_CURVE('',#10240,(#10244,#10251),.PCURVE_S1.);
#10240 = LINE('',#10241,#10242);
#10241 = CARTESIAN_POINT('',(24.4,-34.45,1.));
#10242 = VECTOR('',#10243,1.);
#10243 = DIRECTION('',(-1.,0.,0.));
#10244 = PCURVE('',#8196,#10245);
#10245 = DEFINITIONAL_REPRESENTATION('',(#10246),#10250);
#10246 = LINE('',#10247,#10248);
#10247 = CARTESIAN_POINT('',(0.,-0.));
#10248 = VECTOR('',#10249,1.);
#10249 = DIRECTION('',(1.,0.));
#10250 = ( GEOMETRIC_REPRESENTATION_CONTEXT(2) 
PARAMETRIC_REPRESENTATION_CONTEXT() REPRESENTATION_CONTEXT('2D SPACE',''
  ) );
#10251 = PCURVE('',#10180,#10252);
#10252 = DEFINITIONAL_REPRESENTATION('',(#10253),#10257);
#10253 = LINE('',#10254,#10255);
#10254 = CARTESIAN_POINT('',(23.65,-34.45));
#10255 = VECTOR('',#10256,1.);
#10256 = DIRECTION('',(-1.,0.));
#10257 = ( GEOMETRIC_REPRESENTATION_CONTEXT(2) 
PARAMETRIC_REPRESENTATION_CONTEXT() REPRESENTATION_CONTEXT('2D SPACE',''
  ) );
#10258 = ORIENTED_EDGE('',*,*,#10259,.T.);
#10259 = EDGE_CURVE('',#10237,#8160,#10260,.T.);
#10260 = SURFACE_CURVE('',#10261,(#10265,#10272),.PCURVE_S1.);
#10261 = LINE('',#10262,#10263);
#10262 = CARTESIAN_POINT('',(24.4,-34.45,1.));
#10263 = VECTOR('',#10264,1.);
#10264 = DIRECTION('',(0.,0.,1.));
#10265 = PCURVE('',#8196,#10266);
#10266 = DEFINITIONAL_REPRESENTATION('',(#10267),#10271);
#10267 = LINE('',#10268,#10269);
#10268 = CARTESIAN_POINT('',(0.,-0.));
#10269 = VECTOR('',#10270,1.);
#10270 = DIRECTION('',(0.,-1.));
#10271 = ( GEOMETRIC_REPRESENTATION_CONTEXT(2) 
PARAMETRIC_REPRESENTATION_CONTEXT() REPRESENTATION_CONTEXT('2D SPACE',''
  ) );
#10272 = PCURVE('',#8375,#10273);
#10273 = DEFINITIONAL_REPRESENTATION('',(#10274),#10278);
#10274 = LINE('',#10275,#10276);
#10275 = CARTESIAN_POINT('',(8.,0.));
#10276 = VECTOR('',#10277,1.);
#10277 = DIRECTION('',(0.,-1.));
#10278 = ( GEOMETRIC_REPRESENTATION_CONTEXT(2) 
PARAMETRIC_REPRESENTATION_CONTEXT() REPRESENTATION_CONTEXT('2D SPACE',''
  ) );
#10279 = ORIENTED_EDGE('',*,*,#8182,.F.);
#10280 = ORIENTED_EDGE('',*,*,#10192,.F.);
#10281 = ADVANCED_FACE('',(#10282),#8375,.T.);
#10282 = FACE_BOUND('',#10283,.T.);
#10283 = EDGE_LOOP('',(#10284,#10307,#10308,#10309));
#10284 = ORIENTED_EDGE('',*,*,#10285,.F.);
#10285 = EDGE_CURVE('',#10237,#10286,#10288,.T.);
#10286 = VERTEX_POINT('',#10287);
#10287 = CARTESIAN_POINT('',(24.4,13.55,1.));
#10288 = SURFACE_CURVE('',#10289,(#10293,#10300),.PCURVE_S1.);
#10289 = LINE('',#10290,#10291);
#10290 = CARTESIAN_POINT('',(24.4,-42.45,1.));
#10291 = VECTOR('',#10292,1.);
#10292 = DIRECTION('',(0.,1.,0.));
#10293 = PCURVE('',#8375,#10294);
#10294 = DEFINITIONAL_REPRESENTATION('',(#10295),#10299);
#10295 = LINE('',#10296,#10297);
#10296 = CARTESIAN_POINT('',(0.,0.));
#10297 = VECTOR('',#10298,1.);
#10298 = DIRECTION('',(1.,0.));
#10299 = ( GEOMETRIC_REPRESENTATION_CONTEXT(2) 
PARAMETRIC_REPRESENTATION_CONTEXT() REPRESENTATION_CONTEXT('2D SPACE',''
  ) );
#10300 = PCURVE('',#10180,#10301);
#10301 = DEFINITIONAL_REPRESENTATION('',(#10302),#10306);
#10302 = LINE('',#10303,#10304);
#10303 = CARTESIAN_POINT('',(23.65,-42.45));
#10304 = VECTOR('',#10305,1.);
#10305 = DIRECTION('',(0.,1.));
#10306 = ( GEOMETRIC_REPRESENTATION_CONTEXT(2) 
PARAMETRIC_REPRESENTATION_CONTEXT() REPRESENTATION_CONTEXT('2D SPACE',''
  ) );
#10307 = ORIENTED_EDGE('',*,*,#10259,.T.);
#10308 = ORIENTED_EDGE('',*,*,#8361,.T.);
#10309 = ORIENTED_EDGE('',*,*,#10310,.F.);
#10310 = EDGE_CURVE('',#10286,#8339,#10311,.T.);
#10311 = SURFACE_CURVE('',#10312,(#10316,#10323),.PCURVE_S1.);
#10312 = LINE('',#10313,#10314);
#10313 = CARTESIAN_POINT('',(24.4,13.55,1.));
#10314 = VECTOR('',#10315,1.);
#10315 = DIRECTION('',(0.,0.,1.));
#10316 = PCURVE('',#8375,#10317);
#10317 = DEFINITIONAL_REPRESENTATION('',(#10318),#10322);
#10318 = LINE('',#10319,#10320);
#10319 = CARTESIAN_POINT('',(56.,0.));
#10320 = VECTOR('',#10321,1.);
#10321 = DIRECTION('',(0.,-1.));
#10322 = ( GEOMETRIC_REPRESENTATION_CONTEXT(2) 
PARAMETRIC_REPRESENTATION_CONTEXT() REPRESENTATION_CONTEXT('2D SPACE',''
  ) );
#10323 = PCURVE('',#8591,#10324);
#10324 = DEFINITIONAL_REPRESENTATION('',(#10325),#10329);
#10325 = LINE('',#10326,#10327);
#10326 = CARTESIAN_POINT('',(1.5,0.));
#10327 = VECTOR('',#10328,1.);
#10328 = DIRECTION('',(0.,-1.));
#10329 = ( GEOMETRIC_REPRESENTATION_CONTEXT(2) 
PARAMETRIC_REPRESENTATION_CONTEXT() REPRESENTATION_CONTEXT('2D SPACE',''
  ) );
#10330 = ADVANCED_FACE('',(#10331),#8408,.T.);
#10331 = FACE_BOUND('',#10332,.F.);
#10332 = EDGE_LOOP('',(#10333,#10334,#10335,#10356));
#10333 = ORIENTED_EDGE('',*,*,#10214,.F.);
#10334 = ORIENTED_EDGE('',*,*,#8391,.T.);
#10335 = ORIENTED_EDGE('',*,*,#10336,.T.);
#10336 = EDGE_CURVE('',#8392,#10337,#10339,.T.);
#10337 = VERTEX_POINT('',#10338);
#10338 = CARTESIAN_POINT('',(20.,-42.45,1.));
#10339 = SURFACE_CURVE('',#10340,(#10344,#10350),.PCURVE_S1.);
#10340 = LINE('',#10341,#10342);
#10341 = CARTESIAN_POINT('',(20.,-42.45,1.));
#10342 = VECTOR('',#10343,1.);
#10343 = DIRECTION('',(-0.,-0.,-1.));
#10344 = PCURVE('',#8408,#10345);
#10345 = DEFINITIONAL_REPRESENTATION('',(#10346),#10349);
#10346 = B_SPLINE_CURVE_WITH_KNOTS('',1,(#10347,#10348),.UNSPECIFIED.,
  .F.,.F.,(2,2),(-1.7000006,6.000000000173E-07),
  .PIECEWISE_BEZIER_KNOTS.);
#10347 = CARTESIAN_POINT('',(-3.53638377329,-1.7000006));
#10348 = CARTESIAN_POINT('',(-3.53638377329,6.000000000173E-07));
#10349 = ( GEOMETRIC_REPRESENTATION_CONTEXT(2) 
PARAMETRIC_REPRESENTATION_CONTEXT() REPRESENTATION_CONTEXT('2D SPACE',''
  ) );
#10350 = PCURVE('',#8538,#10351);
#10351 = DEFINITIONAL_REPRESENTATION('',(#10352),#10355);
#10352 = B_SPLINE_CURVE_WITH_KNOTS('',1,(#10353,#10354),.UNSPECIFIED.,
  .F.,.F.,(2,2),(-1.7000006,6.000000000173E-07),
  .PIECEWISE_BEZIER_KNOTS.);
#10353 = CARTESIAN_POINT('',(42.9,-1.7000006));
#10354 = CARTESIAN_POINT('',(42.9,6.000000000173E-07));
#10355 = ( GEOMETRIC_REPRESENTATION_CONTEXT(2) 
PARAMETRIC_REPRESENTATION_CONTEXT() REPRESENTATION_CONTEXT('2D SPACE',''
  ) );
#10356 = ORIENTED_EDGE('',*,*,#10357,.F.);
#10357 = EDGE_CURVE('',#10165,#10337,#10358,.T.);
#10358 = SURFACE_CURVE('',#10359,(#10364,#10371),.PCURVE_S1.);
#10359 = CIRCLE('',#10360,2.6);
#10360 = AXIS2_PLACEMENT_3D('',#10361,#10362,#10363);
#10361 = CARTESIAN_POINT('',(22.4,-41.45,1.));
#10362 = DIRECTION('',(0.,0.,1.));
#10363 = DIRECTION('',(1.,0.,0.));
#10364 = PCURVE('',#8408,#10365);
#10365 = DEFINITIONAL_REPRESENTATION('',(#10366),#10370);
#10366 = LINE('',#10367,#10368);
#10367 = CARTESIAN_POINT('',(-0.,0.));
#10368 = VECTOR('',#10369,1.);
#10369 = DIRECTION('',(-1.,0.));
#10370 = ( GEOMETRIC_REPRESENTATION_CONTEXT(2) 
PARAMETRIC_REPRESENTATION_CONTEXT() REPRESENTATION_CONTEXT('2D SPACE',''
  ) );
#10371 = PCURVE('',#10180,#10372);
#10372 = DEFINITIONAL_REPRESENTATION('',(#10373),#10377);
#10373 = CIRCLE('',#10374,2.6);
#10374 = AXIS2_PLACEMENT_2D('',#10375,#10376);
#10375 = CARTESIAN_POINT('',(21.65,-41.45));
#10376 = DIRECTION('',(1.,0.));
#10377 = ( GEOMETRIC_REPRESENTATION_CONTEXT(2) 
PARAMETRIC_REPRESENTATION_CONTEXT() REPRESENTATION_CONTEXT('2D SPACE',''
  ) );
#10378 = ADVANCED_FACE('',(#10379),#8538,.T.);
#10379 = FACE_BOUND('',#10380,.T.);
#10380 = EDGE_LOOP('',(#10381,#10404,#10423,#10424));
#10381 = ORIENTED_EDGE('',*,*,#10382,.F.);
#10382 = EDGE_CURVE('',#10383,#10337,#10385,.T.);
#10383 = VERTEX_POINT('',#10384);
#10384 = CARTESIAN_POINT('',(-20.,-42.45,1.));
#10385 = SURFACE_CURVE('',#10386,(#10390,#10397),.PCURVE_S1.);
#10386 = LINE('',#10387,#10388);
#10387 = CARTESIAN_POINT('',(-22.9,-42.45,1.));
#10388 = VECTOR('',#10389,1.);
#10389 = DIRECTION('',(1.,0.,0.));
#10390 = PCURVE('',#8538,#10391);
#10391 = DEFINITIONAL_REPRESENTATION('',(#10392),#10396);
#10392 = LINE('',#10393,#10394);
#10393 = CARTESIAN_POINT('',(0.,0.));
#10394 = VECTOR('',#10395,1.);
#10395 = DIRECTION('',(1.,0.));
#10396 = ( GEOMETRIC_REPRESENTATION_CONTEXT(2) 
PARAMETRIC_REPRESENTATION_CONTEXT() REPRESENTATION_CONTEXT('2D SPACE',''
  ) );
#10397 = PCURVE('',#10180,#10398);
#10398 = DEFINITIONAL_REPRESENTATION('',(#10399),#10403);
#10399 = LINE('',#10400,#10401);
#10400 = CARTESIAN_POINT('',(-23.65,-42.45));
#10401 = VECTOR('',#10402,1.);
#10402 = DIRECTION('',(1.,0.));
#10403 = ( GEOMETRIC_REPRESENTATION_CONTEXT(2) 
PARAMETRIC_REPRESENTATION_CONTEXT() REPRESENTATION_CONTEXT('2D SPACE',''
  ) );
#10404 = ORIENTED_EDGE('',*,*,#10405,.F.);
#10405 = EDGE_CURVE('',#8498,#10383,#10406,.T.);
#10406 = SURFACE_CURVE('',#10407,(#10411,#10417),.PCURVE_S1.);
#10407 = LINE('',#10408,#10409);
#10408 = CARTESIAN_POINT('',(-20.,-42.45,1.));
#10409 = VECTOR('',#10410,1.);
#10410 = DIRECTION('',(-0.,-0.,-1.));
#10411 = PCURVE('',#8538,#10412);
#10412 = DEFINITIONAL_REPRESENTATION('',(#10413),#10416);
#10413 = B_SPLINE_CURVE_WITH_KNOTS('',1,(#10414,#10415),.UNSPECIFIED.,
  .F.,.F.,(2,2),(-1.7000006,6.000000000173E-07),
  .PIECEWISE_BEZIER_KNOTS.);
#10414 = CARTESIAN_POINT('',(2.9,-1.7000006));
#10415 = CARTESIAN_POINT('',(2.9,6.000000000173E-07));
#10416 = ( GEOMETRIC_REPRESENTATION_CONTEXT(2) 
PARAMETRIC_REPRESENTATION_CONTEXT() REPRESENTATION_CONTEXT('2D SPACE',''
  ) );
#10417 = PCURVE('',#8625,#10418);
#10418 = DEFINITIONAL_REPRESENTATION('',(#10419),#10422);
#10419 = B_SPLINE_CURVE_WITH_KNOTS('',1,(#10420,#10421),.UNSPECIFIED.,
  .F.,.F.,(2,2),(-1.7,-0.),.PIECEWISE_BEZIER_KNOTS.);
#10420 = CARTESIAN_POINT('',(-5.88839418748,-1.7));
#10421 = CARTESIAN_POINT('',(-5.88839418748,0.));
#10422 = ( GEOMETRIC_REPRESENTATION_CONTEXT(2) 
PARAMETRIC_REPRESENTATION_CONTEXT() REPRESENTATION_CONTEXT('2D SPACE',''
  ) );
#10423 = ORIENTED_EDGE('',*,*,#8524,.T.);
#10424 = ORIENTED_EDGE('',*,*,#10336,.T.);
#10425 = ADVANCED_FACE('',(#10426),#8591,.F.);
#10426 = FACE_BOUND('',#10427,.F.);
#10427 = EDGE_LOOP('',(#10428,#10451,#10472,#10473));
#10428 = ORIENTED_EDGE('',*,*,#10429,.F.);
#10429 = EDGE_CURVE('',#10430,#10286,#10432,.T.);
#10430 = VERTEX_POINT('',#10431);
#10431 = CARTESIAN_POINT('',(22.9,13.55,1.));
#10432 = SURFACE_CURVE('',#10433,(#10437,#10444),.PCURVE_S1.);
#10433 = LINE('',#10434,#10435);
#10434 = CARTESIAN_POINT('',(22.9,13.55,1.));
#10435 = VECTOR('',#10436,1.);
#10436 = DIRECTION('',(1.,0.,0.));
#10437 = PCURVE('',#8591,#10438);
#10438 = DEFINITIONAL_REPRESENTATION('',(#10439),#10443);
#10439 = LINE('',#10440,#10441);
#10440 = CARTESIAN_POINT('',(0.,0.));
#10441 = VECTOR('',#10442,1.);
#10442 = DIRECTION('',(1.,0.));
#10443 = ( GEOMETRIC_REPRESENTATION_CONTEXT(2) 
PARAMETRIC_REPRESENTATION_CONTEXT() REPRESENTATION_CONTEXT('2D SPACE',''
  ) );
#10444 = PCURVE('',#10180,#10445);
#10445 = DEFINITIONAL_REPRESENTATION('',(#10446),#10450);
#10446 = LINE('',#10447,#10448);
#10447 = CARTESIAN_POINT('',(22.15,13.55));
#10448 = VECTOR('',#10449,1.);
#10449 = DIRECTION('',(1.,0.));
#10450 = ( GEOMETRIC_REPRESENTATION_CONTEXT(2) 
PARAMETRIC_REPRESENTATION_CONTEXT() REPRESENTATION_CONTEXT('2D SPACE',''
  ) );
#10451 = ORIENTED_EDGE('',*,*,#10452,.T.);
#10452 = EDGE_CURVE('',#10430,#8555,#10453,.T.);
#10453 = SURFACE_CURVE('',#10454,(#10458,#10465),.PCURVE_S1.);
#10454 = LINE('',#10455,#10456);
#10455 = CARTESIAN_POINT('',(22.9,13.55,1.));
#10456 = VECTOR('',#10457,1.);
#10457 = DIRECTION('',(0.,0.,1.));
#10458 = PCURVE('',#8591,#10459);
#10459 = DEFINITIONAL_REPRESENTATION('',(#10460),#10464);
#10460 = LINE('',#10461,#10462);
#10461 = CARTESIAN_POINT('',(0.,0.));
#10462 = VECTOR('',#10463,1.);
#10463 = DIRECTION('',(0.,-1.));
#10464 = ( GEOMETRIC_REPRESENTATION_CONTEXT(2) 
PARAMETRIC_REPRESENTATION_CONTEXT() REPRESENTATION_CONTEXT('2D SPACE',''
  ) );
#10465 = PCURVE('',#8682,#10466);
#10466 = DEFINITIONAL_REPRESENTATION('',(#10467),#10471);
#10467 = LINE('',#10468,#10469);
#10468 = CARTESIAN_POINT('',(30.9,0.));
#10469 = VECTOR('',#10470,1.);
#10470 = DIRECTION('',(0.,-1.));
#10471 = ( GEOMETRIC_REPRESENTATION_CONTEXT(2) 
PARAMETRIC_REPRESENTATION_CONTEXT() REPRESENTATION_CONTEXT('2D SPACE',''
  ) );
#10472 = ORIENTED_EDGE('',*,*,#8577,.F.);
#10473 = ORIENTED_EDGE('',*,*,#10310,.F.);
#10474 = ADVANCED_FACE('',(#10475),#8625,.T.);
#10475 = FACE_BOUND('',#10476,.F.);
#10476 = EDGE_LOOP('',(#10477,#10478,#10499,#10525));
#10477 = ORIENTED_EDGE('',*,*,#8608,.T.);
#10478 = ORIENTED_EDGE('',*,*,#10479,.T.);
#10479 = EDGE_CURVE('',#8609,#10480,#10482,.T.);
#10480 = VERTEX_POINT('',#10481);
#10481 = CARTESIAN_POINT('',(-22.9,-38.89852983556,1.));
#10482 = SURFACE_CURVE('',#10483,(#10487,#10493),.PCURVE_S1.);
#10483 = LINE('',#10484,#10485);
#10484 = CARTESIAN_POINT('',(-22.9,-38.89852983556,1.));
#10485 = VECTOR('',#10486,1.);
#10486 = DIRECTION('',(-0.,-0.,-1.));
#10487 = PCURVE('',#8625,#10488);
#10488 = DEFINITIONAL_REPRESENTATION('',(#10489),#10492);
#10489 = B_SPLINE_CURVE_WITH_KNOTS('',1,(#10490,#10491),.UNSPECIFIED.,
  .F.,.F.,(2,2),(-1.7,-0.),.PIECEWISE_BEZIER_KNOTS.);
#10490 = CARTESIAN_POINT('',(-8.047494826485,-1.7));
#10491 = CARTESIAN_POINT('',(-8.047494826485,0.));
#10492 = ( GEOMETRIC_REPRESENTATION_CONTEXT(2) 
PARAMETRIC_REPRESENTATION_CONTEXT() REPRESENTATION_CONTEXT('2D SPACE',''
  ) );
#10493 = PCURVE('',#8817,#10494);
#10494 = DEFINITIONAL_REPRESENTATION('',(#10495),#10498);
#10495 = B_SPLINE_CURVE_WITH_KNOTS('',1,(#10496,#10497),.UNSPECIFIED.,
  .F.,.F.,(2,2),(-1.7000006,6.000000000173E-07),
  .PIECEWISE_BEZIER_KNOTS.);
#10496 = CARTESIAN_POINT('',(81.348529835565,-1.7000006));
#10497 = CARTESIAN_POINT('',(81.348529835565,6.000000000173E-07));
#10498 = ( GEOMETRIC_REPRESENTATION_CONTEXT(2) 
PARAMETRIC_REPRESENTATION_CONTEXT() REPRESENTATION_CONTEXT('2D SPACE',''
  ) );
#10499 = ORIENTED_EDGE('',*,*,#10500,.T.);
#10500 = EDGE_CURVE('',#10480,#10383,#10501,.T.);
#10501 = SURFACE_CURVE('',#10502,(#10507,#10514),.PCURVE_S1.);
#10502 = CIRCLE('',#10503,2.6);
#10503 = AXIS2_PLACEMENT_3D('',#10504,#10505,#10506);
#10504 = CARTESIAN_POINT('',(-22.4,-41.45,1.));
#10505 = DIRECTION('',(0.,0.,-1.));
#10506 = DIRECTION('',(-0.192307692308,0.981334678629,0.));
#10507 = PCURVE('',#8625,#10508);
#10508 = DEFINITIONAL_REPRESENTATION('',(#10509),#10513);
#10509 = LINE('',#10510,#10511);
#10510 = CARTESIAN_POINT('',(-8.047494826485,0.));
#10511 = VECTOR('',#10512,1.);
#10512 = DIRECTION('',(1.,-0.));
#10513 = ( GEOMETRIC_REPRESENTATION_CONTEXT(2) 
PARAMETRIC_REPRESENTATION_CONTEXT() REPRESENTATION_CONTEXT('2D SPACE',''
  ) );
#10514 = PCURVE('',#10180,#10515);
#10515 = DEFINITIONAL_REPRESENTATION('',(#10516),#10524);
#10516 = ( BOUNDED_CURVE() B_SPLINE_CURVE(2,(#10517,#10518,#10519,#10520
    ,#10521,#10522,#10523),.UNSPECIFIED.,.T.,.F.) 
B_SPLINE_CURVE_WITH_KNOTS((1,2,2,2,2,1),(-2.094395102393,0.,
    2.094395102393,4.188790204786,6.28318530718,8.377580409573),
.UNSPECIFIED.) CURVE() GEOMETRIC_REPRESENTATION_ITEM() 
RATIONAL_B_SPLINE_CURVE((1.,0.5,1.,0.5,1.,0.5,1.)) REPRESENTATION_ITEM(
  '') );
#10517 = CARTESIAN_POINT('',(-23.65,-38.89852983556));
#10518 = CARTESIAN_POINT('',(-19.2307240412,-38.03250443178));
#10519 = CARTESIAN_POINT('',(-20.6903620206,-42.29272238032));
#10520 = CARTESIAN_POINT('',(-22.15,-46.55294032886));
#10521 = CARTESIAN_POINT('',(-25.10963797939,-43.1587477841));
#10522 = CARTESIAN_POINT('',(-28.06927595879,-39.76455523935));
#10523 = CARTESIAN_POINT('',(-23.65,-38.89852983556));
#10524 = ( GEOMETRIC_REPRESENTATION_CONTEXT(2) 
PARAMETRIC_REPRESENTATION_CONTEXT() REPRESENTATION_CONTEXT('2D SPACE',''
  ) );
#10525 = ORIENTED_EDGE('',*,*,#10405,.F.);
#10526 = ADVANCED_FACE('',(#10527),#8736,.T.);
#10527 = FACE_BOUND('',#10528,.T.);
#10528 = EDGE_LOOP('',(#10529,#10530,#10531,#10532));
#10529 = ORIENTED_EDGE('',*,*,#8972,.F.);
#10530 = ORIENTED_EDGE('',*,*,#9083,.F.);
#10531 = ORIENTED_EDGE('',*,*,#8721,.F.);
#10532 = ORIENTED_EDGE('',*,*,#8856,.F.);
#10533 = ADVANCED_FACE('',(#10534),#8682,.F.);
#10534 = FACE_BOUND('',#10535,.F.);
#10535 = EDGE_LOOP('',(#10536,#10559,#10578,#10579));
#10536 = ORIENTED_EDGE('',*,*,#10537,.F.);
#10537 = EDGE_CURVE('',#10538,#10430,#10540,.T.);
#10538 = VERTEX_POINT('',#10539);
#10539 = CARTESIAN_POINT('',(22.9,38.898529835565,1.));
#10540 = SURFACE_CURVE('',#10541,(#10545,#10552),.PCURVE_S1.);
#10541 = LINE('',#10542,#10543);
#10542 = CARTESIAN_POINT('',(22.9,44.45,1.));
#10543 = VECTOR('',#10544,1.);
#10544 = DIRECTION('',(0.,-1.,0.));
#10545 = PCURVE('',#8682,#10546);
#10546 = DEFINITIONAL_REPRESENTATION('',(#10547),#10551);
#10547 = LINE('',#10548,#10549);
#10548 = CARTESIAN_POINT('',(0.,0.));
#10549 = VECTOR('',#10550,1.);
#10550 = DIRECTION('',(1.,0.));
#10551 = ( GEOMETRIC_REPRESENTATION_CONTEXT(2) 
PARAMETRIC_REPRESENTATION_CONTEXT() REPRESENTATION_CONTEXT('2D SPACE',''
  ) );
#10552 = PCURVE('',#10180,#10553);
#10553 = DEFINITIONAL_REPRESENTATION('',(#10554),#10558);
#10554 = LINE('',#10555,#10556);
#10555 = CARTESIAN_POINT('',(22.15,44.45));
#10556 = VECTOR('',#10557,1.);
#10557 = DIRECTION('',(0.,-1.));
#10558 = ( GEOMETRIC_REPRESENTATION_CONTEXT(2) 
PARAMETRIC_REPRESENTATION_CONTEXT() REPRESENTATION_CONTEXT('2D SPACE',''
  ) );
#10559 = ORIENTED_EDGE('',*,*,#10560,.F.);
#10560 = EDGE_CURVE('',#8667,#10538,#10561,.T.);
#10561 = SURFACE_CURVE('',#10562,(#10566,#10572),.PCURVE_S1.);
#10562 = LINE('',#10563,#10564);
#10563 = CARTESIAN_POINT('',(22.9,38.898529835565,1.));
#10564 = VECTOR('',#10565,1.);
#10565 = DIRECTION('',(-0.,-0.,-1.));
#10566 = PCURVE('',#8682,#10567);
#10567 = DEFINITIONAL_REPRESENTATION('',(#10568),#10571);
#10568 = B_SPLINE_CURVE_WITH_KNOTS('',1,(#10569,#10570),.UNSPECIFIED.,
  .F.,.F.,(2,2),(-1.7000006,6.000000000173E-07),
  .PIECEWISE_BEZIER_KNOTS.);
#10569 = CARTESIAN_POINT('',(5.551470164435,-1.7000006));
#10570 = CARTESIAN_POINT('',(5.551470164435,6.000000000173E-07));
#10571 = ( GEOMETRIC_REPRESENTATION_CONTEXT(2) 
PARAMETRIC_REPRESENTATION_CONTEXT() REPRESENTATION_CONTEXT('2D SPACE',''
  ) );
#10572 = PCURVE('',#9070,#10573);
#10573 = DEFINITIONAL_REPRESENTATION('',(#10574),#10577);
#10574 = B_SPLINE_CURVE_WITH_KNOTS('',1,(#10575,#10576),.UNSPECIFIED.,
  .F.,.F.,(2,2),(-1.7000006,6.000000000173E-07),
  .PIECEWISE_BEZIER_KNOTS.);
#10575 = CARTESIAN_POINT('',(-4.905902172895,-1.7000006));
#10576 = CARTESIAN_POINT('',(-4.905902172895,6.000000000173E-07));
#10577 = ( GEOMETRIC_REPRESENTATION_CONTEXT(2) 
PARAMETRIC_REPRESENTATION_CONTEXT() REPRESENTATION_CONTEXT('2D SPACE',''
  ) );
#10578 = ORIENTED_EDGE('',*,*,#8666,.F.);
#10579 = ORIENTED_EDGE('',*,*,#10452,.F.);
#10580 = ADVANCED_FACE('',(#10581),#8817,.T.);
#10581 = FACE_BOUND('',#10582,.T.);
#10582 = EDGE_LOOP('',(#10583,#10606,#10625,#10626));
#10583 = ORIENTED_EDGE('',*,*,#10584,.F.);
#10584 = EDGE_CURVE('',#10585,#10480,#10587,.T.);
#10585 = VERTEX_POINT('',#10586);
#10586 = CARTESIAN_POINT('',(-22.9,38.898529835565,1.));
#10587 = SURFACE_CURVE('',#10588,(#10592,#10599),.PCURVE_S1.);
#10588 = LINE('',#10589,#10590);
#10589 = CARTESIAN_POINT('',(-22.9,42.45,1.));
#10590 = VECTOR('',#10591,1.);
#10591 = DIRECTION('',(0.,-1.,0.));
#10592 = PCURVE('',#8817,#10593);
#10593 = DEFINITIONAL_REPRESENTATION('',(#10594),#10598);
#10594 = LINE('',#10595,#10596);
#10595 = CARTESIAN_POINT('',(0.,0.));
#10596 = VECTOR('',#10597,1.);
#10597 = DIRECTION('',(1.,0.));
#10598 = ( GEOMETRIC_REPRESENTATION_CONTEXT(2) 
PARAMETRIC_REPRESENTATION_CONTEXT() REPRESENTATION_CONTEXT('2D SPACE',''
  ) );
#10599 = PCURVE('',#10180,#10600);
#10600 = DEFINITIONAL_REPRESENTATION('',(#10601),#10605);
#10601 = LINE('',#10602,#10603);
#10602 = CARTESIAN_POINT('',(-23.65,42.45));
#10603 = VECTOR('',#10604,1.);
#10604 = DIRECTION('',(0.,-1.));
#10605 = ( GEOMETRIC_REPRESENTATION_CONTEXT(2) 
PARAMETRIC_REPRESENTATION_CONTEXT() REPRESENTATION_CONTEXT('2D SPACE',''
  ) );
#10606 = ORIENTED_EDGE('',*,*,#10607,.F.);
#10607 = EDGE_CURVE('',#8777,#10585,#10608,.T.);
#10608 = SURFACE_CURVE('',#10609,(#10613,#10619),.PCURVE_S1.);
#10609 = LINE('',#10610,#10611);
#10610 = CARTESIAN_POINT('',(-22.9,38.898529835565,1.));
#10611 = VECTOR('',#10612,1.);
#10612 = DIRECTION('',(-0.,-0.,-1.));
#10613 = PCURVE('',#8817,#10614);
#10614 = DEFINITIONAL_REPRESENTATION('',(#10615),#10618);
#10615 = B_SPLINE_CURVE_WITH_KNOTS('',1,(#10616,#10617),.UNSPECIFIED.,
  .F.,.F.,(2,2),(-1.7000006,6.000000000173E-07),
  .PIECEWISE_BEZIER_KNOTS.);
#10616 = CARTESIAN_POINT('',(3.551470164435,-1.7000006));
#10617 = CARTESIAN_POINT('',(3.551470164435,6.000000000173E-07));
#10618 = ( GEOMETRIC_REPRESENTATION_CONTEXT(2) 
PARAMETRIC_REPRESENTATION_CONTEXT() REPRESENTATION_CONTEXT('2D SPACE',''
  ) );
#10619 = PCURVE('',#8905,#10620);
#10620 = DEFINITIONAL_REPRESENTATION('',(#10621),#10624);
#10621 = B_SPLINE_CURVE_WITH_KNOTS('',1,(#10622,#10623),.UNSPECIFIED.,
  .F.,.F.,(2,2),(-1.7,0.),.PIECEWISE_BEZIER_KNOTS.);
#10622 = CARTESIAN_POINT('',(-4.518875787874,-1.7));
#10623 = CARTESIAN_POINT('',(-4.518875787874,0.));
#10624 = ( GEOMETRIC_REPRESENTATION_CONTEXT(2) 
PARAMETRIC_REPRESENTATION_CONTEXT() REPRESENTATION_CONTEXT('2D SPACE',''
  ) );
#10625 = ORIENTED_EDGE('',*,*,#8803,.T.);
#10626 = ORIENTED_EDGE('',*,*,#10479,.T.);
#10627 = ADVANCED_FACE('',(#10628),#8905,.T.);
#10628 = FACE_BOUND('',#10629,.F.);
#10629 = EDGE_LOOP('',(#10630,#10658,#10659,#10660));
#10630 = ORIENTED_EDGE('',*,*,#10631,.T.);
#10631 = EDGE_CURVE('',#10632,#10585,#10634,.T.);
#10632 = VERTEX_POINT('',#10633);
#10633 = CARTESIAN_POINT('',(-20.,42.45,1.));
#10634 = SURFACE_CURVE('',#10635,(#10640,#10647),.PCURVE_S1.);
#10635 = CIRCLE('',#10636,2.6);
#10636 = AXIS2_PLACEMENT_3D('',#10637,#10638,#10639);
#10637 = CARTESIAN_POINT('',(-22.4,41.45,1.));
#10638 = DIRECTION('',(0.,0.,-1.));
#10639 = DIRECTION('',(0.923076923077,0.384615384615,0.));
#10640 = PCURVE('',#8905,#10641);
#10641 = DEFINITIONAL_REPRESENTATION('',(#10642),#10646);
#10642 = LINE('',#10643,#10644);
#10643 = CARTESIAN_POINT('',(-6.677976426879,0.));
#10644 = VECTOR('',#10645,1.);
#10645 = DIRECTION('',(1.,-0.));
#10646 = ( GEOMETRIC_REPRESENTATION_CONTEXT(2) 
PARAMETRIC_REPRESENTATION_CONTEXT() REPRESENTATION_CONTEXT('2D SPACE',''
  ) );
#10647 = PCURVE('',#10180,#10648);
#10648 = DEFINITIONAL_REPRESENTATION('',(#10649),#10657);
#10649 = ( BOUNDED_CURVE() B_SPLINE_CURVE(2,(#10650,#10651,#10652,#10653
    ,#10654,#10655,#10656),.UNSPECIFIED.,.T.,.F.) 
B_SPLINE_CURVE_WITH_KNOTS((1,2,2,2,2,1),(-2.094395102393,0.,
    2.094395102393,4.188790204786,6.28318530718,8.377580409573),
.UNSPECIFIED.) CURVE() GEOMETRIC_REPRESENTATION_ITEM() 
RATIONAL_B_SPLINE_CURVE((1.,0.5,1.,0.5,1.,0.5,1.)) REPRESENTATION_ITEM(
  '') );
#10650 = CARTESIAN_POINT('',(-20.75,42.45));
#10651 = CARTESIAN_POINT('',(-19.01794919243,38.293078061835));
#10652 = CARTESIAN_POINT('',(-23.48397459621,38.871539030917));
#10653 = CARTESIAN_POINT('',(-27.95,39.45));
#10654 = CARTESIAN_POINT('',(-25.21602540378,43.028460969083));
#10655 = CARTESIAN_POINT('',(-22.48205080756,46.606921938165));
#10656 = CARTESIAN_POINT('',(-20.75,42.45));
#10657 = ( GEOMETRIC_REPRESENTATION_CONTEXT(2) 
PARAMETRIC_REPRESENTATION_CONTEXT() REPRESENTATION_CONTEXT('2D SPACE',''
  ) );
#10658 = ORIENTED_EDGE('',*,*,#10607,.F.);
#10659 = ORIENTED_EDGE('',*,*,#8888,.F.);
#10660 = ORIENTED_EDGE('',*,*,#10661,.T.);
#10661 = EDGE_CURVE('',#8889,#10632,#10662,.T.);
#10662 = SURFACE_CURVE('',#10663,(#10667,#10673),.PCURVE_S1.);
#10663 = LINE('',#10664,#10665);
#10664 = CARTESIAN_POINT('',(-20.,42.45,1.));
#10665 = VECTOR('',#10666,1.);
#10666 = DIRECTION('',(-0.,-0.,-1.));
#10667 = PCURVE('',#8905,#10668);
#10668 = DEFINITIONAL_REPRESENTATION('',(#10669),#10672);
#10669 = B_SPLINE_CURVE_WITH_KNOTS('',1,(#10670,#10671),.UNSPECIFIED.,
  .F.,.F.,(2,2),(-1.7,0.),.PIECEWISE_BEZIER_KNOTS.);
#10670 = CARTESIAN_POINT('',(-6.677976426879,-1.7));
#10671 = CARTESIAN_POINT('',(-6.677976426879,0.));
#10672 = ( GEOMETRIC_REPRESENTATION_CONTEXT(2) 
PARAMETRIC_REPRESENTATION_CONTEXT() REPRESENTATION_CONTEXT('2D SPACE',''
  ) );
#10673 = PCURVE('',#9037,#10674);
#10674 = DEFINITIONAL_REPRESENTATION('',(#10675),#10678);
#10675 = B_SPLINE_CURVE_WITH_KNOTS('',1,(#10676,#10677),.UNSPECIFIED.,
  .F.,.F.,(2,2),(-1.7000006,6.000000000173E-07),
  .PIECEWISE_BEZIER_KNOTS.);
#10676 = CARTESIAN_POINT('',(44.4,-1.7000006));
#10677 = CARTESIAN_POINT('',(44.4,6.000000000173E-07));
#10678 = ( GEOMETRIC_REPRESENTATION_CONTEXT(2) 
PARAMETRIC_REPRESENTATION_CONTEXT() REPRESENTATION_CONTEXT('2D SPACE',''
  ) );
#10679 = ADVANCED_FACE('',(#10680),#9037,.T.);
#10680 = FACE_BOUND('',#10681,.T.);
#10681 = EDGE_LOOP('',(#10682,#10705,#10724,#10725));
#10682 = ORIENTED_EDGE('',*,*,#10683,.F.);
#10683 = EDGE_CURVE('',#10684,#10632,#10686,.T.);
#10684 = VERTEX_POINT('',#10685);
#10685 = CARTESIAN_POINT('',(20.,42.45,1.));
#10686 = SURFACE_CURVE('',#10687,(#10691,#10698),.PCURVE_S1.);
#10687 = LINE('',#10688,#10689);
#10688 = CARTESIAN_POINT('',(24.4,42.45,1.));
#10689 = VECTOR('',#10690,1.);
#10690 = DIRECTION('',(-1.,0.,0.));
#10691 = PCURVE('',#9037,#10692);
#10692 = DEFINITIONAL_REPRESENTATION('',(#10693),#10697);
#10693 = LINE('',#10694,#10695);
#10694 = CARTESIAN_POINT('',(0.,-0.));
#10695 = VECTOR('',#10696,1.);
#10696 = DIRECTION('',(1.,0.));
#10697 = ( GEOMETRIC_REPRESENTATION_CONTEXT(2) 
PARAMETRIC_REPRESENTATION_CONTEXT() REPRESENTATION_CONTEXT('2D SPACE',''
  ) );
#10698 = PCURVE('',#10180,#10699);
#10699 = DEFINITIONAL_REPRESENTATION('',(#10700),#10704);
#10700 = LINE('',#10701,#10702);
#10701 = CARTESIAN_POINT('',(23.65,42.45));
#10702 = VECTOR('',#10703,1.);
#10703 = DIRECTION('',(-1.,0.));
#10704 = ( GEOMETRIC_REPRESENTATION_CONTEXT(2) 
PARAMETRIC_REPRESENTATION_CONTEXT() REPRESENTATION_CONTEXT('2D SPACE',''
  ) );
#10705 = ORIENTED_EDGE('',*,*,#10706,.F.);
#10706 = EDGE_CURVE('',#8997,#10684,#10707,.T.);
#10707 = SURFACE_CURVE('',#10708,(#10712,#10718),.PCURVE_S1.);
#10708 = LINE('',#10709,#10710);
#10709 = CARTESIAN_POINT('',(20.,42.45,1.));
#10710 = VECTOR('',#10711,1.);
#10711 = DIRECTION('',(-0.,-0.,-1.));
#10712 = PCURVE('',#9037,#10713);
#10713 = DEFINITIONAL_REPRESENTATION('',(#10714),#10717);
#10714 = B_SPLINE_CURVE_WITH_KNOTS('',1,(#10715,#10716),.UNSPECIFIED.,
  .F.,.F.,(2,2),(-1.7000006,6.000000000173E-07),
  .PIECEWISE_BEZIER_KNOTS.);
#10715 = CARTESIAN_POINT('',(4.4,-1.7000006));
#10716 = CARTESIAN_POINT('',(4.4,6.000000000173E-07));
#10717 = ( GEOMETRIC_REPRESENTATION_CONTEXT(2) 
PARAMETRIC_REPRESENTATION_CONTEXT() REPRESENTATION_CONTEXT('2D SPACE',''
  ) );
#10718 = PCURVE('',#9070,#10719);
#10719 = DEFINITIONAL_REPRESENTATION('',(#10720),#10723);
#10720 = B_SPLINE_CURVE_WITH_KNOTS('',1,(#10721,#10722),.UNSPECIFIED.,
  .F.,.F.,(2,2),(-1.7000006,6.000000000173E-07),
  .PIECEWISE_BEZIER_KNOTS.);
#10721 = CARTESIAN_POINT('',(-2.74680153389,-1.7000006));
#10722 = CARTESIAN_POINT('',(-2.74680153389,6.000000000173E-07));
#10723 = ( GEOMETRIC_REPRESENTATION_CONTEXT(2) 
PARAMETRIC_REPRESENTATION_CONTEXT() REPRESENTATION_CONTEXT('2D SPACE',''
  ) );
#10724 = ORIENTED_EDGE('',*,*,#9023,.T.);
#10725 = ORIENTED_EDGE('',*,*,#10661,.T.);
#10726 = ADVANCED_FACE('',(#10727),#9070,.T.);
#10727 = FACE_BOUND('',#10728,.F.);
#10728 = EDGE_LOOP('',(#10729,#10730,#10731,#10732));
#10729 = ORIENTED_EDGE('',*,*,#10706,.F.);
#10730 = ORIENTED_EDGE('',*,*,#9055,.T.);
#10731 = ORIENTED_EDGE('',*,*,#10560,.T.);
#10732 = ORIENTED_EDGE('',*,*,#10733,.F.);
#10733 = EDGE_CURVE('',#10684,#10538,#10734,.T.);
#10734 = SURFACE_CURVE('',#10735,(#10740,#10747),.PCURVE_S1.);
#10735 = CIRCLE('',#10736,2.6);
#10736 = AXIS2_PLACEMENT_3D('',#10737,#10738,#10739);
#10737 = CARTESIAN_POINT('',(22.4,41.45,1.));
#10738 = DIRECTION('',(0.,0.,1.));
#10739 = DIRECTION('',(1.,0.,0.));
#10740 = PCURVE('',#9070,#10741);
#10741 = DEFINITIONAL_REPRESENTATION('',(#10742),#10746);
#10742 = LINE('',#10743,#10744);
#10743 = CARTESIAN_POINT('',(-0.,0.));
#10744 = VECTOR('',#10745,1.);
#10745 = DIRECTION('',(-1.,0.));
#10746 = ( GEOMETRIC_REPRESENTATION_CONTEXT(2) 
PARAMETRIC_REPRESENTATION_CONTEXT() REPRESENTATION_CONTEXT('2D SPACE',''
  ) );
#10747 = PCURVE('',#10180,#10748);
#10748 = DEFINITIONAL_REPRESENTATION('',(#10749),#10753);
#10749 = CIRCLE('',#10750,2.6);
#10750 = AXIS2_PLACEMENT_2D('',#10751,#10752);
#10751 = CARTESIAN_POINT('',(21.65,41.45));
#10752 = DIRECTION('',(1.,0.));
#10753 = ( GEOMETRIC_REPRESENTATION_CONTEXT(2) 
PARAMETRIC_REPRESENTATION_CONTEXT() REPRESENTATION_CONTEXT('2D SPACE',''
  ) );
#10754 = ADVANCED_FACE('',(#10755,#10781),#9127,.F.);
#10755 = FACE_BOUND('',#10756,.F.);
#10756 = EDGE_LOOP('',(#10757));
#10757 = ORIENTED_EDGE('',*,*,#10758,.T.);
#10758 = EDGE_CURVE('',#10759,#10759,#10761,.T.);
#10759 = VERTEX_POINT('',#10760);
#10760 = CARTESIAN_POINT('',(23.9,41.45,0.4));
#10761 = SURFACE_CURVE('',#10762,(#10767,#10774),.PCURVE_S1.);
#10762 = CIRCLE('',#10763,1.5);
#10763 = AXIS2_PLACEMENT_3D('',#10764,#10765,#10766);
#10764 = CARTESIAN_POINT('',(22.4,41.45,0.4));
#10765 = DIRECTION('',(0.,0.,1.));
#10766 = DIRECTION('',(1.,0.,0.));
#10767 = PCURVE('',#9127,#10768);
#10768 = DEFINITIONAL_REPRESENTATION('',(#10769),#10773);
#10769 = CIRCLE('',#10770,1.5);
#10770 = AXIS2_PLACEMENT_2D('',#10771,#10772);
#10771 = CARTESIAN_POINT('',(44.8,82.9));
#10772 = DIRECTION('',(1.,0.));
#10773 = ( GEOMETRIC_REPRESENTATION_CONTEXT(2) 
PARAMETRIC_REPRESENTATION_CONTEXT() REPRESENTATION_CONTEXT('2D SPACE',''
  ) );
#10774 = PCURVE('',#10050,#10775);
#10775 = DEFINITIONAL_REPRESENTATION('',(#10776),#10780);
#10776 = LINE('',#10777,#10778);
#10777 = CARTESIAN_POINT('',(-0.,-0.95));
#10778 = VECTOR('',#10779,1.);
#10779 = DIRECTION('',(-1.,0.));
#10780 = ( GEOMETRIC_REPRESENTATION_CONTEXT(2) 
PARAMETRIC_REPRESENTATION_CONTEXT() REPRESENTATION_CONTEXT('2D SPACE',''
  ) );
#10781 = FACE_BOUND('',#10782,.F.);
#10782 = EDGE_LOOP('',(#10783));
#10783 = ORIENTED_EDGE('',*,*,#9110,.T.);
#10784 = ADVANCED_FACE('',(#10785),#9207,.F.);
#10785 = FACE_BOUND('',#10786,.T.);
#10786 = EDGE_LOOP('',(#10787,#10808,#10809,#10810));
#10787 = ORIENTED_EDGE('',*,*,#10788,.F.);
#10788 = EDGE_CURVE('',#9170,#10066,#10789,.T.);
#10789 = SEAM_CURVE('',#10790,(#10794,#10801),.PCURVE_S1.);
#10790 = LINE('',#10791,#10792);
#10791 = CARTESIAN_POINT('',(-20.9,-41.45,-0.55));
#10792 = VECTOR('',#10793,1.);
#10793 = DIRECTION('',(0.,0.,1.));
#10794 = PCURVE('',#9207,#10795);
#10795 = DEFINITIONAL_REPRESENTATION('',(#10796),#10800);
#10796 = LINE('',#10797,#10798);
#10797 = CARTESIAN_POINT('',(-6.28318530718,0.));
#10798 = VECTOR('',#10799,1.);
#10799 = DIRECTION('',(-0.,-1.));
#10800 = ( GEOMETRIC_REPRESENTATION_CONTEXT(2) 
PARAMETRIC_REPRESENTATION_CONTEXT() REPRESENTATION_CONTEXT('2D SPACE',''
  ) );
#10801 = PCURVE('',#9207,#10802);
#10802 = DEFINITIONAL_REPRESENTATION('',(#10803),#10807);
#10803 = LINE('',#10804,#10805);
#10804 = CARTESIAN_POINT('',(-0.,0.));
#10805 = VECTOR('',#10806,1.);
#10806 = DIRECTION('',(-0.,-1.));
#10807 = ( GEOMETRIC_REPRESENTATION_CONTEXT(2) 
PARAMETRIC_REPRESENTATION_CONTEXT() REPRESENTATION_CONTEXT('2D SPACE',''
  ) );
#10808 = ORIENTED_EDGE('',*,*,#9192,.T.);
#10809 = ORIENTED_EDGE('',*,*,#10788,.T.);
#10810 = ORIENTED_EDGE('',*,*,#10065,.T.);
#10811 = ADVANCED_FACE('',(#10812),#9260,.F.);
#10812 = FACE_BOUND('',#10813,.T.);
#10813 = EDGE_LOOP('',(#10814,#10835,#10836,#10837));
#10814 = ORIENTED_EDGE('',*,*,#10815,.F.);
#10815 = EDGE_CURVE('',#9223,#10096,#10816,.T.);
#10816 = SEAM_CURVE('',#10817,(#10821,#10828),.PCURVE_S1.);
#10817 = LINE('',#10818,#10819);
#10818 = CARTESIAN_POINT('',(23.9,-41.45,-0.55));
#10819 = VECTOR('',#10820,1.);
#10820 = DIRECTION('',(0.,0.,1.));
#10821 = PCURVE('',#9260,#10822);
#10822 = DEFINITIONAL_REPRESENTATION('',(#10823),#10827);
#10823 = LINE('',#10824,#10825);
#10824 = CARTESIAN_POINT('',(-6.28318530718,0.));
#10825 = VECTOR('',#10826,1.);
#10826 = DIRECTION('',(-0.,-1.));
#10827 = ( GEOMETRIC_REPRESENTATION_CONTEXT(2) 
PARAMETRIC_REPRESENTATION_CONTEXT() REPRESENTATION_CONTEXT('2D SPACE',''
  ) );
#10828 = PCURVE('',#9260,#10829);
#10829 = DEFINITIONAL_REPRESENTATION('',(#10830),#10834);
#10830 = LINE('',#10831,#10832);
#10831 = CARTESIAN_POINT('',(-0.,0.));
#10832 = VECTOR('',#10833,1.);
#10833 = DIRECTION('',(-0.,-1.));
#10834 = ( GEOMETRIC_REPRESENTATION_CONTEXT(2) 
PARAMETRIC_REPRESENTATION_CONTEXT() REPRESENTATION_CONTEXT('2D SPACE',''
  ) );
#10835 = ORIENTED_EDGE('',*,*,#9245,.T.);
#10836 = ORIENTED_EDGE('',*,*,#10815,.T.);
#10837 = ORIENTED_EDGE('',*,*,#10095,.T.);
#10838 = ADVANCED_FACE('',(#10839),#9313,.F.);
#10839 = FACE_BOUND('',#10840,.T.);
#10840 = EDGE_LOOP('',(#10841,#10862,#10863,#10864));
#10841 = ORIENTED_EDGE('',*,*,#10842,.F.);
#10842 = EDGE_CURVE('',#9276,#10126,#10843,.T.);
#10843 = SEAM_CURVE('',#10844,(#10848,#10855),.PCURVE_S1.);
#10844 = LINE('',#10845,#10846);
#10845 = CARTESIAN_POINT('',(-20.9,41.45,-0.55));
#10846 = VECTOR('',#10847,1.);
#10847 = DIRECTION('',(0.,0.,1.));
#10848 = PCURVE('',#9313,#10849);
#10849 = DEFINITIONAL_REPRESENTATION('',(#10850),#10854);
#10850 = LINE('',#10851,#10852);
#10851 = CARTESIAN_POINT('',(-6.28318530718,0.));
#10852 = VECTOR('',#10853,1.);
#10853 = DIRECTION('',(-0.,-1.));
#10854 = ( GEOMETRIC_REPRESENTATION_CONTEXT(2) 
PARAMETRIC_REPRESENTATION_CONTEXT() REPRESENTATION_CONTEXT('2D SPACE',''
  ) );
#10855 = PCURVE('',#9313,#10856);
#10856 = DEFINITIONAL_REPRESENTATION('',(#10857),#10861);
#10857 = LINE('',#10858,#10859);
#10858 = CARTESIAN_POINT('',(-0.,0.));
#10859 = VECTOR('',#10860,1.);
#10860 = DIRECTION('',(-0.,-1.));
#10861 = ( GEOMETRIC_REPRESENTATION_CONTEXT(2) 
PARAMETRIC_REPRESENTATION_CONTEXT() REPRESENTATION_CONTEXT('2D SPACE',''
  ) );
#10862 = ORIENTED_EDGE('',*,*,#9298,.T.);
#10863 = ORIENTED_EDGE('',*,*,#10842,.T.);
#10864 = ORIENTED_EDGE('',*,*,#10125,.T.);
#10865 = ADVANCED_FACE('',(#10866),#9397,.T.);
#10866 = FACE_BOUND('',#10867,.T.);
#10867 = EDGE_LOOP('',(#10868,#10889,#10890,#10911));
#10868 = ORIENTED_EDGE('',*,*,#10869,.T.);
#10869 = EDGE_CURVE('',#10870,#9329,#10872,.T.);
#10870 = VERTEX_POINT('',#10871);
#10871 = CARTESIAN_POINT('',(-20.,42.45,0.));
#10872 = SURFACE_CURVE('',#10873,(#10877,#10883),.PCURVE_S1.);
#10873 = LINE('',#10874,#10875);
#10874 = CARTESIAN_POINT('',(-20.,42.45,-0.15));
#10875 = VECTOR('',#10876,1.);
#10876 = DIRECTION('',(-0.,-0.,-1.));
#10877 = PCURVE('',#9397,#10878);
#10878 = DEFINITIONAL_REPRESENTATION('',(#10879),#10882);
#10879 = B_SPLINE_CURVE_WITH_KNOTS('',1,(#10880,#10881),.UNSPECIFIED.,
  .F.,.F.,(2,2),(-0.1500006,5.999999999895E-07),
  .PIECEWISE_BEZIER_KNOTS.);
#10880 = CARTESIAN_POINT('',(44.4,-0.1600006));
#10881 = CARTESIAN_POINT('',(44.4,-9.9994E-03));
#10882 = ( GEOMETRIC_REPRESENTATION_CONTEXT(2) 
PARAMETRIC_REPRESENTATION_CONTEXT() REPRESENTATION_CONTEXT('2D SPACE',''
  ) );
#10883 = PCURVE('',#9456,#10884);
#10884 = DEFINITIONAL_REPRESENTATION('',(#10885),#10888);
#10885 = B_SPLINE_CURVE_WITH_KNOTS('',1,(#10886,#10887),.UNSPECIFIED.,
  .F.,.F.,(2,2),(-0.15,0.),.PIECEWISE_BEZIER_KNOTS.);
#10886 = CARTESIAN_POINT('',(-6.677976426879,-0.15));
#10887 = CARTESIAN_POINT('',(-6.677976426879,0.));
#10888 = ( GEOMETRIC_REPRESENTATION_CONTEXT(2) 
PARAMETRIC_REPRESENTATION_CONTEXT() REPRESENTATION_CONTEXT('2D SPACE',''
  ) );
#10889 = ORIENTED_EDGE('',*,*,#9383,.T.);
#10890 = ORIENTED_EDGE('',*,*,#10891,.F.);
#10891 = EDGE_CURVE('',#10892,#9357,#10894,.T.);
#10892 = VERTEX_POINT('',#10893);
#10893 = CARTESIAN_POINT('',(20.,42.45,0.));
#10894 = SURFACE_CURVE('',#10895,(#10899,#10905),.PCURVE_S1.);
#10895 = LINE('',#10896,#10897);
#10896 = CARTESIAN_POINT('',(20.,42.45,-0.15));
#10897 = VECTOR('',#10898,1.);
#10898 = DIRECTION('',(-0.,-0.,-1.));
#10899 = PCURVE('',#9397,#10900);
#10900 = DEFINITIONAL_REPRESENTATION('',(#10901),#10904);
#10901 = B_SPLINE_CURVE_WITH_KNOTS('',1,(#10902,#10903),.UNSPECIFIED.,
  .F.,.F.,(2,2),(-0.1500006,5.999999999895E-07),
  .PIECEWISE_BEZIER_KNOTS.);
#10902 = CARTESIAN_POINT('',(4.4,-0.1600006));
#10903 = CARTESIAN_POINT('',(4.4,-9.9994E-03));
#10904 = ( GEOMETRIC_REPRESENTATION_CONTEXT(2) 
PARAMETRIC_REPRESENTATION_CONTEXT() REPRESENTATION_CONTEXT('2D SPACE',''
  ) );
#10905 = PCURVE('',#9515,#10906);
#10906 = DEFINITIONAL_REPRESENTATION('',(#10907),#10910);
#10907 = B_SPLINE_CURVE_WITH_KNOTS('',1,(#10908,#10909),.UNSPECIFIED.,
  .F.,.F.,(2,2),(-0.1500006,5.999999999895E-07),
  .PIECEWISE_BEZIER_KNOTS.);
#10908 = CARTESIAN_POINT('',(-2.74680153389,-0.1500006));
#10909 = CARTESIAN_POINT('',(-2.74680153389,5.999999999895E-07));
#10910 = ( GEOMETRIC_REPRESENTATION_CONTEXT(2) 
PARAMETRIC_REPRESENTATION_CONTEXT() REPRESENTATION_CONTEXT('2D SPACE',''
  ) );
#10911 = ORIENTED_EDGE('',*,*,#10912,.F.);
#10912 = EDGE_CURVE('',#10870,#10892,#10913,.T.);
#10913 = SURFACE_CURVE('',#10914,(#10918,#10924),.PCURVE_S1.);
#10914 = LINE('',#10915,#10916);
#10915 = CARTESIAN_POINT('',(12.2,42.45,0.));
#10916 = VECTOR('',#10917,1.);
#10917 = DIRECTION('',(1.,0.,-0.));
#10918 = PCURVE('',#9397,#10919);
#10919 = DEFINITIONAL_REPRESENTATION('',(#10920),#10923);
#10920 = B_SPLINE_CURVE_WITH_KNOTS('',1,(#10921,#10922),.UNSPECIFIED.,
  .F.,.F.,(2,2),(-33.15,10.25),.PIECEWISE_BEZIER_KNOTS.);
#10921 = CARTESIAN_POINT('',(45.35,-0.16));
#10922 = CARTESIAN_POINT('',(1.95,-0.16));
#10923 = ( GEOMETRIC_REPRESENTATION_CONTEXT(2) 
PARAMETRIC_REPRESENTATION_CONTEXT() REPRESENTATION_CONTEXT('2D SPACE',''
  ) );
#10924 = PCURVE('',#10925,#10930);
#10925 = PLANE('',#10926);
#10926 = AXIS2_PLACEMENT_3D('',#10927,#10928,#10929);
#10927 = CARTESIAN_POINT('',(0.,1.584485543158E-15,0.));
#10928 = DIRECTION('',(0.,0.,1.));
#10929 = DIRECTION('',(1.,0.,-0.));
#10930 = DEFINITIONAL_REPRESENTATION('',(#10931),#10935);
#10931 = LINE('',#10932,#10933);
#10932 = CARTESIAN_POINT('',(12.2,42.45));
#10933 = VECTOR('',#10934,1.);
#10934 = DIRECTION('',(1.,0.));
#10935 = ( GEOMETRIC_REPRESENTATION_CONTEXT(2) 
PARAMETRIC_REPRESENTATION_CONTEXT() REPRESENTATION_CONTEXT('2D SPACE',''
  ) );
#10936 = ADVANCED_FACE('',(#10937),#9456,.T.);
#10937 = FACE_BOUND('',#10938,.F.);
#10938 = EDGE_LOOP('',(#10939,#10960,#10986,#10987));
#10939 = ORIENTED_EDGE('',*,*,#10940,.F.);
#10940 = EDGE_CURVE('',#10941,#9415,#10943,.T.);
#10941 = VERTEX_POINT('',#10942);
#10942 = CARTESIAN_POINT('',(-22.9,38.898529835565,0.));
#10943 = SURFACE_CURVE('',#10944,(#10948,#10954),.PCURVE_S1.);
#10944 = LINE('',#10945,#10946);
#10945 = CARTESIAN_POINT('',(-22.9,38.898529835565,-0.15));
#10946 = VECTOR('',#10947,1.);
#10947 = DIRECTION('',(-0.,-0.,-1.));
#10948 = PCURVE('',#9456,#10949);
#10949 = DEFINITIONAL_REPRESENTATION('',(#10950),#10953);
#10950 = B_SPLINE_CURVE_WITH_KNOTS('',1,(#10951,#10952),.UNSPECIFIED.,
  .F.,.F.,(2,2),(-0.15,0.),.PIECEWISE_BEZIER_KNOTS.);
#10951 = CARTESIAN_POINT('',(-4.518875787874,-0.15));
#10952 = CARTESIAN_POINT('',(-4.518875787874,0.));
#10953 = ( GEOMETRIC_REPRESENTATION_CONTEXT(2) 
PARAMETRIC_REPRESENTATION_CONTEXT() REPRESENTATION_CONTEXT('2D SPACE',''
  ) );
#10954 = PCURVE('',#9573,#10955);
#10955 = DEFINITIONAL_REPRESENTATION('',(#10956),#10959);
#10956 = B_SPLINE_CURVE_WITH_KNOTS('',1,(#10957,#10958),.UNSPECIFIED.,
  .F.,.F.,(2,2),(-0.1500006,5.999999999895E-07),
  .PIECEWISE_BEZIER_KNOTS.);
#10957 = CARTESIAN_POINT('',(3.551470164435,-0.1600006));
#10958 = CARTESIAN_POINT('',(3.551470164435,-9.9994E-03));
#10959 = ( GEOMETRIC_REPRESENTATION_CONTEXT(2) 
PARAMETRIC_REPRESENTATION_CONTEXT() REPRESENTATION_CONTEXT('2D SPACE',''
  ) );
#10960 = ORIENTED_EDGE('',*,*,#10961,.F.);
#10961 = EDGE_CURVE('',#10870,#10941,#10962,.T.);
#10962 = SURFACE_CURVE('',#10963,(#10968,#10975),.PCURVE_S1.);
#10963 = CIRCLE('',#10964,2.6);
#10964 = AXIS2_PLACEMENT_3D('',#10965,#10966,#10967);
#10965 = CARTESIAN_POINT('',(-22.4,41.45,0.));
#10966 = DIRECTION('',(0.,0.,-1.));
#10967 = DIRECTION('',(0.923076923077,0.384615384615,0.));
#10968 = PCURVE('',#9456,#10969);
#10969 = DEFINITIONAL_REPRESENTATION('',(#10970),#10974);
#10970 = LINE('',#10971,#10972);
#10971 = CARTESIAN_POINT('',(-6.677976426879,-0.15));
#10972 = VECTOR('',#10973,1.);
#10973 = DIRECTION('',(1.,-0.));
#10974 = ( GEOMETRIC_REPRESENTATION_CONTEXT(2) 
PARAMETRIC_REPRESENTATION_CONTEXT() REPRESENTATION_CONTEXT('2D SPACE',''
  ) );
#10975 = PCURVE('',#10925,#10976);
#10976 = DEFINITIONAL_REPRESENTATION('',(#10977),#10985);
#10977 = ( BOUNDED_CURVE() B_SPLINE_CURVE(2,(#10978,#10979,#10980,#10981
    ,#10982,#10983,#10984),.UNSPECIFIED.,.T.,.F.) 
B_SPLINE_CURVE_WITH_KNOTS((1,2,2,2,2,1),(-2.094395102393,0.,
    2.094395102393,4.188790204786,6.28318530718,8.377580409573),
.UNSPECIFIED.) CURVE() GEOMETRIC_REPRESENTATION_ITEM() 
RATIONAL_B_SPLINE_CURVE((1.,0.5,1.,0.5,1.,0.5,1.)) REPRESENTATION_ITEM(
  '') );
#10978 = CARTESIAN_POINT('',(-20.,42.45));
#10979 = CARTESIAN_POINT('',(-18.26794919243,38.293078061835));
#10980 = CARTESIAN_POINT('',(-22.73397459621,38.871539030917));
#10981 = CARTESIAN_POINT('',(-27.2,39.45));
#10982 = CARTESIAN_POINT('',(-24.46602540378,43.028460969083));
#10983 = CARTESIAN_POINT('',(-21.73205080756,46.606921938165));
#10984 = CARTESIAN_POINT('',(-20.,42.45));
#10985 = ( GEOMETRIC_REPRESENTATION_CONTEXT(2) 
PARAMETRIC_REPRESENTATION_CONTEXT() REPRESENTATION_CONTEXT('2D SPACE',''
  ) );
#10986 = ORIENTED_EDGE('',*,*,#10869,.T.);
#10987 = ORIENTED_EDGE('',*,*,#9441,.T.);
#10988 = ADVANCED_FACE('',(#10989),#9515,.T.);
#10989 = FACE_BOUND('',#10990,.F.);
#10990 = EDGE_LOOP('',(#10991,#11012,#11013,#11014));
#10991 = ORIENTED_EDGE('',*,*,#10992,.T.);
#10992 = EDGE_CURVE('',#10993,#9474,#10995,.T.);
#10993 = VERTEX_POINT('',#10994);
#10994 = CARTESIAN_POINT('',(22.9,38.898529835565,0.));
#10995 = SURFACE_CURVE('',#10996,(#11000,#11006),.PCURVE_S1.);
#10996 = LINE('',#10997,#10998);
#10997 = CARTESIAN_POINT('',(22.9,38.898529835565,-0.15));
#10998 = VECTOR('',#10999,1.);
#10999 = DIRECTION('',(-0.,-0.,-1.));
#11000 = PCURVE('',#9515,#11001);
#11001 = DEFINITIONAL_REPRESENTATION('',(#11002),#11005);
#11002 = B_SPLINE_CURVE_WITH_KNOTS('',1,(#11003,#11004),.UNSPECIFIED.,
  .F.,.F.,(2,2),(-0.1500006,5.999999999895E-07),
  .PIECEWISE_BEZIER_KNOTS.);
#11003 = CARTESIAN_POINT('',(-4.905902172895,-0.1500006));
#11004 = CARTESIAN_POINT('',(-4.905902172895,5.999999999895E-07));
#11005 = ( GEOMETRIC_REPRESENTATION_CONTEXT(2) 
PARAMETRIC_REPRESENTATION_CONTEXT() REPRESENTATION_CONTEXT('2D SPACE',''
  ) );
#11006 = PCURVE('',#9627,#11007);
#11007 = DEFINITIONAL_REPRESENTATION('',(#11008),#11011);
#11008 = B_SPLINE_CURVE_WITH_KNOTS('',1,(#11009,#11010),.UNSPECIFIED.,
  .F.,.F.,(2,2),(-0.1500006,5.999999999895E-07),
  .PIECEWISE_BEZIER_KNOTS.);
#11009 = CARTESIAN_POINT('',(5.551470164435,-0.1500006));
#11010 = CARTESIAN_POINT('',(5.551470164435,5.999999999895E-07));
#11011 = ( GEOMETRIC_REPRESENTATION_CONTEXT(2) 
PARAMETRIC_REPRESENTATION_CONTEXT() REPRESENTATION_CONTEXT('2D SPACE',''
  ) );
#11012 = ORIENTED_EDGE('',*,*,#9500,.F.);
#11013 = ORIENTED_EDGE('',*,*,#10891,.F.);
#11014 = ORIENTED_EDGE('',*,*,#11015,.T.);
#11015 = EDGE_CURVE('',#10892,#10993,#11016,.T.);
#11016 = SURFACE_CURVE('',#11017,(#11022,#11029),.PCURVE_S1.);
#11017 = CIRCLE('',#11018,2.6);
#11018 = AXIS2_PLACEMENT_3D('',#11019,#11020,#11021);
#11019 = CARTESIAN_POINT('',(22.4,41.45,0.));
#11020 = DIRECTION('',(0.,0.,1.));
#11021 = DIRECTION('',(1.,0.,0.));
#11022 = PCURVE('',#9515,#11023);
#11023 = DEFINITIONAL_REPRESENTATION('',(#11024),#11028);
#11024 = LINE('',#11025,#11026);
#11025 = CARTESIAN_POINT('',(-0.,-0.15));
#11026 = VECTOR('',#11027,1.);
#11027 = DIRECTION('',(-1.,0.));
#11028 = ( GEOMETRIC_REPRESENTATION_CONTEXT(2) 
PARAMETRIC_REPRESENTATION_CONTEXT() REPRESENTATION_CONTEXT('2D SPACE',''
  ) );
#11029 = PCURVE('',#10925,#11030);
#11030 = DEFINITIONAL_REPRESENTATION('',(#11031),#11035);
#11031 = CIRCLE('',#11032,2.6);
#11032 = AXIS2_PLACEMENT_2D('',#11033,#11034);
#11033 = CARTESIAN_POINT('',(22.4,41.45));
#11034 = DIRECTION('',(1.,0.));
#11035 = ( GEOMETRIC_REPRESENTATION_CONTEXT(2) 
PARAMETRIC_REPRESENTATION_CONTEXT() REPRESENTATION_CONTEXT('2D SPACE',''
  ) );
#11036 = ADVANCED_FACE('',(#11037),#9573,.T.);
#11037 = FACE_BOUND('',#11038,.T.);
#11038 = EDGE_LOOP('',(#11039,#11060,#11061,#11062));
#11039 = ORIENTED_EDGE('',*,*,#11040,.T.);
#11040 = EDGE_CURVE('',#11041,#9531,#11043,.T.);
#11041 = VERTEX_POINT('',#11042);
#11042 = CARTESIAN_POINT('',(-22.9,-38.89852983556,0.));
#11043 = SURFACE_CURVE('',#11044,(#11048,#11054),.PCURVE_S1.);
#11044 = LINE('',#11045,#11046);
#11045 = CARTESIAN_POINT('',(-22.9,-38.89852983556,-0.15));
#11046 = VECTOR('',#11047,1.);
#11047 = DIRECTION('',(-0.,-0.,-1.));
#11048 = PCURVE('',#9573,#11049);
#11049 = DEFINITIONAL_REPRESENTATION('',(#11050),#11053);
#11050 = B_SPLINE_CURVE_WITH_KNOTS('',1,(#11051,#11052),.UNSPECIFIED.,
  .F.,.F.,(2,2),(-0.1500006,5.999999999895E-07),
  .PIECEWISE_BEZIER_KNOTS.);
#11051 = CARTESIAN_POINT('',(81.348529835565,-0.1600006));
#11052 = CARTESIAN_POINT('',(81.348529835565,-9.9994E-03));
#11053 = ( GEOMETRIC_REPRESENTATION_CONTEXT(2) 
PARAMETRIC_REPRESENTATION_CONTEXT() REPRESENTATION_CONTEXT('2D SPACE',''
  ) );
#11054 = PCURVE('',#9686,#11055);
#11055 = DEFINITIONAL_REPRESENTATION('',(#11056),#11059);
#11056 = B_SPLINE_CURVE_WITH_KNOTS('',1,(#11057,#11058),.UNSPECIFIED.,
  .F.,.F.,(2,2),(-0.15,-0.),.PIECEWISE_BEZIER_KNOTS.);
#11057 = CARTESIAN_POINT('',(-8.047494826485,-0.15));
#11058 = CARTESIAN_POINT('',(-8.047494826485,0.));
#11059 = ( GEOMETRIC_REPRESENTATION_CONTEXT(2) 
PARAMETRIC_REPRESENTATION_CONTEXT() REPRESENTATION_CONTEXT('2D SPACE',''
  ) );
#11060 = ORIENTED_EDGE('',*,*,#9559,.T.);
#11061 = ORIENTED_EDGE('',*,*,#10940,.F.);
#11062 = ORIENTED_EDGE('',*,*,#11063,.F.);
#11063 = EDGE_CURVE('',#11041,#10941,#11064,.T.);
#11064 = SURFACE_CURVE('',#11065,(#11069,#11075),.PCURVE_S1.);
#11065 = LINE('',#11066,#11067);
#11066 = CARTESIAN_POINT('',(-22.9,21.225,0.));
#11067 = VECTOR('',#11068,1.);
#11068 = DIRECTION('',(-0.,1.,0.));
#11069 = PCURVE('',#9573,#11070);
#11070 = DEFINITIONAL_REPRESENTATION('',(#11071),#11074);
#11071 = B_SPLINE_CURVE_WITH_KNOTS('',1,(#11072,#11073),.UNSPECIFIED.,
  .F.,.F.,(2,2),(-61.725,19.275),.PIECEWISE_BEZIER_KNOTS.);
#11072 = CARTESIAN_POINT('',(82.95,-0.16));
#11073 = CARTESIAN_POINT('',(1.95,-0.16));
#11074 = ( GEOMETRIC_REPRESENTATION_CONTEXT(2) 
PARAMETRIC_REPRESENTATION_CONTEXT() REPRESENTATION_CONTEXT('2D SPACE',''
  ) );
#11075 = PCURVE('',#10925,#11076);
#11076 = DEFINITIONAL_REPRESENTATION('',(#11077),#11081);
#11077 = LINE('',#11078,#11079);
#11078 = CARTESIAN_POINT('',(-22.9,21.225));
#11079 = VECTOR('',#11080,1.);
#11080 = DIRECTION('',(0.,1.));
#11081 = ( GEOMETRIC_REPRESENTATION_CONTEXT(2) 
PARAMETRIC_REPRESENTATION_CONTEXT() REPRESENTATION_CONTEXT('2D SPACE',''
  ) );
#11082 = ADVANCED_FACE('',(#11083),#9627,.F.);
#11083 = FACE_BOUND('',#11084,.F.);
#11084 = EDGE_LOOP('',(#11085,#11108,#11109,#11110));
#11085 = ORIENTED_EDGE('',*,*,#11086,.F.);
#11086 = EDGE_CURVE('',#9591,#11087,#11089,.T.);
#11087 = VERTEX_POINT('',#11088);
#11088 = CARTESIAN_POINT('',(22.9,13.55,0.));
#11089 = SURFACE_CURVE('',#11090,(#11094,#11101),.PCURVE_S1.);
#11090 = LINE('',#11091,#11092);
#11091 = CARTESIAN_POINT('',(22.9,13.55,-0.15));
#11092 = VECTOR('',#11093,1.);
#11093 = DIRECTION('',(0.,0.,1.));
#11094 = PCURVE('',#9627,#11095);
#11095 = DEFINITIONAL_REPRESENTATION('',(#11096),#11100);
#11096 = LINE('',#11097,#11098);
#11097 = CARTESIAN_POINT('',(30.9,0.));
#11098 = VECTOR('',#11099,1.);
#11099 = DIRECTION('',(0.,-1.));
#11100 = ( GEOMETRIC_REPRESENTATION_CONTEXT(2) 
PARAMETRIC_REPRESENTATION_CONTEXT() REPRESENTATION_CONTEXT('2D SPACE',''
  ) );
#11101 = PCURVE('',#9740,#11102);
#11102 = DEFINITIONAL_REPRESENTATION('',(#11103),#11107);
#11103 = LINE('',#11104,#11105);
#11104 = CARTESIAN_POINT('',(0.,0.));
#11105 = VECTOR('',#11106,1.);
#11106 = DIRECTION('',(0.,-1.));
#11107 = ( GEOMETRIC_REPRESENTATION_CONTEXT(2) 
PARAMETRIC_REPRESENTATION_CONTEXT() REPRESENTATION_CONTEXT('2D SPACE',''
  ) );
#11108 = ORIENTED_EDGE('',*,*,#9613,.F.);
#11109 = ORIENTED_EDGE('',*,*,#10992,.F.);
#11110 = ORIENTED_EDGE('',*,*,#11111,.T.);
#11111 = EDGE_CURVE('',#10993,#11087,#11112,.T.);
#11112 = SURFACE_CURVE('',#11113,(#11117,#11124),.PCURVE_S1.);
#11113 = LINE('',#11114,#11115);
#11114 = CARTESIAN_POINT('',(22.9,44.45,0.));
#11115 = VECTOR('',#11116,1.);
#11116 = DIRECTION('',(0.,-1.,0.));
#11117 = PCURVE('',#9627,#11118);
#11118 = DEFINITIONAL_REPRESENTATION('',(#11119),#11123);
#11119 = LINE('',#11120,#11121);
#11120 = CARTESIAN_POINT('',(0.,-0.15));
#11121 = VECTOR('',#11122,1.);
#11122 = DIRECTION('',(1.,0.));
#11123 = ( GEOMETRIC_REPRESENTATION_CONTEXT(2) 
PARAMETRIC_REPRESENTATION_CONTEXT() REPRESENTATION_CONTEXT('2D SPACE',''
  ) );
#11124 = PCURVE('',#10925,#11125);
#11125 = DEFINITIONAL_REPRESENTATION('',(#11126),#11130);
#11126 = LINE('',#11127,#11128);
#11127 = CARTESIAN_POINT('',(22.9,44.45));
#11128 = VECTOR('',#11129,1.);
#11129 = DIRECTION('',(0.,-1.));
#11130 = ( GEOMETRIC_REPRESENTATION_CONTEXT(2) 
PARAMETRIC_REPRESENTATION_CONTEXT() REPRESENTATION_CONTEXT('2D SPACE',''
  ) );
#11131 = ADVANCED_FACE('',(#11132),#9686,.T.);
#11132 = FACE_BOUND('',#11133,.F.);
#11133 = EDGE_LOOP('',(#11134,#11155,#11177,#11178));
#11134 = ORIENTED_EDGE('',*,*,#11135,.F.);
#11135 = EDGE_CURVE('',#11136,#9645,#11138,.T.);
#11136 = VERTEX_POINT('',#11137);
#11137 = CARTESIAN_POINT('',(-20.,-42.45,0.));
#11138 = SURFACE_CURVE('',#11139,(#11143,#11149),.PCURVE_S1.);
#11139 = LINE('',#11140,#11141);
#11140 = CARTESIAN_POINT('',(-20.,-42.45,-0.15));
#11141 = VECTOR('',#11142,1.);
#11142 = DIRECTION('',(-0.,-0.,-1.));
#11143 = PCURVE('',#9686,#11144);
#11144 = DEFINITIONAL_REPRESENTATION('',(#11145),#11148);
#11145 = B_SPLINE_CURVE_WITH_KNOTS('',1,(#11146,#11147),.UNSPECIFIED.,
  .F.,.F.,(2,2),(-0.15,-0.),.PIECEWISE_BEZIER_KNOTS.);
#11146 = CARTESIAN_POINT('',(-5.88839418748,-0.15));
#11147 = CARTESIAN_POINT('',(-5.88839418748,0.));
#11148 = ( GEOMETRIC_REPRESENTATION_CONTEXT(2) 
PARAMETRIC_REPRESENTATION_CONTEXT() REPRESENTATION_CONTEXT('2D SPACE',''
  ) );
#11149 = PCURVE('',#9798,#11150);
#11150 = DEFINITIONAL_REPRESENTATION('',(#11151),#11154);
#11151 = B_SPLINE_CURVE_WITH_KNOTS('',1,(#11152,#11153),.UNSPECIFIED.,
  .F.,.F.,(2,2),(-0.1500006,5.999999999895E-07),
  .PIECEWISE_BEZIER_KNOTS.);
#11152 = CARTESIAN_POINT('',(2.9,-0.1600006));
#11153 = CARTESIAN_POINT('',(2.9,-9.9994E-03));
#11154 = ( GEOMETRIC_REPRESENTATION_CONTEXT(2) 
PARAMETRIC_REPRESENTATION_CONTEXT() REPRESENTATION_CONTEXT('2D SPACE',''
  ) );
#11155 = ORIENTED_EDGE('',*,*,#11156,.T.);
#11156 = EDGE_CURVE('',#11136,#11041,#11157,.T.);
#11157 = SURFACE_CURVE('',#11158,(#11163,#11170),.PCURVE_S1.);
#11158 = CIRCLE('',#11159,2.6);
#11159 = AXIS2_PLACEMENT_3D('',#11160,#11161,#11162);
#11160 = CARTESIAN_POINT('',(-22.4,-41.45,0.));
#11161 = DIRECTION('',(-0.,0.,1.));
#11162 = DIRECTION('',(0.923076923077,-0.384615384615,0.));
#11163 = PCURVE('',#9686,#11164);
#11164 = DEFINITIONAL_REPRESENTATION('',(#11165),#11169);
#11165 = LINE('',#11166,#11167);
#11166 = CARTESIAN_POINT('',(-5.88839418748,-0.15));
#11167 = VECTOR('',#11168,1.);
#11168 = DIRECTION('',(-1.,0.));
#11169 = ( GEOMETRIC_REPRESENTATION_CONTEXT(2) 
PARAMETRIC_REPRESENTATION_CONTEXT() REPRESENTATION_CONTEXT('2D SPACE',''
  ) );
#11170 = PCURVE('',#10925,#11171);
#11171 = DEFINITIONAL_REPRESENTATION('',(#11172),#11176);
#11172 = CIRCLE('',#11173,2.6);
#11173 = AXIS2_PLACEMENT_2D('',#11174,#11175);
#11174 = CARTESIAN_POINT('',(-22.4,-41.45));
#11175 = DIRECTION('',(0.923076923077,-0.384615384615));
#11176 = ( GEOMETRIC_REPRESENTATION_CONTEXT(2) 
PARAMETRIC_REPRESENTATION_CONTEXT() REPRESENTATION_CONTEXT('2D SPACE',''
  ) );
#11177 = ORIENTED_EDGE('',*,*,#11040,.T.);
#11178 = ORIENTED_EDGE('',*,*,#9671,.T.);
#11179 = ADVANCED_FACE('',(#11180),#9740,.F.);
#11180 = FACE_BOUND('',#11181,.F.);
#11181 = EDGE_LOOP('',(#11182,#11183,#11206,#11227));
#11182 = ORIENTED_EDGE('',*,*,#11086,.T.);
#11183 = ORIENTED_EDGE('',*,*,#11184,.T.);
#11184 = EDGE_CURVE('',#11087,#11185,#11187,.T.);
#11185 = VERTEX_POINT('',#11186);
#11186 = CARTESIAN_POINT('',(24.4,13.55,0.));
#11187 = SURFACE_CURVE('',#11188,(#11192,#11199),.PCURVE_S1.);
#11188 = LINE('',#11189,#11190);
#11189 = CARTESIAN_POINT('',(22.9,13.55,0.));
#11190 = VECTOR('',#11191,1.);
#11191 = DIRECTION('',(1.,0.,0.));
#11192 = PCURVE('',#9740,#11193);
#11193 = DEFINITIONAL_REPRESENTATION('',(#11194),#11198);
#11194 = LINE('',#11195,#11196);
#11195 = CARTESIAN_POINT('',(0.,-0.15));
#11196 = VECTOR('',#11197,1.);
#11197 = DIRECTION('',(1.,0.));
#11198 = ( GEOMETRIC_REPRESENTATION_CONTEXT(2) 
PARAMETRIC_REPRESENTATION_CONTEXT() REPRESENTATION_CONTEXT('2D SPACE',''
  ) );
#11199 = PCURVE('',#10925,#11200);
#11200 = DEFINITIONAL_REPRESENTATION('',(#11201),#11205);
#11201 = LINE('',#11202,#11203);
#11202 = CARTESIAN_POINT('',(22.9,13.55));
#11203 = VECTOR('',#11204,1.);
#11204 = DIRECTION('',(1.,0.));
#11205 = ( GEOMETRIC_REPRESENTATION_CONTEXT(2) 
PARAMETRIC_REPRESENTATION_CONTEXT() REPRESENTATION_CONTEXT('2D SPACE',''
  ) );
#11206 = ORIENTED_EDGE('',*,*,#11207,.F.);
#11207 = EDGE_CURVE('',#9704,#11185,#11208,.T.);
#11208 = SURFACE_CURVE('',#11209,(#11213,#11220),.PCURVE_S1.);
#11209 = LINE('',#11210,#11211);
#11210 = CARTESIAN_POINT('',(24.4,13.55,-0.15));
#11211 = VECTOR('',#11212,1.);
#11212 = DIRECTION('',(0.,0.,1.));
#11213 = PCURVE('',#9740,#11214);
#11214 = DEFINITIONAL_REPRESENTATION('',(#11215),#11219);
#11215 = LINE('',#11216,#11217);
#11216 = CARTESIAN_POINT('',(1.5,0.));
#11217 = VECTOR('',#11218,1.);
#11218 = DIRECTION('',(0.,-1.));
#11219 = ( GEOMETRIC_REPRESENTATION_CONTEXT(2) 
PARAMETRIC_REPRESENTATION_CONTEXT() REPRESENTATION_CONTEXT('2D SPACE',''
  ) );
#11220 = PCURVE('',#9852,#11221);
#11221 = DEFINITIONAL_REPRESENTATION('',(#11222),#11226);
#11222 = LINE('',#11223,#11224);
#11223 = CARTESIAN_POINT('',(56.,-1.E-02));
#11224 = VECTOR('',#11225,1.);
#11225 = DIRECTION('',(0.,-1.));
#11226 = ( GEOMETRIC_REPRESENTATION_CONTEXT(2) 
PARAMETRIC_REPRESENTATION_CONTEXT() REPRESENTATION_CONTEXT('2D SPACE',''
  ) );
#11227 = ORIENTED_EDGE('',*,*,#9726,.F.);
#11228 = ADVANCED_FACE('',(#11229),#9798,.T.);
#11229 = FACE_BOUND('',#11230,.T.);
#11230 = EDGE_LOOP('',(#11231,#11252,#11253,#11254));
#11231 = ORIENTED_EDGE('',*,*,#11232,.T.);
#11232 = EDGE_CURVE('',#11233,#9756,#11235,.T.);
#11233 = VERTEX_POINT('',#11234);
#11234 = CARTESIAN_POINT('',(20.,-42.45,0.));
#11235 = SURFACE_CURVE('',#11236,(#11240,#11246),.PCURVE_S1.);
#11236 = LINE('',#11237,#11238);
#11237 = CARTESIAN_POINT('',(20.,-42.45,-0.15));
#11238 = VECTOR('',#11239,1.);
#11239 = DIRECTION('',(-0.,-0.,-1.));
#11240 = PCURVE('',#9798,#11241);
#11241 = DEFINITIONAL_REPRESENTATION('',(#11242),#11245);
#11242 = B_SPLINE_CURVE_WITH_KNOTS('',1,(#11243,#11244),.UNSPECIFIED.,
  .F.,.F.,(2,2),(-0.1500006,5.999999999895E-07),
  .PIECEWISE_BEZIER_KNOTS.);
#11243 = CARTESIAN_POINT('',(42.9,-0.1600006));
#11244 = CARTESIAN_POINT('',(42.9,-9.9994E-03));
#11245 = ( GEOMETRIC_REPRESENTATION_CONTEXT(2) 
PARAMETRIC_REPRESENTATION_CONTEXT() REPRESENTATION_CONTEXT('2D SPACE',''
  ) );
#11246 = PCURVE('',#9911,#11247);
#11247 = DEFINITIONAL_REPRESENTATION('',(#11248),#11251);
#11248 = B_SPLINE_CURVE_WITH_KNOTS('',1,(#11249,#11250),.UNSPECIFIED.,
  .F.,.F.,(2,2),(-0.1500006,5.999999999895E-07),
  .PIECEWISE_BEZIER_KNOTS.);
#11249 = CARTESIAN_POINT('',(-3.53638377329,-0.1500006));
#11250 = CARTESIAN_POINT('',(-3.53638377329,5.999999999895E-07));
#11251 = ( GEOMETRIC_REPRESENTATION_CONTEXT(2) 
PARAMETRIC_REPRESENTATION_CONTEXT() REPRESENTATION_CONTEXT('2D SPACE',''
  ) );
#11252 = ORIENTED_EDGE('',*,*,#9784,.T.);
#11253 = ORIENTED_EDGE('',*,*,#11135,.F.);
#11254 = ORIENTED_EDGE('',*,*,#11255,.F.);
#11255 = EDGE_CURVE('',#11233,#11136,#11256,.T.);
#11256 = SURFACE_CURVE('',#11257,(#11261,#11267),.PCURVE_S1.);
#11257 = LINE('',#11258,#11259);
#11258 = CARTESIAN_POINT('',(-11.45,-42.45,0.));
#11259 = VECTOR('',#11260,1.);
#11260 = DIRECTION('',(-1.,0.,0.));
#11261 = PCURVE('',#9798,#11262);
#11262 = DEFINITIONAL_REPRESENTATION('',(#11263),#11266);
#11263 = B_SPLINE_CURVE_WITH_KNOTS('',1,(#11264,#11265),.UNSPECIFIED.,
  .F.,.F.,(2,2),(-33.9,9.5),.PIECEWISE_BEZIER_KNOTS.);
#11264 = CARTESIAN_POINT('',(45.35,-0.16));
#11265 = CARTESIAN_POINT('',(1.95,-0.16));
#11266 = ( GEOMETRIC_REPRESENTATION_CONTEXT(2) 
PARAMETRIC_REPRESENTATION_CONTEXT() REPRESENTATION_CONTEXT('2D SPACE',''
  ) );
#11267 = PCURVE('',#10925,#11268);
#11268 = DEFINITIONAL_REPRESENTATION('',(#11269),#11273);
#11269 = LINE('',#11270,#11271);
#11270 = CARTESIAN_POINT('',(-11.45,-42.45));
#11271 = VECTOR('',#11272,1.);
#11272 = DIRECTION('',(-1.,0.));
#11273 = ( GEOMETRIC_REPRESENTATION_CONTEXT(2) 
PARAMETRIC_REPRESENTATION_CONTEXT() REPRESENTATION_CONTEXT('2D SPACE',''
  ) );
#11274 = ADVANCED_FACE('',(#11275),#9852,.T.);
#11275 = FACE_BOUND('',#11276,.T.);
#11276 = EDGE_LOOP('',(#11277,#11278,#11279,#11302));
#11277 = ORIENTED_EDGE('',*,*,#11207,.F.);
#11278 = ORIENTED_EDGE('',*,*,#9838,.T.);
#11279 = ORIENTED_EDGE('',*,*,#11280,.T.);
#11280 = EDGE_CURVE('',#9816,#11281,#11283,.T.);
#11281 = VERTEX_POINT('',#11282);
#11282 = CARTESIAN_POINT('',(24.4,-34.45,0.));
#11283 = SURFACE_CURVE('',#11284,(#11288,#11295),.PCURVE_S1.);
#11284 = LINE('',#11285,#11286);
#11285 = CARTESIAN_POINT('',(24.4,-34.45,-0.15));
#11286 = VECTOR('',#11287,1.);
#11287 = DIRECTION('',(0.,0.,1.));
#11288 = PCURVE('',#9852,#11289);
#11289 = DEFINITIONAL_REPRESENTATION('',(#11290),#11294);
#11290 = LINE('',#11291,#11292);
#11291 = CARTESIAN_POINT('',(8.,-1.E-02));
#11292 = VECTOR('',#11293,1.);
#11293 = DIRECTION('',(0.,-1.));
#11294 = ( GEOMETRIC_REPRESENTATION_CONTEXT(2) 
PARAMETRIC_REPRESENTATION_CONTEXT() REPRESENTATION_CONTEXT('2D SPACE',''
  ) );
#11295 = PCURVE('',#9965,#11296);
#11296 = DEFINITIONAL_REPRESENTATION('',(#11297),#11301);
#11297 = LINE('',#11298,#11299);
#11298 = CARTESIAN_POINT('',(0.,-0.));
#11299 = VECTOR('',#11300,1.);
#11300 = DIRECTION('',(0.,-1.));
#11301 = ( GEOMETRIC_REPRESENTATION_CONTEXT(2) 
PARAMETRIC_REPRESENTATION_CONTEXT() REPRESENTATION_CONTEXT('2D SPACE',''
  ) );
#11302 = ORIENTED_EDGE('',*,*,#11303,.F.);
#11303 = EDGE_CURVE('',#11185,#11281,#11304,.T.);
#11304 = SURFACE_CURVE('',#11305,(#11309,#11315),.PCURVE_S1.);
#11305 = LINE('',#11306,#11307);
#11306 = CARTESIAN_POINT('',(24.4,-21.225,0.));
#11307 = VECTOR('',#11308,1.);
#11308 = DIRECTION('',(0.,-1.,0.));
#11309 = PCURVE('',#9852,#11310);
#11310 = DEFINITIONAL_REPRESENTATION('',(#11311),#11314);
#11311 = B_SPLINE_CURVE_WITH_KNOTS('',1,(#11312,#11313),.UNSPECIFIED.,
  .F.,.F.,(2,2),(-61.725,19.275),.PIECEWISE_BEZIER_KNOTS.);
#11312 = CARTESIAN_POINT('',(82.95,-0.16));
#11313 = CARTESIAN_POINT('',(1.95,-0.16));
#11314 = ( GEOMETRIC_REPRESENTATION_CONTEXT(2) 
PARAMETRIC_REPRESENTATION_CONTEXT() REPRESENTATION_CONTEXT('2D SPACE',''
  ) );
#11315 = PCURVE('',#10925,#11316);
#11316 = DEFINITIONAL_REPRESENTATION('',(#11317),#11321);
#11317 = LINE('',#11318,#11319);
#11318 = CARTESIAN_POINT('',(24.4,-21.225));
#11319 = VECTOR('',#11320,1.);
#11320 = DIRECTION('',(0.,-1.));
#11321 = ( GEOMETRIC_REPRESENTATION_CONTEXT(2) 
PARAMETRIC_REPRESENTATION_CONTEXT() REPRESENTATION_CONTEXT('2D SPACE',''
  ) );
#11322 = ADVANCED_FACE('',(#11323),#9911,.T.);
#11323 = FACE_BOUND('',#11324,.F.);
#11324 = EDGE_LOOP('',(#11325,#11326,#11327,#11348));
#11325 = ORIENTED_EDGE('',*,*,#11232,.T.);
#11326 = ORIENTED_EDGE('',*,*,#9896,.F.);
#11327 = ORIENTED_EDGE('',*,*,#11328,.F.);
#11328 = EDGE_CURVE('',#11329,#9868,#11331,.T.);
#11329 = VERTEX_POINT('',#11330);
#11330 = CARTESIAN_POINT('',(22.9,-38.89852983556,0.));
#11331 = SURFACE_CURVE('',#11332,(#11336,#11342),.PCURVE_S1.);
#11332 = LINE('',#11333,#11334);
#11333 = CARTESIAN_POINT('',(22.9,-38.89852983556,-0.15));
#11334 = VECTOR('',#11335,1.);
#11335 = DIRECTION('',(-0.,-0.,-1.));
#11336 = PCURVE('',#9911,#11337);
#11337 = DEFINITIONAL_REPRESENTATION('',(#11338),#11341);
#11338 = B_SPLINE_CURVE_WITH_KNOTS('',1,(#11339,#11340),.UNSPECIFIED.,
  .F.,.F.,(2,2),(-0.1500006,5.999999999895E-07),
  .PIECEWISE_BEZIER_KNOTS.);
#11339 = CARTESIAN_POINT('',(-1.377283134284,-0.1500006));
#11340 = CARTESIAN_POINT('',(-1.377283134284,5.999999999895E-07));
#11341 = ( GEOMETRIC_REPRESENTATION_CONTEXT(2) 
PARAMETRIC_REPRESENTATION_CONTEXT() REPRESENTATION_CONTEXT('2D SPACE',''
  ) );
#11342 = PCURVE('',#9997,#11343);
#11343 = DEFINITIONAL_REPRESENTATION('',(#11344),#11347);
#11344 = B_SPLINE_CURVE_WITH_KNOTS('',1,(#11345,#11346),.UNSPECIFIED.,
  .F.,.F.,(2,2),(-0.1500006,5.999999999895E-07),
  .PIECEWISE_BEZIER_KNOTS.);
#11345 = CARTESIAN_POINT('',(4.448529835565,-0.1500006));
#11346 = CARTESIAN_POINT('',(4.448529835565,5.999999999895E-07));
#11347 = ( GEOMETRIC_REPRESENTATION_CONTEXT(2) 
PARAMETRIC_REPRESENTATION_CONTEXT() REPRESENTATION_CONTEXT('2D SPACE',''
  ) );
#11348 = ORIENTED_EDGE('',*,*,#11349,.T.);
#11349 = EDGE_CURVE('',#11329,#11233,#11350,.T.);
#11350 = SURFACE_CURVE('',#11351,(#11356,#11363),.PCURVE_S1.);
#11351 = CIRCLE('',#11352,2.6);
#11352 = AXIS2_PLACEMENT_3D('',#11353,#11354,#11355);
#11353 = CARTESIAN_POINT('',(22.4,-41.45,0.));
#11354 = DIRECTION('',(0.,0.,1.));
#11355 = DIRECTION('',(1.,0.,0.));
#11356 = PCURVE('',#9911,#11357);
#11357 = DEFINITIONAL_REPRESENTATION('',(#11358),#11362);
#11358 = LINE('',#11359,#11360);
#11359 = CARTESIAN_POINT('',(-0.,-0.15));
#11360 = VECTOR('',#11361,1.);
#11361 = DIRECTION('',(-1.,0.));
#11362 = ( GEOMETRIC_REPRESENTATION_CONTEXT(2) 
PARAMETRIC_REPRESENTATION_CONTEXT() REPRESENTATION_CONTEXT('2D SPACE',''
  ) );
#11363 = PCURVE('',#10925,#11364);
#11364 = DEFINITIONAL_REPRESENTATION('',(#11365),#11369);
#11365 = CIRCLE('',#11366,2.6);
#11366 = AXIS2_PLACEMENT_2D('',#11367,#11368);
#11367 = CARTESIAN_POINT('',(22.4,-41.45));
#11368 = DIRECTION('',(1.,0.));
#11369 = ( GEOMETRIC_REPRESENTATION_CONTEXT(2) 
PARAMETRIC_REPRESENTATION_CONTEXT() REPRESENTATION_CONTEXT('2D SPACE',''
  ) );
#11370 = ADVANCED_FACE('',(#11371),#9965,.F.);
#11371 = FACE_BOUND('',#11372,.F.);
#11372 = EDGE_LOOP('',(#11373,#11374,#11397,#11418));
#11373 = ORIENTED_EDGE('',*,*,#11280,.T.);
#11374 = ORIENTED_EDGE('',*,*,#11375,.T.);
#11375 = EDGE_CURVE('',#11281,#11376,#11378,.T.);
#11376 = VERTEX_POINT('',#11377);
#11377 = CARTESIAN_POINT('',(22.9,-34.45,0.));
#11378 = SURFACE_CURVE('',#11379,(#11383,#11390),.PCURVE_S1.);
#11379 = LINE('',#11380,#11381);
#11380 = CARTESIAN_POINT('',(24.4,-34.45,0.));
#11381 = VECTOR('',#11382,1.);
#11382 = DIRECTION('',(-1.,0.,0.));
#11383 = PCURVE('',#9965,#11384);
#11384 = DEFINITIONAL_REPRESENTATION('',(#11385),#11389);
#11385 = LINE('',#11386,#11387);
#11386 = CARTESIAN_POINT('',(0.,-0.15));
#11387 = VECTOR('',#11388,1.);
#11388 = DIRECTION('',(1.,0.));
#11389 = ( GEOMETRIC_REPRESENTATION_CONTEXT(2) 
PARAMETRIC_REPRESENTATION_CONTEXT() REPRESENTATION_CONTEXT('2D SPACE',''
  ) );
#11390 = PCURVE('',#10925,#11391);
#11391 = DEFINITIONAL_REPRESENTATION('',(#11392),#11396);
#11392 = LINE('',#11393,#11394);
#11393 = CARTESIAN_POINT('',(24.4,-34.45));
#11394 = VECTOR('',#11395,1.);
#11395 = DIRECTION('',(-1.,0.));
#11396 = ( GEOMETRIC_REPRESENTATION_CONTEXT(2) 
PARAMETRIC_REPRESENTATION_CONTEXT() REPRESENTATION_CONTEXT('2D SPACE',''
  ) );
#11397 = ORIENTED_EDGE('',*,*,#11398,.F.);
#11398 = EDGE_CURVE('',#9929,#11376,#11399,.T.);
#11399 = SURFACE_CURVE('',#11400,(#11404,#11411),.PCURVE_S1.);
#11400 = LINE('',#11401,#11402);
#11401 = CARTESIAN_POINT('',(22.9,-34.45,-0.15));
#11402 = VECTOR('',#11403,1.);
#11403 = DIRECTION('',(0.,0.,1.));
#11404 = PCURVE('',#9965,#11405);
#11405 = DEFINITIONAL_REPRESENTATION('',(#11406),#11410);
#11406 = LINE('',#11407,#11408);
#11407 = CARTESIAN_POINT('',(1.5,0.));
#11408 = VECTOR('',#11409,1.);
#11409 = DIRECTION('',(0.,-1.));
#11410 = ( GEOMETRIC_REPRESENTATION_CONTEXT(2) 
PARAMETRIC_REPRESENTATION_CONTEXT() REPRESENTATION_CONTEXT('2D SPACE',''
  ) );
#11411 = PCURVE('',#9997,#11412);
#11412 = DEFINITIONAL_REPRESENTATION('',(#11413),#11417);
#11413 = LINE('',#11414,#11415);
#11414 = CARTESIAN_POINT('',(0.,0.));
#11415 = VECTOR('',#11416,1.);
#11416 = DIRECTION('',(0.,-1.));
#11417 = ( GEOMETRIC_REPRESENTATION_CONTEXT(2) 
PARAMETRIC_REPRESENTATION_CONTEXT() REPRESENTATION_CONTEXT('2D SPACE',''
  ) );
#11418 = ORIENTED_EDGE('',*,*,#9951,.F.);
#11419 = ADVANCED_FACE('',(#11420),#9997,.F.);
#11420 = FACE_BOUND('',#11421,.F.);
#11421 = EDGE_LOOP('',(#11422,#11423,#11424,#11425));
#11422 = ORIENTED_EDGE('',*,*,#11328,.T.);
#11423 = ORIENTED_EDGE('',*,*,#9983,.F.);
#11424 = ORIENTED_EDGE('',*,*,#11398,.T.);
#11425 = ORIENTED_EDGE('',*,*,#11426,.T.);
#11426 = EDGE_CURVE('',#11376,#11329,#11427,.T.);
#11427 = SURFACE_CURVE('',#11428,(#11432,#11439),.PCURVE_S1.);
#11428 = LINE('',#11429,#11430);
#11429 = CARTESIAN_POINT('',(22.9,-34.45,0.));
#11430 = VECTOR('',#11431,1.);
#11431 = DIRECTION('',(0.,-1.,0.));
#11432 = PCURVE('',#9997,#11433);
#11433 = DEFINITIONAL_REPRESENTATION('',(#11434),#11438);
#11434 = LINE('',#11435,#11436);
#11435 = CARTESIAN_POINT('',(0.,-0.15));
#11436 = VECTOR('',#11437,1.);
#11437 = DIRECTION('',(1.,0.));
#11438 = ( GEOMETRIC_REPRESENTATION_CONTEXT(2) 
PARAMETRIC_REPRESENTATION_CONTEXT() REPRESENTATION_CONTEXT('2D SPACE',''
  ) );
#11439 = PCURVE('',#10925,#11440);
#11440 = DEFINITIONAL_REPRESENTATION('',(#11441),#11445);
#11441 = LINE('',#11442,#11443);
#11442 = CARTESIAN_POINT('',(22.9,-34.45));
#11443 = VECTOR('',#11444,1.);
#11444 = DIRECTION('',(0.,-1.));
#11445 = ( GEOMETRIC_REPRESENTATION_CONTEXT(2) 
PARAMETRIC_REPRESENTATION_CONTEXT() REPRESENTATION_CONTEXT('2D SPACE',''
  ) );
#11446 = ADVANCED_FACE('',(#11447),#10050,.F.);
#11447 = FACE_BOUND('',#11448,.T.);
#11448 = EDGE_LOOP('',(#11449,#11470,#11471,#11472));
#11449 = ORIENTED_EDGE('',*,*,#11450,.F.);
#11450 = EDGE_CURVE('',#10013,#10759,#11451,.T.);
#11451 = SEAM_CURVE('',#11452,(#11456,#11463),.PCURVE_S1.);
#11452 = LINE('',#11453,#11454);
#11453 = CARTESIAN_POINT('',(23.9,41.45,-0.55));
#11454 = VECTOR('',#11455,1.);
#11455 = DIRECTION('',(0.,0.,1.));
#11456 = PCURVE('',#10050,#11457);
#11457 = DEFINITIONAL_REPRESENTATION('',(#11458),#11462);
#11458 = LINE('',#11459,#11460);
#11459 = CARTESIAN_POINT('',(-6.28318530718,0.));
#11460 = VECTOR('',#11461,1.);
#11461 = DIRECTION('',(-0.,-1.));
#11462 = ( GEOMETRIC_REPRESENTATION_CONTEXT(2) 
PARAMETRIC_REPRESENTATION_CONTEXT() REPRESENTATION_CONTEXT('2D SPACE',''
  ) );
#11463 = PCURVE('',#10050,#11464);
#11464 = DEFINITIONAL_REPRESENTATION('',(#11465),#11469);
#11465 = LINE('',#11466,#11467);
#11466 = CARTESIAN_POINT('',(-0.,0.));
#11467 = VECTOR('',#11468,1.);
#11468 = DIRECTION('',(-0.,-1.));
#11469 = ( GEOMETRIC_REPRESENTATION_CONTEXT(2) 
PARAMETRIC_REPRESENTATION_CONTEXT() REPRESENTATION_CONTEXT('2D SPACE',''
  ) );
#11470 = ORIENTED_EDGE('',*,*,#10035,.T.);
#11471 = ORIENTED_EDGE('',*,*,#11450,.T.);
#11472 = ORIENTED_EDGE('',*,*,#10758,.T.);
#11473 = ADVANCED_FACE('',(#11474,#11488,#11523,#11554,#11776),#10180,
  .T.);
#11474 = FACE_BOUND('',#11475,.T.);
#11475 = EDGE_LOOP('',(#11476,#11477,#11478,#11479,#11480,#11481,#11482,
    #11483,#11484,#11485,#11486,#11487));
#11476 = ORIENTED_EDGE('',*,*,#10683,.T.);
#11477 = ORIENTED_EDGE('',*,*,#10631,.T.);
#11478 = ORIENTED_EDGE('',*,*,#10584,.T.);
#11479 = ORIENTED_EDGE('',*,*,#10500,.T.);
#11480 = ORIENTED_EDGE('',*,*,#10382,.T.);
#11481 = ORIENTED_EDGE('',*,*,#10357,.F.);
#11482 = ORIENTED_EDGE('',*,*,#10162,.F.);
#11483 = ORIENTED_EDGE('',*,*,#10236,.F.);
#11484 = ORIENTED_EDGE('',*,*,#10285,.T.);
#11485 = ORIENTED_EDGE('',*,*,#10429,.F.);
#11486 = ORIENTED_EDGE('',*,*,#10537,.F.);
#11487 = ORIENTED_EDGE('',*,*,#10733,.F.);
#11488 = FACE_BOUND('',#11489,.T.);
#11489 = EDGE_LOOP('',(#11490));
#11490 = ORIENTED_EDGE('',*,*,#11491,.T.);
#11491 = EDGE_CURVE('',#11492,#11492,#11494,.T.);
#11492 = VERTEX_POINT('',#11493);
#11493 = CARTESIAN_POINT('',(-6.6,-27.55,1.));
#11494 = SURFACE_CURVE('',#11495,(#11500,#11511),.PCURVE_S1.);
#11495 = CIRCLE('',#11496,5.5);
#11496 = AXIS2_PLACEMENT_3D('',#11497,#11498,#11499);
#11497 = CARTESIAN_POINT('',(-12.1,-27.55,1.));
#11498 = DIRECTION('',(0.,0.,-1.));
#11499 = DIRECTION('',(1.,0.,0.));
#11500 = PCURVE('',#10180,#11501);
#11501 = DEFINITIONAL_REPRESENTATION('',(#11502),#11510);
#11502 = ( BOUNDED_CURVE() B_SPLINE_CURVE(2,(#11503,#11504,#11505,#11506
    ,#11507,#11508,#11509),.UNSPECIFIED.,.T.,.F.) 
B_SPLINE_CURVE_WITH_KNOTS((1,2,2,2,2,1),(-2.094395102393,0.,
    2.094395102393,4.188790204786,6.28318530718,8.377580409573),
.UNSPECIFIED.) CURVE() GEOMETRIC_REPRESENTATION_ITEM() 
RATIONAL_B_SPLINE_CURVE((1.,0.5,1.,0.5,1.,0.5,1.)) REPRESENTATION_ITEM(
  '') );
#11503 = CARTESIAN_POINT('',(-7.35,-27.55));
#11504 = CARTESIAN_POINT('',(-7.35,-37.07627944162));
#11505 = CARTESIAN_POINT('',(-15.6,-32.31313972081));
#11506 = CARTESIAN_POINT('',(-23.85,-27.55));
#11507 = CARTESIAN_POINT('',(-15.6,-22.78686027918));
#11508 = CARTESIAN_POINT('',(-7.35,-18.02372055837));
#11509 = CARTESIAN_POINT('',(-7.35,-27.55));
#11510 = ( GEOMETRIC_REPRESENTATION_CONTEXT(2) 
PARAMETRIC_REPRESENTATION_CONTEXT() REPRESENTATION_CONTEXT('2D SPACE',''
  ) );
#11511 = PCURVE('',#11512,#11517);
#11512 = CYLINDRICAL_SURFACE('',#11513,5.5);
#11513 = AXIS2_PLACEMENT_3D('',#11514,#11515,#11516);
#11514 = CARTESIAN_POINT('',(-12.1,-27.55,-0.25));
#11515 = DIRECTION('',(-0.,-0.,-1.));
#11516 = DIRECTION('',(1.,0.,0.));
#11517 = DEFINITIONAL_REPRESENTATION('',(#11518),#11522);
#11518 = LINE('',#11519,#11520);
#11519 = CARTESIAN_POINT('',(-6.28318530718,-1.25));
#11520 = VECTOR('',#11521,1.);
#11521 = DIRECTION('',(1.,-0.));
#11522 = ( GEOMETRIC_REPRESENTATION_CONTEXT(2) 
PARAMETRIC_REPRESENTATION_CONTEXT() REPRESENTATION_CONTEXT('2D SPACE',''
  ) );
#11523 = FACE_BOUND('',#11524,.T.);
#11524 = EDGE_LOOP('',(#11525));
#11525 = ORIENTED_EDGE('',*,*,#11526,.F.);
#11526 = EDGE_CURVE('',#11527,#11527,#11529,.T.);
#11527 = VERTEX_POINT('',#11528);
#11528 = CARTESIAN_POINT('',(-10.9,-9.45,1.));
#11529 = SURFACE_CURVE('',#11530,(#11535,#11542),.PCURVE_S1.);
#11530 = CIRCLE('',#11531,1.5);
#11531 = AXIS2_PLACEMENT_3D('',#11532,#11533,#11534);
#11532 = CARTESIAN_POINT('',(-12.4,-9.45,1.));
#11533 = DIRECTION('',(0.,0.,1.));
#11534 = DIRECTION('',(1.,0.,0.));
#11535 = PCURVE('',#10180,#11536);
#11536 = DEFINITIONAL_REPRESENTATION('',(#11537),#11541);
#11537 = CIRCLE('',#11538,1.5);
#11538 = AXIS2_PLACEMENT_2D('',#11539,#11540);
#11539 = CARTESIAN_POINT('',(-13.15,-9.45));
#11540 = DIRECTION('',(1.,0.));
#11541 = ( GEOMETRIC_REPRESENTATION_CONTEXT(2) 
PARAMETRIC_REPRESENTATION_CONTEXT() REPRESENTATION_CONTEXT('2D SPACE',''
  ) );
#11542 = PCURVE('',#11543,#11548);
#11543 = CYLINDRICAL_SURFACE('',#11544,1.5);
#11544 = AXIS2_PLACEMENT_3D('',#11545,#11546,#11547);
#11545 = CARTESIAN_POINT('',(-12.4,-9.45,1.));
#11546 = DIRECTION('',(-0.,-0.,-1.));
#11547 = DIRECTION('',(1.,0.,0.));
#11548 = DEFINITIONAL_REPRESENTATION('',(#11549),#11553);
#11549 = LINE('',#11550,#11551);
#11550 = CARTESIAN_POINT('',(-0.,0.));
#11551 = VECTOR('',#11552,1.);
#11552 = DIRECTION('',(-1.,0.));
#11553 = ( GEOMETRIC_REPRESENTATION_CONTEXT(2) 
PARAMETRIC_REPRESENTATION_CONTEXT() REPRESENTATION_CONTEXT('2D SPACE',''
  ) );
#11554 = FACE_BOUND('',#11555,.T.);
#11555 = EDGE_LOOP('',(#11556,#11587,#11613,#11642,#11668,#11697,#11723,
    #11752));
#11556 = ORIENTED_EDGE('',*,*,#11557,.F.);
#11557 = EDGE_CURVE('',#11558,#11560,#11562,.T.);
#11558 = VERTEX_POINT('',#11559);
#11559 = CARTESIAN_POINT('',(6.,-10.15,1.));
#11560 = VERTEX_POINT('',#11561);
#11561 = CARTESIAN_POINT('',(7.,-9.15,1.));
#11562 = SURFACE_CURVE('',#11563,(#11568,#11575),.PCURVE_S1.);
#11563 = CIRCLE('',#11564,1.);
#11564 = AXIS2_PLACEMENT_3D('',#11565,#11566,#11567);
#11565 = CARTESIAN_POINT('',(6.,-9.15,1.));
#11566 = DIRECTION('',(0.,0.,1.));
#11567 = DIRECTION('',(0.,-1.,0.));
#11568 = PCURVE('',#10180,#11569);
#11569 = DEFINITIONAL_REPRESENTATION('',(#11570),#11574);
#11570 = CIRCLE('',#11571,1.);
#11571 = AXIS2_PLACEMENT_2D('',#11572,#11573);
#11572 = CARTESIAN_POINT('',(5.25,-9.15));
#11573 = DIRECTION('',(0.,-1.));
#11574 = ( GEOMETRIC_REPRESENTATION_CONTEXT(2) 
PARAMETRIC_REPRESENTATION_CONTEXT() REPRESENTATION_CONTEXT('2D SPACE',''
  ) );
#11575 = PCURVE('',#11576,#11581);
#11576 = CYLINDRICAL_SURFACE('',#11577,1.);
#11577 = AXIS2_PLACEMENT_3D('',#11578,#11579,#11580);
#11578 = CARTESIAN_POINT('',(6.,-9.15,0.95));
#11579 = DIRECTION('',(0.,0.,1.));
#11580 = DIRECTION('',(0.,-1.,0.));
#11581 = DEFINITIONAL_REPRESENTATION('',(#11582),#11586);
#11582 = LINE('',#11583,#11584);
#11583 = CARTESIAN_POINT('',(0.,5.E-02));
#11584 = VECTOR('',#11585,1.);
#11585 = DIRECTION('',(1.,0.));
#11586 = ( GEOMETRIC_REPRESENTATION_CONTEXT(2) 
PARAMETRIC_REPRESENTATION_CONTEXT() REPRESENTATION_CONTEXT('2D SPACE',''
  ) );
#11587 = ORIENTED_EDGE('',*,*,#11588,.T.);
#11588 = EDGE_CURVE('',#11558,#11589,#11591,.T.);
#11589 = VERTEX_POINT('',#11590);
#11590 = CARTESIAN_POINT('',(0.2,-10.15,1.));
#11591 = SURFACE_CURVE('',#11592,(#11596,#11602),.PCURVE_S1.);
#11592 = LINE('',#11593,#11594);
#11593 = CARTESIAN_POINT('',(-2.5E-02,-10.15,1.));
#11594 = VECTOR('',#11595,1.);
#11595 = DIRECTION('',(-1.,0.,0.));
#11596 = PCURVE('',#10180,#11597);
#11597 = DEFINITIONAL_REPRESENTATION('',(#11598),#11601);
#11598 = B_SPLINE_CURVE_WITH_KNOTS('',1,(#11599,#11600),.UNSPECIFIED.,
  .F.,.F.,(2,2),(-6.025,-0.225),.PIECEWISE_BEZIER_KNOTS.);
#11599 = CARTESIAN_POINT('',(5.25,-10.15));
#11600 = CARTESIAN_POINT('',(-0.55,-10.15));
#11601 = ( GEOMETRIC_REPRESENTATION_CONTEXT(2) 
PARAMETRIC_REPRESENTATION_CONTEXT() REPRESENTATION_CONTEXT('2D SPACE',''
  ) );
#11602 = PCURVE('',#11603,#11608);
#11603 = PLANE('',#11604);
#11604 = AXIS2_PLACEMENT_3D('',#11605,#11606,#11607);
#11605 = CARTESIAN_POINT('',(-0.8,-10.15,0.95));
#11606 = DIRECTION('',(0.,1.,0.));
#11607 = DIRECTION('',(1.,0.,0.));
#11608 = DEFINITIONAL_REPRESENTATION('',(#11609),#11612);
#11609 = B_SPLINE_CURVE_WITH_KNOTS('',1,(#11610,#11611),.UNSPECIFIED.,
  .F.,.F.,(2,2),(-6.025,-0.225),.PIECEWISE_BEZIER_KNOTS.);
#11610 = CARTESIAN_POINT('',(6.8,-5.E-02));
#11611 = CARTESIAN_POINT('',(1.,-5.E-02));
#11612 = ( GEOMETRIC_REPRESENTATION_CONTEXT(2) 
PARAMETRIC_REPRESENTATION_CONTEXT() REPRESENTATION_CONTEXT('2D SPACE',''
  ) );
#11613 = ORIENTED_EDGE('',*,*,#11614,.F.);
#11614 = EDGE_CURVE('',#11615,#11589,#11617,.T.);
#11615 = VERTEX_POINT('',#11616);
#11616 = CARTESIAN_POINT('',(-0.8,-9.15,1.));
#11617 = SURFACE_CURVE('',#11618,(#11623,#11630),.PCURVE_S1.);
#11618 = CIRCLE('',#11619,1.);
#11619 = AXIS2_PLACEMENT_3D('',#11620,#11621,#11622);
#11620 = CARTESIAN_POINT('',(0.2,-9.15,1.));
#11621 = DIRECTION('',(0.,0.,1.));
#11622 = DIRECTION('',(0.,-1.,0.));
#11623 = PCURVE('',#10180,#11624);
#11624 = DEFINITIONAL_REPRESENTATION('',(#11625),#11629);
#11625 = CIRCLE('',#11626,1.);
#11626 = AXIS2_PLACEMENT_2D('',#11627,#11628);
#11627 = CARTESIAN_POINT('',(-0.55,-9.15));
#11628 = DIRECTION('',(0.,-1.));
#11629 = ( GEOMETRIC_REPRESENTATION_CONTEXT(2) 
PARAMETRIC_REPRESENTATION_CONTEXT() REPRESENTATION_CONTEXT('2D SPACE',''
  ) );
#11630 = PCURVE('',#11631,#11636);
#11631 = CYLINDRICAL_SURFACE('',#11632,1.);
#11632 = AXIS2_PLACEMENT_3D('',#11633,#11634,#11635);
#11633 = CARTESIAN_POINT('',(0.2,-9.15,0.95));
#11634 = DIRECTION('',(0.,0.,1.));
#11635 = DIRECTION('',(0.,-1.,0.));
#11636 = DEFINITIONAL_REPRESENTATION('',(#11637),#11641);
#11637 = LINE('',#11638,#11639);
#11638 = CARTESIAN_POINT('',(-6.28318530718,5.E-02));
#11639 = VECTOR('',#11640,1.);
#11640 = DIRECTION('',(1.,-0.));
#11641 = ( GEOMETRIC_REPRESENTATION_CONTEXT(2) 
PARAMETRIC_REPRESENTATION_CONTEXT() REPRESENTATION_CONTEXT('2D SPACE',''
  ) );
#11642 = ORIENTED_EDGE('',*,*,#11643,.T.);
#11643 = EDGE_CURVE('',#11615,#11644,#11646,.T.);
#11644 = VERTEX_POINT('',#11645);
#11645 = CARTESIAN_POINT('',(-0.8,-5.75,1.));
#11646 = SURFACE_CURVE('',#11647,(#11651,#11657),.PCURVE_S1.);
#11647 = LINE('',#11648,#11649);
#11648 = CARTESIAN_POINT('',(-0.8,-2.375,1.));
#11649 = VECTOR('',#11650,1.);
#11650 = DIRECTION('',(-0.,1.,0.));
#11651 = PCURVE('',#10180,#11652);
#11652 = DEFINITIONAL_REPRESENTATION('',(#11653),#11656);
#11653 = B_SPLINE_CURVE_WITH_KNOTS('',1,(#11654,#11655),.UNSPECIFIED.,
  .F.,.F.,(2,2),(-6.775,-3.375),.PIECEWISE_BEZIER_KNOTS.);
#11654 = CARTESIAN_POINT('',(-1.55,-9.15));
#11655 = CARTESIAN_POINT('',(-1.55,-5.75));
#11656 = ( GEOMETRIC_REPRESENTATION_CONTEXT(2) 
PARAMETRIC_REPRESENTATION_CONTEXT() REPRESENTATION_CONTEXT('2D SPACE',''
  ) );
#11657 = PCURVE('',#11658,#11663);
#11658 = PLANE('',#11659);
#11659 = AXIS2_PLACEMENT_3D('',#11660,#11661,#11662);
#11660 = CARTESIAN_POINT('',(-0.8,-4.75,0.95));
#11661 = DIRECTION('',(1.,0.,-0.));
#11662 = DIRECTION('',(0.,-1.,0.));
#11663 = DEFINITIONAL_REPRESENTATION('',(#11664),#11667);
#11664 = B_SPLINE_CURVE_WITH_KNOTS('',1,(#11665,#11666),.UNSPECIFIED.,
  .F.,.F.,(2,2),(-6.775,-3.375),.PIECEWISE_BEZIER_KNOTS.);
#11665 = CARTESIAN_POINT('',(4.4,-5.E-02));
#11666 = CARTESIAN_POINT('',(1.,-5.E-02));
#11667 = ( GEOMETRIC_REPRESENTATION_CONTEXT(2) 
PARAMETRIC_REPRESENTATION_CONTEXT() REPRESENTATION_CONTEXT('2D SPACE',''
  ) );
#11668 = ORIENTED_EDGE('',*,*,#11669,.F.);
#11669 = EDGE_CURVE('',#11670,#11644,#11672,.T.);
#11670 = VERTEX_POINT('',#11671);
#11671 = CARTESIAN_POINT('',(0.2,-4.75,1.));
#11672 = SURFACE_CURVE('',#11673,(#11678,#11685),.PCURVE_S1.);
#11673 = CIRCLE('',#11674,1.);
#11674 = AXIS2_PLACEMENT_3D('',#11675,#11676,#11677);
#11675 = CARTESIAN_POINT('',(0.2,-5.75,1.));
#11676 = DIRECTION('',(0.,0.,1.));
#11677 = DIRECTION('',(-0.,1.,0.));
#11678 = PCURVE('',#10180,#11679);
#11679 = DEFINITIONAL_REPRESENTATION('',(#11680),#11684);
#11680 = CIRCLE('',#11681,1.);
#11681 = AXIS2_PLACEMENT_2D('',#11682,#11683);
#11682 = CARTESIAN_POINT('',(-0.55,-5.75));
#11683 = DIRECTION('',(0.,1.));
#11684 = ( GEOMETRIC_REPRESENTATION_CONTEXT(2) 
PARAMETRIC_REPRESENTATION_CONTEXT() REPRESENTATION_CONTEXT('2D SPACE',''
  ) );
#11685 = PCURVE('',#11686,#11691);
#11686 = CYLINDRICAL_SURFACE('',#11687,1.);
#11687 = AXIS2_PLACEMENT_3D('',#11688,#11689,#11690);
#11688 = CARTESIAN_POINT('',(0.2,-5.75,0.95));
#11689 = DIRECTION('',(0.,0.,1.));
#11690 = DIRECTION('',(-0.,1.,0.));
#11691 = DEFINITIONAL_REPRESENTATION('',(#11692),#11696);
#11692 = LINE('',#11693,#11694);
#11693 = CARTESIAN_POINT('',(0.,5.E-02));
#11694 = VECTOR('',#11695,1.);
#11695 = DIRECTION('',(1.,0.));
#11696 = ( GEOMETRIC_REPRESENTATION_CONTEXT(2) 
PARAMETRIC_REPRESENTATION_CONTEXT() REPRESENTATION_CONTEXT('2D SPACE',''
  ) );
#11697 = ORIENTED_EDGE('',*,*,#11698,.T.);
#11698 = EDGE_CURVE('',#11670,#11699,#11701,.T.);
#11699 = VERTEX_POINT('',#11700);
#11700 = CARTESIAN_POINT('',(6.,-4.75,1.));
#11701 = SURFACE_CURVE('',#11702,(#11706,#11712),.PCURVE_S1.);
#11702 = LINE('',#11703,#11704);
#11703 = CARTESIAN_POINT('',(3.875,-4.75,1.));
#11704 = VECTOR('',#11705,1.);
#11705 = DIRECTION('',(1.,0.,-0.));
#11706 = PCURVE('',#10180,#11707);
#11707 = DEFINITIONAL_REPRESENTATION('',(#11708),#11711);
#11708 = B_SPLINE_CURVE_WITH_KNOTS('',1,(#11709,#11710),.UNSPECIFIED.,
  .F.,.F.,(2,2),(-3.675,2.125),.PIECEWISE_BEZIER_KNOTS.);
#11709 = CARTESIAN_POINT('',(-0.55,-4.75));
#11710 = CARTESIAN_POINT('',(5.25,-4.75));
#11711 = ( GEOMETRIC_REPRESENTATION_CONTEXT(2) 
PARAMETRIC_REPRESENTATION_CONTEXT() REPRESENTATION_CONTEXT('2D SPACE',''
  ) );
#11712 = PCURVE('',#11713,#11718);
#11713 = PLANE('',#11714);
#11714 = AXIS2_PLACEMENT_3D('',#11715,#11716,#11717);
#11715 = CARTESIAN_POINT('',(7.,-4.75,0.95));
#11716 = DIRECTION('',(0.,-1.,0.));
#11717 = DIRECTION('',(-1.,0.,0.));
#11718 = DEFINITIONAL_REPRESENTATION('',(#11719),#11722);
#11719 = B_SPLINE_CURVE_WITH_KNOTS('',1,(#11720,#11721),.UNSPECIFIED.,
  .F.,.F.,(2,2),(-3.675,2.125),.PIECEWISE_BEZIER_KNOTS.);
#11720 = CARTESIAN_POINT('',(6.8,-5.E-02));
#11721 = CARTESIAN_POINT('',(1.,-5.E-02));
#11722 = ( GEOMETRIC_REPRESENTATION_CONTEXT(2) 
PARAMETRIC_REPRESENTATION_CONTEXT() REPRESENTATION_CONTEXT('2D SPACE',''
  ) );
#11723 = ORIENTED_EDGE('',*,*,#11724,.F.);
#11724 = EDGE_CURVE('',#11725,#11699,#11727,.T.);
#11725 = VERTEX_POINT('',#11726);
#11726 = CARTESIAN_POINT('',(7.,-5.75,1.));
#11727 = SURFACE_CURVE('',#11728,(#11733,#11740),.PCURVE_S1.);
#11728 = CIRCLE('',#11729,1.);
#11729 = AXIS2_PLACEMENT_3D('',#11730,#11731,#11732);
#11730 = CARTESIAN_POINT('',(6.,-5.75,1.));
#11731 = DIRECTION('',(0.,0.,1.));
#11732 = DIRECTION('',(1.,0.,-0.));
#11733 = PCURVE('',#10180,#11734);
#11734 = DEFINITIONAL_REPRESENTATION('',(#11735),#11739);
#11735 = CIRCLE('',#11736,1.);
#11736 = AXIS2_PLACEMENT_2D('',#11737,#11738);
#11737 = CARTESIAN_POINT('',(5.25,-5.75));
#11738 = DIRECTION('',(1.,0.));
#11739 = ( GEOMETRIC_REPRESENTATION_CONTEXT(2) 
PARAMETRIC_REPRESENTATION_CONTEXT() REPRESENTATION_CONTEXT('2D SPACE',''
  ) );
#11740 = PCURVE('',#11741,#11746);
#11741 = CYLINDRICAL_SURFACE('',#11742,1.);
#11742 = AXIS2_PLACEMENT_3D('',#11743,#11744,#11745);
#11743 = CARTESIAN_POINT('',(6.,-5.75,0.95));
#11744 = DIRECTION('',(0.,0.,1.));
#11745 = DIRECTION('',(1.,0.,-0.));
#11746 = DEFINITIONAL_REPRESENTATION('',(#11747),#11751);
#11747 = LINE('',#11748,#11749);
#11748 = CARTESIAN_POINT('',(0.,5.E-02));
#11749 = VECTOR('',#11750,1.);
#11750 = DIRECTION('',(1.,0.));
#11751 = ( GEOMETRIC_REPRESENTATION_CONTEXT(2) 
PARAMETRIC_REPRESENTATION_CONTEXT() REPRESENTATION_CONTEXT('2D SPACE',''
  ) );
#11752 = ORIENTED_EDGE('',*,*,#11753,.T.);
#11753 = EDGE_CURVE('',#11725,#11560,#11754,.T.);
#11754 = SURFACE_CURVE('',#11755,(#11759,#11765),.PCURVE_S1.);
#11755 = LINE('',#11756,#11757);
#11756 = CARTESIAN_POINT('',(7.,-5.075,1.));
#11757 = VECTOR('',#11758,1.);
#11758 = DIRECTION('',(0.,-1.,0.));
#11759 = PCURVE('',#10180,#11760);
#11760 = DEFINITIONAL_REPRESENTATION('',(#11761),#11764);
#11761 = B_SPLINE_CURVE_WITH_KNOTS('',1,(#11762,#11763),.UNSPECIFIED.,
  .F.,.F.,(2,2),(0.675,4.075),.PIECEWISE_BEZIER_KNOTS.);
#11762 = CARTESIAN_POINT('',(6.25,-5.75));
#11763 = CARTESIAN_POINT('',(6.25,-9.15));
#11764 = ( GEOMETRIC_REPRESENTATION_CONTEXT(2) 
PARAMETRIC_REPRESENTATION_CONTEXT() REPRESENTATION_CONTEXT('2D SPACE',''
  ) );
#11765 = PCURVE('',#11766,#11771);
#11766 = PLANE('',#11767);
#11767 = AXIS2_PLACEMENT_3D('',#11768,#11769,#11770);
#11768 = CARTESIAN_POINT('',(7.,-10.15,0.95));
#11769 = DIRECTION('',(-1.,0.,0.));
#11770 = DIRECTION('',(0.,1.,0.));
#11771 = DEFINITIONAL_REPRESENTATION('',(#11772),#11775);
#11772 = B_SPLINE_CURVE_WITH_KNOTS('',1,(#11773,#11774),.UNSPECIFIED.,
  .F.,.F.,(2,2),(0.675,4.075),.PIECEWISE_BEZIER_KNOTS.);
#11773 = CARTESIAN_POINT('',(4.4,-5.E-02));
#11774 = CARTESIAN_POINT('',(1.,-5.E-02));
#11775 = ( GEOMETRIC_REPRESENTATION_CONTEXT(2) 
PARAMETRIC_REPRESENTATION_CONTEXT() REPRESENTATION_CONTEXT('2D SPACE',''
  ) );
#11776 = FACE_BOUND('',#11777,.T.);
#11777 = EDGE_LOOP('',(#11778));
#11778 = ORIENTED_EDGE('',*,*,#11779,.F.);
#11779 = EDGE_CURVE('',#11780,#11780,#11782,.T.);
#11780 = VERTEX_POINT('',#11781);
#11781 = CARTESIAN_POINT('',(9.1,10.55,1.));
#11782 = SURFACE_CURVE('',#11783,(#11788,#11795),.PCURVE_S1.);
#11783 = CIRCLE('',#11784,1.5);
#11784 = AXIS2_PLACEMENT_3D('',#11785,#11786,#11787);
#11785 = CARTESIAN_POINT('',(7.6,10.55,1.));
#11786 = DIRECTION('',(0.,0.,1.));
#11787 = DIRECTION('',(1.,0.,0.));
#11788 = PCURVE('',#10180,#11789);
#11789 = DEFINITIONAL_REPRESENTATION('',(#11790),#11794);
#11790 = CIRCLE('',#11791,1.5);
#11791 = AXIS2_PLACEMENT_2D('',#11792,#11793);
#11792 = CARTESIAN_POINT('',(6.85,10.55));
#11793 = DIRECTION('',(1.,0.));
#11794 = ( GEOMETRIC_REPRESENTATION_CONTEXT(2) 
PARAMETRIC_REPRESENTATION_CONTEXT() REPRESENTATION_CONTEXT('2D SPACE',''
  ) );
#11795 = PCURVE('',#11796,#11801);
#11796 = CYLINDRICAL_SURFACE('',#11797,1.5);
#11797 = AXIS2_PLACEMENT_3D('',#11798,#11799,#11800);
#11798 = CARTESIAN_POINT('',(7.6,10.55,1.));
#11799 = DIRECTION('',(-0.,-0.,-1.));
#11800 = DIRECTION('',(1.,0.,0.));
#11801 = DEFINITIONAL_REPRESENTATION('',(#11802),#11806);
#11802 = LINE('',#11803,#11804);
#11803 = CARTESIAN_POINT('',(-0.,0.));
#11804 = VECTOR('',#11805,1.);
#11805 = DIRECTION('',(-1.,0.));
#11806 = ( GEOMETRIC_REPRESENTATION_CONTEXT(2) 
PARAMETRIC_REPRESENTATION_CONTEXT() REPRESENTATION_CONTEXT('2D SPACE',''
  ) );
#11807 = ADVANCED_FACE('',(#11808,#11822),#10925,.F.);
#11808 = FACE_BOUND('',#11809,.F.);
#11809 = EDGE_LOOP('',(#11810,#11811,#11812,#11813,#11814,#11815,#11816,
    #11817,#11818,#11819,#11820,#11821));
#11810 = ORIENTED_EDGE('',*,*,#11255,.F.);
#11811 = ORIENTED_EDGE('',*,*,#11349,.F.);
#11812 = ORIENTED_EDGE('',*,*,#11426,.F.);
#11813 = ORIENTED_EDGE('',*,*,#11375,.F.);
#11814 = ORIENTED_EDGE('',*,*,#11303,.F.);
#11815 = ORIENTED_EDGE('',*,*,#11184,.F.);
#11816 = ORIENTED_EDGE('',*,*,#11111,.F.);
#11817 = ORIENTED_EDGE('',*,*,#11015,.F.);
#11818 = ORIENTED_EDGE('',*,*,#10912,.F.);
#11819 = ORIENTED_EDGE('',*,*,#10961,.T.);
#11820 = ORIENTED_EDGE('',*,*,#11063,.F.);
#11821 = ORIENTED_EDGE('',*,*,#11156,.F.);
#11822 = FACE_BOUND('',#11823,.F.);
#11823 = EDGE_LOOP('',(#11824));
#11824 = ORIENTED_EDGE('',*,*,#11825,.T.);
#11825 = EDGE_CURVE('',#11826,#11826,#11828,.T.);
#11826 = VERTEX_POINT('',#11827);
#11827 = CARTESIAN_POINT('',(-6.6,-27.55,0.));
#11828 = SURFACE_CURVE('',#11829,(#11834,#11845),.PCURVE_S1.);
#11829 = CIRCLE('',#11830,5.5);
#11830 = AXIS2_PLACEMENT_3D('',#11831,#11832,#11833);
#11831 = CARTESIAN_POINT('',(-12.1,-27.55,0.));
#11832 = DIRECTION('',(0.,0.,-1.));
#11833 = DIRECTION('',(1.,0.,0.));
#11834 = PCURVE('',#10925,#11835);
#11835 = DEFINITIONAL_REPRESENTATION('',(#11836),#11844);
#11836 = ( BOUNDED_CURVE() B_SPLINE_CURVE(2,(#11837,#11838,#11839,#11840
    ,#11841,#11842,#11843),.UNSPECIFIED.,.T.,.F.) 
B_SPLINE_CURVE_WITH_KNOTS((1,2,2,2,2,1),(-2.094395102393,0.,
    2.094395102393,4.188790204786,6.28318530718,8.377580409573),
.UNSPECIFIED.) CURVE() GEOMETRIC_REPRESENTATION_ITEM() 
RATIONAL_B_SPLINE_CURVE((1.,0.5,1.,0.5,1.,0.5,1.)) REPRESENTATION_ITEM(
  '') );
#11837 = CARTESIAN_POINT('',(-6.6,-27.55));
#11838 = CARTESIAN_POINT('',(-6.6,-37.07627944162));
#11839 = CARTESIAN_POINT('',(-14.85,-32.31313972081));
#11840 = CARTESIAN_POINT('',(-23.1,-27.55));
#11841 = CARTESIAN_POINT('',(-14.85,-22.78686027918));
#11842 = CARTESIAN_POINT('',(-6.6,-18.02372055837));
#11843 = CARTESIAN_POINT('',(-6.6,-27.55));
#11844 = ( GEOMETRIC_REPRESENTATION_CONTEXT(2) 
PARAMETRIC_REPRESENTATION_CONTEXT() REPRESENTATION_CONTEXT('2D SPACE',''
  ) );
#11845 = PCURVE('',#11512,#11846);
#11846 = DEFINITIONAL_REPRESENTATION('',(#11847),#11851);
#11847 = LINE('',#11848,#11849);
#11848 = CARTESIAN_POINT('',(-6.28318530718,-0.25));
#11849 = VECTOR('',#11850,1.);
#11850 = DIRECTION('',(1.,-0.));
#11851 = ( GEOMETRIC_REPRESENTATION_CONTEXT(2) 
PARAMETRIC_REPRESENTATION_CONTEXT() REPRESENTATION_CONTEXT('2D SPACE',''
  ) );
#11852 = ADVANCED_FACE('',(#11853),#11512,.F.);
#11853 = FACE_BOUND('',#11854,.T.);
#11854 = EDGE_LOOP('',(#11855,#11856,#11877,#11878));
#11855 = ORIENTED_EDGE('',*,*,#11825,.T.);
#11856 = ORIENTED_EDGE('',*,*,#11857,.T.);
#11857 = EDGE_CURVE('',#11826,#11492,#11858,.T.);
#11858 = SEAM_CURVE('',#11859,(#11863,#11870),.PCURVE_S1.);
#11859 = LINE('',#11860,#11861);
#11860 = CARTESIAN_POINT('',(-6.6,-27.55,-0.25));
#11861 = VECTOR('',#11862,1.);
#11862 = DIRECTION('',(0.,0.,1.));
#11863 = PCURVE('',#11512,#11864);
#11864 = DEFINITIONAL_REPRESENTATION('',(#11865),#11869);
#11865 = LINE('',#11866,#11867);
#11866 = CARTESIAN_POINT('',(-6.28318530718,0.));
#11867 = VECTOR('',#11868,1.);
#11868 = DIRECTION('',(-0.,-1.));
#11869 = ( GEOMETRIC_REPRESENTATION_CONTEXT(2) 
PARAMETRIC_REPRESENTATION_CONTEXT() REPRESENTATION_CONTEXT('2D SPACE',''
  ) );
#11870 = PCURVE('',#11512,#11871);
#11871 = DEFINITIONAL_REPRESENTATION('',(#11872),#11876);
#11872 = LINE('',#11873,#11874);
#11873 = CARTESIAN_POINT('',(-0.,0.));
#11874 = VECTOR('',#11875,1.);
#11875 = DIRECTION('',(-0.,-1.));
#11876 = ( GEOMETRIC_REPRESENTATION_CONTEXT(2) 
PARAMETRIC_REPRESENTATION_CONTEXT() REPRESENTATION_CONTEXT('2D SPACE',''
  ) );
#11877 = ORIENTED_EDGE('',*,*,#11491,.F.);
#11878 = ORIENTED_EDGE('',*,*,#11857,.F.);
#11879 = ADVANCED_FACE('',(#11880),#11543,.T.);
#11880 = FACE_BOUND('',#11881,.F.);
#11881 = EDGE_LOOP('',(#11882,#11905,#11932,#11933));
#11882 = ORIENTED_EDGE('',*,*,#11883,.T.);
#11883 = EDGE_CURVE('',#11527,#11884,#11886,.T.);
#11884 = VERTEX_POINT('',#11885);
#11885 = CARTESIAN_POINT('',(-10.9,-9.45,1.4));
#11886 = SEAM_CURVE('',#11887,(#11891,#11898),.PCURVE_S1.);
#11887 = LINE('',#11888,#11889);
#11888 = CARTESIAN_POINT('',(-10.9,-9.45,1.));
#11889 = VECTOR('',#11890,1.);
#11890 = DIRECTION('',(0.,0.,1.));
#11891 = PCURVE('',#11543,#11892);
#11892 = DEFINITIONAL_REPRESENTATION('',(#11893),#11897);
#11893 = LINE('',#11894,#11895);
#11894 = CARTESIAN_POINT('',(-0.,0.));
#11895 = VECTOR('',#11896,1.);
#11896 = DIRECTION('',(-0.,-1.));
#11897 = ( GEOMETRIC_REPRESENTATION_CONTEXT(2) 
PARAMETRIC_REPRESENTATION_CONTEXT() REPRESENTATION_CONTEXT('2D SPACE',''
  ) );
#11898 = PCURVE('',#11543,#11899);
#11899 = DEFINITIONAL_REPRESENTATION('',(#11900),#11904);
#11900 = LINE('',#11901,#11902);
#11901 = CARTESIAN_POINT('',(-6.28318530718,0.));
#11902 = VECTOR('',#11903,1.);
#11903 = DIRECTION('',(-0.,-1.));
#11904 = ( GEOMETRIC_REPRESENTATION_CONTEXT(2) 
PARAMETRIC_REPRESENTATION_CONTEXT() REPRESENTATION_CONTEXT('2D SPACE',''
  ) );
#11905 = ORIENTED_EDGE('',*,*,#11906,.T.);
#11906 = EDGE_CURVE('',#11884,#11884,#11907,.T.);
#11907 = SURFACE_CURVE('',#11908,(#11913,#11920),.PCURVE_S1.);
#11908 = CIRCLE('',#11909,1.5);
#11909 = AXIS2_PLACEMENT_3D('',#11910,#11911,#11912);
#11910 = CARTESIAN_POINT('',(-12.4,-9.45,1.4));
#11911 = DIRECTION('',(0.,0.,1.));
#11912 = DIRECTION('',(1.,0.,0.));
#11913 = PCURVE('',#11543,#11914);
#11914 = DEFINITIONAL_REPRESENTATION('',(#11915),#11919);
#11915 = LINE('',#11916,#11917);
#11916 = CARTESIAN_POINT('',(-0.,-0.4));
#11917 = VECTOR('',#11918,1.);
#11918 = DIRECTION('',(-1.,0.));
#11919 = ( GEOMETRIC_REPRESENTATION_CONTEXT(2) 
PARAMETRIC_REPRESENTATION_CONTEXT() REPRESENTATION_CONTEXT('2D SPACE',''
  ) );
#11920 = PCURVE('',#11921,#11926);
#11921 = PLANE('',#11922);
#11922 = AXIS2_PLACEMENT_3D('',#11923,#11924,#11925);
#11923 = CARTESIAN_POINT('',(-12.4,-9.45,1.4));
#11924 = DIRECTION('',(0.,0.,1.));
#11925 = DIRECTION('',(1.,0.,-0.));
#11926 = DEFINITIONAL_REPRESENTATION('',(#11927),#11931);
#11927 = CIRCLE('',#11928,1.5);
#11928 = AXIS2_PLACEMENT_2D('',#11929,#11930);
#11929 = CARTESIAN_POINT('',(0.,0.));
#11930 = DIRECTION('',(1.,0.));
#11931 = ( GEOMETRIC_REPRESENTATION_CONTEXT(2) 
PARAMETRIC_REPRESENTATION_CONTEXT() REPRESENTATION_CONTEXT('2D SPACE',''
  ) );
#11932 = ORIENTED_EDGE('',*,*,#11883,.F.);
#11933 = ORIENTED_EDGE('',*,*,#11526,.F.);
#11934 = ADVANCED_FACE('',(#11935),#11576,.F.);
#11935 = FACE_BOUND('',#11936,.F.);
#11936 = EDGE_LOOP('',(#11937,#11960,#11989,#12010));
#11937 = ORIENTED_EDGE('',*,*,#11938,.F.);
#11938 = EDGE_CURVE('',#11939,#11558,#11941,.T.);
#11939 = VERTEX_POINT('',#11940);
#11940 = CARTESIAN_POINT('',(6.,-10.15,0.95));
#11941 = SURFACE_CURVE('',#11942,(#11946,#11953),.PCURVE_S1.);
#11942 = LINE('',#11943,#11944);
#11943 = CARTESIAN_POINT('',(6.,-10.15,0.95));
#11944 = VECTOR('',#11945,1.);
#11945 = DIRECTION('',(0.,0.,1.));
#11946 = PCURVE('',#11576,#11947);
#11947 = DEFINITIONAL_REPRESENTATION('',(#11948),#11952);
#11948 = LINE('',#11949,#11950);
#11949 = CARTESIAN_POINT('',(0.,0.));
#11950 = VECTOR('',#11951,1.);
#11951 = DIRECTION('',(0.,1.));
#11952 = ( GEOMETRIC_REPRESENTATION_CONTEXT(2) 
PARAMETRIC_REPRESENTATION_CONTEXT() REPRESENTATION_CONTEXT('2D SPACE',''
  ) );
#11953 = PCURVE('',#11603,#11954);
#11954 = DEFINITIONAL_REPRESENTATION('',(#11955),#11959);
#11955 = LINE('',#11956,#11957);
#11956 = CARTESIAN_POINT('',(6.8,0.));
#11957 = VECTOR('',#11958,1.);
#11958 = DIRECTION('',(0.,-1.));
#11959 = ( GEOMETRIC_REPRESENTATION_CONTEXT(2) 
PARAMETRIC_REPRESENTATION_CONTEXT() REPRESENTATION_CONTEXT('2D SPACE',''
  ) );
#11960 = ORIENTED_EDGE('',*,*,#11961,.T.);
#11961 = EDGE_CURVE('',#11939,#11962,#11964,.T.);
#11962 = VERTEX_POINT('',#11963);
#11963 = CARTESIAN_POINT('',(7.,-9.15,0.95));
#11964 = SURFACE_CURVE('',#11965,(#11970,#11977),.PCURVE_S1.);
#11965 = CIRCLE('',#11966,1.);
#11966 = AXIS2_PLACEMENT_3D('',#11967,#11968,#11969);
#11967 = CARTESIAN_POINT('',(6.,-9.15,0.95));
#11968 = DIRECTION('',(0.,0.,1.));
#11969 = DIRECTION('',(0.,-1.,0.));
#11970 = PCURVE('',#11576,#11971);
#11971 = DEFINITIONAL_REPRESENTATION('',(#11972),#11976);
#11972 = LINE('',#11973,#11974);
#11973 = CARTESIAN_POINT('',(0.,-2.22044604925E-16));
#11974 = VECTOR('',#11975,1.);
#11975 = DIRECTION('',(1.,0.));
#11976 = ( GEOMETRIC_REPRESENTATION_CONTEXT(2) 
PARAMETRIC_REPRESENTATION_CONTEXT() REPRESENTATION_CONTEXT('2D SPACE',''
  ) );
#11977 = PCURVE('',#11978,#11983);
#11978 = PLANE('',#11979);
#11979 = AXIS2_PLACEMENT_3D('',#11980,#11981,#11982);
#11980 = CARTESIAN_POINT('',(3.1,-7.45,0.95));
#11981 = DIRECTION('',(0.,0.,1.));
#11982 = DIRECTION('',(1.,0.,-0.));
#11983 = DEFINITIONAL_REPRESENTATION('',(#11984),#11988);
#11984 = CIRCLE('',#11985,1.);
#11985 = AXIS2_PLACEMENT_2D('',#11986,#11987);
#11986 = CARTESIAN_POINT('',(2.9,-1.7));
#11987 = DIRECTION('',(0.,-1.));
#11988 = ( GEOMETRIC_REPRESENTATION_CONTEXT(2) 
PARAMETRIC_REPRESENTATION_CONTEXT() REPRESENTATION_CONTEXT('2D SPACE',''
  ) );
#11989 = ORIENTED_EDGE('',*,*,#11990,.T.);
#11990 = EDGE_CURVE('',#11962,#11560,#11991,.T.);
#11991 = SURFACE_CURVE('',#11992,(#11996,#12003),.PCURVE_S1.);
#11992 = LINE('',#11993,#11994);
#11993 = CARTESIAN_POINT('',(7.,-9.15,0.95));
#11994 = VECTOR('',#11995,1.);
#11995 = DIRECTION('',(0.,0.,1.));
#11996 = PCURVE('',#11576,#11997);
#11997 = DEFINITIONAL_REPRESENTATION('',(#11998),#12002);
#11998 = LINE('',#11999,#12000);
#11999 = CARTESIAN_POINT('',(1.570796326795,0.));
#12000 = VECTOR('',#12001,1.);
#12001 = DIRECTION('',(0.,1.));
#12002 = ( GEOMETRIC_REPRESENTATION_CONTEXT(2) 
PARAMETRIC_REPRESENTATION_CONTEXT() REPRESENTATION_CONTEXT('2D SPACE',''
  ) );
#12003 = PCURVE('',#11766,#12004);
#12004 = DEFINITIONAL_REPRESENTATION('',(#12005),#12009);
#12005 = LINE('',#12006,#12007);
#12006 = CARTESIAN_POINT('',(1.,0.));
#12007 = VECTOR('',#12008,1.);
#12008 = DIRECTION('',(0.,-1.));
#12009 = ( GEOMETRIC_REPRESENTATION_CONTEXT(2) 
PARAMETRIC_REPRESENTATION_CONTEXT() REPRESENTATION_CONTEXT('2D SPACE',''
  ) );
#12010 = ORIENTED_EDGE('',*,*,#11557,.F.);
#12011 = ADVANCED_FACE('',(#12012),#11766,.T.);
#12012 = FACE_BOUND('',#12013,.T.);
#12013 = EDGE_LOOP('',(#12014,#12037,#12038,#12039));
#12014 = ORIENTED_EDGE('',*,*,#12015,.F.);
#12015 = EDGE_CURVE('',#11962,#12016,#12018,.T.);
#12016 = VERTEX_POINT('',#12017);
#12017 = CARTESIAN_POINT('',(7.,-5.75,0.95));
#12018 = SURFACE_CURVE('',#12019,(#12023,#12030),.PCURVE_S1.);
#12019 = LINE('',#12020,#12021);
#12020 = CARTESIAN_POINT('',(7.,-10.15,0.95));
#12021 = VECTOR('',#12022,1.);
#12022 = DIRECTION('',(0.,1.,0.));
#12023 = PCURVE('',#11766,#12024);
#12024 = DEFINITIONAL_REPRESENTATION('',(#12025),#12029);
#12025 = LINE('',#12026,#12027);
#12026 = CARTESIAN_POINT('',(0.,0.));
#12027 = VECTOR('',#12028,1.);
#12028 = DIRECTION('',(1.,0.));
#12029 = ( GEOMETRIC_REPRESENTATION_CONTEXT(2) 
PARAMETRIC_REPRESENTATION_CONTEXT() REPRESENTATION_CONTEXT('2D SPACE',''
  ) );
#12030 = PCURVE('',#11978,#12031);
#12031 = DEFINITIONAL_REPRESENTATION('',(#12032),#12036);
#12032 = LINE('',#12033,#12034);
#12033 = CARTESIAN_POINT('',(3.9,-2.7));
#12034 = VECTOR('',#12035,1.);
#12035 = DIRECTION('',(0.,1.));
#12036 = ( GEOMETRIC_REPRESENTATION_CONTEXT(2) 
PARAMETRIC_REPRESENTATION_CONTEXT() REPRESENTATION_CONTEXT('2D SPACE',''
  ) );
#12037 = ORIENTED_EDGE('',*,*,#11990,.T.);
#12038 = ORIENTED_EDGE('',*,*,#11753,.F.);
#12039 = ORIENTED_EDGE('',*,*,#12040,.F.);
#12040 = EDGE_CURVE('',#12016,#11725,#12041,.T.);
#12041 = SURFACE_CURVE('',#12042,(#12046,#12053),.PCURVE_S1.);
#12042 = LINE('',#12043,#12044);
#12043 = CARTESIAN_POINT('',(7.,-5.75,0.95));
#12044 = VECTOR('',#12045,1.);
#12045 = DIRECTION('',(0.,0.,1.));
#12046 = PCURVE('',#11766,#12047);
#12047 = DEFINITIONAL_REPRESENTATION('',(#12048),#12052);
#12048 = LINE('',#12049,#12050);
#12049 = CARTESIAN_POINT('',(4.4,0.));
#12050 = VECTOR('',#12051,1.);
#12051 = DIRECTION('',(0.,-1.));
#12052 = ( GEOMETRIC_REPRESENTATION_CONTEXT(2) 
PARAMETRIC_REPRESENTATION_CONTEXT() REPRESENTATION_CONTEXT('2D SPACE',''
  ) );
#12053 = PCURVE('',#11741,#12054);
#12054 = DEFINITIONAL_REPRESENTATION('',(#12055),#12059);
#12055 = LINE('',#12056,#12057);
#12056 = CARTESIAN_POINT('',(0.,0.));
#12057 = VECTOR('',#12058,1.);
#12058 = DIRECTION('',(0.,1.));
#12059 = ( GEOMETRIC_REPRESENTATION_CONTEXT(2) 
PARAMETRIC_REPRESENTATION_CONTEXT() REPRESENTATION_CONTEXT('2D SPACE',''
  ) );
#12060 = ADVANCED_FACE('',(#12061),#11741,.F.);
#12061 = FACE_BOUND('',#12062,.F.);
#12062 = EDGE_LOOP('',(#12063,#12064,#12088,#12109));
#12063 = ORIENTED_EDGE('',*,*,#12040,.F.);
#12064 = ORIENTED_EDGE('',*,*,#12065,.T.);
#12065 = EDGE_CURVE('',#12016,#12066,#12068,.T.);
#12066 = VERTEX_POINT('',#12067);
#12067 = CARTESIAN_POINT('',(6.,-4.75,0.95));
#12068 = SURFACE_CURVE('',#12069,(#12074,#12081),.PCURVE_S1.);
#12069 = CIRCLE('',#12070,1.);
#12070 = AXIS2_PLACEMENT_3D('',#12071,#12072,#12073);
#12071 = CARTESIAN_POINT('',(6.,-5.75,0.95));
#12072 = DIRECTION('',(0.,0.,1.));
#12073 = DIRECTION('',(0.,-1.,0.));
#12074 = PCURVE('',#11741,#12075);
#12075 = DEFINITIONAL_REPRESENTATION('',(#12076),#12080);
#12076 = LINE('',#12077,#12078);
#12077 = CARTESIAN_POINT('',(-1.570796326795,-2.22044604925E-16));
#12078 = VECTOR('',#12079,1.);
#12079 = DIRECTION('',(1.,0.));
#12080 = ( GEOMETRIC_REPRESENTATION_CONTEXT(2) 
PARAMETRIC_REPRESENTATION_CONTEXT() REPRESENTATION_CONTEXT('2D SPACE',''
  ) );
#12081 = PCURVE('',#11978,#12082);
#12082 = DEFINITIONAL_REPRESENTATION('',(#12083),#12087);
#12083 = CIRCLE('',#12084,1.);
#12084 = AXIS2_PLACEMENT_2D('',#12085,#12086);
#12085 = CARTESIAN_POINT('',(2.9,1.7));
#12086 = DIRECTION('',(0.,-1.));
#12087 = ( GEOMETRIC_REPRESENTATION_CONTEXT(2) 
PARAMETRIC_REPRESENTATION_CONTEXT() REPRESENTATION_CONTEXT('2D SPACE',''
  ) );
#12088 = ORIENTED_EDGE('',*,*,#12089,.T.);
#12089 = EDGE_CURVE('',#12066,#11699,#12090,.T.);
#12090 = SURFACE_CURVE('',#12091,(#12095,#12102),.PCURVE_S1.);
#12091 = LINE('',#12092,#12093);
#12092 = CARTESIAN_POINT('',(6.,-4.75,0.95));
#12093 = VECTOR('',#12094,1.);
#12094 = DIRECTION('',(0.,0.,1.));
#12095 = PCURVE('',#11741,#12096);
#12096 = DEFINITIONAL_REPRESENTATION('',(#12097),#12101);
#12097 = LINE('',#12098,#12099);
#12098 = CARTESIAN_POINT('',(1.570796326795,0.));
#12099 = VECTOR('',#12100,1.);
#12100 = DIRECTION('',(0.,1.));
#12101 = ( GEOMETRIC_REPRESENTATION_CONTEXT(2) 
PARAMETRIC_REPRESENTATION_CONTEXT() REPRESENTATION_CONTEXT('2D SPACE',''
  ) );
#12102 = PCURVE('',#11713,#12103);
#12103 = DEFINITIONAL_REPRESENTATION('',(#12104),#12108);
#12104 = LINE('',#12105,#12106);
#12105 = CARTESIAN_POINT('',(1.,0.));
#12106 = VECTOR('',#12107,1.);
#12107 = DIRECTION('',(0.,-1.));
#12108 = ( GEOMETRIC_REPRESENTATION_CONTEXT(2) 
PARAMETRIC_REPRESENTATION_CONTEXT() REPRESENTATION_CONTEXT('2D SPACE',''
  ) );
#12109 = ORIENTED_EDGE('',*,*,#11724,.F.);
#12110 = ADVANCED_FACE('',(#12111),#11713,.T.);
#12111 = FACE_BOUND('',#12112,.T.);
#12112 = EDGE_LOOP('',(#12113,#12136,#12137,#12138));
#12113 = ORIENTED_EDGE('',*,*,#12114,.F.);
#12114 = EDGE_CURVE('',#12066,#12115,#12117,.T.);
#12115 = VERTEX_POINT('',#12116);
#12116 = CARTESIAN_POINT('',(0.2,-4.75,0.95));
#12117 = SURFACE_CURVE('',#12118,(#12122,#12129),.PCURVE_S1.);
#12118 = LINE('',#12119,#12120);
#12119 = CARTESIAN_POINT('',(7.,-4.75,0.95));
#12120 = VECTOR('',#12121,1.);
#12121 = DIRECTION('',(-1.,0.,0.));
#12122 = PCURVE('',#11713,#12123);
#12123 = DEFINITIONAL_REPRESENTATION('',(#12124),#12128);
#12124 = LINE('',#12125,#12126);
#12125 = CARTESIAN_POINT('',(0.,-0.));
#12126 = VECTOR('',#12127,1.);
#12127 = DIRECTION('',(1.,0.));
#12128 = ( GEOMETRIC_REPRESENTATION_CONTEXT(2) 
PARAMETRIC_REPRESENTATION_CONTEXT() REPRESENTATION_CONTEXT('2D SPACE',''
  ) );
#12129 = PCURVE('',#11978,#12130);
#12130 = DEFINITIONAL_REPRESENTATION('',(#12131),#12135);
#12131 = LINE('',#12132,#12133);
#12132 = CARTESIAN_POINT('',(3.9,2.7));
#12133 = VECTOR('',#12134,1.);
#12134 = DIRECTION('',(-1.,0.));
#12135 = ( GEOMETRIC_REPRESENTATION_CONTEXT(2) 
PARAMETRIC_REPRESENTATION_CONTEXT() REPRESENTATION_CONTEXT('2D SPACE',''
  ) );
#12136 = ORIENTED_EDGE('',*,*,#12089,.T.);
#12137 = ORIENTED_EDGE('',*,*,#11698,.F.);
#12138 = ORIENTED_EDGE('',*,*,#12139,.F.);
#12139 = EDGE_CURVE('',#12115,#11670,#12140,.T.);
#12140 = SURFACE_CURVE('',#12141,(#12145,#12152),.PCURVE_S1.);
#12141 = LINE('',#12142,#12143);
#12142 = CARTESIAN_POINT('',(0.2,-4.75,0.95));
#12143 = VECTOR('',#12144,1.);
#12144 = DIRECTION('',(0.,0.,1.));
#12145 = PCURVE('',#11713,#12146);
#12146 = DEFINITIONAL_REPRESENTATION('',(#12147),#12151);
#12147 = LINE('',#12148,#12149);
#12148 = CARTESIAN_POINT('',(6.8,0.));
#12149 = VECTOR('',#12150,1.);
#12150 = DIRECTION('',(0.,-1.));
#12151 = ( GEOMETRIC_REPRESENTATION_CONTEXT(2) 
PARAMETRIC_REPRESENTATION_CONTEXT() REPRESENTATION_CONTEXT('2D SPACE',''
  ) );
#12152 = PCURVE('',#11686,#12153);
#12153 = DEFINITIONAL_REPRESENTATION('',(#12154),#12158);
#12154 = LINE('',#12155,#12156);
#12155 = CARTESIAN_POINT('',(0.,0.));
#12156 = VECTOR('',#12157,1.);
#12157 = DIRECTION('',(0.,1.));
#12158 = ( GEOMETRIC_REPRESENTATION_CONTEXT(2) 
PARAMETRIC_REPRESENTATION_CONTEXT() REPRESENTATION_CONTEXT('2D SPACE',''
  ) );
#12159 = ADVANCED_FACE('',(#12160),#11686,.F.);
#12160 = FACE_BOUND('',#12161,.F.);
#12161 = EDGE_LOOP('',(#12162,#12163,#12187,#12208));
#12162 = ORIENTED_EDGE('',*,*,#12139,.F.);
#12163 = ORIENTED_EDGE('',*,*,#12164,.T.);
#12164 = EDGE_CURVE('',#12115,#12165,#12167,.T.);
#12165 = VERTEX_POINT('',#12166);
#12166 = CARTESIAN_POINT('',(-0.8,-5.75,0.95));
#12167 = SURFACE_CURVE('',#12168,(#12173,#12180),.PCURVE_S1.);
#12168 = CIRCLE('',#12169,1.);
#12169 = AXIS2_PLACEMENT_3D('',#12170,#12171,#12172);
#12170 = CARTESIAN_POINT('',(0.2,-5.75,0.95));
#12171 = DIRECTION('',(0.,0.,1.));
#12172 = DIRECTION('',(0.,-1.,0.));
#12173 = PCURVE('',#11686,#12174);
#12174 = DEFINITIONAL_REPRESENTATION('',(#12175),#12179);
#12175 = LINE('',#12176,#12177);
#12176 = CARTESIAN_POINT('',(-3.14159265359,-2.22044604925E-16));
#12177 = VECTOR('',#12178,1.);
#12178 = DIRECTION('',(1.,0.));
#12179 = ( GEOMETRIC_REPRESENTATION_CONTEXT(2) 
PARAMETRIC_REPRESENTATION_CONTEXT() REPRESENTATION_CONTEXT('2D SPACE',''
  ) );
#12180 = PCURVE('',#11978,#12181);
#12181 = DEFINITIONAL_REPRESENTATION('',(#12182),#12186);
#12182 = CIRCLE('',#12183,1.);
#12183 = AXIS2_PLACEMENT_2D('',#12184,#12185);
#12184 = CARTESIAN_POINT('',(-2.9,1.7));
#12185 = DIRECTION('',(0.,-1.));
#12186 = ( GEOMETRIC_REPRESENTATION_CONTEXT(2) 
PARAMETRIC_REPRESENTATION_CONTEXT() REPRESENTATION_CONTEXT('2D SPACE',''
  ) );
#12187 = ORIENTED_EDGE('',*,*,#12188,.T.);
#12188 = EDGE_CURVE('',#12165,#11644,#12189,.T.);
#12189 = SURFACE_CURVE('',#12190,(#12194,#12201),.PCURVE_S1.);
#12190 = LINE('',#12191,#12192);
#12191 = CARTESIAN_POINT('',(-0.8,-5.75,0.95));
#12192 = VECTOR('',#12193,1.);
#12193 = DIRECTION('',(0.,0.,1.));
#12194 = PCURVE('',#11686,#12195);
#12195 = DEFINITIONAL_REPRESENTATION('',(#12196),#12200);
#12196 = LINE('',#12197,#12198);
#12197 = CARTESIAN_POINT('',(1.570796326795,0.));
#12198 = VECTOR('',#12199,1.);
#12199 = DIRECTION('',(0.,1.));
#12200 = ( GEOMETRIC_REPRESENTATION_CONTEXT(2) 
PARAMETRIC_REPRESENTATION_CONTEXT() REPRESENTATION_CONTEXT('2D SPACE',''
  ) );
#12201 = PCURVE('',#11658,#12202);
#12202 = DEFINITIONAL_REPRESENTATION('',(#12203),#12207);
#12203 = LINE('',#12204,#12205);
#12204 = CARTESIAN_POINT('',(1.,0.));
#12205 = VECTOR('',#12206,1.);
#12206 = DIRECTION('',(0.,-1.));
#12207 = ( GEOMETRIC_REPRESENTATION_CONTEXT(2) 
PARAMETRIC_REPRESENTATION_CONTEXT() REPRESENTATION_CONTEXT('2D SPACE',''
  ) );
#12208 = ORIENTED_EDGE('',*,*,#11669,.F.);
#12209 = ADVANCED_FACE('',(#12210),#11658,.T.);
#12210 = FACE_BOUND('',#12211,.T.);
#12211 = EDGE_LOOP('',(#12212,#12235,#12236,#12237));
#12212 = ORIENTED_EDGE('',*,*,#12213,.F.);
#12213 = EDGE_CURVE('',#12165,#12214,#12216,.T.);
#12214 = VERTEX_POINT('',#12215);
#12215 = CARTESIAN_POINT('',(-0.8,-9.15,0.95));
#12216 = SURFACE_CURVE('',#12217,(#12221,#12228),.PCURVE_S1.);
#12217 = LINE('',#12218,#12219);
#12218 = CARTESIAN_POINT('',(-0.8,-4.75,0.95));
#12219 = VECTOR('',#12220,1.);
#12220 = DIRECTION('',(0.,-1.,0.));
#12221 = PCURVE('',#11658,#12222);
#12222 = DEFINITIONAL_REPRESENTATION('',(#12223),#12227);
#12223 = LINE('',#12224,#12225);
#12224 = CARTESIAN_POINT('',(0.,0.));
#12225 = VECTOR('',#12226,1.);
#12226 = DIRECTION('',(1.,0.));
#12227 = ( GEOMETRIC_REPRESENTATION_CONTEXT(2) 
PARAMETRIC_REPRESENTATION_CONTEXT() REPRESENTATION_CONTEXT('2D SPACE',''
  ) );
#12228 = PCURVE('',#11978,#12229);
#12229 = DEFINITIONAL_REPRESENTATION('',(#12230),#12234);
#12230 = LINE('',#12231,#12232);
#12231 = CARTESIAN_POINT('',(-3.9,2.7));
#12232 = VECTOR('',#12233,1.);
#12233 = DIRECTION('',(0.,-1.));
#12234 = ( GEOMETRIC_REPRESENTATION_CONTEXT(2) 
PARAMETRIC_REPRESENTATION_CONTEXT() REPRESENTATION_CONTEXT('2D SPACE',''
  ) );
#12235 = ORIENTED_EDGE('',*,*,#12188,.T.);
#12236 = ORIENTED_EDGE('',*,*,#11643,.F.);
#12237 = ORIENTED_EDGE('',*,*,#12238,.F.);
#12238 = EDGE_CURVE('',#12214,#11615,#12239,.T.);
#12239 = SURFACE_CURVE('',#12240,(#12244,#12251),.PCURVE_S1.);
#12240 = LINE('',#12241,#12242);
#12241 = CARTESIAN_POINT('',(-0.8,-9.15,0.95));
#12242 = VECTOR('',#12243,1.);
#12243 = DIRECTION('',(0.,0.,1.));
#12244 = PCURVE('',#11658,#12245);
#12245 = DEFINITIONAL_REPRESENTATION('',(#12246),#12250);
#12246 = LINE('',#12247,#12248);
#12247 = CARTESIAN_POINT('',(4.4,0.));
#12248 = VECTOR('',#12249,1.);
#12249 = DIRECTION('',(0.,-1.));
#12250 = ( GEOMETRIC_REPRESENTATION_CONTEXT(2) 
PARAMETRIC_REPRESENTATION_CONTEXT() REPRESENTATION_CONTEXT('2D SPACE',''
  ) );
#12251 = PCURVE('',#11631,#12252);
#12252 = DEFINITIONAL_REPRESENTATION('',(#12253),#12257);
#12253 = LINE('',#12254,#12255);
#12254 = CARTESIAN_POINT('',(-1.570796326795,0.));
#12255 = VECTOR('',#12256,1.);
#12256 = DIRECTION('',(-0.,1.));
#12257 = ( GEOMETRIC_REPRESENTATION_CONTEXT(2) 
PARAMETRIC_REPRESENTATION_CONTEXT() REPRESENTATION_CONTEXT('2D SPACE',''
  ) );
#12258 = ADVANCED_FACE('',(#12259),#11631,.F.);
#12259 = FACE_BOUND('',#12260,.T.);
#12260 = EDGE_LOOP('',(#12261,#12284,#12310,#12311));
#12261 = ORIENTED_EDGE('',*,*,#12262,.F.);
#12262 = EDGE_CURVE('',#12263,#11589,#12265,.T.);
#12263 = VERTEX_POINT('',#12264);
#12264 = CARTESIAN_POINT('',(0.2,-10.15,0.95));
#12265 = SURFACE_CURVE('',#12266,(#12270,#12277),.PCURVE_S1.);
#12266 = LINE('',#12267,#12268);
#12267 = CARTESIAN_POINT('',(0.2,-10.15,0.95));
#12268 = VECTOR('',#12269,1.);
#12269 = DIRECTION('',(0.,0.,1.));
#12270 = PCURVE('',#11631,#12271);
#12271 = DEFINITIONAL_REPRESENTATION('',(#12272),#12276);
#12272 = LINE('',#12273,#12274);
#12273 = CARTESIAN_POINT('',(-0.,0.));
#12274 = VECTOR('',#12275,1.);
#12275 = DIRECTION('',(-0.,1.));
#12276 = ( GEOMETRIC_REPRESENTATION_CONTEXT(2) 
PARAMETRIC_REPRESENTATION_CONTEXT() REPRESENTATION_CONTEXT('2D SPACE',''
  ) );
#12277 = PCURVE('',#11603,#12278);
#12278 = DEFINITIONAL_REPRESENTATION('',(#12279),#12283);
#12279 = LINE('',#12280,#12281);
#12280 = CARTESIAN_POINT('',(1.,0.));
#12281 = VECTOR('',#12282,1.);
#12282 = DIRECTION('',(0.,-1.));
#12283 = ( GEOMETRIC_REPRESENTATION_CONTEXT(2) 
PARAMETRIC_REPRESENTATION_CONTEXT() REPRESENTATION_CONTEXT('2D SPACE',''
  ) );
#12284 = ORIENTED_EDGE('',*,*,#12285,.T.);
#12285 = EDGE_CURVE('',#12263,#12214,#12286,.T.);
#12286 = SURFACE_CURVE('',#12287,(#12292,#12299),.PCURVE_S1.);
#12287 = CIRCLE('',#12288,1.);
#12288 = AXIS2_PLACEMENT_3D('',#12289,#12290,#12291);
#12289 = CARTESIAN_POINT('',(0.2,-9.15,0.95));
#12290 = DIRECTION('',(-0.,-0.,-1.));
#12291 = DIRECTION('',(0.,-1.,0.));
#12292 = PCURVE('',#11631,#12293);
#12293 = DEFINITIONAL_REPRESENTATION('',(#12294),#12298);
#12294 = LINE('',#12295,#12296);
#12295 = CARTESIAN_POINT('',(-0.,-2.22044604925E-16));
#12296 = VECTOR('',#12297,1.);
#12297 = DIRECTION('',(-1.,0.));
#12298 = ( GEOMETRIC_REPRESENTATION_CONTEXT(2) 
PARAMETRIC_REPRESENTATION_CONTEXT() REPRESENTATION_CONTEXT('2D SPACE',''
  ) );
#12299 = PCURVE('',#11978,#12300);
#12300 = DEFINITIONAL_REPRESENTATION('',(#12301),#12309);
#12301 = ( BOUNDED_CURVE() B_SPLINE_CURVE(2,(#12302,#12303,#12304,#12305
    ,#12306,#12307,#12308),.UNSPECIFIED.,.T.,.F.) 
B_SPLINE_CURVE_WITH_KNOTS((1,2,2,2,2,1),(-2.094395102393,0.,
    2.094395102393,4.188790204786,6.28318530718,8.377580409573),
.UNSPECIFIED.) CURVE() GEOMETRIC_REPRESENTATION_ITEM() 
RATIONAL_B_SPLINE_CURVE((1.,0.5,1.,0.5,1.,0.5,1.)) REPRESENTATION_ITEM(
  '') );
#12302 = CARTESIAN_POINT('',(-2.9,-2.7));
#12303 = CARTESIAN_POINT('',(-4.632050807569,-2.7));
#12304 = CARTESIAN_POINT('',(-3.766025403784,-1.2));
#12305 = CARTESIAN_POINT('',(-2.9,0.3));
#12306 = CARTESIAN_POINT('',(-2.033974596216,-1.2));
#12307 = CARTESIAN_POINT('',(-1.167949192431,-2.7));
#12308 = CARTESIAN_POINT('',(-2.9,-2.7));
#12309 = ( GEOMETRIC_REPRESENTATION_CONTEXT(2) 
PARAMETRIC_REPRESENTATION_CONTEXT() REPRESENTATION_CONTEXT('2D SPACE',''
  ) );
#12310 = ORIENTED_EDGE('',*,*,#12238,.T.);
#12311 = ORIENTED_EDGE('',*,*,#11614,.T.);
#12312 = ADVANCED_FACE('',(#12313),#11603,.T.);
#12313 = FACE_BOUND('',#12314,.T.);
#12314 = EDGE_LOOP('',(#12315,#12336,#12337,#12338));
#12315 = ORIENTED_EDGE('',*,*,#12316,.F.);
#12316 = EDGE_CURVE('',#12263,#11939,#12317,.T.);
#12317 = SURFACE_CURVE('',#12318,(#12322,#12329),.PCURVE_S1.);
#12318 = LINE('',#12319,#12320);
#12319 = CARTESIAN_POINT('',(-0.8,-10.15,0.95));
#12320 = VECTOR('',#12321,1.);
#12321 = DIRECTION('',(1.,0.,0.));
#12322 = PCURVE('',#11603,#12323);
#12323 = DEFINITIONAL_REPRESENTATION('',(#12324),#12328);
#12324 = LINE('',#12325,#12326);
#12325 = CARTESIAN_POINT('',(0.,0.));
#12326 = VECTOR('',#12327,1.);
#12327 = DIRECTION('',(1.,0.));
#12328 = ( GEOMETRIC_REPRESENTATION_CONTEXT(2) 
PARAMETRIC_REPRESENTATION_CONTEXT() REPRESENTATION_CONTEXT('2D SPACE',''
  ) );
#12329 = PCURVE('',#11978,#12330);
#12330 = DEFINITIONAL_REPRESENTATION('',(#12331),#12335);
#12331 = LINE('',#12332,#12333);
#12332 = CARTESIAN_POINT('',(-3.9,-2.7));
#12333 = VECTOR('',#12334,1.);
#12334 = DIRECTION('',(1.,0.));
#12335 = ( GEOMETRIC_REPRESENTATION_CONTEXT(2) 
PARAMETRIC_REPRESENTATION_CONTEXT() REPRESENTATION_CONTEXT('2D SPACE',''
  ) );
#12336 = ORIENTED_EDGE('',*,*,#12262,.T.);
#12337 = ORIENTED_EDGE('',*,*,#11588,.F.);
#12338 = ORIENTED_EDGE('',*,*,#11938,.F.);
#12339 = ADVANCED_FACE('',(#12340),#11796,.T.);
#12340 = FACE_BOUND('',#12341,.F.);
#12341 = EDGE_LOOP('',(#12342,#12365,#12392,#12393));
#12342 = ORIENTED_EDGE('',*,*,#12343,.T.);
#12343 = EDGE_CURVE('',#11780,#12344,#12346,.T.);
#12344 = VERTEX_POINT('',#12345);
#12345 = CARTESIAN_POINT('',(9.1,10.55,1.4));
#12346 = SEAM_CURVE('',#12347,(#12351,#12358),.PCURVE_S1.);
#12347 = LINE('',#12348,#12349);
#12348 = CARTESIAN_POINT('',(9.1,10.55,1.));
#12349 = VECTOR('',#12350,1.);
#12350 = DIRECTION('',(0.,0.,1.));
#12351 = PCURVE('',#11796,#12352);
#12352 = DEFINITIONAL_REPRESENTATION('',(#12353),#12357);
#12353 = LINE('',#12354,#12355);
#12354 = CARTESIAN_POINT('',(-0.,0.));
#12355 = VECTOR('',#12356,1.);
#12356 = DIRECTION('',(-0.,-1.));
#12357 = ( GEOMETRIC_REPRESENTATION_CONTEXT(2) 
PARAMETRIC_REPRESENTATION_CONTEXT() REPRESENTATION_CONTEXT('2D SPACE',''
  ) );
#12358 = PCURVE('',#11796,#12359);
#12359 = DEFINITIONAL_REPRESENTATION('',(#12360),#12364);
#12360 = LINE('',#12361,#12362);
#12361 = CARTESIAN_POINT('',(-6.28318530718,0.));
#12362 = VECTOR('',#12363,1.);
#12363 = DIRECTION('',(-0.,-1.));
#12364 = ( GEOMETRIC_REPRESENTATION_CONTEXT(2) 
PARAMETRIC_REPRESENTATION_CONTEXT() REPRESENTATION_CONTEXT('2D SPACE',''
  ) );
#12365 = ORIENTED_EDGE('',*,*,#12366,.T.);
#12366 = EDGE_CURVE('',#12344,#12344,#12367,.T.);
#12367 = SURFACE_CURVE('',#12368,(#12373,#12380),.PCURVE_S1.);
#12368 = CIRCLE('',#12369,1.5);
#12369 = AXIS2_PLACEMENT_3D('',#12370,#12371,#12372);
#12370 = CARTESIAN_POINT('',(7.6,10.55,1.4));
#12371 = DIRECTION('',(0.,0.,1.));
#12372 = DIRECTION('',(1.,0.,0.));
#12373 = PCURVE('',#11796,#12374);
#12374 = DEFINITIONAL_REPRESENTATION('',(#12375),#12379);
#12375 = LINE('',#12376,#12377);
#12376 = CARTESIAN_POINT('',(-0.,-0.4));
#12377 = VECTOR('',#12378,1.);
#12378 = DIRECTION('',(-1.,0.));
#12379 = ( GEOMETRIC_REPRESENTATION_CONTEXT(2) 
PARAMETRIC_REPRESENTATION_CONTEXT() REPRESENTATION_CONTEXT('2D SPACE',''
  ) );
#12380 = PCURVE('',#12381,#12386);
#12381 = PLANE('',#12382);
#12382 = AXIS2_PLACEMENT_3D('',#12383,#12384,#12385);
#12383 = CARTESIAN_POINT('',(7.6,10.55,1.4));
#12384 = DIRECTION('',(0.,0.,1.));
#12385 = DIRECTION('',(1.,0.,-0.));
#12386 = DEFINITIONAL_REPRESENTATION('',(#12387),#12391);
#12387 = CIRCLE('',#12388,1.5);
#12388 = AXIS2_PLACEMENT_2D('',#12389,#12390);
#12389 = CARTESIAN_POINT('',(-8.881784197001E-16,-1.7763568394E-15));
#12390 = DIRECTION('',(1.,0.));
#12391 = ( GEOMETRIC_REPRESENTATION_CONTEXT(2) 
PARAMETRIC_REPRESENTATION_CONTEXT() REPRESENTATION_CONTEXT('2D SPACE',''
  ) );
#12392 = ORIENTED_EDGE('',*,*,#12343,.F.);
#12393 = ORIENTED_EDGE('',*,*,#11779,.F.);
#12394 = ADVANCED_FACE('',(#12395),#11921,.T.);
#12395 = FACE_BOUND('',#12396,.T.);
#12396 = EDGE_LOOP('',(#12397));
#12397 = ORIENTED_EDGE('',*,*,#11906,.T.);
#12398 = ADVANCED_FACE('',(#12399),#11978,.T.);
#12399 = FACE_BOUND('',#12400,.T.);
#12400 = EDGE_LOOP('',(#12401,#12402,#12403,#12404,#12405,#12406,#12407,
    #12408));
#12401 = ORIENTED_EDGE('',*,*,#12316,.T.);
#12402 = ORIENTED_EDGE('',*,*,#11961,.T.);
#12403 = ORIENTED_EDGE('',*,*,#12015,.T.);
#12404 = ORIENTED_EDGE('',*,*,#12065,.T.);
#12405 = ORIENTED_EDGE('',*,*,#12114,.T.);
#12406 = ORIENTED_EDGE('',*,*,#12164,.T.);
#12407 = ORIENTED_EDGE('',*,*,#12213,.T.);
#12408 = ORIENTED_EDGE('',*,*,#12285,.F.);
#12409 = ADVANCED_FACE('',(#12410),#12381,.T.);
#12410 = FACE_BOUND('',#12411,.T.);
#12411 = EDGE_LOOP('',(#12412));
#12412 = ORIENTED_EDGE('',*,*,#12366,.T.);
#12413 = ( GEOMETRIC_REPRESENTATION_CONTEXT(3) 
GLOBAL_UNCERTAINTY_ASSIGNED_CONTEXT((#12417)) 
GLOBAL_UNIT_ASSIGNED_CONTEXT((#12414,#12415,#12416)) 
REPRESENTATION_CONTEXT('Context #1',
  '3D Context with UNIT and UNCERTAINTY') );
#12414 = ( LENGTH_UNIT() NAMED_UNIT(*) SI_UNIT(.MILLI.,.METRE.) );
#12415 = ( NAMED_UNIT(*) PLANE_ANGLE_UNIT() SI_UNIT($,.RADIAN.) );
#12416 = ( NAMED_UNIT(*) SI_UNIT($,.STERADIAN.) SOLID_ANGLE_UNIT() );
#12417 = UNCERTAINTY_MEASURE_WITH_UNIT(LENGTH_MEASURE(5.E-06),#12414,
  'distance_accuracy_value','confusion accuracy');
#12418 = PRODUCT_RELATED_PRODUCT_CATEGORY('part',$,(#7));
ENDSEC;
END-ISO-10303-21;
