ISO-10303-21;
HEADER;
FILE_DESCRIPTION(('Open CASCADE Model'),'2;1');
FILE_NAME('Open CASCADE Shape Model','2026-08-07T14:10:58',('Author'),(
    'Open CASCADE'),'Open CASCADE STEP processor 7.9','Open CASCADE 7.9'
  ,'Unknown');
FILE_SCHEMA(('AUTOMOTIVE_DESIGN { 1 0 10303 214 1 1 1 1 }'));
ENDSEC;
DATA;
#1 = APPLICATION_PROTOCOL_DEFINITION('international standard',
  'automotive_design',2000,#2);
#2 = APPLICATION_CONTEXT(
  'core data for automotive mechanical design processes');
#3 = SHAPE_DEFINITION_REPRESENTATION(#4,#10);
#4 = PRODUCT_DEFINITION_SHAPE('','',#5);
#5 = PRODUCT_DEFINITION('design','',#6,#9);
#6 = PRODUCT_DEFINITION_FORMATION('','',#7);
#7 = PRODUCT('Open CASCADE STEP translator 7.9 3',
  'Open CASCADE STEP translator 7.9 3','',(#8));
#8 = PRODUCT_CONTEXT('',#2,'mechanical');
#9 = PRODUCT_DEFINITION_CONTEXT('part definition',#2,'design');
#10 = ADVANCED_BREP_SHAPE_REPRESENTATION('',(#11,#15),#11164);
#11 = AXIS2_PLACEMENT_3D('',#12,#13,#14);
#12 = CARTESIAN_POINT('',(0.,0.,0.));
#13 = DIRECTION('',(0.,0.,1.));
#14 = DIRECTION('',(1.,0.,-0.));
#15 = MANIFOLD_SOLID_BREP('',#16);
#16 = CLOSED_SHELL('',(#17,#133,#219,#296,#377,#453,#537,#585,#640,#1042
    ,#1067,#1144,#1199,#1273,#1354,#1379,#1433,#1486,#1511,#1536,#1584,
    #1611,#1696,#1754,#1812,#1871,#1930,#1988,#2046,#2079,#2156,#2209,
    #2263,#2311,#2343,#2398,#2450,#2498,#2583,#2641,#2699,#2758,#2817,
    #2875,#2933,#2966,#3968,#3993,#4045,#4095,#4127,#4175,#4200,#4325,
    #4377,#4424,#4533,#4638,#4685,#4732,#4821,#4846,#4871,#4919,#4946,
    #4999,#5052,#5105,#5158,#5211,#5264,#5342,#5401,#5459,#5511,#5570,
    #5628,#5686,#5745,#5804,#5862,#5920,#5979,#6038,#6096,#6154,#6213,
    #6272,#6324,#6356,#6409,#6462,#6487,#6494,#6567,#6616,#6665,#7800,
    #7847,#7895,#7922,#7990,#8017,#8044,#8091,#8139,#8166,#8221,#8276,
    #8331,#8386,#8441,#8496,#8568,#8616,#8663,#8713,#8761,#8808,#8952,
    #9000,#9048,#9095,#9145,#9193,#9241,#9288,#9338,#9386,#9434,#9484,
    #9511,#9566,#9621,#9628,#9635,#9642,#9649,#9703,#9757,#9811,#9865,
    #9919,#9973,#10076,#10129,#10176,#10253,#10277,#10330,#10357,#10410,
    #10464,#10516,#10568,#10619,#10650,#10704,#10735,#10789,#10820,
    #10895,#10926,#10954,#11008,#11062,#11069,#11076,#11083,#11090,
    #11097,#11104,#11110,#11116,#11123,#11130,#11137,#11144,#11150,
    #11157));
#17 = ADVANCED_FACE('',(#18),#32,.F.);
#18 = FACE_BOUND('',#19,.T.);
#19 = EDGE_LOOP('',(#20,#53,#81,#107));
#20 = ORIENTED_EDGE('',*,*,#21,.F.);
#21 = EDGE_CURVE('',#22,#24,#26,.T.);
#22 = VERTEX_POINT('',#23);
#23 = CARTESIAN_POINT('',(-22.4,-45.4,1.7));
#24 = VERTEX_POINT('',#25);
#25 = CARTESIAN_POINT('',(-22.4,-45.37071067811,1.729289321881));
#26 = SURFACE_CURVE('',#27,(#31,#42),.PCURVE_S1.);
#27 = LINE('',#28,#29);
#28 = CARTESIAN_POINT('',(-22.4,-45.35,1.75));
#29 = VECTOR('',#30,1.);
#30 = DIRECTION('',(-0.,0.707106781187,0.707106781187));
#31 = PCURVE('',#32,#37);
#32 = PLANE('',#33);
#33 = AXIS2_PLACEMENT_3D('',#34,#35,#36);
#34 = CARTESIAN_POINT('',(-22.4,-45.35,1.75));
#35 = DIRECTION('',(-8.674484698258E-19,0.707106781187,-0.707106781187)
  );
#36 = DIRECTION('',(-1.,-6.133786953437E-19,6.133786953437E-19));
#37 = DEFINITIONAL_REPRESENTATION('',(#38),#41);
#38 = B_SPLINE_CURVE_WITH_KNOTS('',1,(#39,#40),.UNSPECIFIED.,.F.,.F.,(2,
    2),(-7.071067811866E-02,7.071067811865E-02),
  .PIECEWISE_BEZIER_KNOTS.);
#39 = CARTESIAN_POINT('',(0.,-7.071067811866E-02));
#40 = CARTESIAN_POINT('',(0.,7.071067811865E-02));
#41 = ( GEOMETRIC_REPRESENTATION_CONTEXT(2) 
PARAMETRIC_REPRESENTATION_CONTEXT() REPRESENTATION_CONTEXT('2D SPACE',''
  ) );
#42 = PCURVE('',#43,#48);
#43 = CONICAL_SURFACE('',#44,3.95,0.785398163397);
#44 = AXIS2_PLACEMENT_3D('',#45,#46,#47);
#45 = CARTESIAN_POINT('',(-22.4,-41.45,1.7));
#46 = DIRECTION('',(-0.,-0.,-1.));
#47 = DIRECTION('',(-1.,0.,0.));
#48 = DEFINITIONAL_REPRESENTATION('',(#49),#52);
#49 = B_SPLINE_CURVE_WITH_KNOTS('',1,(#50,#51),.UNSPECIFIED.,.F.,.F.,(2,
    2),(-7.071067811866E-02,7.071067811865E-02),
  .PIECEWISE_BEZIER_KNOTS.);
#50 = CARTESIAN_POINT('',(-1.570796326795,0.));
#51 = CARTESIAN_POINT('',(-1.570796326795,-0.1));
#52 = ( GEOMETRIC_REPRESENTATION_CONTEXT(2) 
PARAMETRIC_REPRESENTATION_CONTEXT() REPRESENTATION_CONTEXT('2D SPACE',''
  ) );
#53 = ORIENTED_EDGE('',*,*,#54,.T.);
#54 = EDGE_CURVE('',#22,#55,#57,.T.);
#55 = VERTEX_POINT('',#56);
#56 = CARTESIAN_POINT('',(22.4,-45.4,1.7));
#57 = SURFACE_CURVE('',#58,(#62,#69),.PCURVE_S1.);
#58 = LINE('',#59,#60);
#59 = CARTESIAN_POINT('',(-22.4,-45.4,1.7));
#60 = VECTOR('',#61,1.);
#61 = DIRECTION('',(1.,0.,0.));
#62 = PCURVE('',#32,#63);
#63 = DEFINITIONAL_REPRESENTATION('',(#64),#68);
#64 = LINE('',#65,#66);
#65 = CARTESIAN_POINT('',(-0.,-7.071067811866E-02));
#66 = VECTOR('',#67,1.);
#67 = DIRECTION('',(-1.,0.));
#68 = ( GEOMETRIC_REPRESENTATION_CONTEXT(2) 
PARAMETRIC_REPRESENTATION_CONTEXT() REPRESENTATION_CONTEXT('2D SPACE',''
  ) );
#69 = PCURVE('',#70,#75);
#70 = PLANE('',#71);
#71 = AXIS2_PLACEMENT_3D('',#72,#73,#74);
#72 = CARTESIAN_POINT('',(-26.35,-45.4,0.));
#73 = DIRECTION('',(0.,1.,0.));
#74 = DIRECTION('',(1.,0.,0.));
#75 = DEFINITIONAL_REPRESENTATION('',(#76),#80);
#76 = LINE('',#77,#78);
#77 = CARTESIAN_POINT('',(3.95,-1.7));
#78 = VECTOR('',#79,1.);
#79 = DIRECTION('',(1.,0.));
#80 = ( GEOMETRIC_REPRESENTATION_CONTEXT(2) 
PARAMETRIC_REPRESENTATION_CONTEXT() REPRESENTATION_CONTEXT('2D SPACE',''
  ) );
#81 = ORIENTED_EDGE('',*,*,#82,.T.);
#82 = EDGE_CURVE('',#55,#83,#85,.T.);
#83 = VERTEX_POINT('',#84);
#84 = CARTESIAN_POINT('',(22.4,-45.37071067811,1.729289321881));
#85 = SURFACE_CURVE('',#86,(#90,#96),.PCURVE_S1.);
#86 = LINE('',#87,#88);
#87 = CARTESIAN_POINT('',(22.4,-45.35,1.75));
#88 = VECTOR('',#89,1.);
#89 = DIRECTION('',(-0.,0.707106781187,0.707106781187));
#90 = PCURVE('',#32,#91);
#91 = DEFINITIONAL_REPRESENTATION('',(#92),#95);
#92 = B_SPLINE_CURVE_WITH_KNOTS('',1,(#93,#94),.UNSPECIFIED.,.F.,.F.,(2,
    2),(-7.071067811866E-02,7.071067811865E-02),
  .PIECEWISE_BEZIER_KNOTS.);
#93 = CARTESIAN_POINT('',(-44.8,-7.071067811866E-02));
#94 = CARTESIAN_POINT('',(-44.8,7.071067811865E-02));
#95 = ( GEOMETRIC_REPRESENTATION_CONTEXT(2) 
PARAMETRIC_REPRESENTATION_CONTEXT() REPRESENTATION_CONTEXT('2D SPACE',''
  ) );
#96 = PCURVE('',#97,#102);
#97 = CONICAL_SURFACE('',#98,3.95,0.785398163397);
#98 = AXIS2_PLACEMENT_3D('',#99,#100,#101);
#99 = CARTESIAN_POINT('',(22.4,-41.45,1.7));
#100 = DIRECTION('',(-0.,-0.,-1.));
#101 = DIRECTION('',(0.,-1.,0.));
#102 = DEFINITIONAL_REPRESENTATION('',(#103),#106);
#103 = B_SPLINE_CURVE_WITH_KNOTS('',1,(#104,#105),.UNSPECIFIED.,.F.,.F.,
  (2,2),(-7.071067811866E-02,7.071067811865E-02),
  .PIECEWISE_BEZIER_KNOTS.);
#104 = CARTESIAN_POINT('',(0.,0.));
#105 = CARTESIAN_POINT('',(0.,-0.1));
#106 = ( GEOMETRIC_REPRESENTATION_CONTEXT(2) 
PARAMETRIC_REPRESENTATION_CONTEXT() REPRESENTATION_CONTEXT('2D SPACE',''
  ) );
#107 = ORIENTED_EDGE('',*,*,#108,.F.);
#108 = EDGE_CURVE('',#24,#83,#109,.T.);
#109 = SURFACE_CURVE('',#110,(#114,#121),.PCURVE_S1.);
#110 = LINE('',#111,#112);
#111 = CARTESIAN_POINT('',(-22.4,-45.37071067811,1.729289321881));
#112 = VECTOR('',#113,1.);
#113 = DIRECTION('',(1.,0.,0.));
#114 = PCURVE('',#32,#115);
#115 = DEFINITIONAL_REPRESENTATION('',(#116),#120);
#116 = LINE('',#117,#118);
#117 = CARTESIAN_POINT('',(-0.,-2.928932188135E-02));
#118 = VECTOR('',#119,1.);
#119 = DIRECTION('',(-1.,0.));
#120 = ( GEOMETRIC_REPRESENTATION_CONTEXT(2) 
PARAMETRIC_REPRESENTATION_CONTEXT() REPRESENTATION_CONTEXT('2D SPACE',''
  ) );
#121 = PCURVE('',#122,#127);
#122 = PLANE('',#123);
#123 = AXIS2_PLACEMENT_3D('',#124,#125,#126);
#124 = CARTESIAN_POINT('',(-22.4,-45.28535533905,1.764644660941));
#125 = DIRECTION('',(0.,-0.382683432365,0.923879532511));
#126 = DIRECTION('',(1.,0.,0.));
#127 = DEFINITIONAL_REPRESENTATION('',(#128),#132);
#128 = LINE('',#129,#130);
#129 = CARTESIAN_POINT('',(0.,-9.238795325113E-02));
#130 = VECTOR('',#131,1.);
#131 = DIRECTION('',(1.,0.));
#132 = ( GEOMETRIC_REPRESENTATION_CONTEXT(2) 
PARAMETRIC_REPRESENTATION_CONTEXT() REPRESENTATION_CONTEXT('2D SPACE',''
  ) );
#133 = ADVANCED_FACE('',(#134),#43,.T.);
#134 = FACE_BOUND('',#135,.T.);
#135 = EDGE_LOOP('',(#136,#164,#191,#192));
#136 = ORIENTED_EDGE('',*,*,#137,.F.);
#137 = EDGE_CURVE('',#138,#140,#142,.T.);
#138 = VERTEX_POINT('',#139);
#139 = CARTESIAN_POINT('',(-26.35,-41.45,1.7));
#140 = VERTEX_POINT('',#141);
#141 = CARTESIAN_POINT('',(-26.32071067811,-41.45,1.729289321881));
#142 = SURFACE_CURVE('',#143,(#147,#153),.PCURVE_S1.);
#143 = LINE('',#144,#145);
#144 = CARTESIAN_POINT('',(-26.3,-41.45,1.75));
#145 = VECTOR('',#146,1.);
#146 = DIRECTION('',(0.707106781187,-0.,0.707106781187));
#147 = PCURVE('',#43,#148);
#148 = DEFINITIONAL_REPRESENTATION('',(#149),#152);
#149 = B_SPLINE_CURVE_WITH_KNOTS('',1,(#150,#151),.UNSPECIFIED.,.F.,.F.,
  (2,2),(-7.071067811865E-02,7.071067811865E-02),
  .PIECEWISE_BEZIER_KNOTS.);
#150 = CARTESIAN_POINT('',(0.,0.));
#151 = CARTESIAN_POINT('',(0.,-1.E-01));
#152 = ( GEOMETRIC_REPRESENTATION_CONTEXT(2) 
PARAMETRIC_REPRESENTATION_CONTEXT() REPRESENTATION_CONTEXT('2D SPACE',''
  ) );
#153 = PCURVE('',#154,#159);
#154 = PLANE('',#155);
#155 = AXIS2_PLACEMENT_3D('',#156,#157,#158);
#156 = CARTESIAN_POINT('',(-26.3,41.45,1.75));
#157 = DIRECTION('',(0.707106781187,8.674484698258E-19,-0.707106781187)
  );
#158 = DIRECTION('',(-6.133786953437E-19,1.,6.133786953437E-19));
#159 = DEFINITIONAL_REPRESENTATION('',(#160),#163);
#160 = B_SPLINE_CURVE_WITH_KNOTS('',1,(#161,#162),.UNSPECIFIED.,.F.,.F.,
  (2,2),(-7.071067811865E-02,7.071067811865E-02),
  .PIECEWISE_BEZIER_KNOTS.);
#161 = CARTESIAN_POINT('',(-82.9,-7.071067811865E-02));
#162 = CARTESIAN_POINT('',(-82.9,7.071067811865E-02));
#163 = ( GEOMETRIC_REPRESENTATION_CONTEXT(2) 
PARAMETRIC_REPRESENTATION_CONTEXT() REPRESENTATION_CONTEXT('2D SPACE',''
  ) );
#164 = ORIENTED_EDGE('',*,*,#165,.T.);
#165 = EDGE_CURVE('',#138,#22,#166,.T.);
#166 = SURFACE_CURVE('',#167,(#172,#179),.PCURVE_S1.);
#167 = CIRCLE('',#168,3.95);
#168 = AXIS2_PLACEMENT_3D('',#169,#170,#171);
#169 = CARTESIAN_POINT('',(-22.4,-41.45,1.7));
#170 = DIRECTION('',(0.,0.,1.));
#171 = DIRECTION('',(-1.,0.,0.));
#172 = PCURVE('',#43,#173);
#173 = DEFINITIONAL_REPRESENTATION('',(#174),#178);
#174 = LINE('',#175,#176);
#175 = CARTESIAN_POINT('',(-0.,-0.));
#176 = VECTOR('',#177,1.);
#177 = DIRECTION('',(-1.,-0.));
#178 = ( GEOMETRIC_REPRESENTATION_CONTEXT(2) 
PARAMETRIC_REPRESENTATION_CONTEXT() REPRESENTATION_CONTEXT('2D SPACE',''
  ) );
#179 = PCURVE('',#180,#185);
#180 = CYLINDRICAL_SURFACE('',#181,3.95);
#181 = AXIS2_PLACEMENT_3D('',#182,#183,#184);
#182 = CARTESIAN_POINT('',(-22.4,-41.45,0.));
#183 = DIRECTION('',(0.,0.,1.));
#184 = DIRECTION('',(0.,-1.,0.));
#185 = DEFINITIONAL_REPRESENTATION('',(#186),#190);
#186 = LINE('',#187,#188);
#187 = CARTESIAN_POINT('',(-1.570796326795,1.7));
#188 = VECTOR('',#189,1.);
#189 = DIRECTION('',(1.,-0.));
#190 = ( GEOMETRIC_REPRESENTATION_CONTEXT(2) 
PARAMETRIC_REPRESENTATION_CONTEXT() REPRESENTATION_CONTEXT('2D SPACE',''
  ) );
#191 = ORIENTED_EDGE('',*,*,#21,.T.);
#192 = ORIENTED_EDGE('',*,*,#193,.F.);
#193 = EDGE_CURVE('',#140,#24,#194,.T.);
#194 = SURFACE_CURVE('',#195,(#200,#207),.PCURVE_S1.);
#195 = CIRCLE('',#196,3.920710678119);
#196 = AXIS2_PLACEMENT_3D('',#197,#198,#199);
#197 = CARTESIAN_POINT('',(-22.4,-41.45,1.729289321881));
#198 = DIRECTION('',(0.,0.,1.));
#199 = DIRECTION('',(-1.,0.,0.));
#200 = PCURVE('',#43,#201);
#201 = DEFINITIONAL_REPRESENTATION('',(#202),#206);
#202 = LINE('',#203,#204);
#203 = CARTESIAN_POINT('',(-0.,-2.928932188134E-02));
#204 = VECTOR('',#205,1.);
#205 = DIRECTION('',(-1.,-0.));
#206 = ( GEOMETRIC_REPRESENTATION_CONTEXT(2) 
PARAMETRIC_REPRESENTATION_CONTEXT() REPRESENTATION_CONTEXT('2D SPACE',''
  ) );
#207 = PCURVE('',#208,#213);
#208 = CONICAL_SURFACE('',#209,3.75,1.178097245096);
#209 = AXIS2_PLACEMENT_3D('',#210,#211,#212);
#210 = CARTESIAN_POINT('',(-22.4,-41.45,1.8));
#211 = DIRECTION('',(-0.,-0.,-1.));
#212 = DIRECTION('',(-1.,0.,0.));
#213 = DEFINITIONAL_REPRESENTATION('',(#214),#218);
#214 = LINE('',#215,#216);
#215 = CARTESIAN_POINT('',(0.,7.071067811865E-02));
#216 = VECTOR('',#217,1.);
#217 = DIRECTION('',(-1.,-0.));
#218 = ( GEOMETRIC_REPRESENTATION_CONTEXT(2) 
PARAMETRIC_REPRESENTATION_CONTEXT() REPRESENTATION_CONTEXT('2D SPACE',''
  ) );
#219 = ADVANCED_FACE('',(#220),#122,.T.);
#220 = FACE_BOUND('',#221,.T.);
#221 = EDGE_LOOP('',(#222,#243,#244,#270));
#222 = ORIENTED_EDGE('',*,*,#223,.F.);
#223 = EDGE_CURVE('',#24,#224,#226,.T.);
#224 = VERTEX_POINT('',#225);
#225 = CARTESIAN_POINT('',(-22.4,-45.2,1.8));
#226 = SURFACE_CURVE('',#227,(#231,#237),.PCURVE_S1.);
#227 = LINE('',#228,#229);
#228 = CARTESIAN_POINT('',(-22.4,-45.28535533905,1.764644660941));
#229 = VECTOR('',#230,1.);
#230 = DIRECTION('',(-0.,0.923879532511,0.382683432365));
#231 = PCURVE('',#122,#232);
#232 = DEFINITIONAL_REPRESENTATION('',(#233),#236);
#233 = B_SPLINE_CURVE_WITH_KNOTS('',1,(#234,#235),.UNSPECIFIED.,.F.,.F.,
  (2,2),(-9.238795325113E-02,9.238795325113E-02),
  .PIECEWISE_BEZIER_KNOTS.);
#234 = CARTESIAN_POINT('',(0.,-9.238795325113E-02));
#235 = CARTESIAN_POINT('',(0.,9.238795325113E-02));
#236 = ( GEOMETRIC_REPRESENTATION_CONTEXT(2) 
PARAMETRIC_REPRESENTATION_CONTEXT() REPRESENTATION_CONTEXT('2D SPACE',''
  ) );
#237 = PCURVE('',#208,#238);
#238 = DEFINITIONAL_REPRESENTATION('',(#239),#242);
#239 = B_SPLINE_CURVE_WITH_KNOTS('',1,(#240,#241),.UNSPECIFIED.,.F.,.F.,
  (2,2),(-9.238795325113E-02,9.238795325113E-02),
  .PIECEWISE_BEZIER_KNOTS.);
#240 = CARTESIAN_POINT('',(-1.570796326795,7.071067811865E-02));
#241 = CARTESIAN_POINT('',(-1.570796326795,-3.643208437743E-15));
#242 = ( GEOMETRIC_REPRESENTATION_CONTEXT(2) 
PARAMETRIC_REPRESENTATION_CONTEXT() REPRESENTATION_CONTEXT('2D SPACE',''
  ) );
#243 = ORIENTED_EDGE('',*,*,#108,.T.);
#244 = ORIENTED_EDGE('',*,*,#245,.T.);
#245 = EDGE_CURVE('',#83,#246,#248,.T.);
#246 = VERTEX_POINT('',#247);
#247 = CARTESIAN_POINT('',(22.4,-45.2,1.8));
#248 = SURFACE_CURVE('',#249,(#253,#259),.PCURVE_S1.);
#249 = LINE('',#250,#251);
#250 = CARTESIAN_POINT('',(22.4,-45.28535533905,1.764644660941));
#251 = VECTOR('',#252,1.);
#252 = DIRECTION('',(-0.,0.923879532511,0.382683432365));
#253 = PCURVE('',#122,#254);
#254 = DEFINITIONAL_REPRESENTATION('',(#255),#258);
#255 = B_SPLINE_CURVE_WITH_KNOTS('',1,(#256,#257),.UNSPECIFIED.,.F.,.F.,
  (2,2),(-9.238795325113E-02,9.238795325113E-02),
  .PIECEWISE_BEZIER_KNOTS.);
#256 = CARTESIAN_POINT('',(44.8,-9.238795325113E-02));
#257 = CARTESIAN_POINT('',(44.8,9.238795325113E-02));
#258 = ( GEOMETRIC_REPRESENTATION_CONTEXT(2) 
PARAMETRIC_REPRESENTATION_CONTEXT() REPRESENTATION_CONTEXT('2D SPACE',''
  ) );
#259 = PCURVE('',#260,#265);
#260 = CONICAL_SURFACE('',#261,3.75,1.178097245096);
#261 = AXIS2_PLACEMENT_3D('',#262,#263,#264);
#262 = CARTESIAN_POINT('',(22.4,-41.45,1.8));
#263 = DIRECTION('',(-0.,-0.,-1.));
#264 = DIRECTION('',(0.,-1.,0.));
#265 = DEFINITIONAL_REPRESENTATION('',(#266),#269);
#266 = B_SPLINE_CURVE_WITH_KNOTS('',1,(#267,#268),.UNSPECIFIED.,.F.,.F.,
  (2,2),(-9.238795325113E-02,9.238795325113E-02),
  .PIECEWISE_BEZIER_KNOTS.);
#267 = CARTESIAN_POINT('',(0.,7.071067811865E-02));
#268 = CARTESIAN_POINT('',(0.,-3.643208437743E-15));
#269 = ( GEOMETRIC_REPRESENTATION_CONTEXT(2) 
PARAMETRIC_REPRESENTATION_CONTEXT() REPRESENTATION_CONTEXT('2D SPACE',''
  ) );
#270 = ORIENTED_EDGE('',*,*,#271,.F.);
#271 = EDGE_CURVE('',#224,#246,#272,.T.);
#272 = SURFACE_CURVE('',#273,(#277,#284),.PCURVE_S1.);
#273 = LINE('',#274,#275);
#274 = CARTESIAN_POINT('',(-22.4,-45.2,1.8));
#275 = VECTOR('',#276,1.);
#276 = DIRECTION('',(1.,0.,0.));
#277 = PCURVE('',#122,#278);
#278 = DEFINITIONAL_REPRESENTATION('',(#279),#283);
#279 = LINE('',#280,#281);
#280 = CARTESIAN_POINT('',(0.,9.238795325113E-02));
#281 = VECTOR('',#282,1.);
#282 = DIRECTION('',(1.,0.));
#283 = ( GEOMETRIC_REPRESENTATION_CONTEXT(2) 
PARAMETRIC_REPRESENTATION_CONTEXT() REPRESENTATION_CONTEXT('2D SPACE',''
  ) );
#284 = PCURVE('',#285,#290);
#285 = PLANE('',#286);
#286 = AXIS2_PLACEMENT_3D('',#287,#288,#289);
#287 = CARTESIAN_POINT('',(0.,1.584485543158E-15,1.8));
#288 = DIRECTION('',(0.,0.,1.));
#289 = DIRECTION('',(1.,0.,-0.));
#290 = DEFINITIONAL_REPRESENTATION('',(#291),#295);
#291 = LINE('',#292,#293);
#292 = CARTESIAN_POINT('',(-22.4,-45.2));
#293 = VECTOR('',#294,1.);
#294 = DIRECTION('',(1.,0.));
#295 = ( GEOMETRIC_REPRESENTATION_CONTEXT(2) 
PARAMETRIC_REPRESENTATION_CONTEXT() REPRESENTATION_CONTEXT('2D SPACE',''
  ) );
#296 = ADVANCED_FACE('',(#297),#70,.F.);
#297 = FACE_BOUND('',#298,.F.);
#298 = EDGE_LOOP('',(#299,#322,#323,#351));
#299 = ORIENTED_EDGE('',*,*,#300,.T.);
#300 = EDGE_CURVE('',#301,#22,#303,.T.);
#301 = VERTEX_POINT('',#302);
#302 = CARTESIAN_POINT('',(-22.4,-45.4,1.E-01));
#303 = SURFACE_CURVE('',#304,(#308,#315),.PCURVE_S1.);
#304 = LINE('',#305,#306);
#305 = CARTESIAN_POINT('',(-22.4,-45.4,0.));
#306 = VECTOR('',#307,1.);
#307 = DIRECTION('',(0.,0.,1.));
#308 = PCURVE('',#70,#309);
#309 = DEFINITIONAL_REPRESENTATION('',(#310),#314);
#310 = LINE('',#311,#312);
#311 = CARTESIAN_POINT('',(3.95,0.));
#312 = VECTOR('',#313,1.);
#313 = DIRECTION('',(0.,-1.));
#314 = ( GEOMETRIC_REPRESENTATION_CONTEXT(2) 
PARAMETRIC_REPRESENTATION_CONTEXT() REPRESENTATION_CONTEXT('2D SPACE',''
  ) );
#315 = PCURVE('',#180,#316);
#316 = DEFINITIONAL_REPRESENTATION('',(#317),#321);
#317 = LINE('',#318,#319);
#318 = CARTESIAN_POINT('',(-0.,0.));
#319 = VECTOR('',#320,1.);
#320 = DIRECTION('',(-0.,1.));
#321 = ( GEOMETRIC_REPRESENTATION_CONTEXT(2) 
PARAMETRIC_REPRESENTATION_CONTEXT() REPRESENTATION_CONTEXT('2D SPACE',''
  ) );
#322 = ORIENTED_EDGE('',*,*,#54,.T.);
#323 = ORIENTED_EDGE('',*,*,#324,.F.);
#324 = EDGE_CURVE('',#325,#55,#327,.T.);
#325 = VERTEX_POINT('',#326);
#326 = CARTESIAN_POINT('',(22.4,-45.4,1.E-01));
#327 = SURFACE_CURVE('',#328,(#332,#339),.PCURVE_S1.);
#328 = LINE('',#329,#330);
#329 = CARTESIAN_POINT('',(22.4,-45.4,0.));
#330 = VECTOR('',#331,1.);
#331 = DIRECTION('',(0.,0.,1.));
#332 = PCURVE('',#70,#333);
#333 = DEFINITIONAL_REPRESENTATION('',(#334),#338);
#334 = LINE('',#335,#336);
#335 = CARTESIAN_POINT('',(48.75,0.));
#336 = VECTOR('',#337,1.);
#337 = DIRECTION('',(0.,-1.));
#338 = ( GEOMETRIC_REPRESENTATION_CONTEXT(2) 
PARAMETRIC_REPRESENTATION_CONTEXT() REPRESENTATION_CONTEXT('2D SPACE',''
  ) );
#339 = PCURVE('',#340,#345);
#340 = CYLINDRICAL_SURFACE('',#341,3.95);
#341 = AXIS2_PLACEMENT_3D('',#342,#343,#344);
#342 = CARTESIAN_POINT('',(22.4,-41.45,0.));
#343 = DIRECTION('',(0.,0.,1.));
#344 = DIRECTION('',(0.,-1.,0.));
#345 = DEFINITIONAL_REPRESENTATION('',(#346),#350);
#346 = LINE('',#347,#348);
#347 = CARTESIAN_POINT('',(0.,0.));
#348 = VECTOR('',#349,1.);
#349 = DIRECTION('',(0.,1.));
#350 = ( GEOMETRIC_REPRESENTATION_CONTEXT(2) 
PARAMETRIC_REPRESENTATION_CONTEXT() REPRESENTATION_CONTEXT('2D SPACE',''
  ) );
#351 = ORIENTED_EDGE('',*,*,#352,.F.);
#352 = EDGE_CURVE('',#301,#325,#353,.T.);
#353 = SURFACE_CURVE('',#354,(#358,#365),.PCURVE_S1.);
#354 = LINE('',#355,#356);
#355 = CARTESIAN_POINT('',(-22.4,-45.4,0.1));
#356 = VECTOR('',#357,1.);
#357 = DIRECTION('',(1.,0.,0.));
#358 = PCURVE('',#70,#359);
#359 = DEFINITIONAL_REPRESENTATION('',(#360),#364);
#360 = LINE('',#361,#362);
#361 = CARTESIAN_POINT('',(3.95,-0.1));
#362 = VECTOR('',#363,1.);
#363 = DIRECTION('',(1.,0.));
#364 = ( GEOMETRIC_REPRESENTATION_CONTEXT(2) 
PARAMETRIC_REPRESENTATION_CONTEXT() REPRESENTATION_CONTEXT('2D SPACE',''
  ) );
#365 = PCURVE('',#366,#371);
#366 = PLANE('',#367);
#367 = AXIS2_PLACEMENT_3D('',#368,#369,#370);
#368 = CARTESIAN_POINT('',(-22.4,-45.35,5.E-02));
#369 = DIRECTION('',(0.,-0.707106781187,-0.707106781187));
#370 = DIRECTION('',(-1.,-0.,-0.));
#371 = DEFINITIONAL_REPRESENTATION('',(#372),#376);
#372 = LINE('',#373,#374);
#373 = CARTESIAN_POINT('',(-0.,-7.071067811865E-02));
#374 = VECTOR('',#375,1.);
#375 = DIRECTION('',(-1.,0.));
#376 = ( GEOMETRIC_REPRESENTATION_CONTEXT(2) 
PARAMETRIC_REPRESENTATION_CONTEXT() REPRESENTATION_CONTEXT('2D SPACE',''
  ) );
#377 = ADVANCED_FACE('',(#378),#97,.T.);
#378 = FACE_BOUND('',#379,.T.);
#379 = EDGE_LOOP('',(#380,#381,#405,#431));
#380 = ORIENTED_EDGE('',*,*,#82,.F.);
#381 = ORIENTED_EDGE('',*,*,#382,.T.);
#382 = EDGE_CURVE('',#55,#383,#385,.T.);
#383 = VERTEX_POINT('',#384);
#384 = CARTESIAN_POINT('',(26.35,-41.45,1.7));
#385 = SURFACE_CURVE('',#386,(#391,#398),.PCURVE_S1.);
#386 = CIRCLE('',#387,3.95);
#387 = AXIS2_PLACEMENT_3D('',#388,#389,#390);
#388 = CARTESIAN_POINT('',(22.4,-41.45,1.7));
#389 = DIRECTION('',(0.,0.,1.));
#390 = DIRECTION('',(0.,-1.,0.));
#391 = PCURVE('',#97,#392);
#392 = DEFINITIONAL_REPRESENTATION('',(#393),#397);
#393 = LINE('',#394,#395);
#394 = CARTESIAN_POINT('',(-0.,-0.));
#395 = VECTOR('',#396,1.);
#396 = DIRECTION('',(-1.,-0.));
#397 = ( GEOMETRIC_REPRESENTATION_CONTEXT(2) 
PARAMETRIC_REPRESENTATION_CONTEXT() REPRESENTATION_CONTEXT('2D SPACE',''
  ) );
#398 = PCURVE('',#340,#399);
#399 = DEFINITIONAL_REPRESENTATION('',(#400),#404);
#400 = LINE('',#401,#402);
#401 = CARTESIAN_POINT('',(0.,1.7));
#402 = VECTOR('',#403,1.);
#403 = DIRECTION('',(1.,0.));
#404 = ( GEOMETRIC_REPRESENTATION_CONTEXT(2) 
PARAMETRIC_REPRESENTATION_CONTEXT() REPRESENTATION_CONTEXT('2D SPACE',''
  ) );
#405 = ORIENTED_EDGE('',*,*,#406,.T.);
#406 = EDGE_CURVE('',#383,#407,#409,.T.);
#407 = VERTEX_POINT('',#408);
#408 = CARTESIAN_POINT('',(26.320710678119,-41.45,1.729289321881));
#409 = SURFACE_CURVE('',#410,(#414,#420),.PCURVE_S1.);
#410 = LINE('',#411,#412);
#411 = CARTESIAN_POINT('',(26.35,-41.45,1.7));
#412 = VECTOR('',#413,1.);
#413 = DIRECTION('',(-0.707106781187,4.329780281177E-17,0.707106781187)
  );
#414 = PCURVE('',#97,#415);
#415 = DEFINITIONAL_REPRESENTATION('',(#416),#419);
#416 = B_SPLINE_CURVE_WITH_KNOTS('',1,(#417,#418),.UNSPECIFIED.,.F.,.F.,
  (2,2),(0.,0.141421356237),.PIECEWISE_BEZIER_KNOTS.);
#417 = CARTESIAN_POINT('',(-1.570796326795,0.));
#418 = CARTESIAN_POINT('',(-1.570796326795,-1.E-01));
#419 = ( GEOMETRIC_REPRESENTATION_CONTEXT(2) 
PARAMETRIC_REPRESENTATION_CONTEXT() REPRESENTATION_CONTEXT('2D SPACE',''
  ) );
#420 = PCURVE('',#421,#426);
#421 = PLANE('',#422);
#422 = AXIS2_PLACEMENT_3D('',#423,#424,#425);
#423 = CARTESIAN_POINT('',(26.3,-41.45,1.75));
#424 = DIRECTION('',(-0.707106781187,-8.674484698258E-19,-0.707106781187
    ));
#425 = DIRECTION('',(6.133786953437E-19,-1.,6.133786953437E-19));
#426 = DEFINITIONAL_REPRESENTATION('',(#427),#430);
#427 = B_SPLINE_CURVE_WITH_KNOTS('',1,(#428,#429),.UNSPECIFIED.,.F.,.F.,
  (2,2),(0.,0.141421356237),.PIECEWISE_BEZIER_KNOTS.);
#428 = CARTESIAN_POINT('',(0.,-7.071067811865E-02));
#429 = CARTESIAN_POINT('',(0.,7.071067811865E-02));
#430 = ( GEOMETRIC_REPRESENTATION_CONTEXT(2) 
PARAMETRIC_REPRESENTATION_CONTEXT() REPRESENTATION_CONTEXT('2D SPACE',''
  ) );
#431 = ORIENTED_EDGE('',*,*,#432,.F.);
#432 = EDGE_CURVE('',#83,#407,#433,.T.);
#433 = SURFACE_CURVE('',#434,(#439,#446),.PCURVE_S1.);
#434 = CIRCLE('',#435,3.920710678119);
#435 = AXIS2_PLACEMENT_3D('',#436,#437,#438);
#436 = CARTESIAN_POINT('',(22.4,-41.45,1.729289321881));
#437 = DIRECTION('',(0.,0.,1.));
#438 = DIRECTION('',(0.,-1.,0.));
#439 = PCURVE('',#97,#440);
#440 = DEFINITIONAL_REPRESENTATION('',(#441),#445);
#441 = LINE('',#442,#443);
#442 = CARTESIAN_POINT('',(-0.,-2.928932188135E-02));
#443 = VECTOR('',#444,1.);
#444 = DIRECTION('',(-1.,-0.));
#445 = ( GEOMETRIC_REPRESENTATION_CONTEXT(2) 
PARAMETRIC_REPRESENTATION_CONTEXT() REPRESENTATION_CONTEXT('2D SPACE',''
  ) );
#446 = PCURVE('',#260,#447);
#447 = DEFINITIONAL_REPRESENTATION('',(#448),#452);
#448 = LINE('',#449,#450);
#449 = CARTESIAN_POINT('',(0.,7.071067811865E-02));
#450 = VECTOR('',#451,1.);
#451 = DIRECTION('',(-1.,-0.));
#452 = ( GEOMETRIC_REPRESENTATION_CONTEXT(2) 
PARAMETRIC_REPRESENTATION_CONTEXT() REPRESENTATION_CONTEXT('2D SPACE',''
  ) );
#453 = ADVANCED_FACE('',(#454),#154,.F.);
#454 = FACE_BOUND('',#455,.T.);
#455 = EDGE_LOOP('',(#456,#484,#510,#511));
#456 = ORIENTED_EDGE('',*,*,#457,.F.);
#457 = EDGE_CURVE('',#458,#460,#462,.T.);
#458 = VERTEX_POINT('',#459);
#459 = CARTESIAN_POINT('',(-26.35,41.45,1.7));
#460 = VERTEX_POINT('',#461);
#461 = CARTESIAN_POINT('',(-26.32071067811,41.45,1.729289321881));
#462 = SURFACE_CURVE('',#463,(#467,#473),.PCURVE_S1.);
#463 = LINE('',#464,#465);
#464 = CARTESIAN_POINT('',(-26.35,41.45,1.7));
#465 = VECTOR('',#466,1.);
#466 = DIRECTION('',(0.707106781187,-4.329780281177E-17,0.707106781187)
  );
#467 = PCURVE('',#154,#468);
#468 = DEFINITIONAL_REPRESENTATION('',(#469),#472);
#469 = B_SPLINE_CURVE_WITH_KNOTS('',1,(#470,#471),.UNSPECIFIED.,.F.,.F.,
  (2,2),(0.,0.141421356237),.PIECEWISE_BEZIER_KNOTS.);
#470 = CARTESIAN_POINT('',(0.,-7.071067811865E-02));
#471 = CARTESIAN_POINT('',(0.,7.071067811865E-02));
#472 = ( GEOMETRIC_REPRESENTATION_CONTEXT(2) 
PARAMETRIC_REPRESENTATION_CONTEXT() REPRESENTATION_CONTEXT('2D SPACE',''
  ) );
#473 = PCURVE('',#474,#479);
#474 = CONICAL_SURFACE('',#475,3.95,0.785398163397);
#475 = AXIS2_PLACEMENT_3D('',#476,#477,#478);
#476 = CARTESIAN_POINT('',(-22.4,41.45,1.7));
#477 = DIRECTION('',(-0.,-0.,-1.));
#478 = DIRECTION('',(0.,1.,-0.));
#479 = DEFINITIONAL_REPRESENTATION('',(#480),#483);
#480 = B_SPLINE_CURVE_WITH_KNOTS('',1,(#481,#482),.UNSPECIFIED.,.F.,.F.,
  (2,2),(0.,0.141421356237),.PIECEWISE_BEZIER_KNOTS.);
#481 = CARTESIAN_POINT('',(-1.570796326795,0.));
#482 = CARTESIAN_POINT('',(-1.570796326795,-1.E-01));
#483 = ( GEOMETRIC_REPRESENTATION_CONTEXT(2) 
PARAMETRIC_REPRESENTATION_CONTEXT() REPRESENTATION_CONTEXT('2D SPACE',''
  ) );
#484 = ORIENTED_EDGE('',*,*,#485,.T.);
#485 = EDGE_CURVE('',#458,#138,#486,.T.);
#486 = SURFACE_CURVE('',#487,(#491,#498),.PCURVE_S1.);
#487 = LINE('',#488,#489);
#488 = CARTESIAN_POINT('',(-26.35,41.45,1.7));
#489 = VECTOR('',#490,1.);
#490 = DIRECTION('',(0.,-1.,0.));
#491 = PCURVE('',#154,#492);
#492 = DEFINITIONAL_REPRESENTATION('',(#493),#497);
#493 = LINE('',#494,#495);
#494 = CARTESIAN_POINT('',(-0.,-7.071067811865E-02));
#495 = VECTOR('',#496,1.);
#496 = DIRECTION('',(-1.,0.));
#497 = ( GEOMETRIC_REPRESENTATION_CONTEXT(2) 
PARAMETRIC_REPRESENTATION_CONTEXT() REPRESENTATION_CONTEXT('2D SPACE',''
  ) );
#498 = PCURVE('',#499,#504);
#499 = PLANE('',#500);
#500 = AXIS2_PLACEMENT_3D('',#501,#502,#503);
#501 = CARTESIAN_POINT('',(-26.35,45.4,0.));
#502 = DIRECTION('',(1.,0.,-0.));
#503 = DIRECTION('',(0.,-1.,0.));
#504 = DEFINITIONAL_REPRESENTATION('',(#505),#509);
#505 = LINE('',#506,#507);
#506 = CARTESIAN_POINT('',(3.95,-1.7));
#507 = VECTOR('',#508,1.);
#508 = DIRECTION('',(1.,0.));
#509 = ( GEOMETRIC_REPRESENTATION_CONTEXT(2) 
PARAMETRIC_REPRESENTATION_CONTEXT() REPRESENTATION_CONTEXT('2D SPACE',''
  ) );
#510 = ORIENTED_EDGE('',*,*,#137,.T.);
#511 = ORIENTED_EDGE('',*,*,#512,.F.);
#512 = EDGE_CURVE('',#460,#140,#513,.T.);
#513 = SURFACE_CURVE('',#514,(#518,#525),.PCURVE_S1.);
#514 = LINE('',#515,#516);
#515 = CARTESIAN_POINT('',(-26.32071067811,41.45,1.729289321881));
#516 = VECTOR('',#517,1.);
#517 = DIRECTION('',(0.,-1.,0.));
#518 = PCURVE('',#154,#519);
#519 = DEFINITIONAL_REPRESENTATION('',(#520),#524);
#520 = LINE('',#521,#522);
#521 = CARTESIAN_POINT('',(-0.,-2.928932188134E-02));
#522 = VECTOR('',#523,1.);
#523 = DIRECTION('',(-1.,0.));
#524 = ( GEOMETRIC_REPRESENTATION_CONTEXT(2) 
PARAMETRIC_REPRESENTATION_CONTEXT() REPRESENTATION_CONTEXT('2D SPACE',''
  ) );
#525 = PCURVE('',#526,#531);
#526 = PLANE('',#527);
#527 = AXIS2_PLACEMENT_3D('',#528,#529,#530);
#528 = CARTESIAN_POINT('',(-26.23535533905,41.45,1.764644660941));
#529 = DIRECTION('',(-0.382683432365,0.,0.923879532511));
#530 = DIRECTION('',(0.,-1.,0.));
#531 = DEFINITIONAL_REPRESENTATION('',(#532),#536);
#532 = LINE('',#533,#534);
#533 = CARTESIAN_POINT('',(0.,-9.238795325113E-02));
#534 = VECTOR('',#535,1.);
#535 = DIRECTION('',(1.,0.));
#536 = ( GEOMETRIC_REPRESENTATION_CONTEXT(2) 
PARAMETRIC_REPRESENTATION_CONTEXT() REPRESENTATION_CONTEXT('2D SPACE',''
  ) );
#537 = ADVANCED_FACE('',(#538),#208,.T.);
#538 = FACE_BOUND('',#539,.T.);
#539 = EDGE_LOOP('',(#540,#561,#562,#563));
#540 = ORIENTED_EDGE('',*,*,#541,.F.);
#541 = EDGE_CURVE('',#140,#542,#544,.T.);
#542 = VERTEX_POINT('',#543);
#543 = CARTESIAN_POINT('',(-26.15,-41.45,1.8));
#544 = SURFACE_CURVE('',#545,(#549,#555),.PCURVE_S1.);
#545 = LINE('',#546,#547);
#546 = CARTESIAN_POINT('',(-26.23535533905,-41.45,1.764644660941));
#547 = VECTOR('',#548,1.);
#548 = DIRECTION('',(0.923879532511,0.,0.382683432365));
#549 = PCURVE('',#208,#550);
#550 = DEFINITIONAL_REPRESENTATION('',(#551),#554);
#551 = B_SPLINE_CURVE_WITH_KNOTS('',1,(#552,#553),.UNSPECIFIED.,.F.,.F.,
  (2,2),(-9.238795325113E-02,9.238795325112E-02),
  .PIECEWISE_BEZIER_KNOTS.);
#552 = CARTESIAN_POINT('',(0.,7.071067811865E-02));
#553 = CARTESIAN_POINT('',(0.,4.354855566982E-16));
#554 = ( GEOMETRIC_REPRESENTATION_CONTEXT(2) 
PARAMETRIC_REPRESENTATION_CONTEXT() REPRESENTATION_CONTEXT('2D SPACE',''
  ) );
#555 = PCURVE('',#526,#556);
#556 = DEFINITIONAL_REPRESENTATION('',(#557),#560);
#557 = B_SPLINE_CURVE_WITH_KNOTS('',1,(#558,#559),.UNSPECIFIED.,.F.,.F.,
  (2,2),(-9.238795325113E-02,9.238795325112E-02),
  .PIECEWISE_BEZIER_KNOTS.);
#558 = CARTESIAN_POINT('',(82.9,-9.238795325113E-02));
#559 = CARTESIAN_POINT('',(82.9,9.238795325112E-02));
#560 = ( GEOMETRIC_REPRESENTATION_CONTEXT(2) 
PARAMETRIC_REPRESENTATION_CONTEXT() REPRESENTATION_CONTEXT('2D SPACE',''
  ) );
#561 = ORIENTED_EDGE('',*,*,#193,.T.);
#562 = ORIENTED_EDGE('',*,*,#223,.T.);
#563 = ORIENTED_EDGE('',*,*,#564,.F.);
#564 = EDGE_CURVE('',#542,#224,#565,.T.);
#565 = SURFACE_CURVE('',#566,(#571,#578),.PCURVE_S1.);
#566 = CIRCLE('',#567,3.75);
#567 = AXIS2_PLACEMENT_3D('',#568,#569,#570);
#568 = CARTESIAN_POINT('',(-22.4,-41.45,1.8));
#569 = DIRECTION('',(0.,0.,1.));
#570 = DIRECTION('',(-1.,0.,0.));
#571 = PCURVE('',#208,#572);
#572 = DEFINITIONAL_REPRESENTATION('',(#573),#577);
#573 = LINE('',#574,#575);
#574 = CARTESIAN_POINT('',(-0.,-0.));
#575 = VECTOR('',#576,1.);
#576 = DIRECTION('',(-1.,-0.));
#577 = ( GEOMETRIC_REPRESENTATION_CONTEXT(2) 
PARAMETRIC_REPRESENTATION_CONTEXT() REPRESENTATION_CONTEXT('2D SPACE',''
  ) );
#578 = PCURVE('',#285,#579);
#579 = DEFINITIONAL_REPRESENTATION('',(#580),#584);
#580 = CIRCLE('',#581,3.75);
#581 = AXIS2_PLACEMENT_2D('',#582,#583);
#582 = CARTESIAN_POINT('',(-22.4,-41.45));
#583 = DIRECTION('',(-1.,0.));
#584 = ( GEOMETRIC_REPRESENTATION_CONTEXT(2) 
PARAMETRIC_REPRESENTATION_CONTEXT() REPRESENTATION_CONTEXT('2D SPACE',''
  ) );
#585 = ADVANCED_FACE('',(#586),#180,.T.);
#586 = FACE_BOUND('',#587,.F.);
#587 = EDGE_LOOP('',(#588,#589,#618,#639));
#588 = ORIENTED_EDGE('',*,*,#300,.F.);
#589 = ORIENTED_EDGE('',*,*,#590,.F.);
#590 = EDGE_CURVE('',#591,#301,#593,.T.);
#591 = VERTEX_POINT('',#592);
#592 = CARTESIAN_POINT('',(-26.35,-41.45,0.1));
#593 = SURFACE_CURVE('',#594,(#599,#606),.PCURVE_S1.);
#594 = CIRCLE('',#595,3.95);
#595 = AXIS2_PLACEMENT_3D('',#596,#597,#598);
#596 = CARTESIAN_POINT('',(-22.4,-41.45,0.1));
#597 = DIRECTION('',(0.,0.,1.));
#598 = DIRECTION('',(-1.,0.,0.));
#599 = PCURVE('',#180,#600);
#600 = DEFINITIONAL_REPRESENTATION('',(#601),#605);
#601 = LINE('',#602,#603);
#602 = CARTESIAN_POINT('',(-1.570796326795,0.1));
#603 = VECTOR('',#604,1.);
#604 = DIRECTION('',(1.,-0.));
#605 = ( GEOMETRIC_REPRESENTATION_CONTEXT(2) 
PARAMETRIC_REPRESENTATION_CONTEXT() REPRESENTATION_CONTEXT('2D SPACE',''
  ) );
#606 = PCURVE('',#607,#612);
#607 = CONICAL_SURFACE('',#608,3.95,0.785398163397);
#608 = AXIS2_PLACEMENT_3D('',#609,#610,#611);
#609 = CARTESIAN_POINT('',(-22.4,-41.45,0.1));
#610 = DIRECTION('',(0.,0.,1.));
#611 = DIRECTION('',(-1.,0.,0.));
#612 = DEFINITIONAL_REPRESENTATION('',(#613),#617);
#613 = LINE('',#614,#615);
#614 = CARTESIAN_POINT('',(0.,-0.));
#615 = VECTOR('',#616,1.);
#616 = DIRECTION('',(1.,-0.));
#617 = ( GEOMETRIC_REPRESENTATION_CONTEXT(2) 
PARAMETRIC_REPRESENTATION_CONTEXT() REPRESENTATION_CONTEXT('2D SPACE',''
  ) );
#618 = ORIENTED_EDGE('',*,*,#619,.T.);
#619 = EDGE_CURVE('',#591,#138,#620,.T.);
#620 = SURFACE_CURVE('',#621,(#625,#632),.PCURVE_S1.);
#621 = LINE('',#622,#623);
#622 = CARTESIAN_POINT('',(-26.35,-41.45,0.));
#623 = VECTOR('',#624,1.);
#624 = DIRECTION('',(0.,0.,1.));
#625 = PCURVE('',#180,#626);
#626 = DEFINITIONAL_REPRESENTATION('',(#627),#631);
#627 = LINE('',#628,#629);
#628 = CARTESIAN_POINT('',(-1.570796326795,0.));
#629 = VECTOR('',#630,1.);
#630 = DIRECTION('',(-0.,1.));
#631 = ( GEOMETRIC_REPRESENTATION_CONTEXT(2) 
PARAMETRIC_REPRESENTATION_CONTEXT() REPRESENTATION_CONTEXT('2D SPACE',''
  ) );
#632 = PCURVE('',#499,#633);
#633 = DEFINITIONAL_REPRESENTATION('',(#634),#638);
#634 = LINE('',#635,#636);
#635 = CARTESIAN_POINT('',(86.85,0.));
#636 = VECTOR('',#637,1.);
#637 = DIRECTION('',(0.,-1.));
#638 = ( GEOMETRIC_REPRESENTATION_CONTEXT(2) 
PARAMETRIC_REPRESENTATION_CONTEXT() REPRESENTATION_CONTEXT('2D SPACE',''
  ) );
#639 = ORIENTED_EDGE('',*,*,#165,.T.);
#640 = ADVANCED_FACE('',(#641,#804),#285,.T.);
#641 = FACE_BOUND('',#642,.T.);
#642 = EDGE_LOOP('',(#643,#644,#668,#696,#725,#753,#782,#803));
#643 = ORIENTED_EDGE('',*,*,#271,.T.);
#644 = ORIENTED_EDGE('',*,*,#645,.T.);
#645 = EDGE_CURVE('',#246,#646,#648,.T.);
#646 = VERTEX_POINT('',#647);
#647 = CARTESIAN_POINT('',(26.15,-41.45,1.8));
#648 = SURFACE_CURVE('',#649,(#654,#661),.PCURVE_S1.);
#649 = CIRCLE('',#650,3.75);
#650 = AXIS2_PLACEMENT_3D('',#651,#652,#653);
#651 = CARTESIAN_POINT('',(22.4,-41.45,1.8));
#652 = DIRECTION('',(0.,0.,1.));
#653 = DIRECTION('',(0.,-1.,0.));
#654 = PCURVE('',#285,#655);
#655 = DEFINITIONAL_REPRESENTATION('',(#656),#660);
#656 = CIRCLE('',#657,3.75);
#657 = AXIS2_PLACEMENT_2D('',#658,#659);
#658 = CARTESIAN_POINT('',(22.4,-41.45));
#659 = DIRECTION('',(0.,-1.));
#660 = ( GEOMETRIC_REPRESENTATION_CONTEXT(2) 
PARAMETRIC_REPRESENTATION_CONTEXT() REPRESENTATION_CONTEXT('2D SPACE',''
  ) );
#661 = PCURVE('',#260,#662);
#662 = DEFINITIONAL_REPRESENTATION('',(#663),#667);
#663 = LINE('',#664,#665);
#664 = CARTESIAN_POINT('',(-0.,-0.));
#665 = VECTOR('',#666,1.);
#666 = DIRECTION('',(-1.,-0.));
#667 = ( GEOMETRIC_REPRESENTATION_CONTEXT(2) 
PARAMETRIC_REPRESENTATION_CONTEXT() REPRESENTATION_CONTEXT('2D SPACE',''
  ) );
#668 = ORIENTED_EDGE('',*,*,#669,.T.);
#669 = EDGE_CURVE('',#646,#670,#672,.T.);
#670 = VERTEX_POINT('',#671);
#671 = CARTESIAN_POINT('',(26.15,41.45,1.8));
#672 = SURFACE_CURVE('',#673,(#677,#684),.PCURVE_S1.);
#673 = LINE('',#674,#675);
#674 = CARTESIAN_POINT('',(26.15,-41.45,1.8));
#675 = VECTOR('',#676,1.);
#676 = DIRECTION('',(0.,1.,0.));
#677 = PCURVE('',#285,#678);
#678 = DEFINITIONAL_REPRESENTATION('',(#679),#683);
#679 = LINE('',#680,#681);
#680 = CARTESIAN_POINT('',(26.15,-41.45));
#681 = VECTOR('',#682,1.);
#682 = DIRECTION('',(0.,1.));
#683 = ( GEOMETRIC_REPRESENTATION_CONTEXT(2) 
PARAMETRIC_REPRESENTATION_CONTEXT() REPRESENTATION_CONTEXT('2D SPACE',''
  ) );
#684 = PCURVE('',#685,#690);
#685 = PLANE('',#686);
#686 = AXIS2_PLACEMENT_3D('',#687,#688,#689);
#687 = CARTESIAN_POINT('',(26.235355339059,-41.45,1.764644660941));
#688 = DIRECTION('',(0.382683432365,0.,0.923879532511));
#689 = DIRECTION('',(-0.,1.,0.));
#690 = DEFINITIONAL_REPRESENTATION('',(#691),#695);
#691 = LINE('',#692,#693);
#692 = CARTESIAN_POINT('',(0.,9.238795325112E-02));
#693 = VECTOR('',#694,1.);
#694 = DIRECTION('',(1.,0.));
#695 = ( GEOMETRIC_REPRESENTATION_CONTEXT(2) 
PARAMETRIC_REPRESENTATION_CONTEXT() REPRESENTATION_CONTEXT('2D SPACE',''
  ) );
#696 = ORIENTED_EDGE('',*,*,#697,.T.);
#697 = EDGE_CURVE('',#670,#698,#700,.T.);
#698 = VERTEX_POINT('',#699);
#699 = CARTESIAN_POINT('',(22.4,45.2,1.8));
#700 = SURFACE_CURVE('',#701,(#706,#713),.PCURVE_S1.);
#701 = CIRCLE('',#702,3.75);
#702 = AXIS2_PLACEMENT_3D('',#703,#704,#705);
#703 = CARTESIAN_POINT('',(22.4,41.45,1.8));
#704 = DIRECTION('',(0.,0.,1.));
#705 = DIRECTION('',(1.,0.,-0.));
#706 = PCURVE('',#285,#707);
#707 = DEFINITIONAL_REPRESENTATION('',(#708),#712);
#708 = CIRCLE('',#709,3.75);
#709 = AXIS2_PLACEMENT_2D('',#710,#711);
#710 = CARTESIAN_POINT('',(22.4,41.45));
#711 = DIRECTION('',(1.,0.));
#712 = ( GEOMETRIC_REPRESENTATION_CONTEXT(2) 
PARAMETRIC_REPRESENTATION_CONTEXT() REPRESENTATION_CONTEXT('2D SPACE',''
  ) );
#713 = PCURVE('',#714,#719);
#714 = CONICAL_SURFACE('',#715,3.75,1.178097245096);
#715 = AXIS2_PLACEMENT_3D('',#716,#717,#718);
#716 = CARTESIAN_POINT('',(22.4,41.45,1.8));
#717 = DIRECTION('',(-0.,-0.,-1.));
#718 = DIRECTION('',(1.,0.,0.));
#719 = DEFINITIONAL_REPRESENTATION('',(#720),#724);
#720 = LINE('',#721,#722);
#721 = CARTESIAN_POINT('',(-0.,-0.));
#722 = VECTOR('',#723,1.);
#723 = DIRECTION('',(-1.,-0.));
#724 = ( GEOMETRIC_REPRESENTATION_CONTEXT(2) 
PARAMETRIC_REPRESENTATION_CONTEXT() REPRESENTATION_CONTEXT('2D SPACE',''
  ) );
#725 = ORIENTED_EDGE('',*,*,#726,.T.);
#726 = EDGE_CURVE('',#698,#727,#729,.T.);
#727 = VERTEX_POINT('',#728);
#728 = CARTESIAN_POINT('',(-22.4,45.2,1.8));
#729 = SURFACE_CURVE('',#730,(#734,#741),.PCURVE_S1.);
#730 = LINE('',#731,#732);
#731 = CARTESIAN_POINT('',(22.4,45.2,1.8));
#732 = VECTOR('',#733,1.);
#733 = DIRECTION('',(-1.,0.,0.));
#734 = PCURVE('',#285,#735);
#735 = DEFINITIONAL_REPRESENTATION('',(#736),#740);
#736 = LINE('',#737,#738);
#737 = CARTESIAN_POINT('',(22.4,45.2));
#738 = VECTOR('',#739,1.);
#739 = DIRECTION('',(-1.,0.));
#740 = ( GEOMETRIC_REPRESENTATION_CONTEXT(2) 
PARAMETRIC_REPRESENTATION_CONTEXT() REPRESENTATION_CONTEXT('2D SPACE',''
  ) );
#741 = PCURVE('',#742,#747);
#742 = PLANE('',#743);
#743 = AXIS2_PLACEMENT_3D('',#744,#745,#746);
#744 = CARTESIAN_POINT('',(22.4,45.285355339059,1.764644660941));
#745 = DIRECTION('',(0.,0.382683432365,0.923879532511));
#746 = DIRECTION('',(-1.,0.,0.));
#747 = DEFINITIONAL_REPRESENTATION('',(#748),#752);
#748 = LINE('',#749,#750);
#749 = CARTESIAN_POINT('',(0.,9.238795325113E-02));
#750 = VECTOR('',#751,1.);
#751 = DIRECTION('',(1.,0.));
#752 = ( GEOMETRIC_REPRESENTATION_CONTEXT(2) 
PARAMETRIC_REPRESENTATION_CONTEXT() REPRESENTATION_CONTEXT('2D SPACE',''
  ) );
#753 = ORIENTED_EDGE('',*,*,#754,.T.);
#754 = EDGE_CURVE('',#727,#755,#757,.T.);
#755 = VERTEX_POINT('',#756);
#756 = CARTESIAN_POINT('',(-26.15,41.45,1.8));
#757 = SURFACE_CURVE('',#758,(#763,#770),.PCURVE_S1.);
#758 = CIRCLE('',#759,3.75);
#759 = AXIS2_PLACEMENT_3D('',#760,#761,#762);
#760 = CARTESIAN_POINT('',(-22.4,41.45,1.8));
#761 = DIRECTION('',(0.,0.,1.));
#762 = DIRECTION('',(0.,1.,-0.));
#763 = PCURVE('',#285,#764);
#764 = DEFINITIONAL_REPRESENTATION('',(#765),#769);
#765 = CIRCLE('',#766,3.75);
#766 = AXIS2_PLACEMENT_2D('',#767,#768);
#767 = CARTESIAN_POINT('',(-22.4,41.45));
#768 = DIRECTION('',(0.,1.));
#769 = ( GEOMETRIC_REPRESENTATION_CONTEXT(2) 
PARAMETRIC_REPRESENTATION_CONTEXT() REPRESENTATION_CONTEXT('2D SPACE',''
  ) );
#770 = PCURVE('',#771,#776);
#771 = CONICAL_SURFACE('',#772,3.75,1.178097245096);
#772 = AXIS2_PLACEMENT_3D('',#773,#774,#775);
#773 = CARTESIAN_POINT('',(-22.4,41.45,1.8));
#774 = DIRECTION('',(-0.,-0.,-1.));
#775 = DIRECTION('',(0.,1.,-0.));
#776 = DEFINITIONAL_REPRESENTATION('',(#777),#781);
#777 = LINE('',#778,#779);
#778 = CARTESIAN_POINT('',(-0.,-0.));
#779 = VECTOR('',#780,1.);
#780 = DIRECTION('',(-1.,-0.));
#781 = ( GEOMETRIC_REPRESENTATION_CONTEXT(2) 
PARAMETRIC_REPRESENTATION_CONTEXT() REPRESENTATION_CONTEXT('2D SPACE',''
  ) );
#782 = ORIENTED_EDGE('',*,*,#783,.T.);
#783 = EDGE_CURVE('',#755,#542,#784,.T.);
#784 = SURFACE_CURVE('',#785,(#789,#796),.PCURVE_S1.);
#785 = LINE('',#786,#787);
#786 = CARTESIAN_POINT('',(-26.15,41.45,1.8));
#787 = VECTOR('',#788,1.);
#788 = DIRECTION('',(0.,-1.,0.));
#789 = PCURVE('',#285,#790);
#790 = DEFINITIONAL_REPRESENTATION('',(#791),#795);
#791 = LINE('',#792,#793);
#792 = CARTESIAN_POINT('',(-26.15,41.45));
#793 = VECTOR('',#794,1.);
#794 = DIRECTION('',(0.,-1.));
#795 = ( GEOMETRIC_REPRESENTATION_CONTEXT(2) 
PARAMETRIC_REPRESENTATION_CONTEXT() REPRESENTATION_CONTEXT('2D SPACE',''
  ) );
#796 = PCURVE('',#526,#797);
#797 = DEFINITIONAL_REPRESENTATION('',(#798),#802);
#798 = LINE('',#799,#800);
#799 = CARTESIAN_POINT('',(0.,9.238795325112E-02));
#800 = VECTOR('',#801,1.);
#801 = DIRECTION('',(1.,0.));
#802 = ( GEOMETRIC_REPRESENTATION_CONTEXT(2) 
PARAMETRIC_REPRESENTATION_CONTEXT() REPRESENTATION_CONTEXT('2D SPACE',''
  ) );
#803 = ORIENTED_EDGE('',*,*,#564,.T.);
#804 = FACE_BOUND('',#805,.T.);
#805 = EDGE_LOOP('',(#806,#841,#869,#902,#930,#959,#987,#1016));
#806 = ORIENTED_EDGE('',*,*,#807,.T.);
#807 = EDGE_CURVE('',#808,#810,#812,.T.);
#808 = VERTEX_POINT('',#809);
#809 = CARTESIAN_POINT('',(-21.2598245749,-44.6,1.8));
#810 = VERTEX_POINT('',#811);
#811 = CARTESIAN_POINT('',(-25.55,-40.3098245749,1.8));
#812 = SURFACE_CURVE('',#813,(#818,#829),.PCURVE_S1.);
#813 = CIRCLE('',#814,3.35);
#814 = AXIS2_PLACEMENT_3D('',#815,#816,#817);
#815 = CARTESIAN_POINT('',(-22.4,-41.45,1.8));
#816 = DIRECTION('',(0.,-0.,-1.));
#817 = DIRECTION('',(0.345383758779,-0.938461538462,0.));
#818 = PCURVE('',#285,#819);
#819 = DEFINITIONAL_REPRESENTATION('',(#820),#828);
#820 = ( BOUNDED_CURVE() B_SPLINE_CURVE(2,(#821,#822,#823,#824,#825,#826
,#827),.UNSPECIFIED.,.T.,.F.) B_SPLINE_CURVE_WITH_KNOTS((1,2,2,2,2,1),(
    -2.094395102393,0.,2.094395102393,4.188790204786,6.28318530718,
8.377580409573),.UNSPECIFIED.) CURVE() GEOMETRIC_REPRESENTATION_ITEM() 
RATIONAL_B_SPLINE_CURVE((1.,0.5,1.,0.5,1.,0.5,1.)) REPRESENTATION_ITEM(
  '') );
#821 = CARTESIAN_POINT('',(-21.24296440809,-44.59384615384));
#822 = CARTESIAN_POINT('',(-26.68826567773,-46.5978905852));
#823 = CARTESIAN_POINT('',(-25.70116843077,-40.88009913875));
#824 = CARTESIAN_POINT('',(-24.71407118382,-35.1623076923));
#825 = CARTESIAN_POINT('',(-20.25586716113,-38.8760547074));
#826 = CARTESIAN_POINT('',(-15.79766313844,-42.58980172249));
#827 = CARTESIAN_POINT('',(-21.24296440809,-44.59384615384));
#828 = ( GEOMETRIC_REPRESENTATION_CONTEXT(2) 
PARAMETRIC_REPRESENTATION_CONTEXT() REPRESENTATION_CONTEXT('2D SPACE',''
  ) );
#829 = PCURVE('',#830,#835);
#830 = CONICAL_SURFACE('',#831,3.35,1.178097245096);
#831 = AXIS2_PLACEMENT_3D('',#832,#833,#834);
#832 = CARTESIAN_POINT('',(-22.4,-41.45,1.8));
#833 = DIRECTION('',(0.,0.,1.));
#834 = DIRECTION('',(0.345383758779,-0.938461538462,0.));
#835 = DEFINITIONAL_REPRESENTATION('',(#836),#840);
#836 = LINE('',#837,#838);
#837 = CARTESIAN_POINT('',(-0.,-0.));
#838 = VECTOR('',#839,1.);
#839 = DIRECTION('',(-1.,-0.));
#840 = ( GEOMETRIC_REPRESENTATION_CONTEXT(2) 
PARAMETRIC_REPRESENTATION_CONTEXT() REPRESENTATION_CONTEXT('2D SPACE',''
  ) );
#841 = ORIENTED_EDGE('',*,*,#842,.T.);
#842 = EDGE_CURVE('',#810,#843,#845,.T.);
#843 = VERTEX_POINT('',#844);
#844 = CARTESIAN_POINT('',(-25.55,40.309824574901,1.8));
#845 = SURFACE_CURVE('',#846,(#850,#857),.PCURVE_S1.);
#846 = LINE('',#847,#848);
#847 = CARTESIAN_POINT('',(-25.55,-40.32750278396,1.8));
#848 = VECTOR('',#849,1.);
#849 = DIRECTION('',(6.123233995737E-17,1.,-6.123233995737E-17));
#850 = PCURVE('',#285,#851);
#851 = DEFINITIONAL_REPRESENTATION('',(#852),#856);
#852 = LINE('',#853,#854);
#853 = CARTESIAN_POINT('',(-25.55,-40.32750278396));
#854 = VECTOR('',#855,1.);
#855 = DIRECTION('',(6.123233995737E-17,1.));
#856 = ( GEOMETRIC_REPRESENTATION_CONTEXT(2) 
PARAMETRIC_REPRESENTATION_CONTEXT() REPRESENTATION_CONTEXT('2D SPACE',''
  ) );
#857 = PCURVE('',#858,#863);
#858 = PLANE('',#859);
#859 = AXIS2_PLACEMENT_3D('',#860,#861,#862);
#860 = CARTESIAN_POINT('',(-25.46464466094,-40.32750278396,
    1.764644660941));
#861 = DIRECTION('',(-0.382683432365,-8.675097932626E-19,-0.923879532511
    ));
#862 = DIRECTION('',(7.358199116516E-17,1.,-3.141764452093E-17));
#863 = DEFINITIONAL_REPRESENTATION('',(#864),#868);
#864 = LINE('',#865,#866);
#865 = CARTESIAN_POINT('',(0.,-9.238795325113E-02));
#866 = VECTOR('',#867,1.);
#867 = DIRECTION('',(1.,0.));
#868 = ( GEOMETRIC_REPRESENTATION_CONTEXT(2) 
PARAMETRIC_REPRESENTATION_CONTEXT() REPRESENTATION_CONTEXT('2D SPACE',''
  ) );
#869 = ORIENTED_EDGE('',*,*,#870,.T.);
#870 = EDGE_CURVE('',#843,#871,#873,.T.);
#871 = VERTEX_POINT('',#872);
#872 = CARTESIAN_POINT('',(-21.2598245749,44.6,1.8));
#873 = SURFACE_CURVE('',#874,(#879,#890),.PCURVE_S1.);
#874 = CIRCLE('',#875,3.35);
#875 = AXIS2_PLACEMENT_3D('',#876,#877,#878);
#876 = CARTESIAN_POINT('',(-22.4,41.45,1.8));
#877 = DIRECTION('',(-0.,0.,-1.));
#878 = DIRECTION('',(-0.938461538462,-0.345383758779,0.));
#879 = PCURVE('',#285,#880);
#880 = DEFINITIONAL_REPRESENTATION('',(#881),#889);
#881 = ( BOUNDED_CURVE() B_SPLINE_CURVE(2,(#882,#883,#884,#885,#886,#887
,#888),.UNSPECIFIED.,.T.,.F.) B_SPLINE_CURVE_WITH_KNOTS((1,2,2,2,2,1),(
    -2.094395102393,0.,2.094395102393,4.188790204786,6.28318530718,
8.377580409573),.UNSPECIFIED.) CURVE() GEOMETRIC_REPRESENTATION_ITEM() 
RATIONAL_B_SPLINE_CURVE((1.,0.5,1.,0.5,1.,0.5,1.)) REPRESENTATION_ITEM(
  '') );
#882 = CARTESIAN_POINT('',(-25.54384615384,40.29296440809));
#883 = CARTESIAN_POINT('',(-27.5478905852,45.738265677732));
#884 = CARTESIAN_POINT('',(-21.83009913875,44.751168430776));
#885 = CARTESIAN_POINT('',(-16.1123076923,43.76407118382));
#886 = CARTESIAN_POINT('',(-19.8260547074,39.305867161134));
#887 = CARTESIAN_POINT('',(-23.53980172249,34.847663138448));
#888 = CARTESIAN_POINT('',(-25.54384615384,40.29296440809));
#889 = ( GEOMETRIC_REPRESENTATION_CONTEXT(2) 
PARAMETRIC_REPRESENTATION_CONTEXT() REPRESENTATION_CONTEXT('2D SPACE',''
  ) );
#890 = PCURVE('',#891,#896);
#891 = CONICAL_SURFACE('',#892,3.35,1.178097245096);
#892 = AXIS2_PLACEMENT_3D('',#893,#894,#895);
#893 = CARTESIAN_POINT('',(-22.4,41.45,1.8));
#894 = DIRECTION('',(0.,0.,1.));
#895 = DIRECTION('',(-0.938461538462,-0.345383758779,0.));
#896 = DEFINITIONAL_REPRESENTATION('',(#897),#901);
#897 = LINE('',#898,#899);
#898 = CARTESIAN_POINT('',(-0.,-0.));
#899 = VECTOR('',#900,1.);
#900 = DIRECTION('',(-1.,-0.));
#901 = ( GEOMETRIC_REPRESENTATION_CONTEXT(2) 
PARAMETRIC_REPRESENTATION_CONTEXT() REPRESENTATION_CONTEXT('2D SPACE',''
  ) );
#902 = ORIENTED_EDGE('',*,*,#903,.T.);
#903 = EDGE_CURVE('',#871,#904,#906,.T.);
#904 = VERTEX_POINT('',#905);
#905 = CARTESIAN_POINT('',(21.259824574901,44.6,1.8));
#906 = SURFACE_CURVE('',#907,(#911,#918),.PCURVE_S1.);
#907 = LINE('',#908,#909);
#908 = CARTESIAN_POINT('',(-21.27750278396,44.6,1.8));
#909 = VECTOR('',#910,1.);
#910 = DIRECTION('',(1.,-6.123233995737E-17,-6.123233995737E-17));
#911 = PCURVE('',#285,#912);
#912 = DEFINITIONAL_REPRESENTATION('',(#913),#917);
#913 = LINE('',#914,#915);
#914 = CARTESIAN_POINT('',(-21.27750278396,44.6));
#915 = VECTOR('',#916,1.);
#916 = DIRECTION('',(1.,-6.123233995737E-17));
#917 = ( GEOMETRIC_REPRESENTATION_CONTEXT(2) 
PARAMETRIC_REPRESENTATION_CONTEXT() REPRESENTATION_CONTEXT('2D SPACE',''
  ) );
#918 = PCURVE('',#919,#924);
#919 = PLANE('',#920);
#920 = AXIS2_PLACEMENT_3D('',#921,#922,#923);
#921 = CARTESIAN_POINT('',(-21.27750278396,44.514644660941,
    1.764644660941));
#922 = DIRECTION('',(0.,0.382683432365,-0.923879532511));
#923 = DIRECTION('',(1.,-7.391397279046E-17,-3.061616997868E-17));
#924 = DEFINITIONAL_REPRESENTATION('',(#925),#929);
#925 = LINE('',#926,#927);
#926 = CARTESIAN_POINT('',(0.,-9.238795325113E-02));
#927 = VECTOR('',#928,1.);
#928 = DIRECTION('',(1.,0.));
#929 = ( GEOMETRIC_REPRESENTATION_CONTEXT(2) 
PARAMETRIC_REPRESENTATION_CONTEXT() REPRESENTATION_CONTEXT('2D SPACE',''
  ) );
#930 = ORIENTED_EDGE('',*,*,#931,.F.);
#931 = EDGE_CURVE('',#932,#904,#934,.T.);
#932 = VERTEX_POINT('',#933);
#933 = CARTESIAN_POINT('',(25.55,40.309824574901,1.8));
#934 = SURFACE_CURVE('',#935,(#940,#947),.PCURVE_S1.);
#935 = CIRCLE('',#936,3.35);
#936 = AXIS2_PLACEMENT_3D('',#937,#938,#939);
#937 = CARTESIAN_POINT('',(22.4,41.45,1.8));
#938 = DIRECTION('',(0.,0.,1.));
#939 = DIRECTION('',(0.938461538462,-0.345383758779,0.));
#940 = PCURVE('',#285,#941);
#941 = DEFINITIONAL_REPRESENTATION('',(#942),#946);
#942 = CIRCLE('',#943,3.35);
#943 = AXIS2_PLACEMENT_2D('',#944,#945);
#944 = CARTESIAN_POINT('',(22.4,41.45));
#945 = DIRECTION('',(0.938461538462,-0.345383758779));
#946 = ( GEOMETRIC_REPRESENTATION_CONTEXT(2) 
PARAMETRIC_REPRESENTATION_CONTEXT() REPRESENTATION_CONTEXT('2D SPACE',''
  ) );
#947 = PCURVE('',#948,#953);
#948 = CONICAL_SURFACE('',#949,3.35,1.178097245096);
#949 = AXIS2_PLACEMENT_3D('',#950,#951,#952);
#950 = CARTESIAN_POINT('',(22.4,41.45,1.8));
#951 = DIRECTION('',(0.,0.,1.));
#952 = DIRECTION('',(0.938461538462,-0.345383758779,0.));
#953 = DEFINITIONAL_REPRESENTATION('',(#954),#958);
#954 = LINE('',#955,#956);
#955 = CARTESIAN_POINT('',(0.,-0.));
#956 = VECTOR('',#957,1.);
#957 = DIRECTION('',(1.,-0.));
#958 = ( GEOMETRIC_REPRESENTATION_CONTEXT(2) 
PARAMETRIC_REPRESENTATION_CONTEXT() REPRESENTATION_CONTEXT('2D SPACE',''
  ) );
#959 = ORIENTED_EDGE('',*,*,#960,.T.);
#960 = EDGE_CURVE('',#932,#961,#963,.T.);
#961 = VERTEX_POINT('',#962);
#962 = CARTESIAN_POINT('',(25.55,-40.3098245749,1.8));
#963 = SURFACE_CURVE('',#964,(#968,#975),.PCURVE_S1.);
#964 = LINE('',#965,#966);
#965 = CARTESIAN_POINT('',(25.55,40.327502783968,1.8));
#966 = VECTOR('',#967,1.);
#967 = DIRECTION('',(-6.123233995737E-17,-1.,-6.123233995737E-17));
#968 = PCURVE('',#285,#969);
#969 = DEFINITIONAL_REPRESENTATION('',(#970),#974);
#970 = LINE('',#971,#972);
#971 = CARTESIAN_POINT('',(25.55,40.327502783968));
#972 = VECTOR('',#973,1.);
#973 = DIRECTION('',(-6.123233995737E-17,-1.));
#974 = ( GEOMETRIC_REPRESENTATION_CONTEXT(2) 
PARAMETRIC_REPRESENTATION_CONTEXT() REPRESENTATION_CONTEXT('2D SPACE',''
  ) );
#975 = PCURVE('',#976,#981);
#976 = PLANE('',#977);
#977 = AXIS2_PLACEMENT_3D('',#978,#979,#980);
#978 = CARTESIAN_POINT('',(25.464644660941,40.327502783968,
    1.764644660941));
#979 = DIRECTION('',(0.382683432365,8.675097932626E-19,-0.923879532511)
  );
#980 = DIRECTION('',(-7.358199116516E-17,-1.,-3.141764452093E-17));
#981 = DEFINITIONAL_REPRESENTATION('',(#982),#986);
#982 = LINE('',#983,#984);
#983 = CARTESIAN_POINT('',(0.,-9.238795325113E-02));
#984 = VECTOR('',#985,1.);
#985 = DIRECTION('',(1.,0.));
#986 = ( GEOMETRIC_REPRESENTATION_CONTEXT(2) 
PARAMETRIC_REPRESENTATION_CONTEXT() REPRESENTATION_CONTEXT('2D SPACE',''
  ) );
#987 = ORIENTED_EDGE('',*,*,#988,.F.);
#988 = EDGE_CURVE('',#989,#961,#991,.T.);
#989 = VERTEX_POINT('',#990);
#990 = CARTESIAN_POINT('',(21.259824574901,-44.6,1.8));
#991 = SURFACE_CURVE('',#992,(#997,#1004),.PCURVE_S1.);
#992 = CIRCLE('',#993,3.35);
#993 = AXIS2_PLACEMENT_3D('',#994,#995,#996);
#994 = CARTESIAN_POINT('',(22.4,-41.45,1.8));
#995 = DIRECTION('',(0.,0.,1.));
#996 = DIRECTION('',(-0.345383758779,-0.938461538462,0.));
#997 = PCURVE('',#285,#998);
#998 = DEFINITIONAL_REPRESENTATION('',(#999),#1003);
#999 = CIRCLE('',#1000,3.35);
#1000 = AXIS2_PLACEMENT_2D('',#1001,#1002);
#1001 = CARTESIAN_POINT('',(22.4,-41.45));
#1002 = DIRECTION('',(-0.345383758779,-0.938461538462));
#1003 = ( GEOMETRIC_REPRESENTATION_CONTEXT(2) 
PARAMETRIC_REPRESENTATION_CONTEXT() REPRESENTATION_CONTEXT('2D SPACE',''
  ) );
#1004 = PCURVE('',#1005,#1010);
#1005 = CONICAL_SURFACE('',#1006,3.35,1.178097245096);
#1006 = AXIS2_PLACEMENT_3D('',#1007,#1008,#1009);
#1007 = CARTESIAN_POINT('',(22.4,-41.45,1.8));
#1008 = DIRECTION('',(0.,0.,1.));
#1009 = DIRECTION('',(-0.345383758779,-0.938461538462,0.));
#1010 = DEFINITIONAL_REPRESENTATION('',(#1011),#1015);
#1011 = LINE('',#1012,#1013);
#1012 = CARTESIAN_POINT('',(0.,-0.));
#1013 = VECTOR('',#1014,1.);
#1014 = DIRECTION('',(1.,-0.));
#1015 = ( GEOMETRIC_REPRESENTATION_CONTEXT(2) 
PARAMETRIC_REPRESENTATION_CONTEXT() REPRESENTATION_CONTEXT('2D SPACE',''
  ) );
#1016 = ORIENTED_EDGE('',*,*,#1017,.T.);
#1017 = EDGE_CURVE('',#989,#808,#1018,.T.);
#1018 = SURFACE_CURVE('',#1019,(#1023,#1030),.PCURVE_S1.);
#1019 = LINE('',#1020,#1021);
#1020 = CARTESIAN_POINT('',(21.277502783968,-44.6,1.8));
#1021 = VECTOR('',#1022,1.);
#1022 = DIRECTION('',(-1.,6.123233995737E-17,-6.123233995737E-17));
#1023 = PCURVE('',#285,#1024);
#1024 = DEFINITIONAL_REPRESENTATION('',(#1025),#1029);
#1025 = LINE('',#1026,#1027);
#1026 = CARTESIAN_POINT('',(21.277502783968,-44.6));
#1027 = VECTOR('',#1028,1.);
#1028 = DIRECTION('',(-1.,6.123233995737E-17));
#1029 = ( GEOMETRIC_REPRESENTATION_CONTEXT(2) 
PARAMETRIC_REPRESENTATION_CONTEXT() REPRESENTATION_CONTEXT('2D SPACE',''
  ) );
#1030 = PCURVE('',#1031,#1036);
#1031 = PLANE('',#1032);
#1032 = AXIS2_PLACEMENT_3D('',#1033,#1034,#1035);
#1033 = CARTESIAN_POINT('',(21.277502783968,-44.51464466094,
    1.764644660941));
#1034 = DIRECTION('',(0.,-0.382683432365,-0.923879532511));
#1035 = DIRECTION('',(-1.,7.391397279046E-17,-3.061616997868E-17));
#1036 = DEFINITIONAL_REPRESENTATION('',(#1037),#1041);
#1037 = LINE('',#1038,#1039);
#1038 = CARTESIAN_POINT('',(0.,-9.238795325113E-02));
#1039 = VECTOR('',#1040,1.);
#1040 = DIRECTION('',(1.,0.));
#1041 = ( GEOMETRIC_REPRESENTATION_CONTEXT(2) 
PARAMETRIC_REPRESENTATION_CONTEXT() REPRESENTATION_CONTEXT('2D SPACE',''
  ) );
#1042 = ADVANCED_FACE('',(#1043),#260,.T.);
#1043 = FACE_BOUND('',#1044,.T.);
#1044 = EDGE_LOOP('',(#1045,#1046,#1047,#1066));
#1045 = ORIENTED_EDGE('',*,*,#245,.F.);
#1046 = ORIENTED_EDGE('',*,*,#432,.T.);
#1047 = ORIENTED_EDGE('',*,*,#1048,.T.);
#1048 = EDGE_CURVE('',#407,#646,#1049,.T.);
#1049 = SURFACE_CURVE('',#1050,(#1054,#1060),.PCURVE_S1.);
#1050 = LINE('',#1051,#1052);
#1051 = CARTESIAN_POINT('',(26.15,-41.45,1.8));
#1052 = VECTOR('',#1053,1.);
#1053 = DIRECTION('',(-0.923879532511,5.657130561439E-17,0.382683432365)
  );
#1054 = PCURVE('',#260,#1055);
#1055 = DEFINITIONAL_REPRESENTATION('',(#1056),#1059);
#1056 = B_SPLINE_CURVE_WITH_KNOTS('',1,(#1057,#1058),.UNSPECIFIED.,.F.,
  .F.,(2,2),(-0.184775906502,0.),.PIECEWISE_BEZIER_KNOTS.);
#1057 = CARTESIAN_POINT('',(-1.570796326795,7.071067811865E-02));
#1058 = CARTESIAN_POINT('',(-1.570796326795,0.));
#1059 = ( GEOMETRIC_REPRESENTATION_CONTEXT(2) 
PARAMETRIC_REPRESENTATION_CONTEXT() REPRESENTATION_CONTEXT('2D SPACE',''
  ) );
#1060 = PCURVE('',#685,#1061);
#1061 = DEFINITIONAL_REPRESENTATION('',(#1062),#1065);
#1062 = B_SPLINE_CURVE_WITH_KNOTS('',1,(#1063,#1064),.UNSPECIFIED.,.F.,
  .F.,(2,2),(-0.184775906502,0.),.PIECEWISE_BEZIER_KNOTS.);
#1063 = CARTESIAN_POINT('',(0.,-9.238795325113E-02));
#1064 = CARTESIAN_POINT('',(0.,9.238795325112E-02));
#1065 = ( GEOMETRIC_REPRESENTATION_CONTEXT(2) 
PARAMETRIC_REPRESENTATION_CONTEXT() REPRESENTATION_CONTEXT('2D SPACE',''
  ) );
#1066 = ORIENTED_EDGE('',*,*,#645,.F.);
#1067 = ADVANCED_FACE('',(#1068),#366,.T.);
#1068 = FACE_BOUND('',#1069,.F.);
#1069 = EDGE_LOOP('',(#1070,#1091,#1092,#1118));
#1070 = ORIENTED_EDGE('',*,*,#1071,.F.);
#1071 = EDGE_CURVE('',#301,#1072,#1074,.T.);
#1072 = VERTEX_POINT('',#1073);
#1073 = CARTESIAN_POINT('',(-22.4,-45.37071067811,7.071067811866E-02));
#1074 = SURFACE_CURVE('',#1075,(#1079,#1085),.PCURVE_S1.);
#1075 = LINE('',#1076,#1077);
#1076 = CARTESIAN_POINT('',(-22.4,-45.35,5.E-02));
#1077 = VECTOR('',#1078,1.);
#1078 = DIRECTION('',(-0.,0.707106781187,-0.707106781187));
#1079 = PCURVE('',#366,#1080);
#1080 = DEFINITIONAL_REPRESENTATION('',(#1081),#1084);
#1081 = B_SPLINE_CURVE_WITH_KNOTS('',1,(#1082,#1083),.UNSPECIFIED.,.F.,
  .F.,(2,2),(-7.071067811865E-02,7.071067811866E-02),
  .PIECEWISE_BEZIER_KNOTS.);
#1082 = CARTESIAN_POINT('',(0.,-7.071067811865E-02));
#1083 = CARTESIAN_POINT('',(0.,7.071067811866E-02));
#1084 = ( GEOMETRIC_REPRESENTATION_CONTEXT(2) 
PARAMETRIC_REPRESENTATION_CONTEXT() REPRESENTATION_CONTEXT('2D SPACE',''
  ) );
#1085 = PCURVE('',#607,#1086);
#1086 = DEFINITIONAL_REPRESENTATION('',(#1087),#1090);
#1087 = B_SPLINE_CURVE_WITH_KNOTS('',1,(#1088,#1089),.UNSPECIFIED.,.F.,
  .F.,(2,2),(-7.071067811865E-02,7.071067811866E-02),
  .PIECEWISE_BEZIER_KNOTS.);
#1088 = CARTESIAN_POINT('',(1.570796326795,0.));
#1089 = CARTESIAN_POINT('',(1.570796326795,-1.E-01));
#1090 = ( GEOMETRIC_REPRESENTATION_CONTEXT(2) 
PARAMETRIC_REPRESENTATION_CONTEXT() REPRESENTATION_CONTEXT('2D SPACE',''
  ) );
#1091 = ORIENTED_EDGE('',*,*,#352,.T.);
#1092 = ORIENTED_EDGE('',*,*,#1093,.T.);
#1093 = EDGE_CURVE('',#325,#1094,#1096,.T.);
#1094 = VERTEX_POINT('',#1095);
#1095 = CARTESIAN_POINT('',(22.4,-45.37071067811,7.071067811866E-02));
#1096 = SURFACE_CURVE('',#1097,(#1101,#1107),.PCURVE_S1.);
#1097 = LINE('',#1098,#1099);
#1098 = CARTESIAN_POINT('',(22.4,-45.35,5.E-02));
#1099 = VECTOR('',#1100,1.);
#1100 = DIRECTION('',(-0.,0.707106781187,-0.707106781187));
#1101 = PCURVE('',#366,#1102);
#1102 = DEFINITIONAL_REPRESENTATION('',(#1103),#1106);
#1103 = B_SPLINE_CURVE_WITH_KNOTS('',1,(#1104,#1105),.UNSPECIFIED.,.F.,
  .F.,(2,2),(-7.071067811865E-02,7.071067811866E-02),
  .PIECEWISE_BEZIER_KNOTS.);
#1104 = CARTESIAN_POINT('',(-44.8,-7.071067811865E-02));
#1105 = CARTESIAN_POINT('',(-44.8,7.071067811866E-02));
#1106 = ( GEOMETRIC_REPRESENTATION_CONTEXT(2) 
PARAMETRIC_REPRESENTATION_CONTEXT() REPRESENTATION_CONTEXT('2D SPACE',''
  ) );
#1107 = PCURVE('',#1108,#1113);
#1108 = CONICAL_SURFACE('',#1109,3.95,0.785398163397);
#1109 = AXIS2_PLACEMENT_3D('',#1110,#1111,#1112);
#1110 = CARTESIAN_POINT('',(22.4,-41.45,0.1));
#1111 = DIRECTION('',(0.,0.,1.));
#1112 = DIRECTION('',(0.,-1.,0.));
#1113 = DEFINITIONAL_REPRESENTATION('',(#1114),#1117);
#1114 = B_SPLINE_CURVE_WITH_KNOTS('',1,(#1115,#1116),.UNSPECIFIED.,.F.,
  .F.,(2,2),(-7.071067811865E-02,7.071067811866E-02),
  .PIECEWISE_BEZIER_KNOTS.);
#1115 = CARTESIAN_POINT('',(0.,0.));
#1116 = CARTESIAN_POINT('',(0.,-1.E-01));
#1117 = ( GEOMETRIC_REPRESENTATION_CONTEXT(2) 
PARAMETRIC_REPRESENTATION_CONTEXT() REPRESENTATION_CONTEXT('2D SPACE',''
  ) );
#1118 = ORIENTED_EDGE('',*,*,#1119,.F.);
#1119 = EDGE_CURVE('',#1072,#1094,#1120,.T.);
#1120 = SURFACE_CURVE('',#1121,(#1125,#1132),.PCURVE_S1.);
#1121 = LINE('',#1122,#1123);
#1122 = CARTESIAN_POINT('',(-22.4,-45.37071067811,7.071067811865E-02));
#1123 = VECTOR('',#1124,1.);
#1124 = DIRECTION('',(1.,0.,0.));
#1125 = PCURVE('',#366,#1126);
#1126 = DEFINITIONAL_REPRESENTATION('',(#1127),#1131);
#1127 = LINE('',#1128,#1129);
#1128 = CARTESIAN_POINT('',(-0.,-2.928932188134E-02));
#1129 = VECTOR('',#1130,1.);
#1130 = DIRECTION('',(-1.,0.));
#1131 = ( GEOMETRIC_REPRESENTATION_CONTEXT(2) 
PARAMETRIC_REPRESENTATION_CONTEXT() REPRESENTATION_CONTEXT('2D SPACE',''
  ) );
#1132 = PCURVE('',#1133,#1138);
#1133 = PLANE('',#1134);
#1134 = AXIS2_PLACEMENT_3D('',#1135,#1136,#1137);
#1135 = CARTESIAN_POINT('',(-22.4,-45.28535533905,3.535533905933E-02));
#1136 = DIRECTION('',(-8.675097932626E-19,-0.382683432365,
    -0.923879532511));
#1137 = DIRECTION('',(-1.,3.319816252961E-19,8.014745422485E-19));
#1138 = DEFINITIONAL_REPRESENTATION('',(#1139),#1143);
#1139 = LINE('',#1140,#1141);
#1140 = CARTESIAN_POINT('',(-0.,-9.238795325113E-02));
#1141 = VECTOR('',#1142,1.);
#1142 = DIRECTION('',(-1.,0.));
#1143 = ( GEOMETRIC_REPRESENTATION_CONTEXT(2) 
PARAMETRIC_REPRESENTATION_CONTEXT() REPRESENTATION_CONTEXT('2D SPACE',''
  ) );
#1144 = ADVANCED_FACE('',(#1145),#340,.T.);
#1145 = FACE_BOUND('',#1146,.T.);
#1146 = EDGE_LOOP('',(#1147,#1148,#1172,#1198));
#1147 = ORIENTED_EDGE('',*,*,#324,.F.);
#1148 = ORIENTED_EDGE('',*,*,#1149,.T.);
#1149 = EDGE_CURVE('',#325,#1150,#1152,.T.);
#1150 = VERTEX_POINT('',#1151);
#1151 = CARTESIAN_POINT('',(26.35,-41.45,0.1));
#1152 = SURFACE_CURVE('',#1153,(#1158,#1165),.PCURVE_S1.);
#1153 = CIRCLE('',#1154,3.95);
#1154 = AXIS2_PLACEMENT_3D('',#1155,#1156,#1157);
#1155 = CARTESIAN_POINT('',(22.4,-41.45,0.1));
#1156 = DIRECTION('',(0.,0.,1.));
#1157 = DIRECTION('',(0.,-1.,0.));
#1158 = PCURVE('',#340,#1159);
#1159 = DEFINITIONAL_REPRESENTATION('',(#1160),#1164);
#1160 = LINE('',#1161,#1162);
#1161 = CARTESIAN_POINT('',(0.,0.1));
#1162 = VECTOR('',#1163,1.);
#1163 = DIRECTION('',(1.,0.));
#1164 = ( GEOMETRIC_REPRESENTATION_CONTEXT(2) 
PARAMETRIC_REPRESENTATION_CONTEXT() REPRESENTATION_CONTEXT('2D SPACE',''
  ) );
#1165 = PCURVE('',#1108,#1166);
#1166 = DEFINITIONAL_REPRESENTATION('',(#1167),#1171);
#1167 = LINE('',#1168,#1169);
#1168 = CARTESIAN_POINT('',(0.,-0.));
#1169 = VECTOR('',#1170,1.);
#1170 = DIRECTION('',(1.,-0.));
#1171 = ( GEOMETRIC_REPRESENTATION_CONTEXT(2) 
PARAMETRIC_REPRESENTATION_CONTEXT() REPRESENTATION_CONTEXT('2D SPACE',''
  ) );
#1172 = ORIENTED_EDGE('',*,*,#1173,.T.);
#1173 = EDGE_CURVE('',#1150,#383,#1174,.T.);
#1174 = SURFACE_CURVE('',#1175,(#1179,#1186),.PCURVE_S1.);
#1175 = LINE('',#1176,#1177);
#1176 = CARTESIAN_POINT('',(26.35,-41.45,0.));
#1177 = VECTOR('',#1178,1.);
#1178 = DIRECTION('',(0.,0.,1.));
#1179 = PCURVE('',#340,#1180);
#1180 = DEFINITIONAL_REPRESENTATION('',(#1181),#1185);
#1181 = LINE('',#1182,#1183);
#1182 = CARTESIAN_POINT('',(1.570796326795,0.));
#1183 = VECTOR('',#1184,1.);
#1184 = DIRECTION('',(0.,1.));
#1185 = ( GEOMETRIC_REPRESENTATION_CONTEXT(2) 
PARAMETRIC_REPRESENTATION_CONTEXT() REPRESENTATION_CONTEXT('2D SPACE',''
  ) );
#1186 = PCURVE('',#1187,#1192);
#1187 = PLANE('',#1188);
#1188 = AXIS2_PLACEMENT_3D('',#1189,#1190,#1191);
#1189 = CARTESIAN_POINT('',(26.35,-45.4,0.));
#1190 = DIRECTION('',(-1.,0.,0.));
#1191 = DIRECTION('',(0.,1.,0.));
#1192 = DEFINITIONAL_REPRESENTATION('',(#1193),#1197);
#1193 = LINE('',#1194,#1195);
#1194 = CARTESIAN_POINT('',(3.95,0.));
#1195 = VECTOR('',#1196,1.);
#1196 = DIRECTION('',(0.,-1.));
#1197 = ( GEOMETRIC_REPRESENTATION_CONTEXT(2) 
PARAMETRIC_REPRESENTATION_CONTEXT() REPRESENTATION_CONTEXT('2D SPACE',''
  ) );
#1198 = ORIENTED_EDGE('',*,*,#382,.F.);
#1199 = ADVANCED_FACE('',(#1200),#421,.F.);
#1200 = FACE_BOUND('',#1201,.T.);
#1201 = EDGE_LOOP('',(#1202,#1203,#1226,#1252));
#1202 = ORIENTED_EDGE('',*,*,#406,.F.);
#1203 = ORIENTED_EDGE('',*,*,#1204,.T.);
#1204 = EDGE_CURVE('',#383,#1205,#1207,.T.);
#1205 = VERTEX_POINT('',#1206);
#1206 = CARTESIAN_POINT('',(26.35,41.45,1.7));
#1207 = SURFACE_CURVE('',#1208,(#1212,#1219),.PCURVE_S1.);
#1208 = LINE('',#1209,#1210);
#1209 = CARTESIAN_POINT('',(26.35,-41.45,1.7));
#1210 = VECTOR('',#1211,1.);
#1211 = DIRECTION('',(0.,1.,0.));
#1212 = PCURVE('',#421,#1213);
#1213 = DEFINITIONAL_REPRESENTATION('',(#1214),#1218);
#1214 = LINE('',#1215,#1216);
#1215 = CARTESIAN_POINT('',(-0.,-7.071067811865E-02));
#1216 = VECTOR('',#1217,1.);
#1217 = DIRECTION('',(-1.,0.));
#1218 = ( GEOMETRIC_REPRESENTATION_CONTEXT(2) 
PARAMETRIC_REPRESENTATION_CONTEXT() REPRESENTATION_CONTEXT('2D SPACE',''
  ) );
#1219 = PCURVE('',#1187,#1220);
#1220 = DEFINITIONAL_REPRESENTATION('',(#1221),#1225);
#1221 = LINE('',#1222,#1223);
#1222 = CARTESIAN_POINT('',(3.95,-1.7));
#1223 = VECTOR('',#1224,1.);
#1224 = DIRECTION('',(1.,0.));
#1225 = ( GEOMETRIC_REPRESENTATION_CONTEXT(2) 
PARAMETRIC_REPRESENTATION_CONTEXT() REPRESENTATION_CONTEXT('2D SPACE',''
  ) );
#1226 = ORIENTED_EDGE('',*,*,#1227,.T.);
#1227 = EDGE_CURVE('',#1205,#1228,#1230,.T.);
#1228 = VERTEX_POINT('',#1229);
#1229 = CARTESIAN_POINT('',(26.320710678119,41.45,1.729289321881));
#1230 = SURFACE_CURVE('',#1231,(#1235,#1241),.PCURVE_S1.);
#1231 = LINE('',#1232,#1233);
#1232 = CARTESIAN_POINT('',(26.3,41.45,1.75));
#1233 = VECTOR('',#1234,1.);
#1234 = DIRECTION('',(-0.707106781187,-0.,0.707106781187));
#1235 = PCURVE('',#421,#1236);
#1236 = DEFINITIONAL_REPRESENTATION('',(#1237),#1240);
#1237 = B_SPLINE_CURVE_WITH_KNOTS('',1,(#1238,#1239),.UNSPECIFIED.,.F.,
  .F.,(2,2),(-7.071067811865E-02,7.071067811865E-02),
  .PIECEWISE_BEZIER_KNOTS.);
#1238 = CARTESIAN_POINT('',(-82.9,-7.071067811865E-02));
#1239 = CARTESIAN_POINT('',(-82.9,7.071067811865E-02));
#1240 = ( GEOMETRIC_REPRESENTATION_CONTEXT(2) 
PARAMETRIC_REPRESENTATION_CONTEXT() REPRESENTATION_CONTEXT('2D SPACE',''
  ) );
#1241 = PCURVE('',#1242,#1247);
#1242 = CONICAL_SURFACE('',#1243,3.95,0.785398163397);
#1243 = AXIS2_PLACEMENT_3D('',#1244,#1245,#1246);
#1244 = CARTESIAN_POINT('',(22.4,41.45,1.7));
#1245 = DIRECTION('',(-0.,-0.,-1.));
#1246 = DIRECTION('',(1.,0.,0.));
#1247 = DEFINITIONAL_REPRESENTATION('',(#1248),#1251);
#1248 = B_SPLINE_CURVE_WITH_KNOTS('',1,(#1249,#1250),.UNSPECIFIED.,.F.,
  .F.,(2,2),(-7.071067811865E-02,7.071067811865E-02),
  .PIECEWISE_BEZIER_KNOTS.);
#1249 = CARTESIAN_POINT('',(0.,0.));
#1250 = CARTESIAN_POINT('',(0.,-1.E-01));
#1251 = ( GEOMETRIC_REPRESENTATION_CONTEXT(2) 
PARAMETRIC_REPRESENTATION_CONTEXT() REPRESENTATION_CONTEXT('2D SPACE',''
  ) );
#1252 = ORIENTED_EDGE('',*,*,#1253,.F.);
#1253 = EDGE_CURVE('',#407,#1228,#1254,.T.);
#1254 = SURFACE_CURVE('',#1255,(#1259,#1266),.PCURVE_S1.);
#1255 = LINE('',#1256,#1257);
#1256 = CARTESIAN_POINT('',(26.320710678119,-41.45,1.729289321881));
#1257 = VECTOR('',#1258,1.);
#1258 = DIRECTION('',(0.,1.,0.));
#1259 = PCURVE('',#421,#1260);
#1260 = DEFINITIONAL_REPRESENTATION('',(#1261),#1265);
#1261 = LINE('',#1262,#1263);
#1262 = CARTESIAN_POINT('',(-0.,-2.928932188134E-02));
#1263 = VECTOR('',#1264,1.);
#1264 = DIRECTION('',(-1.,0.));
#1265 = ( GEOMETRIC_REPRESENTATION_CONTEXT(2) 
PARAMETRIC_REPRESENTATION_CONTEXT() REPRESENTATION_CONTEXT('2D SPACE',''
  ) );
#1266 = PCURVE('',#685,#1267);
#1267 = DEFINITIONAL_REPRESENTATION('',(#1268),#1272);
#1268 = LINE('',#1269,#1270);
#1269 = CARTESIAN_POINT('',(0.,-9.238795325113E-02));
#1270 = VECTOR('',#1271,1.);
#1271 = DIRECTION('',(1.,0.));
#1272 = ( GEOMETRIC_REPRESENTATION_CONTEXT(2) 
PARAMETRIC_REPRESENTATION_CONTEXT() REPRESENTATION_CONTEXT('2D SPACE',''
  ) );
#1273 = ADVANCED_FACE('',(#1274),#474,.T.);
#1274 = FACE_BOUND('',#1275,.T.);
#1275 = EDGE_LOOP('',(#1276,#1304,#1331,#1332));
#1276 = ORIENTED_EDGE('',*,*,#1277,.F.);
#1277 = EDGE_CURVE('',#1278,#1280,#1282,.T.);
#1278 = VERTEX_POINT('',#1279);
#1279 = CARTESIAN_POINT('',(-22.4,45.4,1.7));
#1280 = VERTEX_POINT('',#1281);
#1281 = CARTESIAN_POINT('',(-22.4,45.370710678119,1.729289321881));
#1282 = SURFACE_CURVE('',#1283,(#1287,#1293),.PCURVE_S1.);
#1283 = LINE('',#1284,#1285);
#1284 = CARTESIAN_POINT('',(-22.4,45.35,1.75));
#1285 = VECTOR('',#1286,1.);
#1286 = DIRECTION('',(-0.,-0.707106781187,0.707106781187));
#1287 = PCURVE('',#474,#1288);
#1288 = DEFINITIONAL_REPRESENTATION('',(#1289),#1292);
#1289 = B_SPLINE_CURVE_WITH_KNOTS('',1,(#1290,#1291),.UNSPECIFIED.,.F.,
  .F.,(2,2),(-7.071067811866E-02,7.071067811865E-02),
  .PIECEWISE_BEZIER_KNOTS.);
#1290 = CARTESIAN_POINT('',(0.,0.));
#1291 = CARTESIAN_POINT('',(0.,-0.1));
#1292 = ( GEOMETRIC_REPRESENTATION_CONTEXT(2) 
PARAMETRIC_REPRESENTATION_CONTEXT() REPRESENTATION_CONTEXT('2D SPACE',''
  ) );
#1293 = PCURVE('',#1294,#1299);
#1294 = PLANE('',#1295);
#1295 = AXIS2_PLACEMENT_3D('',#1296,#1297,#1298);
#1296 = CARTESIAN_POINT('',(22.4,45.35,1.75));
#1297 = DIRECTION('',(8.674484698258E-19,-0.707106781187,-0.707106781187
    ));
#1298 = DIRECTION('',(1.,6.133786953437E-19,6.133786953437E-19));
#1299 = DEFINITIONAL_REPRESENTATION('',(#1300),#1303);
#1300 = B_SPLINE_CURVE_WITH_KNOTS('',1,(#1301,#1302),.UNSPECIFIED.,.F.,
  .F.,(2,2),(-7.071067811866E-02,7.071067811865E-02),
  .PIECEWISE_BEZIER_KNOTS.);
#1301 = CARTESIAN_POINT('',(-44.8,-7.071067811866E-02));
#1302 = CARTESIAN_POINT('',(-44.8,7.071067811865E-02));
#1303 = ( GEOMETRIC_REPRESENTATION_CONTEXT(2) 
PARAMETRIC_REPRESENTATION_CONTEXT() REPRESENTATION_CONTEXT('2D SPACE',''
  ) );
#1304 = ORIENTED_EDGE('',*,*,#1305,.T.);
#1305 = EDGE_CURVE('',#1278,#458,#1306,.T.);
#1306 = SURFACE_CURVE('',#1307,(#1312,#1319),.PCURVE_S1.);
#1307 = CIRCLE('',#1308,3.95);
#1308 = AXIS2_PLACEMENT_3D('',#1309,#1310,#1311);
#1309 = CARTESIAN_POINT('',(-22.4,41.45,1.7));
#1310 = DIRECTION('',(0.,0.,1.));
#1311 = DIRECTION('',(0.,1.,-0.));
#1312 = PCURVE('',#474,#1313);
#1313 = DEFINITIONAL_REPRESENTATION('',(#1314),#1318);
#1314 = LINE('',#1315,#1316);
#1315 = CARTESIAN_POINT('',(-0.,-0.));
#1316 = VECTOR('',#1317,1.);
#1317 = DIRECTION('',(-1.,-0.));
#1318 = ( GEOMETRIC_REPRESENTATION_CONTEXT(2) 
PARAMETRIC_REPRESENTATION_CONTEXT() REPRESENTATION_CONTEXT('2D SPACE',''
  ) );
#1319 = PCURVE('',#1320,#1325);
#1320 = CYLINDRICAL_SURFACE('',#1321,3.95);
#1321 = AXIS2_PLACEMENT_3D('',#1322,#1323,#1324);
#1322 = CARTESIAN_POINT('',(-22.4,41.45,0.));
#1323 = DIRECTION('',(0.,0.,1.));
#1324 = DIRECTION('',(-0.,1.,0.));
#1325 = DEFINITIONAL_REPRESENTATION('',(#1326),#1330);
#1326 = LINE('',#1327,#1328);
#1327 = CARTESIAN_POINT('',(0.,1.7));
#1328 = VECTOR('',#1329,1.);
#1329 = DIRECTION('',(1.,0.));
#1330 = ( GEOMETRIC_REPRESENTATION_CONTEXT(2) 
PARAMETRIC_REPRESENTATION_CONTEXT() REPRESENTATION_CONTEXT('2D SPACE',''
  ) );
#1331 = ORIENTED_EDGE('',*,*,#457,.T.);
#1332 = ORIENTED_EDGE('',*,*,#1333,.F.);
#1333 = EDGE_CURVE('',#1280,#460,#1334,.T.);
#1334 = SURFACE_CURVE('',#1335,(#1340,#1347),.PCURVE_S1.);
#1335 = CIRCLE('',#1336,3.920710678119);
#1336 = AXIS2_PLACEMENT_3D('',#1337,#1338,#1339);
#1337 = CARTESIAN_POINT('',(-22.4,41.45,1.729289321881));
#1338 = DIRECTION('',(0.,0.,1.));
#1339 = DIRECTION('',(0.,1.,-0.));
#1340 = PCURVE('',#474,#1341);
#1341 = DEFINITIONAL_REPRESENTATION('',(#1342),#1346);
#1342 = LINE('',#1343,#1344);
#1343 = CARTESIAN_POINT('',(-0.,-2.928932188135E-02));
#1344 = VECTOR('',#1345,1.);
#1345 = DIRECTION('',(-1.,-0.));
#1346 = ( GEOMETRIC_REPRESENTATION_CONTEXT(2) 
PARAMETRIC_REPRESENTATION_CONTEXT() REPRESENTATION_CONTEXT('2D SPACE',''
  ) );
#1347 = PCURVE('',#771,#1348);
#1348 = DEFINITIONAL_REPRESENTATION('',(#1349),#1353);
#1349 = LINE('',#1350,#1351);
#1350 = CARTESIAN_POINT('',(0.,7.071067811865E-02));
#1351 = VECTOR('',#1352,1.);
#1352 = DIRECTION('',(-1.,-0.));
#1353 = ( GEOMETRIC_REPRESENTATION_CONTEXT(2) 
PARAMETRIC_REPRESENTATION_CONTEXT() REPRESENTATION_CONTEXT('2D SPACE',''
  ) );
#1354 = ADVANCED_FACE('',(#1355),#526,.T.);
#1355 = FACE_BOUND('',#1356,.T.);
#1356 = EDGE_LOOP('',(#1357,#1376,#1377,#1378));
#1357 = ORIENTED_EDGE('',*,*,#1358,.F.);
#1358 = EDGE_CURVE('',#460,#755,#1359,.T.);
#1359 = SURFACE_CURVE('',#1360,(#1364,#1370),.PCURVE_S1.);
#1360 = LINE('',#1361,#1362);
#1361 = CARTESIAN_POINT('',(-26.15,41.45,1.8));
#1362 = VECTOR('',#1363,1.);
#1363 = DIRECTION('',(0.923879532511,-5.657130561439E-17,0.382683432365)
  );
#1364 = PCURVE('',#526,#1365);
#1365 = DEFINITIONAL_REPRESENTATION('',(#1366),#1369);
#1366 = B_SPLINE_CURVE_WITH_KNOTS('',1,(#1367,#1368),.UNSPECIFIED.,.F.,
  .F.,(2,2),(-0.184775906502,0.),.PIECEWISE_BEZIER_KNOTS.);
#1367 = CARTESIAN_POINT('',(0.,-9.238795325113E-02));
#1368 = CARTESIAN_POINT('',(0.,9.238795325112E-02));
#1369 = ( GEOMETRIC_REPRESENTATION_CONTEXT(2) 
PARAMETRIC_REPRESENTATION_CONTEXT() REPRESENTATION_CONTEXT('2D SPACE',''
  ) );
#1370 = PCURVE('',#771,#1371);
#1371 = DEFINITIONAL_REPRESENTATION('',(#1372),#1375);
#1372 = B_SPLINE_CURVE_WITH_KNOTS('',1,(#1373,#1374),.UNSPECIFIED.,.F.,
  .F.,(2,2),(-0.184775906502,0.),.PIECEWISE_BEZIER_KNOTS.);
#1373 = CARTESIAN_POINT('',(-1.570796326795,7.071067811865E-02));
#1374 = CARTESIAN_POINT('',(-1.570796326795,0.));
#1375 = ( GEOMETRIC_REPRESENTATION_CONTEXT(2) 
PARAMETRIC_REPRESENTATION_CONTEXT() REPRESENTATION_CONTEXT('2D SPACE',''
  ) );
#1376 = ORIENTED_EDGE('',*,*,#512,.T.);
#1377 = ORIENTED_EDGE('',*,*,#541,.T.);
#1378 = ORIENTED_EDGE('',*,*,#783,.F.);
#1379 = ADVANCED_FACE('',(#1380),#499,.F.);
#1380 = FACE_BOUND('',#1381,.F.);
#1381 = EDGE_LOOP('',(#1382,#1405,#1406,#1407));
#1382 = ORIENTED_EDGE('',*,*,#1383,.T.);
#1383 = EDGE_CURVE('',#1384,#458,#1386,.T.);
#1384 = VERTEX_POINT('',#1385);
#1385 = CARTESIAN_POINT('',(-26.35,41.45,0.1));
#1386 = SURFACE_CURVE('',#1387,(#1391,#1398),.PCURVE_S1.);
#1387 = LINE('',#1388,#1389);
#1388 = CARTESIAN_POINT('',(-26.35,41.45,0.));
#1389 = VECTOR('',#1390,1.);
#1390 = DIRECTION('',(0.,0.,1.));
#1391 = PCURVE('',#499,#1392);
#1392 = DEFINITIONAL_REPRESENTATION('',(#1393),#1397);
#1393 = LINE('',#1394,#1395);
#1394 = CARTESIAN_POINT('',(3.95,0.));
#1395 = VECTOR('',#1396,1.);
#1396 = DIRECTION('',(0.,-1.));
#1397 = ( GEOMETRIC_REPRESENTATION_CONTEXT(2) 
PARAMETRIC_REPRESENTATION_CONTEXT() REPRESENTATION_CONTEXT('2D SPACE',''
  ) );
#1398 = PCURVE('',#1320,#1399);
#1399 = DEFINITIONAL_REPRESENTATION('',(#1400),#1404);
#1400 = LINE('',#1401,#1402);
#1401 = CARTESIAN_POINT('',(1.570796326795,0.));
#1402 = VECTOR('',#1403,1.);
#1403 = DIRECTION('',(0.,1.));
#1404 = ( GEOMETRIC_REPRESENTATION_CONTEXT(2) 
PARAMETRIC_REPRESENTATION_CONTEXT() REPRESENTATION_CONTEXT('2D SPACE',''
  ) );
#1405 = ORIENTED_EDGE('',*,*,#485,.T.);
#1406 = ORIENTED_EDGE('',*,*,#619,.F.);
#1407 = ORIENTED_EDGE('',*,*,#1408,.F.);
#1408 = EDGE_CURVE('',#1384,#591,#1409,.T.);
#1409 = SURFACE_CURVE('',#1410,(#1414,#1421),.PCURVE_S1.);
#1410 = LINE('',#1411,#1412);
#1411 = CARTESIAN_POINT('',(-26.35,41.45,0.1));
#1412 = VECTOR('',#1413,1.);
#1413 = DIRECTION('',(0.,-1.,0.));
#1414 = PCURVE('',#499,#1415);
#1415 = DEFINITIONAL_REPRESENTATION('',(#1416),#1420);
#1416 = LINE('',#1417,#1418);
#1417 = CARTESIAN_POINT('',(3.95,-0.1));
#1418 = VECTOR('',#1419,1.);
#1419 = DIRECTION('',(1.,0.));
#1420 = ( GEOMETRIC_REPRESENTATION_CONTEXT(2) 
PARAMETRIC_REPRESENTATION_CONTEXT() REPRESENTATION_CONTEXT('2D SPACE',''
  ) );
#1421 = PCURVE('',#1422,#1427);
#1422 = PLANE('',#1423);
#1423 = AXIS2_PLACEMENT_3D('',#1424,#1425,#1426);
#1424 = CARTESIAN_POINT('',(-26.3,41.45,5.E-02));
#1425 = DIRECTION('',(-0.707106781187,0.,-0.707106781187));
#1426 = DIRECTION('',(-0.,1.,0.));
#1427 = DEFINITIONAL_REPRESENTATION('',(#1428),#1432);
#1428 = LINE('',#1429,#1430);
#1429 = CARTESIAN_POINT('',(-0.,-7.071067811866E-02));
#1430 = VECTOR('',#1431,1.);
#1431 = DIRECTION('',(-1.,0.));
#1432 = ( GEOMETRIC_REPRESENTATION_CONTEXT(2) 
PARAMETRIC_REPRESENTATION_CONTEXT() REPRESENTATION_CONTEXT('2D SPACE',''
  ) );
#1433 = ADVANCED_FACE('',(#1434),#607,.T.);
#1434 = FACE_BOUND('',#1435,.F.);
#1435 = EDGE_LOOP('',(#1436,#1457,#1458,#1459));
#1436 = ORIENTED_EDGE('',*,*,#1437,.F.);
#1437 = EDGE_CURVE('',#591,#1438,#1440,.T.);
#1438 = VERTEX_POINT('',#1439);
#1439 = CARTESIAN_POINT('',(-26.32071067811,-41.45,7.071067811865E-02));
#1440 = SURFACE_CURVE('',#1441,(#1445,#1451),.PCURVE_S1.);
#1441 = LINE('',#1442,#1443);
#1442 = CARTESIAN_POINT('',(-26.3,-41.45,5.E-02));
#1443 = VECTOR('',#1444,1.);
#1444 = DIRECTION('',(0.707106781187,0.,-0.707106781187));
#1445 = PCURVE('',#607,#1446);
#1446 = DEFINITIONAL_REPRESENTATION('',(#1447),#1450);
#1447 = B_SPLINE_CURVE_WITH_KNOTS('',1,(#1448,#1449),.UNSPECIFIED.,.F.,
  .F.,(2,2),(-7.071067811866E-02,7.071067811865E-02),
  .PIECEWISE_BEZIER_KNOTS.);
#1448 = CARTESIAN_POINT('',(0.,0.));
#1449 = CARTESIAN_POINT('',(0.,-0.1));
#1450 = ( GEOMETRIC_REPRESENTATION_CONTEXT(2) 
PARAMETRIC_REPRESENTATION_CONTEXT() REPRESENTATION_CONTEXT('2D SPACE',''
  ) );
#1451 = PCURVE('',#1422,#1452);
#1452 = DEFINITIONAL_REPRESENTATION('',(#1453),#1456);
#1453 = B_SPLINE_CURVE_WITH_KNOTS('',1,(#1454,#1455),.UNSPECIFIED.,.F.,
  .F.,(2,2),(-7.071067811866E-02,7.071067811865E-02),
  .PIECEWISE_BEZIER_KNOTS.);
#1454 = CARTESIAN_POINT('',(-82.9,-7.071067811866E-02));
#1455 = CARTESIAN_POINT('',(-82.9,7.071067811865E-02));
#1456 = ( GEOMETRIC_REPRESENTATION_CONTEXT(2) 
PARAMETRIC_REPRESENTATION_CONTEXT() REPRESENTATION_CONTEXT('2D SPACE',''
  ) );
#1457 = ORIENTED_EDGE('',*,*,#590,.T.);
#1458 = ORIENTED_EDGE('',*,*,#1071,.T.);
#1459 = ORIENTED_EDGE('',*,*,#1460,.F.);
#1460 = EDGE_CURVE('',#1438,#1072,#1461,.T.);
#1461 = SURFACE_CURVE('',#1462,(#1467,#1474),.PCURVE_S1.);
#1462 = CIRCLE('',#1463,3.920710678119);
#1463 = AXIS2_PLACEMENT_3D('',#1464,#1465,#1466);
#1464 = CARTESIAN_POINT('',(-22.4,-41.45,7.071067811865E-02));
#1465 = DIRECTION('',(0.,0.,1.));
#1466 = DIRECTION('',(-1.,0.,0.));
#1467 = PCURVE('',#607,#1468);
#1468 = DEFINITIONAL_REPRESENTATION('',(#1469),#1473);
#1469 = LINE('',#1470,#1471);
#1470 = CARTESIAN_POINT('',(0.,-2.928932188134E-02));
#1471 = VECTOR('',#1472,1.);
#1472 = DIRECTION('',(1.,-0.));
#1473 = ( GEOMETRIC_REPRESENTATION_CONTEXT(2) 
PARAMETRIC_REPRESENTATION_CONTEXT() REPRESENTATION_CONTEXT('2D SPACE',''
  ) );
#1474 = PCURVE('',#1475,#1480);
#1475 = CONICAL_SURFACE('',#1476,3.75,1.178097245096);
#1476 = AXIS2_PLACEMENT_3D('',#1477,#1478,#1479);
#1477 = CARTESIAN_POINT('',(-22.4,-41.45,0.));
#1478 = DIRECTION('',(0.,0.,1.));
#1479 = DIRECTION('',(-1.,0.,0.));
#1480 = DEFINITIONAL_REPRESENTATION('',(#1481),#1485);
#1481 = LINE('',#1482,#1483);
#1482 = CARTESIAN_POINT('',(-0.,7.071067811865E-02));
#1483 = VECTOR('',#1484,1.);
#1484 = DIRECTION('',(1.,-0.));
#1485 = ( GEOMETRIC_REPRESENTATION_CONTEXT(2) 
PARAMETRIC_REPRESENTATION_CONTEXT() REPRESENTATION_CONTEXT('2D SPACE',''
  ) );
#1486 = ADVANCED_FACE('',(#1487),#685,.T.);
#1487 = FACE_BOUND('',#1488,.T.);
#1488 = EDGE_LOOP('',(#1489,#1490,#1491,#1510));
#1489 = ORIENTED_EDGE('',*,*,#1048,.F.);
#1490 = ORIENTED_EDGE('',*,*,#1253,.T.);
#1491 = ORIENTED_EDGE('',*,*,#1492,.T.);
#1492 = EDGE_CURVE('',#1228,#670,#1493,.T.);
#1493 = SURFACE_CURVE('',#1494,(#1498,#1504),.PCURVE_S1.);
#1494 = LINE('',#1495,#1496);
#1495 = CARTESIAN_POINT('',(26.235355339059,41.45,1.764644660941));
#1496 = VECTOR('',#1497,1.);
#1497 = DIRECTION('',(-0.923879532511,-0.,0.382683432365));
#1498 = PCURVE('',#685,#1499);
#1499 = DEFINITIONAL_REPRESENTATION('',(#1500),#1503);
#1500 = B_SPLINE_CURVE_WITH_KNOTS('',1,(#1501,#1502),.UNSPECIFIED.,.F.,
  .F.,(2,2),(-9.238795325113E-02,9.238795325112E-02),
  .PIECEWISE_BEZIER_KNOTS.);
#1501 = CARTESIAN_POINT('',(82.9,-9.238795325113E-02));
#1502 = CARTESIAN_POINT('',(82.9,9.238795325112E-02));
#1503 = ( GEOMETRIC_REPRESENTATION_CONTEXT(2) 
PARAMETRIC_REPRESENTATION_CONTEXT() REPRESENTATION_CONTEXT('2D SPACE',''
  ) );
#1504 = PCURVE('',#714,#1505);
#1505 = DEFINITIONAL_REPRESENTATION('',(#1506),#1509);
#1506 = B_SPLINE_CURVE_WITH_KNOTS('',1,(#1507,#1508),.UNSPECIFIED.,.F.,
  .F.,(2,2),(-9.238795325113E-02,9.238795325112E-02),
  .PIECEWISE_BEZIER_KNOTS.);
#1507 = CARTESIAN_POINT('',(0.,7.071067811865E-02));
#1508 = CARTESIAN_POINT('',(0.,4.354855566982E-16));
#1509 = ( GEOMETRIC_REPRESENTATION_CONTEXT(2) 
PARAMETRIC_REPRESENTATION_CONTEXT() REPRESENTATION_CONTEXT('2D SPACE',''
  ) );
#1510 = ORIENTED_EDGE('',*,*,#669,.F.);
#1511 = ADVANCED_FACE('',(#1512),#771,.T.);
#1512 = FACE_BOUND('',#1513,.T.);
#1513 = EDGE_LOOP('',(#1514,#1533,#1534,#1535));
#1514 = ORIENTED_EDGE('',*,*,#1515,.F.);
#1515 = EDGE_CURVE('',#1280,#727,#1516,.T.);
#1516 = SURFACE_CURVE('',#1517,(#1521,#1527),.PCURVE_S1.);
#1517 = LINE('',#1518,#1519);
#1518 = CARTESIAN_POINT('',(-22.4,45.285355339059,1.764644660941));
#1519 = VECTOR('',#1520,1.);
#1520 = DIRECTION('',(0.,-0.923879532511,0.382683432365));
#1521 = PCURVE('',#771,#1522);
#1522 = DEFINITIONAL_REPRESENTATION('',(#1523),#1526);
#1523 = B_SPLINE_CURVE_WITH_KNOTS('',1,(#1524,#1525),.UNSPECIFIED.,.F.,
  .F.,(2,2),(-9.238795325114E-02,9.238795325113E-02),
  .PIECEWISE_BEZIER_KNOTS.);
#1524 = CARTESIAN_POINT('',(0.,7.071067811865E-02));
#1525 = CARTESIAN_POINT('',(0.,-3.643208437743E-15));
#1526 = ( GEOMETRIC_REPRESENTATION_CONTEXT(2) 
PARAMETRIC_REPRESENTATION_CONTEXT() REPRESENTATION_CONTEXT('2D SPACE',''
  ) );
#1527 = PCURVE('',#742,#1528);
#1528 = DEFINITIONAL_REPRESENTATION('',(#1529),#1532);
#1529 = B_SPLINE_CURVE_WITH_KNOTS('',1,(#1530,#1531),.UNSPECIFIED.,.F.,
  .F.,(2,2),(-9.238795325114E-02,9.238795325113E-02),
  .PIECEWISE_BEZIER_KNOTS.);
#1530 = CARTESIAN_POINT('',(44.8,-9.238795325114E-02));
#1531 = CARTESIAN_POINT('',(44.8,9.238795325113E-02));
#1532 = ( GEOMETRIC_REPRESENTATION_CONTEXT(2) 
PARAMETRIC_REPRESENTATION_CONTEXT() REPRESENTATION_CONTEXT('2D SPACE',''
  ) );
#1533 = ORIENTED_EDGE('',*,*,#1333,.T.);
#1534 = ORIENTED_EDGE('',*,*,#1358,.T.);
#1535 = ORIENTED_EDGE('',*,*,#754,.F.);
#1536 = ADVANCED_FACE('',(#1537),#714,.T.);
#1537 = FACE_BOUND('',#1538,.T.);
#1538 = EDGE_LOOP('',(#1539,#1540,#1564,#1583));
#1539 = ORIENTED_EDGE('',*,*,#1492,.F.);
#1540 = ORIENTED_EDGE('',*,*,#1541,.T.);
#1541 = EDGE_CURVE('',#1228,#1542,#1544,.T.);
#1542 = VERTEX_POINT('',#1543);
#1543 = CARTESIAN_POINT('',(22.4,45.370710678119,1.729289321881));
#1544 = SURFACE_CURVE('',#1545,(#1550,#1557),.PCURVE_S1.);
#1545 = CIRCLE('',#1546,3.920710678119);
#1546 = AXIS2_PLACEMENT_3D('',#1547,#1548,#1549);
#1547 = CARTESIAN_POINT('',(22.4,41.45,1.729289321881));
#1548 = DIRECTION('',(0.,0.,1.));
#1549 = DIRECTION('',(1.,0.,-0.));
#1550 = PCURVE('',#714,#1551);
#1551 = DEFINITIONAL_REPRESENTATION('',(#1552),#1556);
#1552 = LINE('',#1553,#1554);
#1553 = CARTESIAN_POINT('',(0.,7.071067811865E-02));
#1554 = VECTOR('',#1555,1.);
#1555 = DIRECTION('',(-1.,-0.));
#1556 = ( GEOMETRIC_REPRESENTATION_CONTEXT(2) 
PARAMETRIC_REPRESENTATION_CONTEXT() REPRESENTATION_CONTEXT('2D SPACE',''
  ) );
#1557 = PCURVE('',#1242,#1558);
#1558 = DEFINITIONAL_REPRESENTATION('',(#1559),#1563);
#1559 = LINE('',#1560,#1561);
#1560 = CARTESIAN_POINT('',(-0.,-2.928932188134E-02));
#1561 = VECTOR('',#1562,1.);
#1562 = DIRECTION('',(-1.,-0.));
#1563 = ( GEOMETRIC_REPRESENTATION_CONTEXT(2) 
PARAMETRIC_REPRESENTATION_CONTEXT() REPRESENTATION_CONTEXT('2D SPACE',''
  ) );
#1564 = ORIENTED_EDGE('',*,*,#1565,.T.);
#1565 = EDGE_CURVE('',#1542,#698,#1566,.T.);
#1566 = SURFACE_CURVE('',#1567,(#1571,#1577),.PCURVE_S1.);
#1567 = LINE('',#1568,#1569);
#1568 = CARTESIAN_POINT('',(22.4,45.2,1.8));
#1569 = VECTOR('',#1570,1.);
#1570 = DIRECTION('',(-5.657130561439E-17,-0.923879532511,0.382683432365
    ));
#1571 = PCURVE('',#714,#1572);
#1572 = DEFINITIONAL_REPRESENTATION('',(#1573),#1576);
#1573 = B_SPLINE_CURVE_WITH_KNOTS('',1,(#1574,#1575),.UNSPECIFIED.,.F.,
  .F.,(2,2),(-0.184775906502,0.),.PIECEWISE_BEZIER_KNOTS.);
#1574 = CARTESIAN_POINT('',(-1.570796326795,7.071067811865E-02));
#1575 = CARTESIAN_POINT('',(-1.570796326795,0.));
#1576 = ( GEOMETRIC_REPRESENTATION_CONTEXT(2) 
PARAMETRIC_REPRESENTATION_CONTEXT() REPRESENTATION_CONTEXT('2D SPACE',''
  ) );
#1577 = PCURVE('',#742,#1578);
#1578 = DEFINITIONAL_REPRESENTATION('',(#1579),#1582);
#1579 = B_SPLINE_CURVE_WITH_KNOTS('',1,(#1580,#1581),.UNSPECIFIED.,.F.,
  .F.,(2,2),(-0.184775906502,0.),.PIECEWISE_BEZIER_KNOTS.);
#1580 = CARTESIAN_POINT('',(0.,-9.238795325114E-02));
#1581 = CARTESIAN_POINT('',(0.,9.238795325112E-02));
#1582 = ( GEOMETRIC_REPRESENTATION_CONTEXT(2) 
PARAMETRIC_REPRESENTATION_CONTEXT() REPRESENTATION_CONTEXT('2D SPACE',''
  ) );
#1583 = ORIENTED_EDGE('',*,*,#697,.F.);
#1584 = ADVANCED_FACE('',(#1585),#742,.T.);
#1585 = FACE_BOUND('',#1586,.T.);
#1586 = EDGE_LOOP('',(#1587,#1588,#1609,#1610));
#1587 = ORIENTED_EDGE('',*,*,#1565,.F.);
#1588 = ORIENTED_EDGE('',*,*,#1589,.T.);
#1589 = EDGE_CURVE('',#1542,#1280,#1590,.T.);
#1590 = SURFACE_CURVE('',#1591,(#1595,#1602),.PCURVE_S1.);
#1591 = LINE('',#1592,#1593);
#1592 = CARTESIAN_POINT('',(22.4,45.370710678119,1.729289321881));
#1593 = VECTOR('',#1594,1.);
#1594 = DIRECTION('',(-1.,0.,0.));
#1595 = PCURVE('',#742,#1596);
#1596 = DEFINITIONAL_REPRESENTATION('',(#1597),#1601);
#1597 = LINE('',#1598,#1599);
#1598 = CARTESIAN_POINT('',(0.,-9.238795325114E-02));
#1599 = VECTOR('',#1600,1.);
#1600 = DIRECTION('',(1.,0.));
#1601 = ( GEOMETRIC_REPRESENTATION_CONTEXT(2) 
PARAMETRIC_REPRESENTATION_CONTEXT() REPRESENTATION_CONTEXT('2D SPACE',''
  ) );
#1602 = PCURVE('',#1294,#1603);
#1603 = DEFINITIONAL_REPRESENTATION('',(#1604),#1608);
#1604 = LINE('',#1605,#1606);
#1605 = CARTESIAN_POINT('',(-0.,-2.928932188135E-02));
#1606 = VECTOR('',#1607,1.);
#1607 = DIRECTION('',(-1.,0.));
#1608 = ( GEOMETRIC_REPRESENTATION_CONTEXT(2) 
PARAMETRIC_REPRESENTATION_CONTEXT() REPRESENTATION_CONTEXT('2D SPACE',''
  ) );
#1609 = ORIENTED_EDGE('',*,*,#1515,.T.);
#1610 = ORIENTED_EDGE('',*,*,#726,.F.);
#1611 = ADVANCED_FACE('',(#1612),#830,.F.);
#1612 = FACE_BOUND('',#1613,.F.);
#1613 = EDGE_LOOP('',(#1614,#1641,#1642,#1669));
#1614 = ORIENTED_EDGE('',*,*,#1615,.F.);
#1615 = EDGE_CURVE('',#808,#1616,#1618,.T.);
#1616 = VERTEX_POINT('',#1617);
#1617 = CARTESIAN_POINT('',(-21.29017310865,-44.42928932188,
    1.729289321881));
#1618 = SURFACE_CURVE('',#1619,(#1624,#1634),.PCURVE_S1.);
#1619 = PARABOLA('',#1620,9.238795325117E-02);
#1620 = AXIS2_PLACEMENT_3D('',#1621,#1622,#1623);
#1621 = CARTESIAN_POINT('',(-22.4,-41.35,0.453805922287));
#1622 = DIRECTION('',(0.,-0.382683432365,-0.923879532511));
#1623 = DIRECTION('',(0.,-0.923879532511,0.382683432365));
#1624 = PCURVE('',#830,#1625);
#1625 = DEFINITIONAL_REPRESENTATION('',(#1626),#1633);
#1626 = B_SPLINE_CURVE_WITH_KNOTS('',5,(#1627,#1628,#1629,#1630,#1631,
    #1632),.UNSPECIFIED.,.F.,.F.,(6,6),(-1.140175425099,-1.109826891345)
  ,.PIECEWISE_BEZIER_KNOTS.);
#1627 = CARTESIAN_POINT('',(-5.357654466899E-03,-5.52775433712E-13));
#1628 = CARTESIAN_POINT('',(-3.545801705459E-03,-1.433288790803E-02));
#1629 = CARTESIAN_POINT('',(-1.710555322653E-03,-2.857039967361E-02));
#1630 = CARTESIAN_POINT('',(1.486825908543E-04,-4.271253529734E-02));
#1631 = CARTESIAN_POINT('',(2.032540118855E-03,-5.675929477917E-02));
#1632 = CARTESIAN_POINT('',(3.941679595105E-03,-7.071067811912E-02));
#1633 = ( GEOMETRIC_REPRESENTATION_CONTEXT(2) 
PARAMETRIC_REPRESENTATION_CONTEXT() REPRESENTATION_CONTEXT('2D SPACE',''
  ) );
#1634 = PCURVE('',#1031,#1635);
#1635 = DEFINITIONAL_REPRESENTATION('',(#1636),#1640);
#1636 = B_SPLINE_CURVE_WITH_KNOTS('',2,(#1637,#1638,#1639),
  .UNSPECIFIED.,.F.,.F.,(3,3),(-1.140175425099,-1.109826891345),
  .PIECEWISE_BEZIER_KNOTS.);
#1637 = CARTESIAN_POINT('',(42.537327358869,-9.238795324962E-02));
#1638 = CARTESIAN_POINT('',(42.552501625746,1.246149348546E-03));
#1639 = CARTESIAN_POINT('',(42.567675892623,9.238795325242E-02));
#1640 = ( GEOMETRIC_REPRESENTATION_CONTEXT(2) 
PARAMETRIC_REPRESENTATION_CONTEXT() REPRESENTATION_CONTEXT('2D SPACE',''
  ) );
#1641 = ORIENTED_EDGE('',*,*,#807,.T.);
#1642 = ORIENTED_EDGE('',*,*,#1643,.T.);
#1643 = EDGE_CURVE('',#810,#1644,#1646,.T.);
#1644 = VERTEX_POINT('',#1645);
#1645 = CARTESIAN_POINT('',(-25.37928932188,-40.34017310865,
    1.729289321881));
#1646 = SURFACE_CURVE('',#1647,(#1652,#1662),.PCURVE_S1.);
#1647 = PARABOLA('',#1648,9.238795325114E-02);
#1648 = AXIS2_PLACEMENT_3D('',#1649,#1650,#1651);
#1649 = CARTESIAN_POINT('',(-22.3,-41.45,0.453805922287));
#1650 = DIRECTION('',(0.382683432365,8.675097932626E-19,0.923879532511)
  );
#1651 = DIRECTION('',(-0.923879532511,-2.094353908386E-18,0.382683432365
    ));
#1652 = PCURVE('',#830,#1653);
#1653 = DEFINITIONAL_REPRESENTATION('',(#1654),#1661);
#1654 = B_SPLINE_CURVE_WITH_KNOTS('',5,(#1655,#1656,#1657,#1658,#1659,
    #1660),.UNSPECIFIED.,.F.,.F.,(6,6),(-1.140175425099,-1.109826891345)
  ,.PIECEWISE_BEZIER_KNOTS.);
#1655 = CARTESIAN_POINT('',(-2.270734027591,-1.089816467927E-13));
#1656 = CARTESIAN_POINT('',(-2.272545880352,-1.433288790761E-02));
#1657 = CARTESIAN_POINT('',(-2.274381126735,-2.857039967322E-02));
#1658 = CARTESIAN_POINT('',(-2.276240364649,-4.271253529696E-02));
#1659 = CARTESIAN_POINT('',(-2.278124222176,-5.675929477881E-02));
#1660 = CARTESIAN_POINT('',(-2.280033361653,-7.071067811879E-02));
#1661 = ( GEOMETRIC_REPRESENTATION_CONTEXT(2) 
PARAMETRIC_REPRESENTATION_CONTEXT() REPRESENTATION_CONTEXT('2D SPACE',''
  ) );
#1662 = PCURVE('',#858,#1663);
#1663 = DEFINITIONAL_REPRESENTATION('',(#1664),#1668);
#1664 = B_SPLINE_CURVE_WITH_KNOTS('',2,(#1665,#1666,#1667),
  .UNSPECIFIED.,.F.,.F.,(3,3),(-1.140175425099,-1.109826891345),
  .PIECEWISE_BEZIER_KNOTS.);
#1665 = CARTESIAN_POINT('',(1.767820906723E-02,-9.238795325083E-02));
#1666 = CARTESIAN_POINT('',(2.50394219016E-03,1.246149347478E-03));
#1667 = CARTESIAN_POINT('',(-1.267032468691E-02,9.238795325149E-02));
#1668 = ( GEOMETRIC_REPRESENTATION_CONTEXT(2) 
PARAMETRIC_REPRESENTATION_CONTEXT() REPRESENTATION_CONTEXT('2D SPACE',''
  ) );
#1669 = ORIENTED_EDGE('',*,*,#1670,.F.);
#1670 = EDGE_CURVE('',#1616,#1644,#1671,.T.);
#1671 = SURFACE_CURVE('',#1672,(#1677,#1684),.PCURVE_S1.);
#1672 = CIRCLE('',#1673,3.179289321881);
#1673 = AXIS2_PLACEMENT_3D('',#1674,#1675,#1676);
#1674 = CARTESIAN_POINT('',(-22.4,-41.45,1.729289321881));
#1675 = DIRECTION('',(0.,-0.,-1.));
#1676 = DIRECTION('',(0.345383758779,-0.938461538462,0.));
#1677 = PCURVE('',#830,#1678);
#1678 = DEFINITIONAL_REPRESENTATION('',(#1679),#1683);
#1679 = LINE('',#1680,#1681);
#1680 = CARTESIAN_POINT('',(-0.,-7.071067811865E-02));
#1681 = VECTOR('',#1682,1.);
#1682 = DIRECTION('',(-1.,-0.));
#1683 = ( GEOMETRIC_REPRESENTATION_CONTEXT(2) 
PARAMETRIC_REPRESENTATION_CONTEXT() REPRESENTATION_CONTEXT('2D SPACE',''
  ) );
#1684 = PCURVE('',#1685,#1690);
#1685 = CONICAL_SURFACE('',#1686,3.15,0.785398163397);
#1686 = AXIS2_PLACEMENT_3D('',#1687,#1688,#1689);
#1687 = CARTESIAN_POINT('',(-22.4,-41.45,1.7));
#1688 = DIRECTION('',(0.,0.,1.));
#1689 = DIRECTION('',(1.,-2.114710523096E-16,0.));
#1690 = DEFINITIONAL_REPRESENTATION('',(#1691),#1695);
#1691 = LINE('',#1692,#1693);
#1692 = CARTESIAN_POINT('',(-1.218148649163,2.928932188135E-02));
#1693 = VECTOR('',#1694,1.);
#1694 = DIRECTION('',(-1.,0.));
#1695 = ( GEOMETRIC_REPRESENTATION_CONTEXT(2) 
PARAMETRIC_REPRESENTATION_CONTEXT() REPRESENTATION_CONTEXT('2D SPACE',''
  ) );
#1696 = ADVANCED_FACE('',(#1697),#1031,.F.);
#1697 = FACE_BOUND('',#1698,.F.);
#1698 = EDGE_LOOP('',(#1699,#1726,#1727,#1728));
#1699 = ORIENTED_EDGE('',*,*,#1700,.F.);
#1700 = EDGE_CURVE('',#989,#1701,#1703,.T.);
#1701 = VERTEX_POINT('',#1702);
#1702 = CARTESIAN_POINT('',(21.290173108655,-44.42928932188,
    1.729289321881));
#1703 = SURFACE_CURVE('',#1704,(#1709,#1716),.PCURVE_S1.);
#1704 = PARABOLA('',#1705,9.238795325117E-02);
#1705 = AXIS2_PLACEMENT_3D('',#1706,#1707,#1708);
#1706 = CARTESIAN_POINT('',(22.4,-41.35,0.453805922287));
#1707 = DIRECTION('',(-0.,0.382683432365,0.923879532511));
#1708 = DIRECTION('',(0.,-0.923879532511,0.382683432365));
#1709 = PCURVE('',#1031,#1710);
#1710 = DEFINITIONAL_REPRESENTATION('',(#1711),#1715);
#1711 = B_SPLINE_CURVE_WITH_KNOTS('',2,(#1712,#1713,#1714),
  .UNSPECIFIED.,.F.,.F.,(3,3),(-1.140175425099,-1.109826891345),
  .PIECEWISE_BEZIER_KNOTS.);
#1712 = CARTESIAN_POINT('',(1.767820906694E-02,-9.238795324754E-02));
#1713 = CARTESIAN_POINT('',(2.503942189836E-03,1.246149350943E-03));
#1714 = CARTESIAN_POINT('',(-1.267032468727E-02,9.238795325512E-02));
#1715 = ( GEOMETRIC_REPRESENTATION_CONTEXT(2) 
PARAMETRIC_REPRESENTATION_CONTEXT() REPRESENTATION_CONTEXT('2D SPACE',''
  ) );
#1716 = PCURVE('',#1005,#1717);
#1717 = DEFINITIONAL_REPRESENTATION('',(#1718),#1725);
#1718 = B_SPLINE_CURVE_WITH_KNOTS('',5,(#1719,#1720,#1721,#1722,#1723,
    #1724),.UNSPECIFIED.,.F.,.F.,(6,6),(-1.140175425099,-1.109826891345)
  ,.PIECEWISE_BEZIER_KNOTS.);
#1719 = CARTESIAN_POINT('',(5.357654466777E-03,-1.377765080879E-12));
#1720 = CARTESIAN_POINT('',(3.54580170533E-03,-1.43328879089E-02));
#1721 = CARTESIAN_POINT('',(1.710555322553E-03,-2.857039967435E-02));
#1722 = CARTESIAN_POINT('',(-1.486825910391E-04,-4.271253529837E-02));
#1723 = CARTESIAN_POINT('',(-2.032540119004E-03,-5.675929478015E-02));
#1724 = CARTESIAN_POINT('',(-3.941679595262E-03,-7.071067812015E-02));
#1725 = ( GEOMETRIC_REPRESENTATION_CONTEXT(2) 
PARAMETRIC_REPRESENTATION_CONTEXT() REPRESENTATION_CONTEXT('2D SPACE',''
  ) );
#1726 = ORIENTED_EDGE('',*,*,#1017,.T.);
#1727 = ORIENTED_EDGE('',*,*,#1615,.T.);
#1728 = ORIENTED_EDGE('',*,*,#1729,.F.);
#1729 = EDGE_CURVE('',#1701,#1616,#1730,.T.);
#1730 = SURFACE_CURVE('',#1731,(#1735,#1742),.PCURVE_S1.);
#1731 = LINE('',#1732,#1733);
#1732 = CARTESIAN_POINT('',(21.277502783968,-44.42928932188,
    1.729289321881));
#1733 = VECTOR('',#1734,1.);
#1734 = DIRECTION('',(-1.,6.123233995737E-17,-6.123233995737E-17));
#1735 = PCURVE('',#1031,#1736);
#1736 = DEFINITIONAL_REPRESENTATION('',(#1737),#1741);
#1737 = LINE('',#1738,#1739);
#1738 = CARTESIAN_POINT('',(0.,9.238795325113E-02));
#1739 = VECTOR('',#1740,1.);
#1740 = DIRECTION('',(1.,0.));
#1741 = ( GEOMETRIC_REPRESENTATION_CONTEXT(2) 
PARAMETRIC_REPRESENTATION_CONTEXT() REPRESENTATION_CONTEXT('2D SPACE',''
  ) );
#1742 = PCURVE('',#1743,#1748);
#1743 = PLANE('',#1744);
#1744 = AXIS2_PLACEMENT_3D('',#1745,#1746,#1747);
#1745 = CARTESIAN_POINT('',(0.,-44.4,1.7));
#1746 = DIRECTION('',(-0.,-0.707106781187,-0.707106781187));
#1747 = DIRECTION('',(-8.659560562355E-17,-0.707106781187,0.707106781187
    ));
#1748 = DEFINITIONAL_REPRESENTATION('',(#1749),#1753);
#1749 = LINE('',#1750,#1751);
#1750 = CARTESIAN_POINT('',(4.142135623729E-02,-21.27750278396));
#1751 = VECTOR('',#1752,1.);
#1752 = DIRECTION('',(6.162975822039E-33,1.));
#1753 = ( GEOMETRIC_REPRESENTATION_CONTEXT(2) 
PARAMETRIC_REPRESENTATION_CONTEXT() REPRESENTATION_CONTEXT('2D SPACE',''
  ) );
#1754 = ADVANCED_FACE('',(#1755),#858,.F.);
#1755 = FACE_BOUND('',#1756,.F.);
#1756 = EDGE_LOOP('',(#1757,#1758,#1759,#1786));
#1757 = ORIENTED_EDGE('',*,*,#1643,.F.);
#1758 = ORIENTED_EDGE('',*,*,#842,.T.);
#1759 = ORIENTED_EDGE('',*,*,#1760,.T.);
#1760 = EDGE_CURVE('',#843,#1761,#1763,.T.);
#1761 = VERTEX_POINT('',#1762);
#1762 = CARTESIAN_POINT('',(-25.37928932188,40.340173108655,
    1.729289321881));
#1763 = SURFACE_CURVE('',#1764,(#1769,#1776),.PCURVE_S1.);
#1764 = PARABOLA('',#1765,9.238795325114E-02);
#1765 = AXIS2_PLACEMENT_3D('',#1766,#1767,#1768);
#1766 = CARTESIAN_POINT('',(-22.3,41.45,0.453805922287));
#1767 = DIRECTION('',(-0.382683432365,-8.675097932626E-19,
    -0.923879532511));
#1768 = DIRECTION('',(-0.923879532511,-2.094353908386E-18,0.382683432365
    ));
#1769 = PCURVE('',#858,#1770);
#1770 = DEFINITIONAL_REPRESENTATION('',(#1771),#1775);
#1771 = B_SPLINE_CURVE_WITH_KNOTS('',2,(#1772,#1773,#1774),
  .UNSPECIFIED.,.F.,.F.,(3,3),(-1.140175425099,-1.109826891345),
  .PIECEWISE_BEZIER_KNOTS.);
#1772 = CARTESIAN_POINT('',(80.637327358869,-9.238795325078E-02));
#1773 = CARTESIAN_POINT('',(80.652501625746,1.246149347506E-03));
#1774 = CARTESIAN_POINT('',(80.667675892623,9.238795325149E-02));
#1775 = ( GEOMETRIC_REPRESENTATION_CONTEXT(2) 
PARAMETRIC_REPRESENTATION_CONTEXT() REPRESENTATION_CONTEXT('2D SPACE',''
  ) );
#1776 = PCURVE('',#891,#1777);
#1777 = DEFINITIONAL_REPRESENTATION('',(#1778),#1785);
#1778 = B_SPLINE_CURVE_WITH_KNOTS('',5,(#1779,#1780,#1781,#1782,#1783,
    #1784),.UNSPECIFIED.,.F.,.F.,(6,6),(-1.140175425099,-1.109826891345)
  ,.PIECEWISE_BEZIER_KNOTS.);
#1779 = CARTESIAN_POINT('',(-5.357654467011E-03,-1.346699566805E-13));
#1780 = CARTESIAN_POINT('',(-3.54580170557E-03,-1.433288790763E-02));
#1781 = CARTESIAN_POINT('',(-1.710555322752E-03,-2.857039967322E-02));
#1782 = CARTESIAN_POINT('',(1.486825907548E-04,-4.271253529698E-02));
#1783 = CARTESIAN_POINT('',(2.032540118746E-03,-5.675929477882E-02));
#1784 = CARTESIAN_POINT('',(3.941679594996E-03,-7.071067811879E-02));
#1785 = ( GEOMETRIC_REPRESENTATION_CONTEXT(2) 
PARAMETRIC_REPRESENTATION_CONTEXT() REPRESENTATION_CONTEXT('2D SPACE',''
  ) );
#1786 = ORIENTED_EDGE('',*,*,#1787,.F.);
#1787 = EDGE_CURVE('',#1644,#1761,#1788,.T.);
#1788 = SURFACE_CURVE('',#1789,(#1793,#1800),.PCURVE_S1.);
#1789 = LINE('',#1790,#1791);
#1790 = CARTESIAN_POINT('',(-25.37928932188,-40.32750278396,
    1.729289321881));
#1791 = VECTOR('',#1792,1.);
#1792 = DIRECTION('',(6.123233995737E-17,1.,-6.123233995737E-17));
#1793 = PCURVE('',#858,#1794);
#1794 = DEFINITIONAL_REPRESENTATION('',(#1795),#1799);
#1795 = LINE('',#1796,#1797);
#1796 = CARTESIAN_POINT('',(0.,9.238795325113E-02));
#1797 = VECTOR('',#1798,1.);
#1798 = DIRECTION('',(1.,0.));
#1799 = ( GEOMETRIC_REPRESENTATION_CONTEXT(2) 
PARAMETRIC_REPRESENTATION_CONTEXT() REPRESENTATION_CONTEXT('2D SPACE',''
  ) );
#1800 = PCURVE('',#1801,#1806);
#1801 = PLANE('',#1802);
#1802 = AXIS2_PLACEMENT_3D('',#1803,#1804,#1805);
#1803 = CARTESIAN_POINT('',(-25.35,0.,1.7));
#1804 = DIRECTION('',(-0.707106781187,0.,-0.707106781187));
#1805 = DIRECTION('',(-0.707106781187,8.659560562355E-17,0.707106781187)
  );
#1806 = DEFINITIONAL_REPRESENTATION('',(#1807),#1811);
#1807 = LINE('',#1808,#1809);
#1808 = CARTESIAN_POINT('',(4.14213562373E-02,-40.32750278396));
#1809 = VECTOR('',#1810,1.);
#1810 = DIRECTION('',(6.162975822039E-33,1.));
#1811 = ( GEOMETRIC_REPRESENTATION_CONTEXT(2) 
PARAMETRIC_REPRESENTATION_CONTEXT() REPRESENTATION_CONTEXT('2D SPACE',''
  ) );
#1812 = ADVANCED_FACE('',(#1813),#1005,.F.);
#1813 = FACE_BOUND('',#1814,.T.);
#1814 = EDGE_LOOP('',(#1815,#1816,#1817,#1844));
#1815 = ORIENTED_EDGE('',*,*,#1700,.F.);
#1816 = ORIENTED_EDGE('',*,*,#988,.T.);
#1817 = ORIENTED_EDGE('',*,*,#1818,.T.);
#1818 = EDGE_CURVE('',#961,#1819,#1821,.T.);
#1819 = VERTEX_POINT('',#1820);
#1820 = CARTESIAN_POINT('',(25.379289321881,-40.34017310865,
    1.729289321881));
#1821 = SURFACE_CURVE('',#1822,(#1827,#1837),.PCURVE_S1.);
#1822 = PARABOLA('',#1823,9.238795325114E-02);
#1823 = AXIS2_PLACEMENT_3D('',#1824,#1825,#1826);
#1824 = CARTESIAN_POINT('',(22.3,-41.45,0.453805922287));
#1825 = DIRECTION('',(0.382683432365,8.675097932626E-19,-0.923879532511)
  );
#1826 = DIRECTION('',(0.923879532511,2.094353908386E-18,0.382683432365)
  );
#1827 = PCURVE('',#1005,#1828);
#1828 = DEFINITIONAL_REPRESENTATION('',(#1829),#1836);
#1829 = B_SPLINE_CURVE_WITH_KNOTS('',5,(#1830,#1831,#1832,#1833,#1834,
    #1835),.UNSPECIFIED.,.F.,.F.,(6,6),(-1.140175425099,-1.109826891345)
  ,.PIECEWISE_BEZIER_KNOTS.);
#1830 = CARTESIAN_POINT('',(2.270734027591,-1.303814519072E-13));
#1831 = CARTESIAN_POINT('',(2.272545880352,-1.433288790762E-02));
#1832 = CARTESIAN_POINT('',(2.274381126735,-2.857039967324E-02));
#1833 = CARTESIAN_POINT('',(2.276240364648,-4.271253529698E-02));
#1834 = CARTESIAN_POINT('',(2.278124222176,-5.675929477882E-02));
#1835 = CARTESIAN_POINT('',(2.280033361653,-7.071067811879E-02));
#1836 = ( GEOMETRIC_REPRESENTATION_CONTEXT(2) 
PARAMETRIC_REPRESENTATION_CONTEXT() REPRESENTATION_CONTEXT('2D SPACE',''
  ) );
#1837 = PCURVE('',#976,#1838);
#1838 = DEFINITIONAL_REPRESENTATION('',(#1839),#1843);
#1839 = B_SPLINE_CURVE_WITH_KNOTS('',2,(#1840,#1841,#1842),
  .UNSPECIFIED.,.F.,.F.,(3,3),(-1.140175425099,-1.109826891345),
  .PIECEWISE_BEZIER_KNOTS.);
#1840 = CARTESIAN_POINT('',(80.637327358869,-9.238795325078E-02));
#1841 = CARTESIAN_POINT('',(80.652501625746,1.246149347506E-03));
#1842 = CARTESIAN_POINT('',(80.667675892623,9.238795325149E-02));
#1843 = ( GEOMETRIC_REPRESENTATION_CONTEXT(2) 
PARAMETRIC_REPRESENTATION_CONTEXT() REPRESENTATION_CONTEXT('2D SPACE',''
  ) );
#1844 = ORIENTED_EDGE('',*,*,#1845,.F.);
#1845 = EDGE_CURVE('',#1701,#1819,#1846,.T.);
#1846 = SURFACE_CURVE('',#1847,(#1852,#1859),.PCURVE_S1.);
#1847 = CIRCLE('',#1848,3.179289321881);
#1848 = AXIS2_PLACEMENT_3D('',#1849,#1850,#1851);
#1849 = CARTESIAN_POINT('',(22.4,-41.45,1.729289321881));
#1850 = DIRECTION('',(0.,0.,1.));
#1851 = DIRECTION('',(-0.345383758779,-0.938461538462,0.));
#1852 = PCURVE('',#1005,#1853);
#1853 = DEFINITIONAL_REPRESENTATION('',(#1854),#1858);
#1854 = LINE('',#1855,#1856);
#1855 = CARTESIAN_POINT('',(0.,-7.071067811865E-02));
#1856 = VECTOR('',#1857,1.);
#1857 = DIRECTION('',(1.,-0.));
#1858 = ( GEOMETRIC_REPRESENTATION_CONTEXT(2) 
PARAMETRIC_REPRESENTATION_CONTEXT() REPRESENTATION_CONTEXT('2D SPACE',''
  ) );
#1859 = PCURVE('',#1860,#1865);
#1860 = CONICAL_SURFACE('',#1861,3.15,0.785398163397);
#1861 = AXIS2_PLACEMENT_3D('',#1862,#1863,#1864);
#1862 = CARTESIAN_POINT('',(22.4,-41.45,1.7));
#1863 = DIRECTION('',(0.,0.,1.));
#1864 = DIRECTION('',(1.,-5.639228061588E-16,0.));
#1865 = DEFINITIONAL_REPRESENTATION('',(#1866),#1870);
#1866 = LINE('',#1867,#1868);
#1867 = CARTESIAN_POINT('',(-8.206629311606,2.928932188135E-02));
#1868 = VECTOR('',#1869,1.);
#1869 = DIRECTION('',(1.,-0.));
#1870 = ( GEOMETRIC_REPRESENTATION_CONTEXT(2) 
PARAMETRIC_REPRESENTATION_CONTEXT() REPRESENTATION_CONTEXT('2D SPACE',''
  ) );
#1871 = ADVANCED_FACE('',(#1872),#891,.F.);
#1872 = FACE_BOUND('',#1873,.F.);
#1873 = EDGE_LOOP('',(#1874,#1875,#1876,#1903));
#1874 = ORIENTED_EDGE('',*,*,#1760,.F.);
#1875 = ORIENTED_EDGE('',*,*,#870,.T.);
#1876 = ORIENTED_EDGE('',*,*,#1877,.T.);
#1877 = EDGE_CURVE('',#871,#1878,#1880,.T.);
#1878 = VERTEX_POINT('',#1879);
#1879 = CARTESIAN_POINT('',(-21.29017310865,44.429289321881,
    1.729289321881));
#1880 = SURFACE_CURVE('',#1881,(#1886,#1896),.PCURVE_S1.);
#1881 = PARABOLA('',#1882,9.238795325117E-02);
#1882 = AXIS2_PLACEMENT_3D('',#1883,#1884,#1885);
#1883 = CARTESIAN_POINT('',(-22.4,41.35,0.453805922287));
#1884 = DIRECTION('',(0.,-0.382683432365,0.923879532511));
#1885 = DIRECTION('',(0.,0.923879532511,0.382683432365));
#1886 = PCURVE('',#891,#1887);
#1887 = DEFINITIONAL_REPRESENTATION('',(#1888),#1895);
#1888 = B_SPLINE_CURVE_WITH_KNOTS('',5,(#1889,#1890,#1891,#1892,#1893,
    #1894),.UNSPECIFIED.,.F.,.F.,(6,6),(-1.140175425099,-1.109826891345)
  ,.PIECEWISE_BEZIER_KNOTS.);
#1889 = CARTESIAN_POINT('',(-2.270734027591,-2.763710615181E-13));
#1890 = CARTESIAN_POINT('',(-2.272545880352,-1.433288790761E-02));
#1891 = CARTESIAN_POINT('',(-2.274381126735,-2.857039967305E-02));
#1892 = CARTESIAN_POINT('',(-2.276240364649,-4.271253529665E-02));
#1893 = CARTESIAN_POINT('',(-2.278124222176,-5.675929477833E-02));
#1894 = CARTESIAN_POINT('',(-2.280033361653,-7.071067811815E-02));
#1895 = ( GEOMETRIC_REPRESENTATION_CONTEXT(2) 
PARAMETRIC_REPRESENTATION_CONTEXT() REPRESENTATION_CONTEXT('2D SPACE',''
  ) );
#1896 = PCURVE('',#919,#1897);
#1897 = DEFINITIONAL_REPRESENTATION('',(#1898),#1902);
#1898 = B_SPLINE_CURVE_WITH_KNOTS('',2,(#1899,#1900,#1901),
  .UNSPECIFIED.,.F.,.F.,(3,3),(-1.140175425099,-1.109826891345),
  .PIECEWISE_BEZIER_KNOTS.);
#1899 = CARTESIAN_POINT('',(1.767820906734E-02,-9.238795325033E-02));
#1900 = CARTESIAN_POINT('',(2.503942190444E-03,1.246149346902E-03));
#1901 = CARTESIAN_POINT('',(-1.267032468645E-02,9.238795324989E-02));
#1902 = ( GEOMETRIC_REPRESENTATION_CONTEXT(2) 
PARAMETRIC_REPRESENTATION_CONTEXT() REPRESENTATION_CONTEXT('2D SPACE',''
  ) );
#1903 = ORIENTED_EDGE('',*,*,#1904,.F.);
#1904 = EDGE_CURVE('',#1761,#1878,#1905,.T.);
#1905 = SURFACE_CURVE('',#1906,(#1911,#1918),.PCURVE_S1.);
#1906 = CIRCLE('',#1907,3.179289321881);
#1907 = AXIS2_PLACEMENT_3D('',#1908,#1909,#1910);
#1908 = CARTESIAN_POINT('',(-22.4,41.45,1.729289321881));
#1909 = DIRECTION('',(-0.,0.,-1.));
#1910 = DIRECTION('',(-0.938461538462,-0.345383758779,0.));
#1911 = PCURVE('',#891,#1912);
#1912 = DEFINITIONAL_REPRESENTATION('',(#1913),#1917);
#1913 = LINE('',#1914,#1915);
#1914 = CARTESIAN_POINT('',(-0.,-7.071067811865E-02));
#1915 = VECTOR('',#1916,1.);
#1916 = DIRECTION('',(-1.,-0.));
#1917 = ( GEOMETRIC_REPRESENTATION_CONTEXT(2) 
PARAMETRIC_REPRESENTATION_CONTEXT() REPRESENTATION_CONTEXT('2D SPACE',''
  ) );
#1918 = PCURVE('',#1919,#1924);
#1919 = CONICAL_SURFACE('',#1920,3.15,0.785398163397);
#1920 = AXIS2_PLACEMENT_3D('',#1921,#1922,#1923);
#1921 = CARTESIAN_POINT('',(-22.4,41.45,1.7));
#1922 = DIRECTION('',(0.,0.,1.));
#1923 = DIRECTION('',(1.,-2.114710523096E-16,0.));
#1924 = DEFINITIONAL_REPRESENTATION('',(#1925),#1929);
#1925 = LINE('',#1926,#1927);
#1926 = CARTESIAN_POINT('',(-2.788944975958,2.928932188135E-02));
#1927 = VECTOR('',#1928,1.);
#1928 = DIRECTION('',(-1.,0.));
#1929 = ( GEOMETRIC_REPRESENTATION_CONTEXT(2) 
PARAMETRIC_REPRESENTATION_CONTEXT() REPRESENTATION_CONTEXT('2D SPACE',''
  ) );
#1930 = ADVANCED_FACE('',(#1931),#976,.F.);
#1931 = FACE_BOUND('',#1932,.F.);
#1932 = EDGE_LOOP('',(#1933,#1960,#1961,#1962));
#1933 = ORIENTED_EDGE('',*,*,#1934,.F.);
#1934 = EDGE_CURVE('',#932,#1935,#1937,.T.);
#1935 = VERTEX_POINT('',#1936);
#1936 = CARTESIAN_POINT('',(25.379289321881,40.340173108655,
    1.729289321881));
#1937 = SURFACE_CURVE('',#1938,(#1943,#1950),.PCURVE_S1.);
#1938 = PARABOLA('',#1939,9.238795325114E-02);
#1939 = AXIS2_PLACEMENT_3D('',#1940,#1941,#1942);
#1940 = CARTESIAN_POINT('',(22.3,41.45,0.453805922287));
#1941 = DIRECTION('',(-0.382683432365,-8.675097932626E-19,0.923879532511
    ));
#1942 = DIRECTION('',(0.923879532511,2.094353908386E-18,0.382683432365)
  );
#1943 = PCURVE('',#976,#1944);
#1944 = DEFINITIONAL_REPRESENTATION('',(#1945),#1949);
#1945 = B_SPLINE_CURVE_WITH_KNOTS('',2,(#1946,#1947,#1948),
  .UNSPECIFIED.,.F.,.F.,(3,3),(-1.140175425099,-1.109826891345),
  .PIECEWISE_BEZIER_KNOTS.);
#1946 = CARTESIAN_POINT('',(1.767820906694E-02,-9.238795324858E-02));
#1947 = CARTESIAN_POINT('',(2.503942190039E-03,1.246149348689E-03));
#1948 = CARTESIAN_POINT('',(-1.267032468687E-02,9.238795325171E-02));
#1949 = ( GEOMETRIC_REPRESENTATION_CONTEXT(2) 
PARAMETRIC_REPRESENTATION_CONTEXT() REPRESENTATION_CONTEXT('2D SPACE',''
  ) );
#1950 = PCURVE('',#948,#1951);
#1951 = DEFINITIONAL_REPRESENTATION('',(#1952),#1959);
#1952 = B_SPLINE_CURVE_WITH_KNOTS('',5,(#1953,#1954,#1955,#1956,#1957,
    #1958),.UNSPECIFIED.,.F.,.F.,(6,6),(-1.140175425099,-1.109826891345)
  ,.PIECEWISE_BEZIER_KNOTS.);
#1953 = CARTESIAN_POINT('',(5.357654466873E-03,-1.006179138074E-12));
#1954 = CARTESIAN_POINT('',(3.54580170545E-03,-1.433288790834E-02));
#1955 = CARTESIAN_POINT('',(1.710555322667E-03,-2.857039967361E-02));
#1956 = CARTESIAN_POINT('',(-1.486825908401E-04,-4.271253529745E-02));
#1957 = CARTESIAN_POINT('',(-2.032540118805E-03,-5.675929477905E-02));
#1958 = CARTESIAN_POINT('',(-3.941679595036E-03,-7.071067811887E-02));
#1959 = ( GEOMETRIC_REPRESENTATION_CONTEXT(2) 
PARAMETRIC_REPRESENTATION_CONTEXT() REPRESENTATION_CONTEXT('2D SPACE',''
  ) );
#1960 = ORIENTED_EDGE('',*,*,#960,.T.);
#1961 = ORIENTED_EDGE('',*,*,#1818,.T.);
#1962 = ORIENTED_EDGE('',*,*,#1963,.F.);
#1963 = EDGE_CURVE('',#1935,#1819,#1964,.T.);
#1964 = SURFACE_CURVE('',#1965,(#1969,#1976),.PCURVE_S1.);
#1965 = LINE('',#1966,#1967);
#1966 = CARTESIAN_POINT('',(25.379289321881,40.327502783968,
    1.729289321881));
#1967 = VECTOR('',#1968,1.);
#1968 = DIRECTION('',(-6.123233995737E-17,-1.,-6.123233995737E-17));
#1969 = PCURVE('',#976,#1970);
#1970 = DEFINITIONAL_REPRESENTATION('',(#1971),#1975);
#1971 = LINE('',#1972,#1973);
#1972 = CARTESIAN_POINT('',(0.,9.238795325113E-02));
#1973 = VECTOR('',#1974,1.);
#1974 = DIRECTION('',(1.,0.));
#1975 = ( GEOMETRIC_REPRESENTATION_CONTEXT(2) 
PARAMETRIC_REPRESENTATION_CONTEXT() REPRESENTATION_CONTEXT('2D SPACE',''
  ) );
#1976 = PCURVE('',#1977,#1982);
#1977 = PLANE('',#1978);
#1978 = AXIS2_PLACEMENT_3D('',#1979,#1980,#1981);
#1979 = CARTESIAN_POINT('',(25.35,0.,1.7));
#1980 = DIRECTION('',(0.707106781187,0.,-0.707106781187));
#1981 = DIRECTION('',(0.707106781187,-8.659560562355E-17,0.707106781187)
  );
#1982 = DEFINITIONAL_REPRESENTATION('',(#1983),#1987);
#1983 = LINE('',#1984,#1985);
#1984 = CARTESIAN_POINT('',(4.14213562373E-02,-40.32750278396));
#1985 = VECTOR('',#1986,1.);
#1986 = DIRECTION('',(6.162975822039E-33,1.));
#1987 = ( GEOMETRIC_REPRESENTATION_CONTEXT(2) 
PARAMETRIC_REPRESENTATION_CONTEXT() REPRESENTATION_CONTEXT('2D SPACE',''
  ) );
#1988 = ADVANCED_FACE('',(#1989),#919,.F.);
#1989 = FACE_BOUND('',#1990,.F.);
#1990 = EDGE_LOOP('',(#1991,#1992,#1993,#2020));
#1991 = ORIENTED_EDGE('',*,*,#1877,.F.);
#1992 = ORIENTED_EDGE('',*,*,#903,.T.);
#1993 = ORIENTED_EDGE('',*,*,#1994,.T.);
#1994 = EDGE_CURVE('',#904,#1995,#1997,.T.);
#1995 = VERTEX_POINT('',#1996);
#1996 = CARTESIAN_POINT('',(21.290173108655,44.429289321881,
    1.729289321881));
#1997 = SURFACE_CURVE('',#1998,(#2003,#2010),.PCURVE_S1.);
#1998 = PARABOLA('',#1999,9.238795325117E-02);
#1999 = AXIS2_PLACEMENT_3D('',#2000,#2001,#2002);
#2000 = CARTESIAN_POINT('',(22.4,41.35,0.453805922287));
#2001 = DIRECTION('',(0.,0.382683432365,-0.923879532511));
#2002 = DIRECTION('',(0.,0.923879532511,0.382683432365));
#2003 = PCURVE('',#919,#2004);
#2004 = DEFINITIONAL_REPRESENTATION('',(#2005),#2009);
#2005 = B_SPLINE_CURVE_WITH_KNOTS('',2,(#2006,#2007,#2008),
  .UNSPECIFIED.,.F.,.F.,(3,3),(-1.140175425099,-1.109826891345),
  .PIECEWISE_BEZIER_KNOTS.);
#2006 = CARTESIAN_POINT('',(42.537327358869,-9.238795324959E-02));
#2007 = CARTESIAN_POINT('',(42.552501625746,1.24614934861E-03));
#2008 = CARTESIAN_POINT('',(42.567675892623,9.238795325252E-02));
#2009 = ( GEOMETRIC_REPRESENTATION_CONTEXT(2) 
PARAMETRIC_REPRESENTATION_CONTEXT() REPRESENTATION_CONTEXT('2D SPACE',''
  ) );
#2010 = PCURVE('',#948,#2011);
#2011 = DEFINITIONAL_REPRESENTATION('',(#2012),#2019);
#2012 = B_SPLINE_CURVE_WITH_KNOTS('',5,(#2013,#2014,#2015,#2016,#2017,
    #2018),.UNSPECIFIED.,.F.,.F.,(6,6),(-1.140175425099,-1.109826891345)
  ,.PIECEWISE_BEZIER_KNOTS.);
#2013 = CARTESIAN_POINT('',(2.270734027591,-5.600750099157E-13));
#2014 = CARTESIAN_POINT('',(2.272545880352,-1.433288790804E-02));
#2015 = CARTESIAN_POINT('',(2.274381126735,-2.857039967365E-02));
#2016 = CARTESIAN_POINT('',(2.276240364649,-4.271253529736E-02));
#2017 = CARTESIAN_POINT('',(2.278124222177,-5.67592947792E-02));
#2018 = CARTESIAN_POINT('',(2.280033361653,-7.071067811916E-02));
#2019 = ( GEOMETRIC_REPRESENTATION_CONTEXT(2) 
PARAMETRIC_REPRESENTATION_CONTEXT() REPRESENTATION_CONTEXT('2D SPACE',''
  ) );
#2020 = ORIENTED_EDGE('',*,*,#2021,.F.);
#2021 = EDGE_CURVE('',#1878,#1995,#2022,.T.);
#2022 = SURFACE_CURVE('',#2023,(#2027,#2034),.PCURVE_S1.);
#2023 = LINE('',#2024,#2025);
#2024 = CARTESIAN_POINT('',(-21.27750278396,44.429289321881,
    1.729289321881));
#2025 = VECTOR('',#2026,1.);
#2026 = DIRECTION('',(1.,-6.123233995737E-17,-6.123233995737E-17));
#2027 = PCURVE('',#919,#2028);
#2028 = DEFINITIONAL_REPRESENTATION('',(#2029),#2033);
#2029 = LINE('',#2030,#2031);
#2030 = CARTESIAN_POINT('',(0.,9.238795325113E-02));
#2031 = VECTOR('',#2032,1.);
#2032 = DIRECTION('',(1.,0.));
#2033 = ( GEOMETRIC_REPRESENTATION_CONTEXT(2) 
PARAMETRIC_REPRESENTATION_CONTEXT() REPRESENTATION_CONTEXT('2D SPACE',''
  ) );
#2034 = PCURVE('',#2035,#2040);
#2035 = PLANE('',#2036);
#2036 = AXIS2_PLACEMENT_3D('',#2037,#2038,#2039);
#2037 = CARTESIAN_POINT('',(0.,44.4,1.7));
#2038 = DIRECTION('',(0.,0.707106781187,-0.707106781187));
#2039 = DIRECTION('',(8.659560562355E-17,0.707106781187,0.707106781187)
  );
#2040 = DEFINITIONAL_REPRESENTATION('',(#2041),#2045);
#2041 = LINE('',#2042,#2043);
#2042 = CARTESIAN_POINT('',(4.142135623729E-02,-21.27750278396));
#2043 = VECTOR('',#2044,1.);
#2044 = DIRECTION('',(6.162975822039E-33,1.));
#2045 = ( GEOMETRIC_REPRESENTATION_CONTEXT(2) 
PARAMETRIC_REPRESENTATION_CONTEXT() REPRESENTATION_CONTEXT('2D SPACE',''
  ) );
#2046 = ADVANCED_FACE('',(#2047),#948,.F.);
#2047 = FACE_BOUND('',#2048,.T.);
#2048 = EDGE_LOOP('',(#2049,#2050,#2051,#2052));
#2049 = ORIENTED_EDGE('',*,*,#1934,.F.);
#2050 = ORIENTED_EDGE('',*,*,#931,.T.);
#2051 = ORIENTED_EDGE('',*,*,#1994,.T.);
#2052 = ORIENTED_EDGE('',*,*,#2053,.F.);
#2053 = EDGE_CURVE('',#1935,#1995,#2054,.T.);
#2054 = SURFACE_CURVE('',#2055,(#2060,#2067),.PCURVE_S1.);
#2055 = CIRCLE('',#2056,3.179289321881);
#2056 = AXIS2_PLACEMENT_3D('',#2057,#2058,#2059);
#2057 = CARTESIAN_POINT('',(22.4,41.45,1.729289321881));
#2058 = DIRECTION('',(0.,0.,1.));
#2059 = DIRECTION('',(0.938461538462,-0.345383758779,0.));
#2060 = PCURVE('',#948,#2061);
#2061 = DEFINITIONAL_REPRESENTATION('',(#2062),#2066);
#2062 = LINE('',#2063,#2064);
#2063 = CARTESIAN_POINT('',(0.,-7.071067811865E-02));
#2064 = VECTOR('',#2065,1.);
#2065 = DIRECTION('',(1.,-0.));
#2066 = ( GEOMETRIC_REPRESENTATION_CONTEXT(2) 
PARAMETRIC_REPRESENTATION_CONTEXT() REPRESENTATION_CONTEXT('2D SPACE',''
  ) );
#2067 = PCURVE('',#2068,#2073);
#2068 = CONICAL_SURFACE('',#2069,3.15,0.785398163397);
#2069 = AXIS2_PLACEMENT_3D('',#2070,#2071,#2072);
#2070 = CARTESIAN_POINT('',(22.4,41.45,1.7));
#2071 = DIRECTION('',(0.,0.,1.));
#2072 = DIRECTION('',(1.,2.114710523096E-16,0.));
#2073 = DEFINITIONAL_REPRESENTATION('',(#2074),#2078);
#2074 = LINE('',#2075,#2076);
#2075 = CARTESIAN_POINT('',(-6.635832984811,2.928932188135E-02));
#2076 = VECTOR('',#2077,1.);
#2077 = DIRECTION('',(1.,-0.));
#2078 = ( GEOMETRIC_REPRESENTATION_CONTEXT(2) 
PARAMETRIC_REPRESENTATION_CONTEXT() REPRESENTATION_CONTEXT('2D SPACE',''
  ) );
#2079 = ADVANCED_FACE('',(#2080),#1133,.T.);
#2080 = FACE_BOUND('',#2081,.F.);
#2081 = EDGE_LOOP('',(#2082,#2103,#2104,#2130));
#2082 = ORIENTED_EDGE('',*,*,#2083,.F.);
#2083 = EDGE_CURVE('',#1072,#2084,#2086,.T.);
#2084 = VERTEX_POINT('',#2085);
#2085 = CARTESIAN_POINT('',(-22.4,-45.2,-1.061650767298E-15));
#2086 = SURFACE_CURVE('',#2087,(#2091,#2097),.PCURVE_S1.);
#2087 = LINE('',#2088,#2089);
#2088 = CARTESIAN_POINT('',(-22.4,-45.28535533905,3.535533905933E-02));
#2089 = VECTOR('',#2090,1.);
#2090 = DIRECTION('',(-0.,0.923879532511,-0.382683432365));
#2091 = PCURVE('',#1133,#2092);
#2092 = DEFINITIONAL_REPRESENTATION('',(#2093),#2096);
#2093 = B_SPLINE_CURVE_WITH_KNOTS('',1,(#2094,#2095),.UNSPECIFIED.,.F.,
  .F.,(2,2),(-9.238795325113E-02,9.238795325113E-02),
  .PIECEWISE_BEZIER_KNOTS.);
#2094 = CARTESIAN_POINT('',(0.,-9.238795325113E-02));
#2095 = CARTESIAN_POINT('',(0.,9.238795325113E-02));
#2096 = ( GEOMETRIC_REPRESENTATION_CONTEXT(2) 
PARAMETRIC_REPRESENTATION_CONTEXT() REPRESENTATION_CONTEXT('2D SPACE',''
  ) );
#2097 = PCURVE('',#1475,#2098);
#2098 = DEFINITIONAL_REPRESENTATION('',(#2099),#2102);
#2099 = B_SPLINE_CURVE_WITH_KNOTS('',1,(#2100,#2101),.UNSPECIFIED.,.F.,
  .F.,(2,2),(-9.238795325113E-02,9.238795325113E-02),
  .PIECEWISE_BEZIER_KNOTS.);
#2100 = CARTESIAN_POINT('',(1.570796326795,7.071067811865E-02));
#2101 = CARTESIAN_POINT('',(1.570796326795,-3.632586838799E-15));
#2102 = ( GEOMETRIC_REPRESENTATION_CONTEXT(2) 
PARAMETRIC_REPRESENTATION_CONTEXT() REPRESENTATION_CONTEXT('2D SPACE',''
  ) );
#2103 = ORIENTED_EDGE('',*,*,#1119,.T.);
#2104 = ORIENTED_EDGE('',*,*,#2105,.T.);
#2105 = EDGE_CURVE('',#1094,#2106,#2108,.T.);
#2106 = VERTEX_POINT('',#2107);
#2107 = CARTESIAN_POINT('',(22.4,-45.2,-1.096345236817E-15));
#2108 = SURFACE_CURVE('',#2109,(#2113,#2119),.PCURVE_S1.);
#2109 = LINE('',#2110,#2111);
#2110 = CARTESIAN_POINT('',(22.4,-45.28535533905,3.535533905933E-02));
#2111 = VECTOR('',#2112,1.);
#2112 = DIRECTION('',(-0.,0.923879532511,-0.382683432365));
#2113 = PCURVE('',#1133,#2114);
#2114 = DEFINITIONAL_REPRESENTATION('',(#2115),#2118);
#2115 = B_SPLINE_CURVE_WITH_KNOTS('',1,(#2116,#2117),.UNSPECIFIED.,.F.,
  .F.,(2,2),(-9.238795325113E-02,9.238795325113E-02),
  .PIECEWISE_BEZIER_KNOTS.);
#2116 = CARTESIAN_POINT('',(-44.8,-9.238795325113E-02));
#2117 = CARTESIAN_POINT('',(-44.8,9.238795325113E-02));
#2118 = ( GEOMETRIC_REPRESENTATION_CONTEXT(2) 
PARAMETRIC_REPRESENTATION_CONTEXT() REPRESENTATION_CONTEXT('2D SPACE',''
  ) );
#2119 = PCURVE('',#2120,#2125);
#2120 = CONICAL_SURFACE('',#2121,3.75,1.178097245096);
#2121 = AXIS2_PLACEMENT_3D('',#2122,#2123,#2124);
#2122 = CARTESIAN_POINT('',(22.4,-41.45,0.));
#2123 = DIRECTION('',(0.,0.,1.));
#2124 = DIRECTION('',(0.,-1.,0.));
#2125 = DEFINITIONAL_REPRESENTATION('',(#2126),#2129);
#2126 = B_SPLINE_CURVE_WITH_KNOTS('',1,(#2127,#2128),.UNSPECIFIED.,.F.,
  .F.,(2,2),(-9.238795325113E-02,9.238795325113E-02),
  .PIECEWISE_BEZIER_KNOTS.);
#2127 = CARTESIAN_POINT('',(0.,7.071067811865E-02));
#2128 = CARTESIAN_POINT('',(0.,-3.632586838799E-15));
#2129 = ( GEOMETRIC_REPRESENTATION_CONTEXT(2) 
PARAMETRIC_REPRESENTATION_CONTEXT() REPRESENTATION_CONTEXT('2D SPACE',''
  ) );
#2130 = ORIENTED_EDGE('',*,*,#2131,.F.);
#2131 = EDGE_CURVE('',#2084,#2106,#2132,.T.);
#2132 = SURFACE_CURVE('',#2133,(#2137,#2144),.PCURVE_S1.);
#2133 = LINE('',#2134,#2135);
#2134 = CARTESIAN_POINT('',(-22.4,-45.2,-3.469446951954E-18));
#2135 = VECTOR('',#2136,1.);
#2136 = DIRECTION('',(1.,0.,0.));
#2137 = PCURVE('',#1133,#2138);
#2138 = DEFINITIONAL_REPRESENTATION('',(#2139),#2143);
#2139 = LINE('',#2140,#2141);
#2140 = CARTESIAN_POINT('',(-0.,9.238795325113E-02));
#2141 = VECTOR('',#2142,1.);
#2142 = DIRECTION('',(-1.,0.));
#2143 = ( GEOMETRIC_REPRESENTATION_CONTEXT(2) 
PARAMETRIC_REPRESENTATION_CONTEXT() REPRESENTATION_CONTEXT('2D SPACE',''
  ) );
#2144 = PCURVE('',#2145,#2150);
#2145 = PLANE('',#2146);
#2146 = AXIS2_PLACEMENT_3D('',#2147,#2148,#2149);
#2147 = CARTESIAN_POINT('',(0.,1.584485543158E-15,0.));
#2148 = DIRECTION('',(0.,0.,1.));
#2149 = DIRECTION('',(1.,0.,-0.));
#2150 = DEFINITIONAL_REPRESENTATION('',(#2151),#2155);
#2151 = LINE('',#2152,#2153);
#2152 = CARTESIAN_POINT('',(-22.4,-45.2));
#2153 = VECTOR('',#2154,1.);
#2154 = DIRECTION('',(1.,0.));
#2155 = ( GEOMETRIC_REPRESENTATION_CONTEXT(2) 
PARAMETRIC_REPRESENTATION_CONTEXT() REPRESENTATION_CONTEXT('2D SPACE',''
  ) );
#2156 = ADVANCED_FACE('',(#2157),#1108,.T.);
#2157 = FACE_BOUND('',#2158,.F.);
#2158 = EDGE_LOOP('',(#2159,#2160,#2161,#2187));
#2159 = ORIENTED_EDGE('',*,*,#1093,.F.);
#2160 = ORIENTED_EDGE('',*,*,#1149,.T.);
#2161 = ORIENTED_EDGE('',*,*,#2162,.T.);
#2162 = EDGE_CURVE('',#1150,#2163,#2165,.T.);
#2163 = VERTEX_POINT('',#2164);
#2164 = CARTESIAN_POINT('',(26.320710678119,-41.45,7.071067811865E-02));
#2165 = SURFACE_CURVE('',#2166,(#2170,#2176),.PCURVE_S1.);
#2166 = LINE('',#2167,#2168);
#2167 = CARTESIAN_POINT('',(26.35,-41.45,0.1));
#2168 = VECTOR('',#2169,1.);
#2169 = DIRECTION('',(-0.707106781187,4.329780281177E-17,-0.707106781187
    ));
#2170 = PCURVE('',#1108,#2171);
#2171 = DEFINITIONAL_REPRESENTATION('',(#2172),#2175);
#2172 = B_SPLINE_CURVE_WITH_KNOTS('',1,(#2173,#2174),.UNSPECIFIED.,.F.,
  .F.,(2,2),(0.,0.141421356237),.PIECEWISE_BEZIER_KNOTS.);
#2173 = CARTESIAN_POINT('',(1.570796326795,0.));
#2174 = CARTESIAN_POINT('',(1.570796326795,-1.E-01));
#2175 = ( GEOMETRIC_REPRESENTATION_CONTEXT(2) 
PARAMETRIC_REPRESENTATION_CONTEXT() REPRESENTATION_CONTEXT('2D SPACE',''
  ) );
#2176 = PCURVE('',#2177,#2182);
#2177 = PLANE('',#2178);
#2178 = AXIS2_PLACEMENT_3D('',#2179,#2180,#2181);
#2179 = CARTESIAN_POINT('',(26.3,-41.45,5.E-02));
#2180 = DIRECTION('',(0.707106781187,0.,-0.707106781187));
#2181 = DIRECTION('',(-0.,-1.,-0.));
#2182 = DEFINITIONAL_REPRESENTATION('',(#2183),#2186);
#2183 = B_SPLINE_CURVE_WITH_KNOTS('',1,(#2184,#2185),.UNSPECIFIED.,.F.,
  .F.,(2,2),(0.,0.141421356237),.PIECEWISE_BEZIER_KNOTS.);
#2184 = CARTESIAN_POINT('',(0.,-7.071067811866E-02));
#2185 = CARTESIAN_POINT('',(0.,7.071067811865E-02));
#2186 = ( GEOMETRIC_REPRESENTATION_CONTEXT(2) 
PARAMETRIC_REPRESENTATION_CONTEXT() REPRESENTATION_CONTEXT('2D SPACE',''
  ) );
#2187 = ORIENTED_EDGE('',*,*,#2188,.F.);
#2188 = EDGE_CURVE('',#1094,#2163,#2189,.T.);
#2189 = SURFACE_CURVE('',#2190,(#2195,#2202),.PCURVE_S1.);
#2190 = CIRCLE('',#2191,3.920710678119);
#2191 = AXIS2_PLACEMENT_3D('',#2192,#2193,#2194);
#2192 = CARTESIAN_POINT('',(22.4,-41.45,7.071067811865E-02));
#2193 = DIRECTION('',(0.,0.,1.));
#2194 = DIRECTION('',(0.,-1.,0.));
#2195 = PCURVE('',#1108,#2196);
#2196 = DEFINITIONAL_REPRESENTATION('',(#2197),#2201);
#2197 = LINE('',#2198,#2199);
#2198 = CARTESIAN_POINT('',(0.,-2.928932188135E-02));
#2199 = VECTOR('',#2200,1.);
#2200 = DIRECTION('',(1.,-0.));
#2201 = ( GEOMETRIC_REPRESENTATION_CONTEXT(2) 
PARAMETRIC_REPRESENTATION_CONTEXT() REPRESENTATION_CONTEXT('2D SPACE',''
  ) );
#2202 = PCURVE('',#2120,#2203);
#2203 = DEFINITIONAL_REPRESENTATION('',(#2204),#2208);
#2204 = LINE('',#2205,#2206);
#2205 = CARTESIAN_POINT('',(-0.,7.071067811865E-02));
#2206 = VECTOR('',#2207,1.);
#2207 = DIRECTION('',(1.,-0.));
#2208 = ( GEOMETRIC_REPRESENTATION_CONTEXT(2) 
PARAMETRIC_REPRESENTATION_CONTEXT() REPRESENTATION_CONTEXT('2D SPACE',''
  ) );
#2209 = ADVANCED_FACE('',(#2210),#1187,.F.);
#2210 = FACE_BOUND('',#2211,.F.);
#2211 = EDGE_LOOP('',(#2212,#2213,#2214,#2242));
#2212 = ORIENTED_EDGE('',*,*,#1173,.T.);
#2213 = ORIENTED_EDGE('',*,*,#1204,.T.);
#2214 = ORIENTED_EDGE('',*,*,#2215,.F.);
#2215 = EDGE_CURVE('',#2216,#1205,#2218,.T.);
#2216 = VERTEX_POINT('',#2217);
#2217 = CARTESIAN_POINT('',(26.35,41.45,0.1));
#2218 = SURFACE_CURVE('',#2219,(#2223,#2230),.PCURVE_S1.);
#2219 = LINE('',#2220,#2221);
#2220 = CARTESIAN_POINT('',(26.35,41.45,0.));
#2221 = VECTOR('',#2222,1.);
#2222 = DIRECTION('',(0.,0.,1.));
#2223 = PCURVE('',#1187,#2224);
#2224 = DEFINITIONAL_REPRESENTATION('',(#2225),#2229);
#2225 = LINE('',#2226,#2227);
#2226 = CARTESIAN_POINT('',(86.85,0.));
#2227 = VECTOR('',#2228,1.);
#2228 = DIRECTION('',(0.,-1.));
#2229 = ( GEOMETRIC_REPRESENTATION_CONTEXT(2) 
PARAMETRIC_REPRESENTATION_CONTEXT() REPRESENTATION_CONTEXT('2D SPACE',''
  ) );
#2230 = PCURVE('',#2231,#2236);
#2231 = CYLINDRICAL_SURFACE('',#2232,3.95);
#2232 = AXIS2_PLACEMENT_3D('',#2233,#2234,#2235);
#2233 = CARTESIAN_POINT('',(22.4,41.45,0.));
#2234 = DIRECTION('',(0.,0.,1.));
#2235 = DIRECTION('',(1.,0.,-0.));
#2236 = DEFINITIONAL_REPRESENTATION('',(#2237),#2241);
#2237 = LINE('',#2238,#2239);
#2238 = CARTESIAN_POINT('',(0.,0.));
#2239 = VECTOR('',#2240,1.);
#2240 = DIRECTION('',(0.,1.));
#2241 = ( GEOMETRIC_REPRESENTATION_CONTEXT(2) 
PARAMETRIC_REPRESENTATION_CONTEXT() REPRESENTATION_CONTEXT('2D SPACE',''
  ) );
#2242 = ORIENTED_EDGE('',*,*,#2243,.F.);
#2243 = EDGE_CURVE('',#1150,#2216,#2244,.T.);
#2244 = SURFACE_CURVE('',#2245,(#2249,#2256),.PCURVE_S1.);
#2245 = LINE('',#2246,#2247);
#2246 = CARTESIAN_POINT('',(26.35,-41.45,0.1));
#2247 = VECTOR('',#2248,1.);
#2248 = DIRECTION('',(0.,1.,0.));
#2249 = PCURVE('',#1187,#2250);
#2250 = DEFINITIONAL_REPRESENTATION('',(#2251),#2255);
#2251 = LINE('',#2252,#2253);
#2252 = CARTESIAN_POINT('',(3.95,-0.1));
#2253 = VECTOR('',#2254,1.);
#2254 = DIRECTION('',(1.,0.));
#2255 = ( GEOMETRIC_REPRESENTATION_CONTEXT(2) 
PARAMETRIC_REPRESENTATION_CONTEXT() REPRESENTATION_CONTEXT('2D SPACE',''
  ) );
#2256 = PCURVE('',#2177,#2257);
#2257 = DEFINITIONAL_REPRESENTATION('',(#2258),#2262);
#2258 = LINE('',#2259,#2260);
#2259 = CARTESIAN_POINT('',(-0.,-7.071067811866E-02));
#2260 = VECTOR('',#2261,1.);
#2261 = DIRECTION('',(-1.,0.));
#2262 = ( GEOMETRIC_REPRESENTATION_CONTEXT(2) 
PARAMETRIC_REPRESENTATION_CONTEXT() REPRESENTATION_CONTEXT('2D SPACE',''
  ) );
#2263 = ADVANCED_FACE('',(#2264),#1242,.T.);
#2264 = FACE_BOUND('',#2265,.T.);
#2265 = EDGE_LOOP('',(#2266,#2267,#2291,#2310));
#2266 = ORIENTED_EDGE('',*,*,#1227,.F.);
#2267 = ORIENTED_EDGE('',*,*,#2268,.T.);
#2268 = EDGE_CURVE('',#1205,#2269,#2271,.T.);
#2269 = VERTEX_POINT('',#2270);
#2270 = CARTESIAN_POINT('',(22.4,45.4,1.7));
#2271 = SURFACE_CURVE('',#2272,(#2277,#2284),.PCURVE_S1.);
#2272 = CIRCLE('',#2273,3.95);
#2273 = AXIS2_PLACEMENT_3D('',#2274,#2275,#2276);
#2274 = CARTESIAN_POINT('',(22.4,41.45,1.7));
#2275 = DIRECTION('',(0.,0.,1.));
#2276 = DIRECTION('',(1.,0.,-0.));
#2277 = PCURVE('',#1242,#2278);
#2278 = DEFINITIONAL_REPRESENTATION('',(#2279),#2283);
#2279 = LINE('',#2280,#2281);
#2280 = CARTESIAN_POINT('',(-0.,-0.));
#2281 = VECTOR('',#2282,1.);
#2282 = DIRECTION('',(-1.,-0.));
#2283 = ( GEOMETRIC_REPRESENTATION_CONTEXT(2) 
PARAMETRIC_REPRESENTATION_CONTEXT() REPRESENTATION_CONTEXT('2D SPACE',''
  ) );
#2284 = PCURVE('',#2231,#2285);
#2285 = DEFINITIONAL_REPRESENTATION('',(#2286),#2290);
#2286 = LINE('',#2287,#2288);
#2287 = CARTESIAN_POINT('',(0.,1.7));
#2288 = VECTOR('',#2289,1.);
#2289 = DIRECTION('',(1.,0.));
#2290 = ( GEOMETRIC_REPRESENTATION_CONTEXT(2) 
PARAMETRIC_REPRESENTATION_CONTEXT() REPRESENTATION_CONTEXT('2D SPACE',''
  ) );
#2291 = ORIENTED_EDGE('',*,*,#2292,.T.);
#2292 = EDGE_CURVE('',#2269,#1542,#2293,.T.);
#2293 = SURFACE_CURVE('',#2294,(#2298,#2304),.PCURVE_S1.);
#2294 = LINE('',#2295,#2296);
#2295 = CARTESIAN_POINT('',(22.4,45.4,1.7));
#2296 = VECTOR('',#2297,1.);
#2297 = DIRECTION('',(-4.329780281177E-17,-0.707106781187,0.707106781187
    ));
#2298 = PCURVE('',#1242,#2299);
#2299 = DEFINITIONAL_REPRESENTATION('',(#2300),#2303);
#2300 = B_SPLINE_CURVE_WITH_KNOTS('',1,(#2301,#2302),.UNSPECIFIED.,.F.,
  .F.,(2,2),(0.,0.141421356237),.PIECEWISE_BEZIER_KNOTS.);
#2301 = CARTESIAN_POINT('',(-1.570796326795,0.));
#2302 = CARTESIAN_POINT('',(-1.570796326795,-1.E-01));
#2303 = ( GEOMETRIC_REPRESENTATION_CONTEXT(2) 
PARAMETRIC_REPRESENTATION_CONTEXT() REPRESENTATION_CONTEXT('2D SPACE',''
  ) );
#2304 = PCURVE('',#1294,#2305);
#2305 = DEFINITIONAL_REPRESENTATION('',(#2306),#2309);
#2306 = B_SPLINE_CURVE_WITH_KNOTS('',1,(#2307,#2308),.UNSPECIFIED.,.F.,
  .F.,(2,2),(0.,0.141421356237),.PIECEWISE_BEZIER_KNOTS.);
#2307 = CARTESIAN_POINT('',(0.,-7.071067811866E-02));
#2308 = CARTESIAN_POINT('',(0.,7.071067811865E-02));
#2309 = ( GEOMETRIC_REPRESENTATION_CONTEXT(2) 
PARAMETRIC_REPRESENTATION_CONTEXT() REPRESENTATION_CONTEXT('2D SPACE',''
  ) );
#2310 = ORIENTED_EDGE('',*,*,#1541,.F.);
#2311 = ADVANCED_FACE('',(#2312),#1294,.F.);
#2312 = FACE_BOUND('',#2313,.T.);
#2313 = EDGE_LOOP('',(#2314,#2315,#2341,#2342));
#2314 = ORIENTED_EDGE('',*,*,#2292,.F.);
#2315 = ORIENTED_EDGE('',*,*,#2316,.T.);
#2316 = EDGE_CURVE('',#2269,#1278,#2317,.T.);
#2317 = SURFACE_CURVE('',#2318,(#2322,#2329),.PCURVE_S1.);
#2318 = LINE('',#2319,#2320);
#2319 = CARTESIAN_POINT('',(22.4,45.4,1.7));
#2320 = VECTOR('',#2321,1.);
#2321 = DIRECTION('',(-1.,0.,0.));
#2322 = PCURVE('',#1294,#2323);
#2323 = DEFINITIONAL_REPRESENTATION('',(#2324),#2328);
#2324 = LINE('',#2325,#2326);
#2325 = CARTESIAN_POINT('',(-0.,-7.071067811866E-02));
#2326 = VECTOR('',#2327,1.);
#2327 = DIRECTION('',(-1.,0.));
#2328 = ( GEOMETRIC_REPRESENTATION_CONTEXT(2) 
PARAMETRIC_REPRESENTATION_CONTEXT() REPRESENTATION_CONTEXT('2D SPACE',''
  ) );
#2329 = PCURVE('',#2330,#2335);
#2330 = PLANE('',#2331);
#2331 = AXIS2_PLACEMENT_3D('',#2332,#2333,#2334);
#2332 = CARTESIAN_POINT('',(26.35,45.4,0.));
#2333 = DIRECTION('',(0.,-1.,0.));
#2334 = DIRECTION('',(-1.,0.,0.));
#2335 = DEFINITIONAL_REPRESENTATION('',(#2336),#2340);
#2336 = LINE('',#2337,#2338);
#2337 = CARTESIAN_POINT('',(3.95,-1.7));
#2338 = VECTOR('',#2339,1.);
#2339 = DIRECTION('',(1.,0.));
#2340 = ( GEOMETRIC_REPRESENTATION_CONTEXT(2) 
PARAMETRIC_REPRESENTATION_CONTEXT() REPRESENTATION_CONTEXT('2D SPACE',''
  ) );
#2341 = ORIENTED_EDGE('',*,*,#1277,.T.);
#2342 = ORIENTED_EDGE('',*,*,#1589,.F.);
#2343 = ADVANCED_FACE('',(#2344),#1320,.T.);
#2344 = FACE_BOUND('',#2345,.T.);
#2345 = EDGE_LOOP('',(#2346,#2369,#2396,#2397));
#2346 = ORIENTED_EDGE('',*,*,#2347,.F.);
#2347 = EDGE_CURVE('',#2348,#1278,#2350,.T.);
#2348 = VERTEX_POINT('',#2349);
#2349 = CARTESIAN_POINT('',(-22.4,45.4,1.E-01));
#2350 = SURFACE_CURVE('',#2351,(#2355,#2362),.PCURVE_S1.);
#2351 = LINE('',#2352,#2353);
#2352 = CARTESIAN_POINT('',(-22.4,45.4,0.));
#2353 = VECTOR('',#2354,1.);
#2354 = DIRECTION('',(0.,0.,1.));
#2355 = PCURVE('',#1320,#2356);
#2356 = DEFINITIONAL_REPRESENTATION('',(#2357),#2361);
#2357 = LINE('',#2358,#2359);
#2358 = CARTESIAN_POINT('',(0.,0.));
#2359 = VECTOR('',#2360,1.);
#2360 = DIRECTION('',(0.,1.));
#2361 = ( GEOMETRIC_REPRESENTATION_CONTEXT(2) 
PARAMETRIC_REPRESENTATION_CONTEXT() REPRESENTATION_CONTEXT('2D SPACE',''
  ) );
#2362 = PCURVE('',#2330,#2363);
#2363 = DEFINITIONAL_REPRESENTATION('',(#2364),#2368);
#2364 = LINE('',#2365,#2366);
#2365 = CARTESIAN_POINT('',(48.75,0.));
#2366 = VECTOR('',#2367,1.);
#2367 = DIRECTION('',(0.,-1.));
#2368 = ( GEOMETRIC_REPRESENTATION_CONTEXT(2) 
PARAMETRIC_REPRESENTATION_CONTEXT() REPRESENTATION_CONTEXT('2D SPACE',''
  ) );
#2369 = ORIENTED_EDGE('',*,*,#2370,.T.);
#2370 = EDGE_CURVE('',#2348,#1384,#2371,.T.);
#2371 = SURFACE_CURVE('',#2372,(#2377,#2384),.PCURVE_S1.);
#2372 = CIRCLE('',#2373,3.95);
#2373 = AXIS2_PLACEMENT_3D('',#2374,#2375,#2376);
#2374 = CARTESIAN_POINT('',(-22.4,41.45,0.1));
#2375 = DIRECTION('',(0.,-0.,1.));
#2376 = DIRECTION('',(0.,1.,0.));
#2377 = PCURVE('',#1320,#2378);
#2378 = DEFINITIONAL_REPRESENTATION('',(#2379),#2383);
#2379 = LINE('',#2380,#2381);
#2380 = CARTESIAN_POINT('',(0.,0.1));
#2381 = VECTOR('',#2382,1.);
#2382 = DIRECTION('',(1.,0.));
#2383 = ( GEOMETRIC_REPRESENTATION_CONTEXT(2) 
PARAMETRIC_REPRESENTATION_CONTEXT() REPRESENTATION_CONTEXT('2D SPACE',''
  ) );
#2384 = PCURVE('',#2385,#2390);
#2385 = CONICAL_SURFACE('',#2386,3.95,0.785398163397);
#2386 = AXIS2_PLACEMENT_3D('',#2387,#2388,#2389);
#2387 = CARTESIAN_POINT('',(-22.4,41.45,0.1));
#2388 = DIRECTION('',(0.,0.,1.));
#2389 = DIRECTION('',(0.,1.,0.));
#2390 = DEFINITIONAL_REPRESENTATION('',(#2391),#2395);
#2391 = LINE('',#2392,#2393);
#2392 = CARTESIAN_POINT('',(0.,-0.));
#2393 = VECTOR('',#2394,1.);
#2394 = DIRECTION('',(1.,-0.));
#2395 = ( GEOMETRIC_REPRESENTATION_CONTEXT(2) 
PARAMETRIC_REPRESENTATION_CONTEXT() REPRESENTATION_CONTEXT('2D SPACE',''
  ) );
#2396 = ORIENTED_EDGE('',*,*,#1383,.T.);
#2397 = ORIENTED_EDGE('',*,*,#1305,.F.);
#2398 = ADVANCED_FACE('',(#2399),#1422,.T.);
#2399 = FACE_BOUND('',#2400,.F.);
#2400 = EDGE_LOOP('',(#2401,#2422,#2423,#2424));
#2401 = ORIENTED_EDGE('',*,*,#2402,.F.);
#2402 = EDGE_CURVE('',#1384,#2403,#2405,.T.);
#2403 = VERTEX_POINT('',#2404);
#2404 = CARTESIAN_POINT('',(-26.32071067811,41.45,7.071067811865E-02));
#2405 = SURFACE_CURVE('',#2406,(#2410,#2416),.PCURVE_S1.);
#2406 = LINE('',#2407,#2408);
#2407 = CARTESIAN_POINT('',(-26.35,41.45,0.1));
#2408 = VECTOR('',#2409,1.);
#2409 = DIRECTION('',(0.707106781187,-4.329780281177E-17,-0.707106781187
    ));
#2410 = PCURVE('',#1422,#2411);
#2411 = DEFINITIONAL_REPRESENTATION('',(#2412),#2415);
#2412 = B_SPLINE_CURVE_WITH_KNOTS('',1,(#2413,#2414),.UNSPECIFIED.,.F.,
  .F.,(2,2),(0.,0.141421356237),.PIECEWISE_BEZIER_KNOTS.);
#2413 = CARTESIAN_POINT('',(0.,-7.071067811866E-02));
#2414 = CARTESIAN_POINT('',(0.,7.071067811865E-02));
#2415 = ( GEOMETRIC_REPRESENTATION_CONTEXT(2) 
PARAMETRIC_REPRESENTATION_CONTEXT() REPRESENTATION_CONTEXT('2D SPACE',''
  ) );
#2416 = PCURVE('',#2385,#2417);
#2417 = DEFINITIONAL_REPRESENTATION('',(#2418),#2421);
#2418 = B_SPLINE_CURVE_WITH_KNOTS('',1,(#2419,#2420),.UNSPECIFIED.,.F.,
  .F.,(2,2),(0.,0.141421356237),.PIECEWISE_BEZIER_KNOTS.);
#2419 = CARTESIAN_POINT('',(1.570796326795,0.));
#2420 = CARTESIAN_POINT('',(1.570796326795,-1.E-01));
#2421 = ( GEOMETRIC_REPRESENTATION_CONTEXT(2) 
PARAMETRIC_REPRESENTATION_CONTEXT() REPRESENTATION_CONTEXT('2D SPACE',''
  ) );
#2422 = ORIENTED_EDGE('',*,*,#1408,.T.);
#2423 = ORIENTED_EDGE('',*,*,#1437,.T.);
#2424 = ORIENTED_EDGE('',*,*,#2425,.F.);
#2425 = EDGE_CURVE('',#2403,#1438,#2426,.T.);
#2426 = SURFACE_CURVE('',#2427,(#2431,#2438),.PCURVE_S1.);
#2427 = LINE('',#2428,#2429);
#2428 = CARTESIAN_POINT('',(-26.32071067811,41.45,7.071067811865E-02));
#2429 = VECTOR('',#2430,1.);
#2430 = DIRECTION('',(0.,-1.,0.));
#2431 = PCURVE('',#1422,#2432);
#2432 = DEFINITIONAL_REPRESENTATION('',(#2433),#2437);
#2433 = LINE('',#2434,#2435);
#2434 = CARTESIAN_POINT('',(-0.,-2.928932188135E-02));
#2435 = VECTOR('',#2436,1.);
#2436 = DIRECTION('',(-1.,0.));
#2437 = ( GEOMETRIC_REPRESENTATION_CONTEXT(2) 
PARAMETRIC_REPRESENTATION_CONTEXT() REPRESENTATION_CONTEXT('2D SPACE',''
  ) );
#2438 = PCURVE('',#2439,#2444);
#2439 = PLANE('',#2440);
#2440 = AXIS2_PLACEMENT_3D('',#2441,#2442,#2443);
#2441 = CARTESIAN_POINT('',(-26.23535533905,41.45,3.535533905933E-02));
#2442 = DIRECTION('',(-0.382683432365,-8.675097932626E-19,
    -0.923879532511));
#2443 = DIRECTION('',(-3.319816252961E-19,1.,-8.014745422485E-19));
#2444 = DEFINITIONAL_REPRESENTATION('',(#2445),#2449);
#2445 = LINE('',#2446,#2447);
#2446 = CARTESIAN_POINT('',(-0.,-9.238795325112E-02));
#2447 = VECTOR('',#2448,1.);
#2448 = DIRECTION('',(-1.,0.));
#2449 = ( GEOMETRIC_REPRESENTATION_CONTEXT(2) 
PARAMETRIC_REPRESENTATION_CONTEXT() REPRESENTATION_CONTEXT('2D SPACE',''
  ) );
#2450 = ADVANCED_FACE('',(#2451),#1475,.T.);
#2451 = FACE_BOUND('',#2452,.F.);
#2452 = EDGE_LOOP('',(#2453,#2474,#2475,#2476));
#2453 = ORIENTED_EDGE('',*,*,#2454,.F.);
#2454 = EDGE_CURVE('',#1438,#2455,#2457,.T.);
#2455 = VERTEX_POINT('',#2456);
#2456 = CARTESIAN_POINT('',(-26.15,-41.45,-1.623701173514E-15));
#2457 = SURFACE_CURVE('',#2458,(#2462,#2468),.PCURVE_S1.);
#2458 = LINE('',#2459,#2460);
#2459 = CARTESIAN_POINT('',(-26.23535533905,-41.45,3.535533905933E-02));
#2460 = VECTOR('',#2461,1.);
#2461 = DIRECTION('',(0.923879532511,-0.,-0.382683432365));
#2462 = PCURVE('',#1475,#2463);
#2463 = DEFINITIONAL_REPRESENTATION('',(#2464),#2467);
#2464 = B_SPLINE_CURVE_WITH_KNOTS('',1,(#2465,#2466),.UNSPECIFIED.,.F.,
  .F.,(2,2),(-9.238795325112E-02,9.238795325113E-02),
  .PIECEWISE_BEZIER_KNOTS.);
#2465 = CARTESIAN_POINT('',(0.,7.071067811865E-02));
#2466 = CARTESIAN_POINT('',(0.,4.46107155642E-16));
#2467 = ( GEOMETRIC_REPRESENTATION_CONTEXT(2) 
PARAMETRIC_REPRESENTATION_CONTEXT() REPRESENTATION_CONTEXT('2D SPACE',''
  ) );
#2468 = PCURVE('',#2439,#2469);
#2469 = DEFINITIONAL_REPRESENTATION('',(#2470),#2473);
#2470 = B_SPLINE_CURVE_WITH_KNOTS('',1,(#2471,#2472),.UNSPECIFIED.,.F.,
  .F.,(2,2),(-9.238795325112E-02,9.238795325113E-02),
  .PIECEWISE_BEZIER_KNOTS.);
#2471 = CARTESIAN_POINT('',(-82.9,-9.238795325112E-02));
#2472 = CARTESIAN_POINT('',(-82.9,9.238795325113E-02));
#2473 = ( GEOMETRIC_REPRESENTATION_CONTEXT(2) 
PARAMETRIC_REPRESENTATION_CONTEXT() REPRESENTATION_CONTEXT('2D SPACE',''
  ) );
#2474 = ORIENTED_EDGE('',*,*,#1460,.T.);
#2475 = ORIENTED_EDGE('',*,*,#2083,.T.);
#2476 = ORIENTED_EDGE('',*,*,#2477,.F.);
#2477 = EDGE_CURVE('',#2455,#2084,#2478,.T.);
#2478 = SURFACE_CURVE('',#2479,(#2484,#2491),.PCURVE_S1.);
#2479 = CIRCLE('',#2480,3.75);
#2480 = AXIS2_PLACEMENT_3D('',#2481,#2482,#2483);
#2481 = CARTESIAN_POINT('',(-22.4,-41.45,0.));
#2482 = DIRECTION('',(0.,0.,1.));
#2483 = DIRECTION('',(-1.,0.,0.));
#2484 = PCURVE('',#1475,#2485);
#2485 = DEFINITIONAL_REPRESENTATION('',(#2486),#2490);
#2486 = LINE('',#2487,#2488);
#2487 = CARTESIAN_POINT('',(0.,-0.));
#2488 = VECTOR('',#2489,1.);
#2489 = DIRECTION('',(1.,-0.));
#2490 = ( GEOMETRIC_REPRESENTATION_CONTEXT(2) 
PARAMETRIC_REPRESENTATION_CONTEXT() REPRESENTATION_CONTEXT('2D SPACE',''
  ) );
#2491 = PCURVE('',#2145,#2492);
#2492 = DEFINITIONAL_REPRESENTATION('',(#2493),#2497);
#2493 = CIRCLE('',#2494,3.75);
#2494 = AXIS2_PLACEMENT_2D('',#2495,#2496);
#2495 = CARTESIAN_POINT('',(-22.4,-41.45));
#2496 = DIRECTION('',(-1.,0.));
#2497 = ( GEOMETRIC_REPRESENTATION_CONTEXT(2) 
PARAMETRIC_REPRESENTATION_CONTEXT() REPRESENTATION_CONTEXT('2D SPACE',''
  ) );
#2498 = ADVANCED_FACE('',(#2499),#1685,.F.);
#2499 = FACE_BOUND('',#2500,.T.);
#2500 = EDGE_LOOP('',(#2501,#2528,#2557,#2582));
#2501 = ORIENTED_EDGE('',*,*,#2502,.T.);
#2502 = EDGE_CURVE('',#1616,#2503,#2505,.T.);
#2503 = VERTEX_POINT('',#2504);
#2504 = CARTESIAN_POINT('',(-21.29546389828,-44.4,1.7));
#2505 = SURFACE_CURVE('',#2506,(#2511,#2521),.PCURVE_S1.);
#2506 = PARABOLA('',#2507,7.071067811865E-02);
#2507 = AXIS2_PLACEMENT_3D('',#2508,#2509,#2510);
#2508 = CARTESIAN_POINT('',(-22.4,-41.35,-1.35));
#2509 = DIRECTION('',(-0.,-0.707106781187,-0.707106781187));
#2510 = DIRECTION('',(0.,-0.707106781187,0.707106781187));
#2511 = PCURVE('',#1685,#2512);
#2512 = DEFINITIONAL_REPRESENTATION('',(#2513),#2520);
#2513 = B_SPLINE_CURVE_WITH_KNOTS('',5,(#2514,#2515,#2516,#2517,#2518,
    #2519),.UNSPECIFIED.,.F.,.F.,(6,6),(-1.122497216032,-1.104536101719)
  ,.PIECEWISE_BEZIER_KNOTS.);
#2514 = CARTESIAN_POINT('',(-1.218148649163,9.999999999996E-02));
#2515 = CARTESIAN_POINT('',(-1.217043349821,7.983869918618E-02));
#2516 = CARTESIAN_POINT('',(-1.215929479605,5.975804877925E-02));
#2517 = CARTESIAN_POINT('',(-1.214806906997,3.975804877917E-02));
#2518 = CARTESIAN_POINT('',(-1.213675496493,1.983869918593E-02));
#2519 = CARTESIAN_POINT('',(-1.212535108282,-4.648503804106E-13));
#2520 = ( GEOMETRIC_REPRESENTATION_CONTEXT(2) 
PARAMETRIC_REPRESENTATION_CONTEXT() REPRESENTATION_CONTEXT('2D SPACE',''
  ) );
#2521 = PCURVE('',#1743,#2522);
#2522 = DEFINITIONAL_REPRESENTATION('',(#2523),#2527);
#2523 = B_SPLINE_CURVE_WITH_KNOTS('',2,(#2524,#2525,#2526),
  .UNSPECIFIED.,.F.,.F.,(3,3),(-1.122497216032,-1.104536101719),
  .PIECEWISE_BEZIER_KNOTS.);
#2524 = CARTESIAN_POINT('',(0.141421356237,21.277502783968));
#2525 = CARTESIAN_POINT('',(7.014039362243E-02,21.286483341125));
#2526 = CARTESIAN_POINT('',(-6.563638521584E-13,21.295463898281));
#2527 = ( GEOMETRIC_REPRESENTATION_CONTEXT(2) 
PARAMETRIC_REPRESENTATION_CONTEXT() REPRESENTATION_CONTEXT('2D SPACE',''
  ) );
#2528 = ORIENTED_EDGE('',*,*,#2529,.F.);
#2529 = EDGE_CURVE('',#2530,#2503,#2532,.T.);
#2530 = VERTEX_POINT('',#2531);
#2531 = CARTESIAN_POINT('',(-25.35,-40.34546389828,1.7));
#2532 = SURFACE_CURVE('',#2533,(#2538,#2545),.PCURVE_S1.);
#2533 = CIRCLE('',#2534,3.15);
#2534 = AXIS2_PLACEMENT_3D('',#2535,#2536,#2537);
#2535 = CARTESIAN_POINT('',(-22.4,-41.45,1.7));
#2536 = DIRECTION('',(0.,0.,1.));
#2537 = DIRECTION('',(1.,0.,0.));
#2538 = PCURVE('',#1685,#2539);
#2539 = DEFINITIONAL_REPRESENTATION('',(#2540),#2544);
#2540 = LINE('',#2541,#2542);
#2541 = CARTESIAN_POINT('',(-6.28318530718,0.));
#2542 = VECTOR('',#2543,1.);
#2543 = DIRECTION('',(1.,-0.));
#2544 = ( GEOMETRIC_REPRESENTATION_CONTEXT(2) 
PARAMETRIC_REPRESENTATION_CONTEXT() REPRESENTATION_CONTEXT('2D SPACE',''
  ) );
#2545 = PCURVE('',#2546,#2551);
#2546 = CYLINDRICAL_SURFACE('',#2547,3.15);
#2547 = AXIS2_PLACEMENT_3D('',#2548,#2549,#2550);
#2548 = CARTESIAN_POINT('',(-22.4,-41.45,1.19));
#2549 = DIRECTION('',(-0.,-0.,-1.));
#2550 = DIRECTION('',(1.,0.,0.));
#2551 = DEFINITIONAL_REPRESENTATION('',(#2552),#2556);
#2552 = LINE('',#2553,#2554);
#2553 = CARTESIAN_POINT('',(-0.,-0.51));
#2554 = VECTOR('',#2555,1.);
#2555 = DIRECTION('',(-1.,0.));
#2556 = ( GEOMETRIC_REPRESENTATION_CONTEXT(2) 
PARAMETRIC_REPRESENTATION_CONTEXT() REPRESENTATION_CONTEXT('2D SPACE',''
  ) );
#2557 = ORIENTED_EDGE('',*,*,#2558,.T.);
#2558 = EDGE_CURVE('',#2530,#1644,#2559,.T.);
#2559 = SURFACE_CURVE('',#2560,(#2565,#2575),.PCURVE_S1.);
#2560 = PARABOLA('',#2561,7.071067811866E-02);
#2561 = AXIS2_PLACEMENT_3D('',#2562,#2563,#2564);
#2562 = CARTESIAN_POINT('',(-22.3,-41.45,-1.35));
#2563 = DIRECTION('',(-0.707106781187,0.,-0.707106781187));
#2564 = DIRECTION('',(-0.707106781187,0.,0.707106781187));
#2565 = PCURVE('',#1685,#2566);
#2566 = DEFINITIONAL_REPRESENTATION('',(#2567),#2574);
#2567 = B_SPLINE_CURVE_WITH_KNOTS('',5,(#2568,#2569,#2570,#2571,#2572,
    #2573),.UNSPECIFIED.,.F.,.F.,(6,6),(1.104536101718,1.122497216032),
  .PIECEWISE_BEZIER_KNOTS.);
#2568 = CARTESIAN_POINT('',(-3.499853872103,-1.711519814762E-12));
#2569 = CARTESIAN_POINT('',(-3.498713483892,1.983869918492E-02));
#2570 = CARTESIAN_POINT('',(-3.497582073387,3.975804877841E-02));
#2571 = CARTESIAN_POINT('',(-3.49645950078,5.975804877874E-02));
#2572 = CARTESIAN_POINT('',(-3.495345630564,7.983869918592E-02));
#2573 = CARTESIAN_POINT('',(-3.494240331221,9.999999999994E-02));
#2574 = ( GEOMETRIC_REPRESENTATION_CONTEXT(2) 
PARAMETRIC_REPRESENTATION_CONTEXT() REPRESENTATION_CONTEXT('2D SPACE',''
  ) );
#2575 = PCURVE('',#1801,#2576);
#2576 = DEFINITIONAL_REPRESENTATION('',(#2577),#2581);
#2577 = B_SPLINE_CURVE_WITH_KNOTS('',2,(#2578,#2579,#2580),
  .UNSPECIFIED.,.F.,.F.,(3,3),(1.104536101718,1.122497216032),
  .PIECEWISE_BEZIER_KNOTS.);
#2578 = CARTESIAN_POINT('',(-2.42827979946E-12,-40.34546389828));
#2579 = CARTESIAN_POINT('',(7.014039362152E-02,-40.33648334112));
#2580 = CARTESIAN_POINT('',(0.141421356237,-40.32750278396));
#2581 = ( GEOMETRIC_REPRESENTATION_CONTEXT(2) 
PARAMETRIC_REPRESENTATION_CONTEXT() REPRESENTATION_CONTEXT('2D SPACE',''
  ) );
#2582 = ORIENTED_EDGE('',*,*,#1670,.F.);
#2583 = ADVANCED_FACE('',(#2584),#1743,.F.);
#2584 = FACE_BOUND('',#2585,.F.);
#2585 = EDGE_LOOP('',(#2586,#2587,#2615,#2640));
#2586 = ORIENTED_EDGE('',*,*,#2502,.T.);
#2587 = ORIENTED_EDGE('',*,*,#2588,.T.);
#2588 = EDGE_CURVE('',#2503,#2589,#2591,.T.);
#2589 = VERTEX_POINT('',#2590);
#2590 = CARTESIAN_POINT('',(21.295463898282,-44.4,1.7));
#2591 = SURFACE_CURVE('',#2592,(#2596,#2603),.PCURVE_S1.);
#2592 = LINE('',#2593,#2594);
#2593 = CARTESIAN_POINT('',(0.,-44.4,1.7));
#2594 = VECTOR('',#2595,1.);
#2595 = DIRECTION('',(1.,0.,0.));
#2596 = PCURVE('',#1743,#2597);
#2597 = DEFINITIONAL_REPRESENTATION('',(#2598),#2602);
#2598 = LINE('',#2599,#2600);
#2599 = CARTESIAN_POINT('',(0.,0.));
#2600 = VECTOR('',#2601,1.);
#2601 = DIRECTION('',(-6.162975822039E-33,-1.));
#2602 = ( GEOMETRIC_REPRESENTATION_CONTEXT(2) 
PARAMETRIC_REPRESENTATION_CONTEXT() REPRESENTATION_CONTEXT('2D SPACE',''
  ) );
#2603 = PCURVE('',#2604,#2609);
#2604 = PLANE('',#2605);
#2605 = AXIS2_PLACEMENT_3D('',#2606,#2607,#2608);
#2606 = CARTESIAN_POINT('',(-25.35,-44.4,1.2));
#2607 = DIRECTION('',(0.,1.,0.));
#2608 = DIRECTION('',(1.,0.,0.));
#2609 = DEFINITIONAL_REPRESENTATION('',(#2610),#2614);
#2610 = LINE('',#2611,#2612);
#2611 = CARTESIAN_POINT('',(25.35,-0.5));
#2612 = VECTOR('',#2613,1.);
#2613 = DIRECTION('',(1.,0.));
#2614 = ( GEOMETRIC_REPRESENTATION_CONTEXT(2) 
PARAMETRIC_REPRESENTATION_CONTEXT() REPRESENTATION_CONTEXT('2D SPACE',''
  ) );
#2615 = ORIENTED_EDGE('',*,*,#2616,.T.);
#2616 = EDGE_CURVE('',#2589,#1701,#2617,.T.);
#2617 = SURFACE_CURVE('',#2618,(#2623,#2630),.PCURVE_S1.);
#2618 = PARABOLA('',#2619,7.071067811865E-02);
#2619 = AXIS2_PLACEMENT_3D('',#2620,#2621,#2622);
#2620 = CARTESIAN_POINT('',(22.4,-41.35,-1.35));
#2621 = DIRECTION('',(-0.,-0.707106781187,-0.707106781187));
#2622 = DIRECTION('',(0.,-0.707106781187,0.707106781187));
#2623 = PCURVE('',#1743,#2624);
#2624 = DEFINITIONAL_REPRESENTATION('',(#2625),#2629);
#2625 = B_SPLINE_CURVE_WITH_KNOTS('',2,(#2626,#2627,#2628),
  .UNSPECIFIED.,.F.,.F.,(3,3),(1.104536101718,1.122497216032),
  .PIECEWISE_BEZIER_KNOTS.);
#2626 = CARTESIAN_POINT('',(-3.360867140145E-12,-21.29546389828));
#2627 = CARTESIAN_POINT('',(7.014039362105E-02,-21.28648334112));
#2628 = CARTESIAN_POINT('',(0.141421356237,-21.27750278396));
#2629 = ( GEOMETRIC_REPRESENTATION_CONTEXT(2) 
PARAMETRIC_REPRESENTATION_CONTEXT() REPRESENTATION_CONTEXT('2D SPACE',''
  ) );
#2630 = PCURVE('',#1860,#2631);
#2631 = DEFINITIONAL_REPRESENTATION('',(#2632),#2639);
#2632 = B_SPLINE_CURVE_WITH_KNOTS('',5,(#2633,#2634,#2635,#2636,#2637,
    #2638),.UNSPECIFIED.,.F.,.F.,(6,6),(1.104536101718,1.122497216032),
  .PIECEWISE_BEZIER_KNOTS.);
#2633 = CARTESIAN_POINT('',(-8.212242852487,-2.375877272698E-12));
#2634 = CARTESIAN_POINT('',(-8.211102464277,1.983869918439E-02));
#2635 = CARTESIAN_POINT('',(-8.209971053772,3.975804877801E-02));
#2636 = CARTESIAN_POINT('',(-8.208848481165,5.975804877847E-02));
#2637 = CARTESIAN_POINT('',(-8.207734610948,7.983869918579E-02));
#2638 = CARTESIAN_POINT('',(-8.206629311606,9.999999999995E-02));
#2639 = ( GEOMETRIC_REPRESENTATION_CONTEXT(2) 
PARAMETRIC_REPRESENTATION_CONTEXT() REPRESENTATION_CONTEXT('2D SPACE',''
  ) );
#2640 = ORIENTED_EDGE('',*,*,#1729,.T.);
#2641 = ADVANCED_FACE('',(#2642),#1801,.F.);
#2642 = FACE_BOUND('',#2643,.F.);
#2643 = EDGE_LOOP('',(#2644,#2671,#2697,#2698));
#2644 = ORIENTED_EDGE('',*,*,#2645,.T.);
#2645 = EDGE_CURVE('',#1761,#2646,#2648,.T.);
#2646 = VERTEX_POINT('',#2647);
#2647 = CARTESIAN_POINT('',(-25.35,40.345463898282,1.7));
#2648 = SURFACE_CURVE('',#2649,(#2654,#2661),.PCURVE_S1.);
#2649 = PARABOLA('',#2650,7.071067811866E-02);
#2650 = AXIS2_PLACEMENT_3D('',#2651,#2652,#2653);
#2651 = CARTESIAN_POINT('',(-22.3,41.45,-1.35));
#2652 = DIRECTION('',(-0.707106781187,0.,-0.707106781187));
#2653 = DIRECTION('',(-0.707106781187,0.,0.707106781187));
#2654 = PCURVE('',#1801,#2655);
#2655 = DEFINITIONAL_REPRESENTATION('',(#2656),#2660);
#2656 = B_SPLINE_CURVE_WITH_KNOTS('',2,(#2657,#2658,#2659),
  .UNSPECIFIED.,.F.,.F.,(3,3),(-1.122497216032,-1.104536101718),
  .PIECEWISE_BEZIER_KNOTS.);
#2657 = CARTESIAN_POINT('',(0.141421356237,40.327502783968));
#2658 = CARTESIAN_POINT('',(7.014039362146E-02,40.336483341125));
#2659 = CARTESIAN_POINT('',(-2.48689957516E-12,40.345463898282));
#2660 = ( GEOMETRIC_REPRESENTATION_CONTEXT(2) 
PARAMETRIC_REPRESENTATION_CONTEXT() REPRESENTATION_CONTEXT('2D SPACE',''
  ) );
#2661 = PCURVE('',#1919,#2662);
#2662 = DEFINITIONAL_REPRESENTATION('',(#2663),#2670);
#2663 = B_SPLINE_CURVE_WITH_KNOTS('',5,(#2664,#2665,#2666,#2667,#2668,
    #2669),.UNSPECIFIED.,.F.,.F.,(6,6),(-1.122497216032,-1.104536101718)
  ,.PIECEWISE_BEZIER_KNOTS.);
#2664 = CARTESIAN_POINT('',(-2.788944975958,9.99999999999E-02));
#2665 = CARTESIAN_POINT('',(-2.787839676616,7.983869918587E-02));
#2666 = CARTESIAN_POINT('',(-2.7867258064,5.975804877869E-02));
#2667 = CARTESIAN_POINT('',(-2.785603233792,3.975804877836E-02));
#2668 = CARTESIAN_POINT('',(-2.784471823287,1.983869918488E-02));
#2669 = CARTESIAN_POINT('',(-2.783331435077,-1.758038159494E-12));
#2670 = ( GEOMETRIC_REPRESENTATION_CONTEXT(2) 
PARAMETRIC_REPRESENTATION_CONTEXT() REPRESENTATION_CONTEXT('2D SPACE',''
  ) );
#2671 = ORIENTED_EDGE('',*,*,#2672,.F.);
#2672 = EDGE_CURVE('',#2530,#2646,#2673,.T.);
#2673 = SURFACE_CURVE('',#2674,(#2678,#2685),.PCURVE_S1.);
#2674 = LINE('',#2675,#2676);
#2675 = CARTESIAN_POINT('',(-25.35,0.,1.7));
#2676 = VECTOR('',#2677,1.);
#2677 = DIRECTION('',(0.,1.,0.));
#2678 = PCURVE('',#1801,#2679);
#2679 = DEFINITIONAL_REPRESENTATION('',(#2680),#2684);
#2680 = LINE('',#2681,#2682);
#2681 = CARTESIAN_POINT('',(0.,0.));
#2682 = VECTOR('',#2683,1.);
#2683 = DIRECTION('',(6.162975822039E-33,1.));
#2684 = ( GEOMETRIC_REPRESENTATION_CONTEXT(2) 
PARAMETRIC_REPRESENTATION_CONTEXT() REPRESENTATION_CONTEXT('2D SPACE',''
  ) );
#2685 = PCURVE('',#2686,#2691);
#2686 = PLANE('',#2687);
#2687 = AXIS2_PLACEMENT_3D('',#2688,#2689,#2690);
#2688 = CARTESIAN_POINT('',(-25.35,44.4,1.2));
#2689 = DIRECTION('',(1.,0.,-0.));
#2690 = DIRECTION('',(0.,-1.,0.));
#2691 = DEFINITIONAL_REPRESENTATION('',(#2692),#2696);
#2692 = LINE('',#2693,#2694);
#2693 = CARTESIAN_POINT('',(44.4,-0.5));
#2694 = VECTOR('',#2695,1.);
#2695 = DIRECTION('',(-1.,0.));
#2696 = ( GEOMETRIC_REPRESENTATION_CONTEXT(2) 
PARAMETRIC_REPRESENTATION_CONTEXT() REPRESENTATION_CONTEXT('2D SPACE',''
  ) );
#2697 = ORIENTED_EDGE('',*,*,#2558,.T.);
#2698 = ORIENTED_EDGE('',*,*,#1787,.T.);
#2699 = ADVANCED_FACE('',(#2700),#1860,.F.);
#2700 = FACE_BOUND('',#2701,.T.);
#2701 = EDGE_LOOP('',(#2702,#2729,#2756,#2757));
#2702 = ORIENTED_EDGE('',*,*,#2703,.T.);
#2703 = EDGE_CURVE('',#1819,#2704,#2706,.T.);
#2704 = VERTEX_POINT('',#2705);
#2705 = CARTESIAN_POINT('',(25.35,-40.34546389828,1.7));
#2706 = SURFACE_CURVE('',#2707,(#2712,#2722),.PCURVE_S1.);
#2707 = PARABOLA('',#2708,7.071067811866E-02);
#2708 = AXIS2_PLACEMENT_3D('',#2709,#2710,#2711);
#2709 = CARTESIAN_POINT('',(22.3,-41.45,-1.35));
#2710 = DIRECTION('',(0.707106781187,0.,-0.707106781187));
#2711 = DIRECTION('',(0.707106781187,0.,0.707106781187));
#2712 = PCURVE('',#1860,#2713);
#2713 = DEFINITIONAL_REPRESENTATION('',(#2714),#2721);
#2714 = B_SPLINE_CURVE_WITH_KNOTS('',5,(#2715,#2716,#2717,#2718,#2719,
    #2720),.UNSPECIFIED.,.F.,.F.,(6,6),(-1.122497216032,-1.104536101719)
  ,.PIECEWISE_BEZIER_KNOTS.);
#2715 = CARTESIAN_POINT('',(-5.930537629548,9.99999999999E-02));
#2716 = CARTESIAN_POINT('',(-5.929432330206,7.983869918598E-02));
#2717 = CARTESIAN_POINT('',(-5.928318459989,5.975804877891E-02));
#2718 = CARTESIAN_POINT('',(-5.927195887382,3.975804877867E-02));
#2719 = CARTESIAN_POINT('',(-5.926064476877,1.983869918529E-02));
#2720 = CARTESIAN_POINT('',(-5.924924088667,-1.241451386136E-12));
#2721 = ( GEOMETRIC_REPRESENTATION_CONTEXT(2) 
PARAMETRIC_REPRESENTATION_CONTEXT() REPRESENTATION_CONTEXT('2D SPACE',''
  ) );
#2722 = PCURVE('',#1977,#2723);
#2723 = DEFINITIONAL_REPRESENTATION('',(#2724),#2728);
#2724 = B_SPLINE_CURVE_WITH_KNOTS('',2,(#2725,#2726,#2727),
  .UNSPECIFIED.,.F.,.F.,(3,3),(-1.122497216032,-1.104536101719),
  .PIECEWISE_BEZIER_KNOTS.);
#2725 = CARTESIAN_POINT('',(0.141421356237,40.327502783968));
#2726 = CARTESIAN_POINT('',(7.014039362184E-02,40.336483341125));
#2727 = CARTESIAN_POINT('',(-1.755040557327E-12,40.345463898281));
#2728 = ( GEOMETRIC_REPRESENTATION_CONTEXT(2) 
PARAMETRIC_REPRESENTATION_CONTEXT() REPRESENTATION_CONTEXT('2D SPACE',''
  ) );
#2729 = ORIENTED_EDGE('',*,*,#2730,.T.);
#2730 = EDGE_CURVE('',#2704,#2589,#2731,.T.);
#2731 = SURFACE_CURVE('',#2732,(#2737,#2744),.PCURVE_S1.);
#2732 = CIRCLE('',#2733,3.15);
#2733 = AXIS2_PLACEMENT_3D('',#2734,#2735,#2736);
#2734 = CARTESIAN_POINT('',(22.4,-41.45,1.7));
#2735 = DIRECTION('',(-1.232595164408E-32,2.010297396161E-16,-1.));
#2736 = DIRECTION('',(0.936507936508,0.350646381498,7.049035076985E-17)
  );
#2737 = PCURVE('',#1860,#2738);
#2738 = DEFINITIONAL_REPRESENTATION('',(#2739),#2743);
#2739 = LINE('',#2740,#2741);
#2740 = CARTESIAN_POINT('',(-5.924924088667,0.));
#2741 = VECTOR('',#2742,1.);
#2742 = DIRECTION('',(-1.,0.));
#2743 = ( GEOMETRIC_REPRESENTATION_CONTEXT(2) 
PARAMETRIC_REPRESENTATION_CONTEXT() REPRESENTATION_CONTEXT('2D SPACE',''
  ) );
#2744 = PCURVE('',#2745,#2750);
#2745 = CYLINDRICAL_SURFACE('',#2746,3.15);
#2746 = AXIS2_PLACEMENT_3D('',#2747,#2748,#2749);
#2747 = CARTESIAN_POINT('',(22.4,-41.45,1.19));
#2748 = DIRECTION('',(-0.,-0.,-1.));
#2749 = DIRECTION('',(1.,0.,0.));
#2750 = DEFINITIONAL_REPRESENTATION('',(#2751),#2755);
#2751 = LINE('',#2752,#2753);
#2752 = CARTESIAN_POINT('',(-6.641446525692,-0.51));
#2753 = VECTOR('',#2754,1.);
#2754 = DIRECTION('',(1.,-0.));
#2755 = ( GEOMETRIC_REPRESENTATION_CONTEXT(2) 
PARAMETRIC_REPRESENTATION_CONTEXT() REPRESENTATION_CONTEXT('2D SPACE',''
  ) );
#2756 = ORIENTED_EDGE('',*,*,#2616,.T.);
#2757 = ORIENTED_EDGE('',*,*,#1845,.T.);
#2758 = ADVANCED_FACE('',(#2759),#1919,.F.);
#2759 = FACE_BOUND('',#2760,.T.);
#2760 = EDGE_LOOP('',(#2761,#2762,#2791,#2816));
#2761 = ORIENTED_EDGE('',*,*,#2645,.T.);
#2762 = ORIENTED_EDGE('',*,*,#2763,.F.);
#2763 = EDGE_CURVE('',#2764,#2646,#2766,.T.);
#2764 = VERTEX_POINT('',#2765);
#2765 = CARTESIAN_POINT('',(-21.29546389828,44.4,1.7));
#2766 = SURFACE_CURVE('',#2767,(#2772,#2779),.PCURVE_S1.);
#2767 = CIRCLE('',#2768,3.15);
#2768 = AXIS2_PLACEMENT_3D('',#2769,#2770,#2771);
#2769 = CARTESIAN_POINT('',(-22.4,41.45,1.7));
#2770 = DIRECTION('',(0.,0.,1.));
#2771 = DIRECTION('',(1.,0.,0.));
#2772 = PCURVE('',#1919,#2773);
#2773 = DEFINITIONAL_REPRESENTATION('',(#2774),#2778);
#2774 = LINE('',#2775,#2776);
#2775 = CARTESIAN_POINT('',(-6.28318530718,0.));
#2776 = VECTOR('',#2777,1.);
#2777 = DIRECTION('',(1.,-0.));
#2778 = ( GEOMETRIC_REPRESENTATION_CONTEXT(2) 
PARAMETRIC_REPRESENTATION_CONTEXT() REPRESENTATION_CONTEXT('2D SPACE',''
  ) );
#2779 = PCURVE('',#2780,#2785);
#2780 = CYLINDRICAL_SURFACE('',#2781,3.15);
#2781 = AXIS2_PLACEMENT_3D('',#2782,#2783,#2784);
#2782 = CARTESIAN_POINT('',(-22.4,41.45,1.19));
#2783 = DIRECTION('',(-0.,-0.,-1.));
#2784 = DIRECTION('',(1.,0.,0.));
#2785 = DEFINITIONAL_REPRESENTATION('',(#2786),#2790);
#2786 = LINE('',#2787,#2788);
#2787 = CARTESIAN_POINT('',(-0.,-0.51));
#2788 = VECTOR('',#2789,1.);
#2789 = DIRECTION('',(-1.,0.));
#2790 = ( GEOMETRIC_REPRESENTATION_CONTEXT(2) 
PARAMETRIC_REPRESENTATION_CONTEXT() REPRESENTATION_CONTEXT('2D SPACE',''
  ) );
#2791 = ORIENTED_EDGE('',*,*,#2792,.T.);
#2792 = EDGE_CURVE('',#2764,#1878,#2793,.T.);
#2793 = SURFACE_CURVE('',#2794,(#2799,#2809),.PCURVE_S1.);
#2794 = PARABOLA('',#2795,7.071067811866E-02);
#2795 = AXIS2_PLACEMENT_3D('',#2796,#2797,#2798);
#2796 = CARTESIAN_POINT('',(-22.4,41.35,-1.35));
#2797 = DIRECTION('',(0.,0.707106781187,-0.707106781187));
#2798 = DIRECTION('',(0.,0.707106781187,0.707106781187));
#2799 = PCURVE('',#1919,#2800);
#2800 = DEFINITIONAL_REPRESENTATION('',(#2801),#2808);
#2801 = B_SPLINE_CURVE_WITH_KNOTS('',5,(#2802,#2803,#2804,#2805,#2806,
    #2807),.UNSPECIFIED.,.F.,.F.,(6,6),(1.104536101719,1.122497216032),
  .PIECEWISE_BEZIER_KNOTS.);
#2802 = CARTESIAN_POINT('',(-5.070650198897,-5.084821452783E-13));
#2803 = CARTESIAN_POINT('',(-5.069509810687,1.983869918588E-02));
#2804 = CARTESIAN_POINT('',(-5.068378400182,3.975804877913E-02));
#2805 = CARTESIAN_POINT('',(-5.067255827575,5.97580487792E-02));
#2806 = CARTESIAN_POINT('',(-5.066141957359,7.983869918614E-02));
#2807 = CARTESIAN_POINT('',(-5.065036658016,9.999999999991E-02));
#2808 = ( GEOMETRIC_REPRESENTATION_CONTEXT(2) 
PARAMETRIC_REPRESENTATION_CONTEXT() REPRESENTATION_CONTEXT('2D SPACE',''
  ) );
#2809 = PCURVE('',#2035,#2810);
#2810 = DEFINITIONAL_REPRESENTATION('',(#2811),#2815);
#2811 = B_SPLINE_CURVE_WITH_KNOTS('',2,(#2812,#2813,#2814),
  .UNSPECIFIED.,.F.,.F.,(3,3),(1.104536101719,1.122497216032),
  .PIECEWISE_BEZIER_KNOTS.);
#2812 = CARTESIAN_POINT('',(-7.220890552162E-13,-21.29546389828));
#2813 = CARTESIAN_POINT('',(7.014039362237E-02,-21.28648334112));
#2814 = CARTESIAN_POINT('',(0.141421356237,-21.27750278396));
#2815 = ( GEOMETRIC_REPRESENTATION_CONTEXT(2) 
PARAMETRIC_REPRESENTATION_CONTEXT() REPRESENTATION_CONTEXT('2D SPACE',''
  ) );
#2816 = ORIENTED_EDGE('',*,*,#1904,.F.);
#2817 = ADVANCED_FACE('',(#2818),#1977,.F.);
#2818 = FACE_BOUND('',#2819,.F.);
#2819 = EDGE_LOOP('',(#2820,#2821,#2849,#2874));
#2820 = ORIENTED_EDGE('',*,*,#2703,.T.);
#2821 = ORIENTED_EDGE('',*,*,#2822,.T.);
#2822 = EDGE_CURVE('',#2704,#2823,#2825,.T.);
#2823 = VERTEX_POINT('',#2824);
#2824 = CARTESIAN_POINT('',(25.35,40.345463898281,1.7));
#2825 = SURFACE_CURVE('',#2826,(#2830,#2837),.PCURVE_S1.);
#2826 = LINE('',#2827,#2828);
#2827 = CARTESIAN_POINT('',(25.35,0.,1.7));
#2828 = VECTOR('',#2829,1.);
#2829 = DIRECTION('',(0.,1.,0.));
#2830 = PCURVE('',#1977,#2831);
#2831 = DEFINITIONAL_REPRESENTATION('',(#2832),#2836);
#2832 = LINE('',#2833,#2834);
#2833 = CARTESIAN_POINT('',(0.,-0.));
#2834 = VECTOR('',#2835,1.);
#2835 = DIRECTION('',(-6.162975822039E-33,-1.));
#2836 = ( GEOMETRIC_REPRESENTATION_CONTEXT(2) 
PARAMETRIC_REPRESENTATION_CONTEXT() REPRESENTATION_CONTEXT('2D SPACE',''
  ) );
#2837 = PCURVE('',#2838,#2843);
#2838 = PLANE('',#2839);
#2839 = AXIS2_PLACEMENT_3D('',#2840,#2841,#2842);
#2840 = CARTESIAN_POINT('',(25.35,-44.4,1.2));
#2841 = DIRECTION('',(-1.,0.,0.));
#2842 = DIRECTION('',(0.,1.,0.));
#2843 = DEFINITIONAL_REPRESENTATION('',(#2844),#2848);
#2844 = LINE('',#2845,#2846);
#2845 = CARTESIAN_POINT('',(44.4,-0.5));
#2846 = VECTOR('',#2847,1.);
#2847 = DIRECTION('',(1.,0.));
#2848 = ( GEOMETRIC_REPRESENTATION_CONTEXT(2) 
PARAMETRIC_REPRESENTATION_CONTEXT() REPRESENTATION_CONTEXT('2D SPACE',''
  ) );
#2849 = ORIENTED_EDGE('',*,*,#2850,.T.);
#2850 = EDGE_CURVE('',#2823,#1935,#2851,.T.);
#2851 = SURFACE_CURVE('',#2852,(#2857,#2864),.PCURVE_S1.);
#2852 = PARABOLA('',#2853,7.071067811866E-02);
#2853 = AXIS2_PLACEMENT_3D('',#2854,#2855,#2856);
#2854 = CARTESIAN_POINT('',(22.3,41.45,-1.35));
#2855 = DIRECTION('',(0.707106781187,0.,-0.707106781187));
#2856 = DIRECTION('',(0.707106781187,0.,0.707106781187));
#2857 = PCURVE('',#1977,#2858);
#2858 = DEFINITIONAL_REPRESENTATION('',(#2859),#2863);
#2859 = B_SPLINE_CURVE_WITH_KNOTS('',2,(#2860,#2861,#2862),
  .UNSPECIFIED.,.F.,.F.,(3,3),(1.104536101719,1.122497216032),
  .PIECEWISE_BEZIER_KNOTS.);
#2860 = CARTESIAN_POINT('',(-1.715960706861E-12,-40.34546389828));
#2861 = CARTESIAN_POINT('',(7.014039362188E-02,-40.33648334112));
#2862 = CARTESIAN_POINT('',(0.141421356237,-40.32750278396));
#2863 = ( GEOMETRIC_REPRESENTATION_CONTEXT(2) 
PARAMETRIC_REPRESENTATION_CONTEXT() REPRESENTATION_CONTEXT('2D SPACE',''
  ) );
#2864 = PCURVE('',#2068,#2865);
#2865 = DEFINITIONAL_REPRESENTATION('',(#2866),#2873);
#2866 = B_SPLINE_CURVE_WITH_KNOTS('',5,(#2867,#2868,#2869,#2870,#2871,
    #2872),.UNSPECIFIED.,.F.,.F.,(6,6),(1.104536101719,1.122497216032),
  .PIECEWISE_BEZIER_KNOTS.);
#2867 = CARTESIAN_POINT('',(-6.641446525692,-1.207589583885E-12));
#2868 = CARTESIAN_POINT('',(-6.640306137482,1.983869918533E-02));
#2869 = CARTESIAN_POINT('',(-6.639174726977,3.97580487787E-02));
#2870 = CARTESIAN_POINT('',(-6.63805215437,5.975804877894E-02));
#2871 = CARTESIAN_POINT('',(-6.636938284153,7.983869918601E-02));
#2872 = CARTESIAN_POINT('',(-6.635832984811,9.999999999994E-02));
#2873 = ( GEOMETRIC_REPRESENTATION_CONTEXT(2) 
PARAMETRIC_REPRESENTATION_CONTEXT() REPRESENTATION_CONTEXT('2D SPACE',''
  ) );
#2874 = ORIENTED_EDGE('',*,*,#1963,.T.);
#2875 = ADVANCED_FACE('',(#2876),#2035,.F.);
#2876 = FACE_BOUND('',#2877,.F.);
#2877 = EDGE_LOOP('',(#2878,#2905,#2931,#2932));
#2878 = ORIENTED_EDGE('',*,*,#2879,.T.);
#2879 = EDGE_CURVE('',#1995,#2880,#2882,.T.);
#2880 = VERTEX_POINT('',#2881);
#2881 = CARTESIAN_POINT('',(21.295463898282,44.4,1.7));
#2882 = SURFACE_CURVE('',#2883,(#2888,#2895),.PCURVE_S1.);
#2883 = PARABOLA('',#2884,7.071067811866E-02);
#2884 = AXIS2_PLACEMENT_3D('',#2885,#2886,#2887);
#2885 = CARTESIAN_POINT('',(22.4,41.35,-1.35));
#2886 = DIRECTION('',(0.,0.707106781187,-0.707106781187));
#2887 = DIRECTION('',(0.,0.707106781187,0.707106781187));
#2888 = PCURVE('',#2035,#2889);
#2889 = DEFINITIONAL_REPRESENTATION('',(#2890),#2894);
#2890 = B_SPLINE_CURVE_WITH_KNOTS('',2,(#2891,#2892,#2893),
  .UNSPECIFIED.,.F.,.F.,(3,3),(-1.122497216032,-1.104536101718),
  .PIECEWISE_BEZIER_KNOTS.);
#2891 = CARTESIAN_POINT('',(0.141421356237,21.277502783968));
#2892 = CARTESIAN_POINT('',(7.014039362101E-02,21.286483341125));
#2893 = CARTESIAN_POINT('',(-3.420375094265E-12,21.295463898282));
#2894 = ( GEOMETRIC_REPRESENTATION_CONTEXT(2) 
PARAMETRIC_REPRESENTATION_CONTEXT() REPRESENTATION_CONTEXT('2D SPACE',''
  ) );
#2895 = PCURVE('',#2068,#2896);
#2896 = DEFINITIONAL_REPRESENTATION('',(#2897),#2904);
#2897 = B_SPLINE_CURVE_WITH_KNOTS('',5,(#2898,#2899,#2900,#2901,#2902,
    #2903),.UNSPECIFIED.,.F.,.F.,(6,6),(-1.122497216032,-1.104536101718)
  ,.PIECEWISE_BEZIER_KNOTS.);
#2898 = CARTESIAN_POINT('',(-4.359741302753,9.999999999992E-02));
#2899 = CARTESIAN_POINT('',(-4.358636003411,7.983869918576E-02));
#2900 = CARTESIAN_POINT('',(-4.357522133194,5.975804877844E-02));
#2901 = CARTESIAN_POINT('',(-4.356399560587,3.975804877797E-02));
#2902 = CARTESIAN_POINT('',(-4.355268150082,1.983869918435E-02));
#2903 = CARTESIAN_POINT('',(-4.354127761872,-2.419509037566E-12));
#2904 = ( GEOMETRIC_REPRESENTATION_CONTEXT(2) 
PARAMETRIC_REPRESENTATION_CONTEXT() REPRESENTATION_CONTEXT('2D SPACE',''
  ) );
#2905 = ORIENTED_EDGE('',*,*,#2906,.F.);
#2906 = EDGE_CURVE('',#2764,#2880,#2907,.T.);
#2907 = SURFACE_CURVE('',#2908,(#2912,#2919),.PCURVE_S1.);
#2908 = LINE('',#2909,#2910);
#2909 = CARTESIAN_POINT('',(0.,44.4,1.7));
#2910 = VECTOR('',#2911,1.);
#2911 = DIRECTION('',(1.,0.,0.));
#2912 = PCURVE('',#2035,#2913);
#2913 = DEFINITIONAL_REPRESENTATION('',(#2914),#2918);
#2914 = LINE('',#2915,#2916);
#2915 = CARTESIAN_POINT('',(0.,0.));
#2916 = VECTOR('',#2917,1.);
#2917 = DIRECTION('',(6.162975822039E-33,1.));
#2918 = ( GEOMETRIC_REPRESENTATION_CONTEXT(2) 
PARAMETRIC_REPRESENTATION_CONTEXT() REPRESENTATION_CONTEXT('2D SPACE',''
  ) );
#2919 = PCURVE('',#2920,#2925);
#2920 = PLANE('',#2921);
#2921 = AXIS2_PLACEMENT_3D('',#2922,#2923,#2924);
#2922 = CARTESIAN_POINT('',(25.35,44.4,1.2));
#2923 = DIRECTION('',(0.,-1.,0.));
#2924 = DIRECTION('',(-1.,0.,0.));
#2925 = DEFINITIONAL_REPRESENTATION('',(#2926),#2930);
#2926 = LINE('',#2927,#2928);
#2927 = CARTESIAN_POINT('',(25.35,-0.5));
#2928 = VECTOR('',#2929,1.);
#2929 = DIRECTION('',(-1.,-0.));
#2930 = ( GEOMETRIC_REPRESENTATION_CONTEXT(2) 
PARAMETRIC_REPRESENTATION_CONTEXT() REPRESENTATION_CONTEXT('2D SPACE',''
  ) );
#2931 = ORIENTED_EDGE('',*,*,#2792,.T.);
#2932 = ORIENTED_EDGE('',*,*,#2021,.T.);
#2933 = ADVANCED_FACE('',(#2934),#2068,.F.);
#2934 = FACE_BOUND('',#2935,.T.);
#2935 = EDGE_LOOP('',(#2936,#2937,#2964,#2965));
#2936 = ORIENTED_EDGE('',*,*,#2879,.T.);
#2937 = ORIENTED_EDGE('',*,*,#2938,.T.);
#2938 = EDGE_CURVE('',#2880,#2823,#2939,.T.);
#2939 = SURFACE_CURVE('',#2940,(#2945,#2952),.PCURVE_S1.);
#2940 = CIRCLE('',#2941,3.15);
#2941 = AXIS2_PLACEMENT_3D('',#2942,#2943,#2944);
#2942 = CARTESIAN_POINT('',(22.4,41.45,1.7));
#2943 = DIRECTION('',(0.,7.52693576017E-17,-1.));
#2944 = DIRECTION('',(-0.350646381498,0.936507936508,7.049035076985E-17)
  );
#2945 = PCURVE('',#2068,#2946);
#2946 = DEFINITIONAL_REPRESENTATION('',(#2947),#2951);
#2947 = LINE('',#2948,#2949);
#2948 = CARTESIAN_POINT('',(-4.354127761872,0.));
#2949 = VECTOR('',#2950,1.);
#2950 = DIRECTION('',(-1.,0.));
#2951 = ( GEOMETRIC_REPRESENTATION_CONTEXT(2) 
PARAMETRIC_REPRESENTATION_CONTEXT() REPRESENTATION_CONTEXT('2D SPACE',''
  ) );
#2952 = PCURVE('',#2953,#2958);
#2953 = CYLINDRICAL_SURFACE('',#2954,3.15);
#2954 = AXIS2_PLACEMENT_3D('',#2955,#2956,#2957);
#2955 = CARTESIAN_POINT('',(22.4,41.45,1.19));
#2956 = DIRECTION('',(-0.,-0.,-1.));
#2957 = DIRECTION('',(1.,0.,0.));
#2958 = DEFINITIONAL_REPRESENTATION('',(#2959),#2963);
#2959 = LINE('',#2960,#2961);
#2960 = CARTESIAN_POINT('',(-8.212242852487,-0.51));
#2961 = VECTOR('',#2962,1.);
#2962 = DIRECTION('',(1.,-0.));
#2963 = ( GEOMETRIC_REPRESENTATION_CONTEXT(2) 
PARAMETRIC_REPRESENTATION_CONTEXT() REPRESENTATION_CONTEXT('2D SPACE',''
  ) );
#2964 = ORIENTED_EDGE('',*,*,#2850,.T.);
#2965 = ORIENTED_EDGE('',*,*,#2053,.T.);
#2966 = ADVANCED_FACE('',(#2967,#3130,#3165,#3200,#3235,#3270,#3305,
    #3340,#3898,#3933),#2145,.F.);
#2967 = FACE_BOUND('',#2968,.F.);
#2968 = EDGE_LOOP('',(#2969,#2970,#2994,#3022,#3051,#3079,#3108,#3129));
#2969 = ORIENTED_EDGE('',*,*,#2131,.T.);
#2970 = ORIENTED_EDGE('',*,*,#2971,.T.);
#2971 = EDGE_CURVE('',#2106,#2972,#2974,.T.);
#2972 = VERTEX_POINT('',#2973);
#2973 = CARTESIAN_POINT('',(26.15,-41.45,0.));
#2974 = SURFACE_CURVE('',#2975,(#2980,#2987),.PCURVE_S1.);
#2975 = CIRCLE('',#2976,3.75);
#2976 = AXIS2_PLACEMENT_3D('',#2977,#2978,#2979);
#2977 = CARTESIAN_POINT('',(22.4,-41.45,0.));
#2978 = DIRECTION('',(0.,0.,1.));
#2979 = DIRECTION('',(0.,-1.,0.));
#2980 = PCURVE('',#2145,#2981);
#2981 = DEFINITIONAL_REPRESENTATION('',(#2982),#2986);
#2982 = CIRCLE('',#2983,3.75);
#2983 = AXIS2_PLACEMENT_2D('',#2984,#2985);
#2984 = CARTESIAN_POINT('',(22.4,-41.45));
#2985 = DIRECTION('',(0.,-1.));
#2986 = ( GEOMETRIC_REPRESENTATION_CONTEXT(2) 
PARAMETRIC_REPRESENTATION_CONTEXT() REPRESENTATION_CONTEXT('2D SPACE',''
  ) );
#2987 = PCURVE('',#2120,#2988);
#2988 = DEFINITIONAL_REPRESENTATION('',(#2989),#2993);
#2989 = LINE('',#2990,#2991);
#2990 = CARTESIAN_POINT('',(0.,-0.));
#2991 = VECTOR('',#2992,1.);
#2992 = DIRECTION('',(1.,-0.));
#2993 = ( GEOMETRIC_REPRESENTATION_CONTEXT(2) 
PARAMETRIC_REPRESENTATION_CONTEXT() REPRESENTATION_CONTEXT('2D SPACE',''
  ) );
#2994 = ORIENTED_EDGE('',*,*,#2995,.T.);
#2995 = EDGE_CURVE('',#2972,#2996,#2998,.T.);
#2996 = VERTEX_POINT('',#2997);
#2997 = CARTESIAN_POINT('',(26.15,41.45,-1.623701173514E-15));
#2998 = SURFACE_CURVE('',#2999,(#3003,#3010),.PCURVE_S1.);
#2999 = LINE('',#3000,#3001);
#3000 = CARTESIAN_POINT('',(26.15,-41.45,-3.469446951954E-18));
#3001 = VECTOR('',#3002,1.);
#3002 = DIRECTION('',(0.,1.,0.));
#3003 = PCURVE('',#2145,#3004);
#3004 = DEFINITIONAL_REPRESENTATION('',(#3005),#3009);
#3005 = LINE('',#3006,#3007);
#3006 = CARTESIAN_POINT('',(26.15,-41.45));
#3007 = VECTOR('',#3008,1.);
#3008 = DIRECTION('',(0.,1.));
#3009 = ( GEOMETRIC_REPRESENTATION_CONTEXT(2) 
PARAMETRIC_REPRESENTATION_CONTEXT() REPRESENTATION_CONTEXT('2D SPACE',''
  ) );
#3010 = PCURVE('',#3011,#3016);
#3011 = PLANE('',#3012);
#3012 = AXIS2_PLACEMENT_3D('',#3013,#3014,#3015);
#3013 = CARTESIAN_POINT('',(26.235355339059,-41.45,3.535533905933E-02));
#3014 = DIRECTION('',(0.382683432365,8.675097932626E-19,-0.923879532511)
  );
#3015 = DIRECTION('',(3.319816252961E-19,-1.,-8.014745422485E-19));
#3016 = DEFINITIONAL_REPRESENTATION('',(#3017),#3021);
#3017 = LINE('',#3018,#3019);
#3018 = CARTESIAN_POINT('',(-0.,9.238795325113E-02));
#3019 = VECTOR('',#3020,1.);
#3020 = DIRECTION('',(-1.,0.));
#3021 = ( GEOMETRIC_REPRESENTATION_CONTEXT(2) 
PARAMETRIC_REPRESENTATION_CONTEXT() REPRESENTATION_CONTEXT('2D SPACE',''
  ) );
#3022 = ORIENTED_EDGE('',*,*,#3023,.T.);
#3023 = EDGE_CURVE('',#2996,#3024,#3026,.T.);
#3024 = VERTEX_POINT('',#3025);
#3025 = CARTESIAN_POINT('',(22.4,45.2,0.));
#3026 = SURFACE_CURVE('',#3027,(#3032,#3039),.PCURVE_S1.);
#3027 = CIRCLE('',#3028,3.75);
#3028 = AXIS2_PLACEMENT_3D('',#3029,#3030,#3031);
#3029 = CARTESIAN_POINT('',(22.4,41.45,0.));
#3030 = DIRECTION('',(0.,0.,1.));
#3031 = DIRECTION('',(1.,0.,-0.));
#3032 = PCURVE('',#2145,#3033);
#3033 = DEFINITIONAL_REPRESENTATION('',(#3034),#3038);
#3034 = CIRCLE('',#3035,3.75);
#3035 = AXIS2_PLACEMENT_2D('',#3036,#3037);
#3036 = CARTESIAN_POINT('',(22.4,41.45));
#3037 = DIRECTION('',(1.,0.));
#3038 = ( GEOMETRIC_REPRESENTATION_CONTEXT(2) 
PARAMETRIC_REPRESENTATION_CONTEXT() REPRESENTATION_CONTEXT('2D SPACE',''
  ) );
#3039 = PCURVE('',#3040,#3045);
#3040 = CONICAL_SURFACE('',#3041,3.75,1.178097245096);
#3041 = AXIS2_PLACEMENT_3D('',#3042,#3043,#3044);
#3042 = CARTESIAN_POINT('',(22.4,41.45,0.));
#3043 = DIRECTION('',(0.,0.,1.));
#3044 = DIRECTION('',(1.,0.,-0.));
#3045 = DEFINITIONAL_REPRESENTATION('',(#3046),#3050);
#3046 = LINE('',#3047,#3048);
#3047 = CARTESIAN_POINT('',(0.,-0.));
#3048 = VECTOR('',#3049,1.);
#3049 = DIRECTION('',(1.,-0.));
#3050 = ( GEOMETRIC_REPRESENTATION_CONTEXT(2) 
PARAMETRIC_REPRESENTATION_CONTEXT() REPRESENTATION_CONTEXT('2D SPACE',''
  ) );
#3051 = ORIENTED_EDGE('',*,*,#3052,.T.);
#3052 = EDGE_CURVE('',#3024,#3053,#3055,.T.);
#3053 = VERTEX_POINT('',#3054);
#3054 = CARTESIAN_POINT('',(-22.4,45.2,-1.096345236817E-15));
#3055 = SURFACE_CURVE('',#3056,(#3060,#3067),.PCURVE_S1.);
#3056 = LINE('',#3057,#3058);
#3057 = CARTESIAN_POINT('',(22.4,45.2,-3.469446951954E-18));
#3058 = VECTOR('',#3059,1.);
#3059 = DIRECTION('',(-1.,0.,0.));
#3060 = PCURVE('',#2145,#3061);
#3061 = DEFINITIONAL_REPRESENTATION('',(#3062),#3066);
#3062 = LINE('',#3063,#3064);
#3063 = CARTESIAN_POINT('',(22.4,45.2));
#3064 = VECTOR('',#3065,1.);
#3065 = DIRECTION('',(-1.,0.));
#3066 = ( GEOMETRIC_REPRESENTATION_CONTEXT(2) 
PARAMETRIC_REPRESENTATION_CONTEXT() REPRESENTATION_CONTEXT('2D SPACE',''
  ) );
#3067 = PCURVE('',#3068,#3073);
#3068 = PLANE('',#3069);
#3069 = AXIS2_PLACEMENT_3D('',#3070,#3071,#3072);
#3070 = CARTESIAN_POINT('',(22.4,45.285355339059,3.535533905933E-02));
#3071 = DIRECTION('',(8.675097932626E-19,0.382683432365,-0.923879532511)
  );
#3072 = DIRECTION('',(1.,-3.319816252961E-19,8.014745422485E-19));
#3073 = DEFINITIONAL_REPRESENTATION('',(#3074),#3078);
#3074 = LINE('',#3075,#3076);
#3075 = CARTESIAN_POINT('',(-0.,9.238795325113E-02));
#3076 = VECTOR('',#3077,1.);
#3077 = DIRECTION('',(-1.,0.));
#3078 = ( GEOMETRIC_REPRESENTATION_CONTEXT(2) 
PARAMETRIC_REPRESENTATION_CONTEXT() REPRESENTATION_CONTEXT('2D SPACE',''
  ) );
#3079 = ORIENTED_EDGE('',*,*,#3080,.T.);
#3080 = EDGE_CURVE('',#3053,#3081,#3083,.T.);
#3081 = VERTEX_POINT('',#3082);
#3082 = CARTESIAN_POINT('',(-26.15,41.45,0.));
#3083 = SURFACE_CURVE('',#3084,(#3089,#3096),.PCURVE_S1.);
#3084 = CIRCLE('',#3085,3.75);
#3085 = AXIS2_PLACEMENT_3D('',#3086,#3087,#3088);
#3086 = CARTESIAN_POINT('',(-22.4,41.45,0.));
#3087 = DIRECTION('',(0.,-0.,1.));
#3088 = DIRECTION('',(0.,1.,0.));
#3089 = PCURVE('',#2145,#3090);
#3090 = DEFINITIONAL_REPRESENTATION('',(#3091),#3095);
#3091 = CIRCLE('',#3092,3.75);
#3092 = AXIS2_PLACEMENT_2D('',#3093,#3094);
#3093 = CARTESIAN_POINT('',(-22.4,41.45));
#3094 = DIRECTION('',(0.,1.));
#3095 = ( GEOMETRIC_REPRESENTATION_CONTEXT(2) 
PARAMETRIC_REPRESENTATION_CONTEXT() REPRESENTATION_CONTEXT('2D SPACE',''
  ) );
#3096 = PCURVE('',#3097,#3102);
#3097 = CONICAL_SURFACE('',#3098,3.75,1.178097245096);
#3098 = AXIS2_PLACEMENT_3D('',#3099,#3100,#3101);
#3099 = CARTESIAN_POINT('',(-22.4,41.45,0.));
#3100 = DIRECTION('',(0.,0.,1.));
#3101 = DIRECTION('',(0.,1.,0.));
#3102 = DEFINITIONAL_REPRESENTATION('',(#3103),#3107);
#3103 = LINE('',#3104,#3105);
#3104 = CARTESIAN_POINT('',(0.,-0.));
#3105 = VECTOR('',#3106,1.);
#3106 = DIRECTION('',(1.,-0.));
#3107 = ( GEOMETRIC_REPRESENTATION_CONTEXT(2) 
PARAMETRIC_REPRESENTATION_CONTEXT() REPRESENTATION_CONTEXT('2D SPACE',''
  ) );
#3108 = ORIENTED_EDGE('',*,*,#3109,.T.);
#3109 = EDGE_CURVE('',#3081,#2455,#3110,.T.);
#3110 = SURFACE_CURVE('',#3111,(#3115,#3122),.PCURVE_S1.);
#3111 = LINE('',#3112,#3113);
#3112 = CARTESIAN_POINT('',(-26.15,41.45,-3.469446951954E-18));
#3113 = VECTOR('',#3114,1.);
#3114 = DIRECTION('',(0.,-1.,0.));
#3115 = PCURVE('',#2145,#3116);
#3116 = DEFINITIONAL_REPRESENTATION('',(#3117),#3121);
#3117 = LINE('',#3118,#3119);
#3118 = CARTESIAN_POINT('',(-26.15,41.45));
#3119 = VECTOR('',#3120,1.);
#3120 = DIRECTION('',(0.,-1.));
#3121 = ( GEOMETRIC_REPRESENTATION_CONTEXT(2) 
PARAMETRIC_REPRESENTATION_CONTEXT() REPRESENTATION_CONTEXT('2D SPACE',''
  ) );
#3122 = PCURVE('',#2439,#3123);
#3123 = DEFINITIONAL_REPRESENTATION('',(#3124),#3128);
#3124 = LINE('',#3125,#3126);
#3125 = CARTESIAN_POINT('',(-0.,9.238795325113E-02));
#3126 = VECTOR('',#3127,1.);
#3127 = DIRECTION('',(-1.,0.));
#3128 = ( GEOMETRIC_REPRESENTATION_CONTEXT(2) 
PARAMETRIC_REPRESENTATION_CONTEXT() REPRESENTATION_CONTEXT('2D SPACE',''
  ) );
#3129 = ORIENTED_EDGE('',*,*,#2477,.T.);
#3130 = FACE_BOUND('',#3131,.F.);
#3131 = EDGE_LOOP('',(#3132));
#3132 = ORIENTED_EDGE('',*,*,#3133,.T.);
#3133 = EDGE_CURVE('',#3134,#3134,#3136,.T.);
#3134 = VERTEX_POINT('',#3135);
#3135 = CARTESIAN_POINT('',(-20.93,-41.58,7.077671781985E-16));
#3136 = SURFACE_CURVE('',#3137,(#3142,#3153),.PCURVE_S1.);
#3137 = CIRCLE('',#3138,1.6);
#3138 = AXIS2_PLACEMENT_3D('',#3139,#3140,#3141);
#3139 = CARTESIAN_POINT('',(-22.53,-41.58,0.));
#3140 = DIRECTION('',(0.,0.,-1.));
#3141 = DIRECTION('',(1.,0.,0.));
#3142 = PCURVE('',#2145,#3143);
#3143 = DEFINITIONAL_REPRESENTATION('',(#3144),#3152);
#3144 = ( BOUNDED_CURVE() B_SPLINE_CURVE(2,(#3145,#3146,#3147,#3148,
#3149,#3150,#3151),.UNSPECIFIED.,.T.,.F.) B_SPLINE_CURVE_WITH_KNOTS((1,2
    ,2,2,2,1),(-2.094395102393,0.,2.094395102393,4.188790204786,
6.28318530718,8.377580409573),.UNSPECIFIED.) CURVE() 
GEOMETRIC_REPRESENTATION_ITEM() RATIONAL_B_SPLINE_CURVE((1.,0.5,1.,0.5,
1.,0.5,1.)) REPRESENTATION_ITEM('') );
#3145 = CARTESIAN_POINT('',(-20.93,-41.58));
#3146 = CARTESIAN_POINT('',(-20.93,-44.35128129211));
#3147 = CARTESIAN_POINT('',(-23.33,-42.96564064605));
#3148 = CARTESIAN_POINT('',(-25.73,-41.58));
#3149 = CARTESIAN_POINT('',(-23.33,-40.19435935394));
#3150 = CARTESIAN_POINT('',(-20.93,-38.80871870789));
#3151 = CARTESIAN_POINT('',(-20.93,-41.58));
#3152 = ( GEOMETRIC_REPRESENTATION_CONTEXT(2) 
PARAMETRIC_REPRESENTATION_CONTEXT() REPRESENTATION_CONTEXT('2D SPACE',''
  ) );
#3153 = PCURVE('',#3154,#3159);
#3154 = CONICAL_SURFACE('',#3155,1.5,0.785398163397);
#3155 = AXIS2_PLACEMENT_3D('',#3156,#3157,#3158);
#3156 = CARTESIAN_POINT('',(-22.53,-41.58,0.1));
#3157 = DIRECTION('',(-0.,-0.,-1.));
#3158 = DIRECTION('',(1.,0.,0.));
#3159 = DEFINITIONAL_REPRESENTATION('',(#3160),#3164);
#3160 = LINE('',#3161,#3162);
#3161 = CARTESIAN_POINT('',(-0.,1.E-01));
#3162 = VECTOR('',#3163,1.);
#3163 = DIRECTION('',(1.,-0.));
#3164 = ( GEOMETRIC_REPRESENTATION_CONTEXT(2) 
PARAMETRIC_REPRESENTATION_CONTEXT() REPRESENTATION_CONTEXT('2D SPACE',''
  ) );
#3165 = FACE_BOUND('',#3166,.F.);
#3166 = EDGE_LOOP('',(#3167));
#3167 = ORIENTED_EDGE('',*,*,#3168,.T.);
#3168 = EDGE_CURVE('',#3169,#3169,#3171,.T.);
#3169 = VERTEX_POINT('',#3170);
#3170 = CARTESIAN_POINT('',(-20.93,-15.82,7.077671781985E-16));
#3171 = SURFACE_CURVE('',#3172,(#3177,#3188),.PCURVE_S1.);
#3172 = CIRCLE('',#3173,1.6);
#3173 = AXIS2_PLACEMENT_3D('',#3174,#3175,#3176);
#3174 = CARTESIAN_POINT('',(-22.53,-15.82,0.));
#3175 = DIRECTION('',(0.,0.,-1.));
#3176 = DIRECTION('',(1.,0.,0.));
#3177 = PCURVE('',#2145,#3178);
#3178 = DEFINITIONAL_REPRESENTATION('',(#3179),#3187);
#3179 = ( BOUNDED_CURVE() B_SPLINE_CURVE(2,(#3180,#3181,#3182,#3183,
#3184,#3185,#3186),.UNSPECIFIED.,.T.,.F.) B_SPLINE_CURVE_WITH_KNOTS((1,2
    ,2,2,2,1),(-2.094395102393,0.,2.094395102393,4.188790204786,
6.28318530718,8.377580409573),.UNSPECIFIED.) CURVE() 
GEOMETRIC_REPRESENTATION_ITEM() RATIONAL_B_SPLINE_CURVE((1.,0.5,1.,0.5,
1.,0.5,1.)) REPRESENTATION_ITEM('') );
#3180 = CARTESIAN_POINT('',(-20.93,-15.82));
#3181 = CARTESIAN_POINT('',(-20.93,-18.59128129211));
#3182 = CARTESIAN_POINT('',(-23.33,-17.20564064605));
#3183 = CARTESIAN_POINT('',(-25.73,-15.82));
#3184 = CARTESIAN_POINT('',(-23.33,-14.43435935394));
#3185 = CARTESIAN_POINT('',(-20.93,-13.04871870789));
#3186 = CARTESIAN_POINT('',(-20.93,-15.82));
#3187 = ( GEOMETRIC_REPRESENTATION_CONTEXT(2) 
PARAMETRIC_REPRESENTATION_CONTEXT() REPRESENTATION_CONTEXT('2D SPACE',''
  ) );
#3188 = PCURVE('',#3189,#3194);
#3189 = CONICAL_SURFACE('',#3190,1.5,0.785398163397);
#3190 = AXIS2_PLACEMENT_3D('',#3191,#3192,#3193);
#3191 = CARTESIAN_POINT('',(-22.53,-15.82,0.1));
#3192 = DIRECTION('',(-0.,-0.,-1.));
#3193 = DIRECTION('',(1.,0.,0.));
#3194 = DEFINITIONAL_REPRESENTATION('',(#3195),#3199);
#3195 = LINE('',#3196,#3197);
#3196 = CARTESIAN_POINT('',(-0.,1.E-01));
#3197 = VECTOR('',#3198,1.);
#3198 = DIRECTION('',(1.,-0.));
#3199 = ( GEOMETRIC_REPRESENTATION_CONTEXT(2) 
PARAMETRIC_REPRESENTATION_CONTEXT() REPRESENTATION_CONTEXT('2D SPACE',''
  ) );
#3200 = FACE_BOUND('',#3201,.F.);
#3201 = EDGE_LOOP('',(#3202));
#3202 = ORIENTED_EDGE('',*,*,#3203,.T.);
#3203 = EDGE_CURVE('',#3204,#3204,#3206,.T.);
#3204 = VERTEX_POINT('',#3205);
#3205 = CARTESIAN_POINT('',(24.13,-41.58,7.077671781985E-16));
#3206 = SURFACE_CURVE('',#3207,(#3212,#3223),.PCURVE_S1.);
#3207 = CIRCLE('',#3208,1.6);
#3208 = AXIS2_PLACEMENT_3D('',#3209,#3210,#3211);
#3209 = CARTESIAN_POINT('',(22.53,-41.58,0.));
#3210 = DIRECTION('',(0.,0.,-1.));
#3211 = DIRECTION('',(1.,0.,0.));
#3212 = PCURVE('',#2145,#3213);
#3213 = DEFINITIONAL_REPRESENTATION('',(#3214),#3222);
#3214 = ( BOUNDED_CURVE() B_SPLINE_CURVE(2,(#3215,#3216,#3217,#3218,
#3219,#3220,#3221),.UNSPECIFIED.,.T.,.F.) B_SPLINE_CURVE_WITH_KNOTS((1,2
    ,2,2,2,1),(-2.094395102393,0.,2.094395102393,4.188790204786,
6.28318530718,8.377580409573),.UNSPECIFIED.) CURVE() 
GEOMETRIC_REPRESENTATION_ITEM() RATIONAL_B_SPLINE_CURVE((1.,0.5,1.,0.5,
1.,0.5,1.)) REPRESENTATION_ITEM('') );
#3215 = CARTESIAN_POINT('',(24.13,-41.58));
#3216 = CARTESIAN_POINT('',(24.13,-44.35128129211));
#3217 = CARTESIAN_POINT('',(21.73,-42.96564064605));
#3218 = CARTESIAN_POINT('',(19.33,-41.58));
#3219 = CARTESIAN_POINT('',(21.73,-40.19435935394));
#3220 = CARTESIAN_POINT('',(24.13,-38.80871870789));
#3221 = CARTESIAN_POINT('',(24.13,-41.58));
#3222 = ( GEOMETRIC_REPRESENTATION_CONTEXT(2) 
PARAMETRIC_REPRESENTATION_CONTEXT() REPRESENTATION_CONTEXT('2D SPACE',''
  ) );
#3223 = PCURVE('',#3224,#3229);
#3224 = CONICAL_SURFACE('',#3225,1.5,0.785398163397);
#3225 = AXIS2_PLACEMENT_3D('',#3226,#3227,#3228);
#3226 = CARTESIAN_POINT('',(22.53,-41.58,0.1));
#3227 = DIRECTION('',(-0.,-0.,-1.));
#3228 = DIRECTION('',(1.,0.,0.));
#3229 = DEFINITIONAL_REPRESENTATION('',(#3230),#3234);
#3230 = LINE('',#3231,#3232);
#3231 = CARTESIAN_POINT('',(-0.,1.E-01));
#3232 = VECTOR('',#3233,1.);
#3233 = DIRECTION('',(1.,-0.));
#3234 = ( GEOMETRIC_REPRESENTATION_CONTEXT(2) 
PARAMETRIC_REPRESENTATION_CONTEXT() REPRESENTATION_CONTEXT('2D SPACE',''
  ) );
#3235 = FACE_BOUND('',#3236,.F.);
#3236 = EDGE_LOOP('',(#3237));
#3237 = ORIENTED_EDGE('',*,*,#3238,.T.);
#3238 = EDGE_CURVE('',#3239,#3239,#3241,.T.);
#3239 = VERTEX_POINT('',#3240);
#3240 = CARTESIAN_POINT('',(24.13,-15.82,7.077671781985E-16));
#3241 = SURFACE_CURVE('',#3242,(#3247,#3258),.PCURVE_S1.);
#3242 = CIRCLE('',#3243,1.6);
#3243 = AXIS2_PLACEMENT_3D('',#3244,#3245,#3246);
#3244 = CARTESIAN_POINT('',(22.53,-15.82,0.));
#3245 = DIRECTION('',(0.,0.,-1.));
#3246 = DIRECTION('',(1.,0.,0.));
#3247 = PCURVE('',#2145,#3248);
#3248 = DEFINITIONAL_REPRESENTATION('',(#3249),#3257);
#3249 = ( BOUNDED_CURVE() B_SPLINE_CURVE(2,(#3250,#3251,#3252,#3253,
#3254,#3255,#3256),.UNSPECIFIED.,.T.,.F.) B_SPLINE_CURVE_WITH_KNOTS((1,2
    ,2,2,2,1),(-2.094395102393,0.,2.094395102393,4.188790204786,
6.28318530718,8.377580409573),.UNSPECIFIED.) CURVE() 
GEOMETRIC_REPRESENTATION_ITEM() RATIONAL_B_SPLINE_CURVE((1.,0.5,1.,0.5,
1.,0.5,1.)) REPRESENTATION_ITEM('') );
#3250 = CARTESIAN_POINT('',(24.13,-15.82));
#3251 = CARTESIAN_POINT('',(24.13,-18.59128129211));
#3252 = CARTESIAN_POINT('',(21.73,-17.20564064605));
#3253 = CARTESIAN_POINT('',(19.33,-15.82));
#3254 = CARTESIAN_POINT('',(21.73,-14.43435935394));
#3255 = CARTESIAN_POINT('',(24.13,-13.04871870789));
#3256 = CARTESIAN_POINT('',(24.13,-15.82));
#3257 = ( GEOMETRIC_REPRESENTATION_CONTEXT(2) 
PARAMETRIC_REPRESENTATION_CONTEXT() REPRESENTATION_CONTEXT('2D SPACE',''
  ) );
#3258 = PCURVE('',#3259,#3264);
#3259 = CONICAL_SURFACE('',#3260,1.5,0.785398163397);
#3260 = AXIS2_PLACEMENT_3D('',#3261,#3262,#3263);
#3261 = CARTESIAN_POINT('',(22.53,-15.82,0.1));
#3262 = DIRECTION('',(-0.,-0.,-1.));
#3263 = DIRECTION('',(1.,0.,0.));
#3264 = DEFINITIONAL_REPRESENTATION('',(#3265),#3269);
#3265 = LINE('',#3266,#3267);
#3266 = CARTESIAN_POINT('',(-0.,1.E-01));
#3267 = VECTOR('',#3268,1.);
#3268 = DIRECTION('',(1.,-0.));
#3269 = ( GEOMETRIC_REPRESENTATION_CONTEXT(2) 
PARAMETRIC_REPRESENTATION_CONTEXT() REPRESENTATION_CONTEXT('2D SPACE',''
  ) );
#3270 = FACE_BOUND('',#3271,.F.);
#3271 = EDGE_LOOP('',(#3272));
#3272 = ORIENTED_EDGE('',*,*,#3273,.T.);
#3273 = EDGE_CURVE('',#3274,#3274,#3276,.T.);
#3274 = VERTEX_POINT('',#3275);
#3275 = CARTESIAN_POINT('',(-20.93,15.82,7.077671781985E-16));
#3276 = SURFACE_CURVE('',#3277,(#3282,#3293),.PCURVE_S1.);
#3277 = CIRCLE('',#3278,1.6);
#3278 = AXIS2_PLACEMENT_3D('',#3279,#3280,#3281);
#3279 = CARTESIAN_POINT('',(-22.53,15.82,0.));
#3280 = DIRECTION('',(0.,0.,-1.));
#3281 = DIRECTION('',(1.,0.,0.));
#3282 = PCURVE('',#2145,#3283);
#3283 = DEFINITIONAL_REPRESENTATION('',(#3284),#3292);
#3284 = ( BOUNDED_CURVE() B_SPLINE_CURVE(2,(#3285,#3286,#3287,#3288,
#3289,#3290,#3291),.UNSPECIFIED.,.T.,.F.) B_SPLINE_CURVE_WITH_KNOTS((1,2
    ,2,2,2,1),(-2.094395102393,0.,2.094395102393,4.188790204786,
6.28318530718,8.377580409573),.UNSPECIFIED.) CURVE() 
GEOMETRIC_REPRESENTATION_ITEM() RATIONAL_B_SPLINE_CURVE((1.,0.5,1.,0.5,
1.,0.5,1.)) REPRESENTATION_ITEM('') );
#3285 = CARTESIAN_POINT('',(-20.93,15.82));
#3286 = CARTESIAN_POINT('',(-20.93,13.04871870789));
#3287 = CARTESIAN_POINT('',(-23.33,14.434359353945));
#3288 = CARTESIAN_POINT('',(-25.73,15.82));
#3289 = CARTESIAN_POINT('',(-23.33,17.205640646055));
#3290 = CARTESIAN_POINT('',(-20.93,18.59128129211));
#3291 = CARTESIAN_POINT('',(-20.93,15.82));
#3292 = ( GEOMETRIC_REPRESENTATION_CONTEXT(2) 
PARAMETRIC_REPRESENTATION_CONTEXT() REPRESENTATION_CONTEXT('2D SPACE',''
  ) );
#3293 = PCURVE('',#3294,#3299);
#3294 = CONICAL_SURFACE('',#3295,1.5,0.785398163397);
#3295 = AXIS2_PLACEMENT_3D('',#3296,#3297,#3298);
#3296 = CARTESIAN_POINT('',(-22.53,15.82,0.1));
#3297 = DIRECTION('',(-0.,-0.,-1.));
#3298 = DIRECTION('',(1.,0.,0.));
#3299 = DEFINITIONAL_REPRESENTATION('',(#3300),#3304);
#3300 = LINE('',#3301,#3302);
#3301 = CARTESIAN_POINT('',(-0.,1.E-01));
#3302 = VECTOR('',#3303,1.);
#3303 = DIRECTION('',(1.,-0.));
#3304 = ( GEOMETRIC_REPRESENTATION_CONTEXT(2) 
PARAMETRIC_REPRESENTATION_CONTEXT() REPRESENTATION_CONTEXT('2D SPACE',''
  ) );
#3305 = FACE_BOUND('',#3306,.F.);
#3306 = EDGE_LOOP('',(#3307));
#3307 = ORIENTED_EDGE('',*,*,#3308,.T.);
#3308 = EDGE_CURVE('',#3309,#3309,#3311,.T.);
#3309 = VERTEX_POINT('',#3310);
#3310 = CARTESIAN_POINT('',(-20.93,41.58,7.077671781985E-16));
#3311 = SURFACE_CURVE('',#3312,(#3317,#3328),.PCURVE_S1.);
#3312 = CIRCLE('',#3313,1.6);
#3313 = AXIS2_PLACEMENT_3D('',#3314,#3315,#3316);
#3314 = CARTESIAN_POINT('',(-22.53,41.58,0.));
#3315 = DIRECTION('',(0.,0.,-1.));
#3316 = DIRECTION('',(1.,0.,0.));
#3317 = PCURVE('',#2145,#3318);
#3318 = DEFINITIONAL_REPRESENTATION('',(#3319),#3327);
#3319 = ( BOUNDED_CURVE() B_SPLINE_CURVE(2,(#3320,#3321,#3322,#3323,
#3324,#3325,#3326),.UNSPECIFIED.,.T.,.F.) B_SPLINE_CURVE_WITH_KNOTS((1,2
    ,2,2,2,1),(-2.094395102393,0.,2.094395102393,4.188790204786,
6.28318530718,8.377580409573),.UNSPECIFIED.) CURVE() 
GEOMETRIC_REPRESENTATION_ITEM() RATIONAL_B_SPLINE_CURVE((1.,0.5,1.,0.5,
1.,0.5,1.)) REPRESENTATION_ITEM('') );
#3320 = CARTESIAN_POINT('',(-20.93,41.58));
#3321 = CARTESIAN_POINT('',(-20.93,38.80871870789));
#3322 = CARTESIAN_POINT('',(-23.33,40.194359353945));
#3323 = CARTESIAN_POINT('',(-25.73,41.58));
#3324 = CARTESIAN_POINT('',(-23.33,42.965640646055));
#3325 = CARTESIAN_POINT('',(-20.93,44.35128129211));
#3326 = CARTESIAN_POINT('',(-20.93,41.58));
#3327 = ( GEOMETRIC_REPRESENTATION_CONTEXT(2) 
PARAMETRIC_REPRESENTATION_CONTEXT() REPRESENTATION_CONTEXT('2D SPACE',''
  ) );
#3328 = PCURVE('',#3329,#3334);
#3329 = CONICAL_SURFACE('',#3330,1.5,0.785398163397);
#3330 = AXIS2_PLACEMENT_3D('',#3331,#3332,#3333);
#3331 = CARTESIAN_POINT('',(-22.53,41.58,0.1));
#3332 = DIRECTION('',(-0.,-0.,-1.));
#3333 = DIRECTION('',(1.,0.,0.));
#3334 = DEFINITIONAL_REPRESENTATION('',(#3335),#3339);
#3335 = LINE('',#3336,#3337);
#3336 = CARTESIAN_POINT('',(-0.,1.E-01));
#3337 = VECTOR('',#3338,1.);
#3338 = DIRECTION('',(1.,-0.));
#3339 = ( GEOMETRIC_REPRESENTATION_CONTEXT(2) 
PARAMETRIC_REPRESENTATION_CONTEXT() REPRESENTATION_CONTEXT('2D SPACE',''
  ) );
#3340 = FACE_BOUND('',#3341,.F.);
#3341 = EDGE_LOOP('',(#3342,#3372,#3405,#3433,#3461,#3494,#3522,#3555,
    #3583,#3616,#3644,#3672,#3701,#3729,#3758,#3786,#3815,#3843,#3872));
#3342 = ORIENTED_EDGE('',*,*,#3343,.F.);
#3343 = EDGE_CURVE('',#3344,#3346,#3348,.T.);
#3344 = VERTEX_POINT('',#3345);
#3345 = CARTESIAN_POINT('',(-20.22538851203,-42.54889931857,
    -3.323730179972E-15));
#3346 = VERTEX_POINT('',#3347);
#3347 = CARTESIAN_POINT('',(-19.70020953989,-42.54999978046,
    -3.17801340799E-15));
#3348 = SURFACE_CURVE('',#3349,(#3353,#3360),.PCURVE_S1.);
#3349 = LINE('',#3350,#3351);
#3350 = CARTESIAN_POINT('',(-20.07980480343,-42.54920437519,0.));
#3351 = VECTOR('',#3352,1.);
#3352 = DIRECTION('',(0.999997804649,-2.095398973349E-03,0.));
#3353 = PCURVE('',#2145,#3354);
#3354 = DEFINITIONAL_REPRESENTATION('',(#3355),#3359);
#3355 = LINE('',#3356,#3357);
#3356 = CARTESIAN_POINT('',(-20.07980480343,-42.54920437519));
#3357 = VECTOR('',#3358,1.);
#3358 = DIRECTION('',(0.999997804649,-2.095398973349E-03));
#3359 = ( GEOMETRIC_REPRESENTATION_CONTEXT(2) 
PARAMETRIC_REPRESENTATION_CONTEXT() REPRESENTATION_CONTEXT('2D SPACE',''
  ) );
#3360 = PCURVE('',#3361,#3366);
#3361 = PLANE('',#3362);
#3362 = AXIS2_PLACEMENT_3D('',#3363,#3364,#3365);
#3363 = CARTESIAN_POINT('',(-20.07970003348,-42.49920448496,5.E-02));
#3364 = DIRECTION('',(1.481670823347E-03,0.707105228839,-0.707106781187)
  );
#3365 = DIRECTION('',(-0.999997804649,2.09539897335E-03,
    -2.656295322589E-16));
#3366 = DEFINITIONAL_REPRESENTATION('',(#3367),#3371);
#3367 = LINE('',#3368,#3369);
#3368 = CARTESIAN_POINT('',(-3.552713678801E-15,-7.071067811866E-02));
#3369 = VECTOR('',#3370,1.);
#3370 = DIRECTION('',(-1.,0.));
#3371 = ( GEOMETRIC_REPRESENTATION_CONTEXT(2) 
PARAMETRIC_REPRESENTATION_CONTEXT() REPRESENTATION_CONTEXT('2D SPACE',''
  ) );
#3372 = ORIENTED_EDGE('',*,*,#3373,.F.);
#3373 = EDGE_CURVE('',#3374,#3344,#3376,.T.);
#3374 = VERTEX_POINT('',#3375);
#3375 = CARTESIAN_POINT('',(-22.99811197102,-39.12421678835,
    7.077671781985E-16));
#3376 = SURFACE_CURVE('',#3377,(#3382,#3393),.PCURVE_S1.);
#3377 = CIRCLE('',#3378,2.5);
#3378 = AXIS2_PLACEMENT_3D('',#3379,#3380,#3381);
#3379 = CARTESIAN_POINT('',(-22.53,-41.58,0.));
#3380 = DIRECTION('',(-0.,0.,-1.));
#3381 = DIRECTION('',(-0.141636311878,0.989918761898,0.));
#3382 = PCURVE('',#2145,#3383);
#3383 = DEFINITIONAL_REPRESENTATION('',(#3384),#3392);
#3384 = ( BOUNDED_CURVE() B_SPLINE_CURVE(2,(#3385,#3386,#3387,#3388,
#3389,#3390,#3391),.UNSPECIFIED.,.T.,.F.) B_SPLINE_CURVE_WITH_KNOTS((1,2
    ,2,2,2,1),(-2.094395102393,0.,2.094395102393,4.188790204786,
6.28318530718,8.377580409573),.UNSPECIFIED.) CURVE() 
GEOMETRIC_REPRESENTATION_ITEM() RATIONAL_B_SPLINE_CURVE((1.,0.5,1.,0.5,
1.,0.5,1.)) REPRESENTATION_ITEM('') );
#3385 = CARTESIAN_POINT('',(-22.88409077969,-39.10520309525));
#3386 = CARTESIAN_POINT('',(-18.59761680226,-38.49189987433));
#3387 = CARTESIAN_POINT('',(-20.20971762143,-42.51074684191));
#3388 = CARTESIAN_POINT('',(-21.82181844061,-46.52959380949));
#3389 = CARTESIAN_POINT('',(-24.49619159886,-43.12405006283));
#3390 = CARTESIAN_POINT('',(-27.17056475712,-39.71850631617));
#3391 = CARTESIAN_POINT('',(-22.88409077969,-39.10520309525));
#3392 = ( GEOMETRIC_REPRESENTATION_CONTEXT(2) 
PARAMETRIC_REPRESENTATION_CONTEXT() REPRESENTATION_CONTEXT('2D SPACE',''
  ) );
#3393 = PCURVE('',#3394,#3399);
#3394 = CONICAL_SURFACE('',#3395,2.6,0.785398163397);
#3395 = AXIS2_PLACEMENT_3D('',#3396,#3397,#3398);
#3396 = CARTESIAN_POINT('',(-22.53,-41.58,0.1));
#3397 = DIRECTION('',(0.,0.,1.));
#3398 = DIRECTION('',(-0.141636311878,0.989918761898,0.));
#3399 = DEFINITIONAL_REPRESENTATION('',(#3400),#3404);
#3400 = LINE('',#3401,#3402);
#3401 = CARTESIAN_POINT('',(-0.,-1.E-01));
#3402 = VECTOR('',#3403,1.);
#3403 = DIRECTION('',(-1.,0.));
#3404 = ( GEOMETRIC_REPRESENTATION_CONTEXT(2) 
PARAMETRIC_REPRESENTATION_CONTEXT() REPRESENTATION_CONTEXT('2D SPACE',''
  ) );
#3405 = ORIENTED_EDGE('',*,*,#3406,.F.);
#3406 = EDGE_CURVE('',#3407,#3374,#3409,.T.);
#3407 = VERTEX_POINT('',#3408);
#3408 = CARTESIAN_POINT('',(-23.,-37.56080235971,-3.646388746503E-13));
#3409 = SURFACE_CURVE('',#3410,(#3414,#3421),.PCURVE_S1.);
#3410 = LINE('',#3411,#3412);
#3411 = CARTESIAN_POINT('',(-22.99999992708,-37.56092312258,0.));
#3412 = VECTOR('',#3413,1.);
#3413 = DIRECTION('',(1.207677559722E-03,-0.999999270757,0.));
#3414 = PCURVE('',#2145,#3415);
#3415 = DEFINITIONAL_REPRESENTATION('',(#3416),#3420);
#3416 = LINE('',#3417,#3418);
#3417 = CARTESIAN_POINT('',(-22.99999992708,-37.56092312258));
#3418 = VECTOR('',#3419,1.);
#3419 = DIRECTION('',(1.207677559722E-03,-0.999999270757));
#3420 = ( GEOMETRIC_REPRESENTATION_CONTEXT(2) 
PARAMETRIC_REPRESENTATION_CONTEXT() REPRESENTATION_CONTEXT('2D SPACE',''
  ) );
#3421 = PCURVE('',#3422,#3427);
#3422 = PLANE('',#3423);
#3423 = AXIS2_PLACEMENT_3D('',#3424,#3425,#3426);
#3424 = CARTESIAN_POINT('',(-22.94999996354,-37.5608627387,5.E-02));
#3425 = DIRECTION('',(0.707106265534,8.539569919662E-04,-0.707106781187)
  );
#3426 = DIRECTION('',(-1.207677559722E-03,0.999999270757,
    -6.179952383167E-18));
#3427 = DEFINITIONAL_REPRESENTATION('',(#3428),#3432);
#3428 = LINE('',#3429,#3430);
#3429 = CARTESIAN_POINT('',(-7.105427357601E-15,-7.071067811866E-02));
#3430 = VECTOR('',#3431,1.);
#3431 = DIRECTION('',(-1.,0.));
#3432 = ( GEOMETRIC_REPRESENTATION_CONTEXT(2) 
PARAMETRIC_REPRESENTATION_CONTEXT() REPRESENTATION_CONTEXT('2D SPACE',''
  ) );
#3433 = ORIENTED_EDGE('',*,*,#3434,.F.);
#3434 = EDGE_CURVE('',#3435,#3407,#3437,.T.);
#3435 = VERTEX_POINT('',#3436);
#3436 = CARTESIAN_POINT('',(-23.,-18.27542257055,2.69922972862E-15));
#3437 = SURFACE_CURVE('',#3438,(#3442,#3449),.PCURVE_S1.);
#3438 = LINE('',#3439,#3440);
#3439 = CARTESIAN_POINT('',(-23.,-18.39353842015,0.));
#3440 = VECTOR('',#3441,1.);
#3441 = DIRECTION('',(-3.809365596371E-14,-1.,0.));
#3442 = PCURVE('',#2145,#3443);
#3443 = DEFINITIONAL_REPRESENTATION('',(#3444),#3448);
#3444 = LINE('',#3445,#3446);
#3445 = CARTESIAN_POINT('',(-23.,-18.39353842015));
#3446 = VECTOR('',#3447,1.);
#3447 = DIRECTION('',(-3.809365596371E-14,-1.));
#3448 = ( GEOMETRIC_REPRESENTATION_CONTEXT(2) 
PARAMETRIC_REPRESENTATION_CONTEXT() REPRESENTATION_CONTEXT('2D SPACE',''
  ) );
#3449 = PCURVE('',#3450,#3455);
#3450 = PLANE('',#3451);
#3451 = AXIS2_PLACEMENT_3D('',#3452,#3453,#3454);
#3452 = CARTESIAN_POINT('',(-22.95,-18.39353842015,5.E-02));
#3453 = DIRECTION('',(-0.707106781187,-8.674484698258E-19,0.707106781187
    ));
#3454 = DIRECTION('',(-1.904621460316E-14,-1.,-1.904744136055E-14));
#3455 = DEFINITIONAL_REPRESENTATION('',(#3456),#3460);
#3456 = LINE('',#3457,#3458);
#3457 = CARTESIAN_POINT('',(-3.552713678801E-15,-7.071067811865E-02));
#3458 = VECTOR('',#3459,1.);
#3459 = DIRECTION('',(1.,0.));
#3460 = ( GEOMETRIC_REPRESENTATION_CONTEXT(2) 
PARAMETRIC_REPRESENTATION_CONTEXT() REPRESENTATION_CONTEXT('2D SPACE',''
  ) );
#3461 = ORIENTED_EDGE('',*,*,#3462,.F.);
#3462 = EDGE_CURVE('',#3463,#3435,#3465,.T.);
#3463 = VERTEX_POINT('',#3464);
#3464 = CARTESIAN_POINT('',(-23.,-13.36457742944,7.077671781985E-16));
#3465 = SURFACE_CURVE('',#3466,(#3471,#3482),.PCURVE_S1.);
#3466 = CIRCLE('',#3467,2.5);
#3467 = AXIS2_PLACEMENT_3D('',#3468,#3469,#3470);
#3468 = CARTESIAN_POINT('',(-22.53,-15.82,0.));
#3469 = DIRECTION('',(-0.,0.,-1.));
#3470 = DIRECTION('',(-0.142307692308,0.989822469289,0.));
#3471 = PCURVE('',#2145,#3472);
#3472 = DEFINITIONAL_REPRESENTATION('',(#3473),#3481);
#3473 = ( BOUNDED_CURVE() B_SPLINE_CURVE(2,(#3474,#3475,#3476,#3477,
#3478,#3479,#3480),.UNSPECIFIED.,.T.,.F.) B_SPLINE_CURVE_WITH_KNOTS((1,2
    ,2,2,2,1),(-2.094395102393,0.,2.094395102393,4.188790204786,
6.28318530718,8.377580409573),.UNSPECIFIED.) CURVE() 
GEOMETRIC_REPRESENTATION_ITEM() RATIONAL_B_SPLINE_CURVE((1.,0.5,1.,0.5,
1.,0.5,1.)) REPRESENTATION_ITEM('') );
#3474 = CARTESIAN_POINT('',(-22.88576923077,-13.34544382677));
#3475 = CARTESIAN_POINT('',(-18.59971221256,-12.72923344331));
#3476 = CARTESIAN_POINT('',(-20.20908687551,-16.74917289487));
#3477 = CARTESIAN_POINT('',(-21.81846153845,-20.76911234644));
#3478 = CARTESIAN_POINT('',(-24.49514389371,-17.36538327834));
#3479 = CARTESIAN_POINT('',(-27.17182624897,-13.96165421024));
#3480 = CARTESIAN_POINT('',(-22.88576923077,-13.34544382677));
#3481 = ( GEOMETRIC_REPRESENTATION_CONTEXT(2) 
PARAMETRIC_REPRESENTATION_CONTEXT() REPRESENTATION_CONTEXT('2D SPACE',''
  ) );
#3482 = PCURVE('',#3483,#3488);
#3483 = CONICAL_SURFACE('',#3484,2.6,0.785398163397);
#3484 = AXIS2_PLACEMENT_3D('',#3485,#3486,#3487);
#3485 = CARTESIAN_POINT('',(-22.53,-15.82,0.1));
#3486 = DIRECTION('',(0.,0.,1.));
#3487 = DIRECTION('',(-0.142307692308,0.989822469289,0.));
#3488 = DEFINITIONAL_REPRESENTATION('',(#3489),#3493);
#3489 = LINE('',#3490,#3491);
#3490 = CARTESIAN_POINT('',(-0.,-1.E-01));
#3491 = VECTOR('',#3492,1.);
#3492 = DIRECTION('',(-1.,0.));
#3493 = ( GEOMETRIC_REPRESENTATION_CONTEXT(2) 
PARAMETRIC_REPRESENTATION_CONTEXT() REPRESENTATION_CONTEXT('2D SPACE',''
  ) );
#3494 = ORIENTED_EDGE('',*,*,#3495,.F.);
#3495 = EDGE_CURVE('',#3496,#3463,#3498,.T.);
#3496 = VERTEX_POINT('',#3497);
#3497 = CARTESIAN_POINT('',(-23.,13.364577429443,2.69922972862E-15));
#3498 = SURFACE_CURVE('',#3499,(#3503,#3510),.PCURVE_S1.);
#3499 = LINE('',#3500,#3501);
#3500 = CARTESIAN_POINT('',(-23.,13.246461579848,0.));
#3501 = VECTOR('',#3502,1.);
#3502 = DIRECTION('',(-3.809365596371E-14,-1.,0.));
#3503 = PCURVE('',#2145,#3504);
#3504 = DEFINITIONAL_REPRESENTATION('',(#3505),#3509);
#3505 = LINE('',#3506,#3507);
#3506 = CARTESIAN_POINT('',(-23.,13.246461579848));
#3507 = VECTOR('',#3508,1.);
#3508 = DIRECTION('',(-3.809365596371E-14,-1.));
#3509 = ( GEOMETRIC_REPRESENTATION_CONTEXT(2) 
PARAMETRIC_REPRESENTATION_CONTEXT() REPRESENTATION_CONTEXT('2D SPACE',''
  ) );
#3510 = PCURVE('',#3511,#3516);
#3511 = PLANE('',#3512);
#3512 = AXIS2_PLACEMENT_3D('',#3513,#3514,#3515);
#3513 = CARTESIAN_POINT('',(-22.95,13.246461579848,5.E-02));
#3514 = DIRECTION('',(-0.707106781187,-8.674484698258E-19,0.707106781187
    ));
#3515 = DIRECTION('',(-1.904621460316E-14,-1.,-1.904744136055E-14));
#3516 = DEFINITIONAL_REPRESENTATION('',(#3517),#3521);
#3517 = LINE('',#3518,#3519);
#3518 = CARTESIAN_POINT('',(1.7763568394E-15,-7.071067811865E-02));
#3519 = VECTOR('',#3520,1.);
#3520 = DIRECTION('',(1.,0.));
#3521 = ( GEOMETRIC_REPRESENTATION_CONTEXT(2) 
PARAMETRIC_REPRESENTATION_CONTEXT() REPRESENTATION_CONTEXT('2D SPACE',''
  ) );
#3522 = ORIENTED_EDGE('',*,*,#3523,.F.);
#3523 = EDGE_CURVE('',#3524,#3496,#3526,.T.);
#3524 = VERTEX_POINT('',#3525);
#3525 = CARTESIAN_POINT('',(-23.,18.275422570557,7.077671781985E-16));
#3526 = SURFACE_CURVE('',#3527,(#3532,#3543),.PCURVE_S1.);
#3527 = CIRCLE('',#3528,2.5);
#3528 = AXIS2_PLACEMENT_3D('',#3529,#3530,#3531);
#3529 = CARTESIAN_POINT('',(-22.53,15.82,0.));
#3530 = DIRECTION('',(-0.,0.,-1.));
#3531 = DIRECTION('',(-0.142307692308,0.989822469289,0.));
#3532 = PCURVE('',#2145,#3533);
#3533 = DEFINITIONAL_REPRESENTATION('',(#3534),#3542);
#3534 = ( BOUNDED_CURVE() B_SPLINE_CURVE(2,(#3535,#3536,#3537,#3538,
#3539,#3540,#3541),.UNSPECIFIED.,.T.,.F.) B_SPLINE_CURVE_WITH_KNOTS((1,2
    ,2,2,2,1),(-2.094395102393,0.,2.094395102393,4.188790204786,
6.28318530718,8.377580409573),.UNSPECIFIED.) CURVE() 
GEOMETRIC_REPRESENTATION_ITEM() RATIONAL_B_SPLINE_CURVE((1.,0.5,1.,0.5,
1.,0.5,1.)) REPRESENTATION_ITEM('') );
#3535 = CARTESIAN_POINT('',(-22.88576923077,18.294556173223));
#3536 = CARTESIAN_POINT('',(-18.59971221256,18.910766556687));
#3537 = CARTESIAN_POINT('',(-20.20908687551,14.89082710512));
#3538 = CARTESIAN_POINT('',(-21.81846153846,10.870887653554));
#3539 = CARTESIAN_POINT('',(-24.49514389371,14.274616721657));
#3540 = CARTESIAN_POINT('',(-27.17182624897,17.67834578976));
#3541 = CARTESIAN_POINT('',(-22.88576923077,18.294556173223));
#3542 = ( GEOMETRIC_REPRESENTATION_CONTEXT(2) 
PARAMETRIC_REPRESENTATION_CONTEXT() REPRESENTATION_CONTEXT('2D SPACE',''
  ) );
#3543 = PCURVE('',#3544,#3549);
#3544 = CONICAL_SURFACE('',#3545,2.6,0.785398163397);
#3545 = AXIS2_PLACEMENT_3D('',#3546,#3547,#3548);
#3546 = CARTESIAN_POINT('',(-22.53,15.82,0.1));
#3547 = DIRECTION('',(0.,0.,1.));
#3548 = DIRECTION('',(-0.142307692308,0.989822469289,0.));
#3549 = DEFINITIONAL_REPRESENTATION('',(#3550),#3554);
#3550 = LINE('',#3551,#3552);
#3551 = CARTESIAN_POINT('',(-0.,-1.E-01));
#3552 = VECTOR('',#3553,1.);
#3553 = DIRECTION('',(-1.,0.));
#3554 = ( GEOMETRIC_REPRESENTATION_CONTEXT(2) 
PARAMETRIC_REPRESENTATION_CONTEXT() REPRESENTATION_CONTEXT('2D SPACE',''
  ) );
#3555 = ORIENTED_EDGE('',*,*,#3556,.F.);
#3556 = EDGE_CURVE('',#3557,#3524,#3559,.T.);
#3557 = VERTEX_POINT('',#3558);
#3558 = CARTESIAN_POINT('',(-23.,39.124577429443,2.69922972862E-15));
#3559 = SURFACE_CURVE('',#3560,(#3564,#3571),.PCURVE_S1.);
#3560 = LINE('',#3561,#3562);
#3561 = CARTESIAN_POINT('',(-23.,39.006461579848,0.));
#3562 = VECTOR('',#3563,1.);
#3563 = DIRECTION('',(-3.809365596371E-14,-1.,0.));
#3564 = PCURVE('',#2145,#3565);
#3565 = DEFINITIONAL_REPRESENTATION('',(#3566),#3570);
#3566 = LINE('',#3567,#3568);
#3567 = CARTESIAN_POINT('',(-23.,39.006461579848));
#3568 = VECTOR('',#3569,1.);
#3569 = DIRECTION('',(-3.809365596371E-14,-1.));
#3570 = ( GEOMETRIC_REPRESENTATION_CONTEXT(2) 
PARAMETRIC_REPRESENTATION_CONTEXT() REPRESENTATION_CONTEXT('2D SPACE',''
  ) );
#3571 = PCURVE('',#3572,#3577);
#3572 = PLANE('',#3573);
#3573 = AXIS2_PLACEMENT_3D('',#3574,#3575,#3576);
#3574 = CARTESIAN_POINT('',(-22.95,39.006461579848,5.E-02));
#3575 = DIRECTION('',(-0.707106781187,-8.674484698258E-19,0.707106781187
    ));
#3576 = DIRECTION('',(-1.904621460316E-14,-1.,-1.904744136055E-14));
#3577 = DEFINITIONAL_REPRESENTATION('',(#3578),#3582);
#3578 = LINE('',#3579,#3580);
#3579 = CARTESIAN_POINT('',(0.,-7.071067811865E-02));
#3580 = VECTOR('',#3581,1.);
#3581 = DIRECTION('',(1.,0.));
#3582 = ( GEOMETRIC_REPRESENTATION_CONTEXT(2) 
PARAMETRIC_REPRESENTATION_CONTEXT() REPRESENTATION_CONTEXT('2D SPACE',''
  ) );
#3583 = ORIENTED_EDGE('',*,*,#3584,.F.);
#3584 = EDGE_CURVE('',#3585,#3557,#3587,.T.);
#3585 = VERTEX_POINT('',#3586);
#3586 = CARTESIAN_POINT('',(-20.22576210956,42.54978747377,
    -3.053113317719E-15));
#3587 = SURFACE_CURVE('',#3588,(#3593,#3604),.PCURVE_S1.);
#3588 = CIRCLE('',#3589,2.5);
#3589 = AXIS2_PLACEMENT_3D('',#3590,#3591,#3592);
#3590 = CARTESIAN_POINT('',(-22.53,41.58,0.));
#3591 = DIRECTION('',(0.,-0.,-1.));
#3592 = DIRECTION('',(0.942380038609,0.334544261394,-0.));
#3593 = PCURVE('',#2145,#3594);
#3594 = DEFINITIONAL_REPRESENTATION('',(#3595),#3603);
#3595 = ( BOUNDED_CURVE() B_SPLINE_CURVE(2,(#3596,#3597,#3598,#3599,
#3600,#3601,#3602),.UNSPECIFIED.,.T.,.F.) B_SPLINE_CURVE_WITH_KNOTS((1,2
    ,2,2,2,1),(-2.094395102393,0.,2.094395102393,4.188790204786,
6.28318530718,8.377580409573),.UNSPECIFIED.) CURVE() 
GEOMETRIC_REPRESENTATION_ITEM() RATIONAL_B_SPLINE_CURVE((1.,0.5,1.,0.5,
1.,0.5,1.)) REPRESENTATION_ITEM('') );
#3596 = CARTESIAN_POINT('',(-20.17404990347,42.416360653486));
#3597 = CARTESIAN_POINT('',(-18.72543075819,38.335735386213));
#3598 = CARTESIAN_POINT('',(-22.98366547561,39.121507039621));
#3599 = CARTESIAN_POINT('',(-27.24190019304,39.907278693029));
#3600 = CARTESIAN_POINT('',(-24.4322846209,43.202132306894));
#3601 = CARTESIAN_POINT('',(-21.62266904876,46.496985920758));
#3602 = CARTESIAN_POINT('',(-20.17404990347,42.416360653486));
#3603 = ( GEOMETRIC_REPRESENTATION_CONTEXT(2) 
PARAMETRIC_REPRESENTATION_CONTEXT() REPRESENTATION_CONTEXT('2D SPACE',''
  ) );
#3604 = PCURVE('',#3605,#3610);
#3605 = CONICAL_SURFACE('',#3606,2.6,0.785398163397);
#3606 = AXIS2_PLACEMENT_3D('',#3607,#3608,#3609);
#3607 = CARTESIAN_POINT('',(-22.53,41.58,0.1));
#3608 = DIRECTION('',(0.,0.,1.));
#3609 = DIRECTION('',(0.942380038609,0.334544261394,-0.));
#3610 = DEFINITIONAL_REPRESENTATION('',(#3611),#3615);
#3611 = LINE('',#3612,#3613);
#3612 = CARTESIAN_POINT('',(-0.,-1.E-01));
#3613 = VECTOR('',#3614,1.);
#3614 = DIRECTION('',(-1.,0.));
#3615 = ( GEOMETRIC_REPRESENTATION_CONTEXT(2) 
PARAMETRIC_REPRESENTATION_CONTEXT() REPRESENTATION_CONTEXT('2D SPACE',''
  ) );
#3616 = ORIENTED_EDGE('',*,*,#3617,.F.);
#3617 = EDGE_CURVE('',#3618,#3585,#3620,.T.);
#3618 = VERTEX_POINT('',#3619);
#3619 = CARTESIAN_POINT('',(-19.10221434216,42.550000000005,
    -4.807917952654E-12));
#3620 = SURFACE_CURVE('',#3621,(#3625,#3632),.PCURVE_S1.);
#3621 = LINE('',#3622,#3623);
#3622 = CARTESIAN_POINT('',(-19.10223308994,42.54999999823,
    2.775557561563E-17));
#3623 = VECTOR('',#3624,1.);
#3624 = DIRECTION('',(-0.99999998211,-1.89157959689E-04,0.));
#3625 = PCURVE('',#2145,#3626);
#3626 = DEFINITIONAL_REPRESENTATION('',(#3627),#3631);
#3627 = LINE('',#3628,#3629);
#3628 = CARTESIAN_POINT('',(-19.10223308994,42.54999999823));
#3629 = VECTOR('',#3630,1.);
#3630 = DIRECTION('',(-0.99999998211,-1.89157959689E-04));
#3631 = ( GEOMETRIC_REPRESENTATION_CONTEXT(2) 
PARAMETRIC_REPRESENTATION_CONTEXT() REPRESENTATION_CONTEXT('2D SPACE',''
  ) );
#3632 = PCURVE('',#3633,#3638);
#3633 = PLANE('',#3634);
#3634 = AXIS2_PLACEMENT_3D('',#3635,#3636,#3637);
#3635 = CARTESIAN_POINT('',(-19.10222363204,42.499999999125,5.E-02));
#3636 = DIRECTION('',(1.337548760118E-04,-0.707106768536,-0.707106781187
    ));
#3637 = DIRECTION('',(0.99999998211,1.891579596892E-04,
    1.687696206745E-16));
#3638 = DEFINITIONAL_REPRESENTATION('',(#3639),#3643);
#3639 = LINE('',#3640,#3641);
#3640 = CARTESIAN_POINT('',(-0.,-7.071067811866E-02));
#3641 = VECTOR('',#3642,1.);
#3642 = DIRECTION('',(-1.,0.));
#3643 = ( GEOMETRIC_REPRESENTATION_CONTEXT(2) 
PARAMETRIC_REPRESENTATION_CONTEXT() REPRESENTATION_CONTEXT('2D SPACE',''
  ) );
#3644 = ORIENTED_EDGE('',*,*,#3645,.F.);
#3645 = EDGE_CURVE('',#3646,#3618,#3648,.T.);
#3646 = VERTEX_POINT('',#3647);
#3647 = CARTESIAN_POINT('',(20.225851567281,42.55,7.077671781985E-16));
#3648 = SURFACE_CURVE('',#3649,(#3653,#3660),.PCURVE_S1.);
#3649 = LINE('',#3650,#3651);
#3650 = CARTESIAN_POINT('',(20.07987755408,42.55,0.));
#3651 = VECTOR('',#3652,1.);
#3652 = DIRECTION('',(-1.,2.454387865196E-13,3.532591230075E-19));
#3653 = PCURVE('',#2145,#3654);
#3654 = DEFINITIONAL_REPRESENTATION('',(#3655),#3659);
#3655 = LINE('',#3656,#3657);
#3656 = CARTESIAN_POINT('',(20.07987755408,42.55));
#3657 = VECTOR('',#3658,1.);
#3658 = DIRECTION('',(-1.,2.454387865196E-13));
#3659 = ( GEOMETRIC_REPRESENTATION_CONTEXT(2) 
PARAMETRIC_REPRESENTATION_CONTEXT() REPRESENTATION_CONTEXT('2D SPACE',''
  ) );
#3660 = PCURVE('',#3661,#3666);
#3661 = PLANE('',#3662);
#3662 = AXIS2_PLACEMENT_3D('',#3663,#3664,#3665);
#3663 = CARTESIAN_POINT('',(20.07987755408,42.5,5.E-02));
#3664 = DIRECTION('',(8.674484698258E-19,0.707106781187,0.707106781187)
  );
#3665 = DIRECTION('',(-1.,1.227198300089E-13,-1.227186032516E-13));
#3666 = DEFINITIONAL_REPRESENTATION('',(#3667),#3671);
#3667 = LINE('',#3668,#3669);
#3668 = CARTESIAN_POINT('',(3.552713678801E-15,-7.071067811865E-02));
#3669 = VECTOR('',#3670,1.);
#3670 = DIRECTION('',(1.,0.));
#3671 = ( GEOMETRIC_REPRESENTATION_CONTEXT(2) 
PARAMETRIC_REPRESENTATION_CONTEXT() REPRESENTATION_CONTEXT('2D SPACE',''
  ) );
#3672 = ORIENTED_EDGE('',*,*,#3673,.T.);
#3673 = EDGE_CURVE('',#3646,#3674,#3676,.T.);
#3674 = VERTEX_POINT('',#3675);
#3675 = CARTESIAN_POINT('',(24.25,39.765723284612,2.962907696968E-15));
#3676 = SURFACE_CURVE('',#3677,(#3682,#3689),.PCURVE_S1.);
#3677 = CIRCLE('',#3678,2.5);
#3678 = AXIS2_PLACEMENT_3D('',#3679,#3680,#3681);
#3679 = CARTESIAN_POINT('',(22.53,41.58,0.));
#3680 = DIRECTION('',(0.,0.,1.));
#3681 = DIRECTION('',(-0.942354786892,0.334615384615,0.));
#3682 = PCURVE('',#2145,#3683);
#3683 = DEFINITIONAL_REPRESENTATION('',(#3684),#3688);
#3684 = CIRCLE('',#3685,2.5);
#3685 = AXIS2_PLACEMENT_2D('',#3686,#3687);
#3686 = CARTESIAN_POINT('',(22.53,41.58));
#3687 = DIRECTION('',(-0.942354786892,0.334615384615));
#3688 = ( GEOMETRIC_REPRESENTATION_CONTEXT(2) 
PARAMETRIC_REPRESENTATION_CONTEXT() REPRESENTATION_CONTEXT('2D SPACE',''
  ) );
#3689 = PCURVE('',#3690,#3695);
#3690 = CONICAL_SURFACE('',#3691,2.6,0.785398163397);
#3691 = AXIS2_PLACEMENT_3D('',#3692,#3693,#3694);
#3692 = CARTESIAN_POINT('',(22.53,41.58,0.1));
#3693 = DIRECTION('',(0.,0.,1.));
#3694 = DIRECTION('',(-0.942354786892,0.334615384615,0.));
#3695 = DEFINITIONAL_REPRESENTATION('',(#3696),#3700);
#3696 = LINE('',#3697,#3698);
#3697 = CARTESIAN_POINT('',(0.,-1.E-01));
#3698 = VECTOR('',#3699,1.);
#3699 = DIRECTION('',(1.,0.));
#3700 = ( GEOMETRIC_REPRESENTATION_CONTEXT(2) 
PARAMETRIC_REPRESENTATION_CONTEXT() REPRESENTATION_CONTEXT('2D SPACE',''
  ) );
#3701 = ORIENTED_EDGE('',*,*,#3702,.F.);
#3702 = EDGE_CURVE('',#3703,#3674,#3705,.T.);
#3703 = VERTEX_POINT('',#3704);
#3704 = CARTESIAN_POINT('',(24.25,17.634276715388,7.077671781985E-16));
#3705 = SURFACE_CURVE('',#3706,(#3710,#3717),.PCURVE_S1.);
#3706 = LINE('',#3707,#3708);
#3707 = CARTESIAN_POINT('',(24.25,17.853617466487,0.));
#3708 = VECTOR('',#3709,1.);
#3709 = DIRECTION('',(-0.,1.,0.));
#3710 = PCURVE('',#2145,#3711);
#3711 = DEFINITIONAL_REPRESENTATION('',(#3712),#3716);
#3712 = LINE('',#3713,#3714);
#3713 = CARTESIAN_POINT('',(24.25,17.853617466487));
#3714 = VECTOR('',#3715,1.);
#3715 = DIRECTION('',(0.,1.));
#3716 = ( GEOMETRIC_REPRESENTATION_CONTEXT(2) 
PARAMETRIC_REPRESENTATION_CONTEXT() REPRESENTATION_CONTEXT('2D SPACE',''
  ) );
#3717 = PCURVE('',#3718,#3723);
#3718 = PLANE('',#3719);
#3719 = AXIS2_PLACEMENT_3D('',#3720,#3721,#3722);
#3720 = CARTESIAN_POINT('',(24.2,17.853617466487,5.E-02));
#3721 = DIRECTION('',(-0.707106781187,0.,-0.707106781187));
#3722 = DIRECTION('',(-0.,-1.,-0.));
#3723 = DEFINITIONAL_REPRESENTATION('',(#3724),#3728);
#3724 = LINE('',#3725,#3726);
#3725 = CARTESIAN_POINT('',(-0.,-7.071067811865E-02));
#3726 = VECTOR('',#3727,1.);
#3727 = DIRECTION('',(-1.,0.));
#3728 = ( GEOMETRIC_REPRESENTATION_CONTEXT(2) 
PARAMETRIC_REPRESENTATION_CONTEXT() REPRESENTATION_CONTEXT('2D SPACE',''
  ) );
#3729 = ORIENTED_EDGE('',*,*,#3730,.T.);
#3730 = EDGE_CURVE('',#3703,#3731,#3733,.T.);
#3731 = VERTEX_POINT('',#3732);
#3732 = CARTESIAN_POINT('',(24.25,14.005723284612,2.962907696968E-15));
#3733 = SURFACE_CURVE('',#3734,(#3739,#3746),.PCURVE_S1.);
#3734 = CIRCLE('',#3735,2.5);
#3735 = AXIS2_PLACEMENT_3D('',#3736,#3737,#3738);
#3736 = CARTESIAN_POINT('',(22.53,15.82,0.));
#3737 = DIRECTION('',(0.,0.,1.));
#3738 = DIRECTION('',(0.623076923077,0.782160564033,-0.));
#3739 = PCURVE('',#2145,#3740);
#3740 = DEFINITIONAL_REPRESENTATION('',(#3741),#3745);
#3741 = CIRCLE('',#3742,2.5);
#3742 = AXIS2_PLACEMENT_2D('',#3743,#3744);
#3743 = CARTESIAN_POINT('',(22.53,15.82));
#3744 = DIRECTION('',(0.623076923077,0.782160564033));
#3745 = ( GEOMETRIC_REPRESENTATION_CONTEXT(2) 
PARAMETRIC_REPRESENTATION_CONTEXT() REPRESENTATION_CONTEXT('2D SPACE',''
  ) );
#3746 = PCURVE('',#3747,#3752);
#3747 = CONICAL_SURFACE('',#3748,2.6,0.785398163397);
#3748 = AXIS2_PLACEMENT_3D('',#3749,#3750,#3751);
#3749 = CARTESIAN_POINT('',(22.53,15.82,0.1));
#3750 = DIRECTION('',(0.,0.,1.));
#3751 = DIRECTION('',(0.623076923077,0.782160564033,-0.));
#3752 = DEFINITIONAL_REPRESENTATION('',(#3753),#3757);
#3753 = LINE('',#3754,#3755);
#3754 = CARTESIAN_POINT('',(0.,-1.E-01));
#3755 = VECTOR('',#3756,1.);
#3756 = DIRECTION('',(1.,0.));
#3757 = ( GEOMETRIC_REPRESENTATION_CONTEXT(2) 
PARAMETRIC_REPRESENTATION_CONTEXT() REPRESENTATION_CONTEXT('2D SPACE',''
  ) );
#3758 = ORIENTED_EDGE('',*,*,#3759,.F.);
#3759 = EDGE_CURVE('',#3760,#3731,#3762,.T.);
#3760 = VERTEX_POINT('',#3761);
#3761 = CARTESIAN_POINT('',(24.25,-14.00572328461,7.077671781985E-16));
#3762 = SURFACE_CURVE('',#3763,(#3767,#3774),.PCURVE_S1.);
#3763 = LINE('',#3764,#3765);
#3764 = CARTESIAN_POINT('',(24.25,-13.78638253351,0.));
#3765 = VECTOR('',#3766,1.);
#3766 = DIRECTION('',(-0.,1.,0.));
#3767 = PCURVE('',#2145,#3768);
#3768 = DEFINITIONAL_REPRESENTATION('',(#3769),#3773);
#3769 = LINE('',#3770,#3771);
#3770 = CARTESIAN_POINT('',(24.25,-13.78638253351));
#3771 = VECTOR('',#3772,1.);
#3772 = DIRECTION('',(0.,1.));
#3773 = ( GEOMETRIC_REPRESENTATION_CONTEXT(2) 
PARAMETRIC_REPRESENTATION_CONTEXT() REPRESENTATION_CONTEXT('2D SPACE',''
  ) );
#3774 = PCURVE('',#3775,#3780);
#3775 = PLANE('',#3776);
#3776 = AXIS2_PLACEMENT_3D('',#3777,#3778,#3779);
#3777 = CARTESIAN_POINT('',(24.2,-13.78638253351,5.E-02));
#3778 = DIRECTION('',(-0.707106781187,0.,-0.707106781187));
#3779 = DIRECTION('',(-0.,-1.,-0.));
#3780 = DEFINITIONAL_REPRESENTATION('',(#3781),#3785);
#3781 = LINE('',#3782,#3783);
#3782 = CARTESIAN_POINT('',(-0.,-7.071067811865E-02));
#3783 = VECTOR('',#3784,1.);
#3784 = DIRECTION('',(-1.,0.));
#3785 = ( GEOMETRIC_REPRESENTATION_CONTEXT(2) 
PARAMETRIC_REPRESENTATION_CONTEXT() REPRESENTATION_CONTEXT('2D SPACE',''
  ) );
#3786 = ORIENTED_EDGE('',*,*,#3787,.T.);
#3787 = EDGE_CURVE('',#3760,#3788,#3790,.T.);
#3788 = VERTEX_POINT('',#3789);
#3789 = CARTESIAN_POINT('',(24.25,-17.63427671538,2.962907696968E-15));
#3790 = SURFACE_CURVE('',#3791,(#3796,#3803),.PCURVE_S1.);
#3791 = CIRCLE('',#3792,2.5);
#3792 = AXIS2_PLACEMENT_3D('',#3793,#3794,#3795);
#3793 = CARTESIAN_POINT('',(22.53,-15.82,0.));
#3794 = DIRECTION('',(0.,0.,1.));
#3795 = DIRECTION('',(0.623076923077,0.782160564033,-0.));
#3796 = PCURVE('',#2145,#3797);
#3797 = DEFINITIONAL_REPRESENTATION('',(#3798),#3802);
#3798 = CIRCLE('',#3799,2.5);
#3799 = AXIS2_PLACEMENT_2D('',#3800,#3801);
#3800 = CARTESIAN_POINT('',(22.53,-15.82));
#3801 = DIRECTION('',(0.623076923077,0.782160564033));
#3802 = ( GEOMETRIC_REPRESENTATION_CONTEXT(2) 
PARAMETRIC_REPRESENTATION_CONTEXT() REPRESENTATION_CONTEXT('2D SPACE',''
  ) );
#3803 = PCURVE('',#3804,#3809);
#3804 = CONICAL_SURFACE('',#3805,2.6,0.785398163397);
#3805 = AXIS2_PLACEMENT_3D('',#3806,#3807,#3808);
#3806 = CARTESIAN_POINT('',(22.53,-15.82,0.1));
#3807 = DIRECTION('',(0.,0.,1.));
#3808 = DIRECTION('',(0.623076923077,0.782160564033,-0.));
#3809 = DEFINITIONAL_REPRESENTATION('',(#3810),#3814);
#3810 = LINE('',#3811,#3812);
#3811 = CARTESIAN_POINT('',(0.,-1.E-01));
#3812 = VECTOR('',#3813,1.);
#3813 = DIRECTION('',(1.,0.));
#3814 = ( GEOMETRIC_REPRESENTATION_CONTEXT(2) 
PARAMETRIC_REPRESENTATION_CONTEXT() REPRESENTATION_CONTEXT('2D SPACE',''
  ) );
#3815 = ORIENTED_EDGE('',*,*,#3816,.F.);
#3816 = EDGE_CURVE('',#3817,#3788,#3819,.T.);
#3817 = VERTEX_POINT('',#3818);
#3818 = CARTESIAN_POINT('',(24.25,-39.76572328461,7.077671781985E-16));
#3819 = SURFACE_CURVE('',#3820,(#3824,#3831),.PCURVE_S1.);
#3820 = LINE('',#3821,#3822);
#3821 = CARTESIAN_POINT('',(24.25,-39.54638253351,0.));
#3822 = VECTOR('',#3823,1.);
#3823 = DIRECTION('',(-0.,1.,0.));
#3824 = PCURVE('',#2145,#3825);
#3825 = DEFINITIONAL_REPRESENTATION('',(#3826),#3830);
#3826 = LINE('',#3827,#3828);
#3827 = CARTESIAN_POINT('',(24.25,-39.54638253351));
#3828 = VECTOR('',#3829,1.);
#3829 = DIRECTION('',(0.,1.));
#3830 = ( GEOMETRIC_REPRESENTATION_CONTEXT(2) 
PARAMETRIC_REPRESENTATION_CONTEXT() REPRESENTATION_CONTEXT('2D SPACE',''
  ) );
#3831 = PCURVE('',#3832,#3837);
#3832 = PLANE('',#3833);
#3833 = AXIS2_PLACEMENT_3D('',#3834,#3835,#3836);
#3834 = CARTESIAN_POINT('',(24.2,-39.54638253351,5.E-02));
#3835 = DIRECTION('',(-0.707106781187,0.,-0.707106781187));
#3836 = DIRECTION('',(-0.,-1.,-0.));
#3837 = DEFINITIONAL_REPRESENTATION('',(#3838),#3842);
#3838 = LINE('',#3839,#3840);
#3839 = CARTESIAN_POINT('',(-0.,-7.071067811865E-02));
#3840 = VECTOR('',#3841,1.);
#3841 = DIRECTION('',(-1.,0.));
#3842 = ( GEOMETRIC_REPRESENTATION_CONTEXT(2) 
PARAMETRIC_REPRESENTATION_CONTEXT() REPRESENTATION_CONTEXT('2D SPACE',''
  ) );
#3843 = ORIENTED_EDGE('',*,*,#3844,.T.);
#3844 = EDGE_CURVE('',#3817,#3845,#3847,.T.);
#3845 = VERTEX_POINT('',#3846);
#3846 = CARTESIAN_POINT('',(20.225851567281,-42.55,4.51028103754E-16));
#3847 = SURFACE_CURVE('',#3848,(#3853,#3860),.PCURVE_S1.);
#3848 = CIRCLE('',#3849,2.5);
#3849 = AXIS2_PLACEMENT_3D('',#3850,#3851,#3852);
#3850 = CARTESIAN_POINT('',(22.53,-41.58,0.));
#3851 = DIRECTION('',(0.,0.,1.));
#3852 = DIRECTION('',(0.623076923077,0.782160564033,-0.));
#3853 = PCURVE('',#2145,#3854);
#3854 = DEFINITIONAL_REPRESENTATION('',(#3855),#3859);
#3855 = CIRCLE('',#3856,2.5);
#3856 = AXIS2_PLACEMENT_2D('',#3857,#3858);
#3857 = CARTESIAN_POINT('',(22.53,-41.58));
#3858 = DIRECTION('',(0.623076923077,0.782160564033));
#3859 = ( GEOMETRIC_REPRESENTATION_CONTEXT(2) 
PARAMETRIC_REPRESENTATION_CONTEXT() REPRESENTATION_CONTEXT('2D SPACE',''
  ) );
#3860 = PCURVE('',#3861,#3866);
#3861 = CONICAL_SURFACE('',#3862,2.6,0.785398163397);
#3862 = AXIS2_PLACEMENT_3D('',#3863,#3864,#3865);
#3863 = CARTESIAN_POINT('',(22.53,-41.58,0.1));
#3864 = DIRECTION('',(0.,0.,1.));
#3865 = DIRECTION('',(0.623076923077,0.782160564033,-0.));
#3866 = DEFINITIONAL_REPRESENTATION('',(#3867),#3871);
#3867 = LINE('',#3868,#3869);
#3868 = CARTESIAN_POINT('',(0.,-1.E-01));
#3869 = VECTOR('',#3870,1.);
#3870 = DIRECTION('',(1.,0.));
#3871 = ( GEOMETRIC_REPRESENTATION_CONTEXT(2) 
PARAMETRIC_REPRESENTATION_CONTEXT() REPRESENTATION_CONTEXT('2D SPACE',''
  ) );
#3872 = ORIENTED_EDGE('',*,*,#3873,.F.);
#3873 = EDGE_CURVE('',#3346,#3845,#3874,.T.);
#3874 = SURFACE_CURVE('',#3875,(#3879,#3886),.PCURVE_S1.);
#3875 = LINE('',#3876,#3877);
#3876 = CARTESIAN_POINT('',(-19.7,-42.55,0.));
#3877 = VECTOR('',#3878,1.);
#3878 = DIRECTION('',(1.,0.,0.));
#3879 = PCURVE('',#2145,#3880);
#3880 = DEFINITIONAL_REPRESENTATION('',(#3881),#3885);
#3881 = LINE('',#3882,#3883);
#3882 = CARTESIAN_POINT('',(-19.7,-42.55));
#3883 = VECTOR('',#3884,1.);
#3884 = DIRECTION('',(1.,0.));
#3885 = ( GEOMETRIC_REPRESENTATION_CONTEXT(2) 
PARAMETRIC_REPRESENTATION_CONTEXT() REPRESENTATION_CONTEXT('2D SPACE',''
  ) );
#3886 = PCURVE('',#3887,#3892);
#3887 = PLANE('',#3888);
#3888 = AXIS2_PLACEMENT_3D('',#3889,#3890,#3891);
#3889 = CARTESIAN_POINT('',(-19.7,-42.5,5.E-02));
#3890 = DIRECTION('',(0.,0.707106781187,-0.707106781187));
#3891 = DIRECTION('',(-1.,-0.,-0.));
#3892 = DEFINITIONAL_REPRESENTATION('',(#3893),#3897);
#3893 = LINE('',#3894,#3895);
#3894 = CARTESIAN_POINT('',(-0.,-7.071067811865E-02));
#3895 = VECTOR('',#3896,1.);
#3896 = DIRECTION('',(-1.,0.));
#3897 = ( GEOMETRIC_REPRESENTATION_CONTEXT(2) 
PARAMETRIC_REPRESENTATION_CONTEXT() REPRESENTATION_CONTEXT('2D SPACE',''
  ) );
#3898 = FACE_BOUND('',#3899,.F.);
#3899 = EDGE_LOOP('',(#3900));
#3900 = ORIENTED_EDGE('',*,*,#3901,.T.);
#3901 = EDGE_CURVE('',#3902,#3902,#3904,.T.);
#3902 = VERTEX_POINT('',#3903);
#3903 = CARTESIAN_POINT('',(24.13,15.82,7.077671781985E-16));
#3904 = SURFACE_CURVE('',#3905,(#3910,#3921),.PCURVE_S1.);
#3905 = CIRCLE('',#3906,1.6);
#3906 = AXIS2_PLACEMENT_3D('',#3907,#3908,#3909);
#3907 = CARTESIAN_POINT('',(22.53,15.82,0.));
#3908 = DIRECTION('',(0.,0.,-1.));
#3909 = DIRECTION('',(1.,0.,0.));
#3910 = PCURVE('',#2145,#3911);
#3911 = DEFINITIONAL_REPRESENTATION('',(#3912),#3920);
#3912 = ( BOUNDED_CURVE() B_SPLINE_CURVE(2,(#3913,#3914,#3915,#3916,
#3917,#3918,#3919),.UNSPECIFIED.,.T.,.F.) B_SPLINE_CURVE_WITH_KNOTS((1,2
    ,2,2,2,1),(-2.094395102393,0.,2.094395102393,4.188790204786,
6.28318530718,8.377580409573),.UNSPECIFIED.) CURVE() 
GEOMETRIC_REPRESENTATION_ITEM() RATIONAL_B_SPLINE_CURVE((1.,0.5,1.,0.5,
1.,0.5,1.)) REPRESENTATION_ITEM('') );
#3913 = CARTESIAN_POINT('',(24.13,15.82));
#3914 = CARTESIAN_POINT('',(24.13,13.04871870789));
#3915 = CARTESIAN_POINT('',(21.73,14.434359353945));
#3916 = CARTESIAN_POINT('',(19.33,15.82));
#3917 = CARTESIAN_POINT('',(21.73,17.205640646055));
#3918 = CARTESIAN_POINT('',(24.13,18.59128129211));
#3919 = CARTESIAN_POINT('',(24.13,15.82));
#3920 = ( GEOMETRIC_REPRESENTATION_CONTEXT(2) 
PARAMETRIC_REPRESENTATION_CONTEXT() REPRESENTATION_CONTEXT('2D SPACE',''
  ) );
#3921 = PCURVE('',#3922,#3927);
#3922 = CONICAL_SURFACE('',#3923,1.5,0.785398163397);
#3923 = AXIS2_PLACEMENT_3D('',#3924,#3925,#3926);
#3924 = CARTESIAN_POINT('',(22.53,15.82,0.1));
#3925 = DIRECTION('',(-0.,-0.,-1.));
#3926 = DIRECTION('',(1.,0.,0.));
#3927 = DEFINITIONAL_REPRESENTATION('',(#3928),#3932);
#3928 = LINE('',#3929,#3930);
#3929 = CARTESIAN_POINT('',(-0.,1.E-01));
#3930 = VECTOR('',#3931,1.);
#3931 = DIRECTION('',(1.,-0.));
#3932 = ( GEOMETRIC_REPRESENTATION_CONTEXT(2) 
PARAMETRIC_REPRESENTATION_CONTEXT() REPRESENTATION_CONTEXT('2D SPACE',''
  ) );
#3933 = FACE_BOUND('',#3934,.F.);
#3934 = EDGE_LOOP('',(#3935));
#3935 = ORIENTED_EDGE('',*,*,#3936,.T.);
#3936 = EDGE_CURVE('',#3937,#3937,#3939,.T.);
#3937 = VERTEX_POINT('',#3938);
#3938 = CARTESIAN_POINT('',(24.13,41.58,7.077671781985E-16));
#3939 = SURFACE_CURVE('',#3940,(#3945,#3956),.PCURVE_S1.);
#3940 = CIRCLE('',#3941,1.6);
#3941 = AXIS2_PLACEMENT_3D('',#3942,#3943,#3944);
#3942 = CARTESIAN_POINT('',(22.53,41.58,0.));
#3943 = DIRECTION('',(0.,0.,-1.));
#3944 = DIRECTION('',(1.,0.,0.));
#3945 = PCURVE('',#2145,#3946);
#3946 = DEFINITIONAL_REPRESENTATION('',(#3947),#3955);
#3947 = ( BOUNDED_CURVE() B_SPLINE_CURVE(2,(#3948,#3949,#3950,#3951,
#3952,#3953,#3954),.UNSPECIFIED.,.T.,.F.) B_SPLINE_CURVE_WITH_KNOTS((1,2
    ,2,2,2,1),(-2.094395102393,0.,2.094395102393,4.188790204786,
6.28318530718,8.377580409573),.UNSPECIFIED.) CURVE() 
GEOMETRIC_REPRESENTATION_ITEM() RATIONAL_B_SPLINE_CURVE((1.,0.5,1.,0.5,
1.,0.5,1.)) REPRESENTATION_ITEM('') );
#3948 = CARTESIAN_POINT('',(24.13,41.58));
#3949 = CARTESIAN_POINT('',(24.13,38.80871870789));
#3950 = CARTESIAN_POINT('',(21.73,40.194359353945));
#3951 = CARTESIAN_POINT('',(19.33,41.58));
#3952 = CARTESIAN_POINT('',(21.73,42.965640646055));
#3953 = CARTESIAN_POINT('',(24.13,44.35128129211));
#3954 = CARTESIAN_POINT('',(24.13,41.58));
#3955 = ( GEOMETRIC_REPRESENTATION_CONTEXT(2) 
PARAMETRIC_REPRESENTATION_CONTEXT() REPRESENTATION_CONTEXT('2D SPACE',''
  ) );
#3956 = PCURVE('',#3957,#3962);
#3957 = CONICAL_SURFACE('',#3958,1.5,0.785398163397);
#3958 = AXIS2_PLACEMENT_3D('',#3959,#3960,#3961);
#3959 = CARTESIAN_POINT('',(22.53,41.58,0.1));
#3960 = DIRECTION('',(-0.,-0.,-1.));
#3961 = DIRECTION('',(1.,0.,0.));
#3962 = DEFINITIONAL_REPRESENTATION('',(#3963),#3967);
#3963 = LINE('',#3964,#3965);
#3964 = CARTESIAN_POINT('',(-0.,1.E-01));
#3965 = VECTOR('',#3966,1.);
#3966 = DIRECTION('',(1.,-0.));
#3967 = ( GEOMETRIC_REPRESENTATION_CONTEXT(2) 
PARAMETRIC_REPRESENTATION_CONTEXT() REPRESENTATION_CONTEXT('2D SPACE',''
  ) );
#3968 = ADVANCED_FACE('',(#3969),#2120,.T.);
#3969 = FACE_BOUND('',#3970,.F.);
#3970 = EDGE_LOOP('',(#3971,#3972,#3973,#3992));
#3971 = ORIENTED_EDGE('',*,*,#2105,.F.);
#3972 = ORIENTED_EDGE('',*,*,#2188,.T.);
#3973 = ORIENTED_EDGE('',*,*,#3974,.T.);
#3974 = EDGE_CURVE('',#2163,#2972,#3975,.T.);
#3975 = SURFACE_CURVE('',#3976,(#3980,#3986),.PCURVE_S1.);
#3976 = LINE('',#3977,#3978);
#3977 = CARTESIAN_POINT('',(26.15,-41.45,0.));
#3978 = VECTOR('',#3979,1.);
#3979 = DIRECTION('',(-0.923879532511,5.657130561439E-17,-0.382683432365
    ));
#3980 = PCURVE('',#2120,#3981);
#3981 = DEFINITIONAL_REPRESENTATION('',(#3982),#3985);
#3982 = B_SPLINE_CURVE_WITH_KNOTS('',1,(#3983,#3984),.UNSPECIFIED.,.F.,
  .F.,(2,2),(-0.184775906502,0.),.PIECEWISE_BEZIER_KNOTS.);
#3983 = CARTESIAN_POINT('',(1.570796326795,7.071067811865E-02));
#3984 = CARTESIAN_POINT('',(1.570796326795,0.));
#3985 = ( GEOMETRIC_REPRESENTATION_CONTEXT(2) 
PARAMETRIC_REPRESENTATION_CONTEXT() REPRESENTATION_CONTEXT('2D SPACE',''
  ) );
#3986 = PCURVE('',#3011,#3987);
#3987 = DEFINITIONAL_REPRESENTATION('',(#3988),#3991);
#3988 = B_SPLINE_CURVE_WITH_KNOTS('',1,(#3989,#3990),.UNSPECIFIED.,.F.,
  .F.,(2,2),(-0.184775906502,0.),.PIECEWISE_BEZIER_KNOTS.);
#3989 = CARTESIAN_POINT('',(0.,-9.238795325112E-02));
#3990 = CARTESIAN_POINT('',(0.,9.238795325113E-02));
#3991 = ( GEOMETRIC_REPRESENTATION_CONTEXT(2) 
PARAMETRIC_REPRESENTATION_CONTEXT() REPRESENTATION_CONTEXT('2D SPACE',''
  ) );
#3992 = ORIENTED_EDGE('',*,*,#2971,.F.);
#3993 = ADVANCED_FACE('',(#3994),#2177,.T.);
#3994 = FACE_BOUND('',#3995,.F.);
#3995 = EDGE_LOOP('',(#3996,#3997,#3998,#4024));
#3996 = ORIENTED_EDGE('',*,*,#2162,.F.);
#3997 = ORIENTED_EDGE('',*,*,#2243,.T.);
#3998 = ORIENTED_EDGE('',*,*,#3999,.T.);
#3999 = EDGE_CURVE('',#2216,#4000,#4002,.T.);
#4000 = VERTEX_POINT('',#4001);
#4001 = CARTESIAN_POINT('',(26.320710678119,41.45,7.071067811865E-02));
#4002 = SURFACE_CURVE('',#4003,(#4007,#4013),.PCURVE_S1.);
#4003 = LINE('',#4004,#4005);
#4004 = CARTESIAN_POINT('',(26.3,41.45,5.E-02));
#4005 = VECTOR('',#4006,1.);
#4006 = DIRECTION('',(-0.707106781187,0.,-0.707106781187));
#4007 = PCURVE('',#2177,#4008);
#4008 = DEFINITIONAL_REPRESENTATION('',(#4009),#4012);
#4009 = B_SPLINE_CURVE_WITH_KNOTS('',1,(#4010,#4011),.UNSPECIFIED.,.F.,
  .F.,(2,2),(-7.071067811866E-02,7.071067811865E-02),
  .PIECEWISE_BEZIER_KNOTS.);
#4010 = CARTESIAN_POINT('',(-82.9,-7.071067811866E-02));
#4011 = CARTESIAN_POINT('',(-82.9,7.071067811865E-02));
#4012 = ( GEOMETRIC_REPRESENTATION_CONTEXT(2) 
PARAMETRIC_REPRESENTATION_CONTEXT() REPRESENTATION_CONTEXT('2D SPACE',''
  ) );
#4013 = PCURVE('',#4014,#4019);
#4014 = CONICAL_SURFACE('',#4015,3.95,0.785398163397);
#4015 = AXIS2_PLACEMENT_3D('',#4016,#4017,#4018);
#4016 = CARTESIAN_POINT('',(22.4,41.45,0.1));
#4017 = DIRECTION('',(0.,0.,1.));
#4018 = DIRECTION('',(1.,0.,-0.));
#4019 = DEFINITIONAL_REPRESENTATION('',(#4020),#4023);
#4020 = B_SPLINE_CURVE_WITH_KNOTS('',1,(#4021,#4022),.UNSPECIFIED.,.F.,
  .F.,(2,2),(-7.071067811866E-02,7.071067811865E-02),
  .PIECEWISE_BEZIER_KNOTS.);
#4021 = CARTESIAN_POINT('',(0.,0.));
#4022 = CARTESIAN_POINT('',(0.,-0.1));
#4023 = ( GEOMETRIC_REPRESENTATION_CONTEXT(2) 
PARAMETRIC_REPRESENTATION_CONTEXT() REPRESENTATION_CONTEXT('2D SPACE',''
  ) );
#4024 = ORIENTED_EDGE('',*,*,#4025,.F.);
#4025 = EDGE_CURVE('',#2163,#4000,#4026,.T.);
#4026 = SURFACE_CURVE('',#4027,(#4031,#4038),.PCURVE_S1.);
#4027 = LINE('',#4028,#4029);
#4028 = CARTESIAN_POINT('',(26.320710678119,-41.45,7.071067811865E-02));
#4029 = VECTOR('',#4030,1.);
#4030 = DIRECTION('',(0.,1.,0.));
#4031 = PCURVE('',#2177,#4032);
#4032 = DEFINITIONAL_REPRESENTATION('',(#4033),#4037);
#4033 = LINE('',#4034,#4035);
#4034 = CARTESIAN_POINT('',(-0.,-2.928932188135E-02));
#4035 = VECTOR('',#4036,1.);
#4036 = DIRECTION('',(-1.,0.));
#4037 = ( GEOMETRIC_REPRESENTATION_CONTEXT(2) 
PARAMETRIC_REPRESENTATION_CONTEXT() REPRESENTATION_CONTEXT('2D SPACE',''
  ) );
#4038 = PCURVE('',#3011,#4039);
#4039 = DEFINITIONAL_REPRESENTATION('',(#4040),#4044);
#4040 = LINE('',#4041,#4042);
#4041 = CARTESIAN_POINT('',(-0.,-9.238795325112E-02));
#4042 = VECTOR('',#4043,1.);
#4043 = DIRECTION('',(-1.,0.));
#4044 = ( GEOMETRIC_REPRESENTATION_CONTEXT(2) 
PARAMETRIC_REPRESENTATION_CONTEXT() REPRESENTATION_CONTEXT('2D SPACE',''
  ) );
#4045 = ADVANCED_FACE('',(#4046),#2231,.T.);
#4046 = FACE_BOUND('',#4047,.T.);
#4047 = EDGE_LOOP('',(#4048,#4049,#4073,#4094));
#4048 = ORIENTED_EDGE('',*,*,#2215,.F.);
#4049 = ORIENTED_EDGE('',*,*,#4050,.T.);
#4050 = EDGE_CURVE('',#2216,#4051,#4053,.T.);
#4051 = VERTEX_POINT('',#4052);
#4052 = CARTESIAN_POINT('',(22.4,45.4,0.1));
#4053 = SURFACE_CURVE('',#4054,(#4059,#4066),.PCURVE_S1.);
#4054 = CIRCLE('',#4055,3.95);
#4055 = AXIS2_PLACEMENT_3D('',#4056,#4057,#4058);
#4056 = CARTESIAN_POINT('',(22.4,41.45,0.1));
#4057 = DIRECTION('',(0.,0.,1.));
#4058 = DIRECTION('',(1.,0.,-0.));
#4059 = PCURVE('',#2231,#4060);
#4060 = DEFINITIONAL_REPRESENTATION('',(#4061),#4065);
#4061 = LINE('',#4062,#4063);
#4062 = CARTESIAN_POINT('',(0.,0.1));
#4063 = VECTOR('',#4064,1.);
#4064 = DIRECTION('',(1.,0.));
#4065 = ( GEOMETRIC_REPRESENTATION_CONTEXT(2) 
PARAMETRIC_REPRESENTATION_CONTEXT() REPRESENTATION_CONTEXT('2D SPACE',''
  ) );
#4066 = PCURVE('',#4014,#4067);
#4067 = DEFINITIONAL_REPRESENTATION('',(#4068),#4072);
#4068 = LINE('',#4069,#4070);
#4069 = CARTESIAN_POINT('',(0.,-0.));
#4070 = VECTOR('',#4071,1.);
#4071 = DIRECTION('',(1.,-0.));
#4072 = ( GEOMETRIC_REPRESENTATION_CONTEXT(2) 
PARAMETRIC_REPRESENTATION_CONTEXT() REPRESENTATION_CONTEXT('2D SPACE',''
  ) );
#4073 = ORIENTED_EDGE('',*,*,#4074,.T.);
#4074 = EDGE_CURVE('',#4051,#2269,#4075,.T.);
#4075 = SURFACE_CURVE('',#4076,(#4080,#4087),.PCURVE_S1.);
#4076 = LINE('',#4077,#4078);
#4077 = CARTESIAN_POINT('',(22.4,45.4,0.));
#4078 = VECTOR('',#4079,1.);
#4079 = DIRECTION('',(0.,0.,1.));
#4080 = PCURVE('',#2231,#4081);
#4081 = DEFINITIONAL_REPRESENTATION('',(#4082),#4086);
#4082 = LINE('',#4083,#4084);
#4083 = CARTESIAN_POINT('',(1.570796326795,0.));
#4084 = VECTOR('',#4085,1.);
#4085 = DIRECTION('',(0.,1.));
#4086 = ( GEOMETRIC_REPRESENTATION_CONTEXT(2) 
PARAMETRIC_REPRESENTATION_CONTEXT() REPRESENTATION_CONTEXT('2D SPACE',''
  ) );
#4087 = PCURVE('',#2330,#4088);
#4088 = DEFINITIONAL_REPRESENTATION('',(#4089),#4093);
#4089 = LINE('',#4090,#4091);
#4090 = CARTESIAN_POINT('',(3.95,0.));
#4091 = VECTOR('',#4092,1.);
#4092 = DIRECTION('',(0.,-1.));
#4093 = ( GEOMETRIC_REPRESENTATION_CONTEXT(2) 
PARAMETRIC_REPRESENTATION_CONTEXT() REPRESENTATION_CONTEXT('2D SPACE',''
  ) );
#4094 = ORIENTED_EDGE('',*,*,#2268,.F.);
#4095 = ADVANCED_FACE('',(#4096),#2330,.F.);
#4096 = FACE_BOUND('',#4097,.F.);
#4097 = EDGE_LOOP('',(#4098,#4099,#4100,#4101));
#4098 = ORIENTED_EDGE('',*,*,#4074,.T.);
#4099 = ORIENTED_EDGE('',*,*,#2316,.T.);
#4100 = ORIENTED_EDGE('',*,*,#2347,.F.);
#4101 = ORIENTED_EDGE('',*,*,#4102,.F.);
#4102 = EDGE_CURVE('',#4051,#2348,#4103,.T.);
#4103 = SURFACE_CURVE('',#4104,(#4108,#4115),.PCURVE_S1.);
#4104 = LINE('',#4105,#4106);
#4105 = CARTESIAN_POINT('',(22.4,45.4,0.1));
#4106 = VECTOR('',#4107,1.);
#4107 = DIRECTION('',(-1.,0.,0.));
#4108 = PCURVE('',#2330,#4109);
#4109 = DEFINITIONAL_REPRESENTATION('',(#4110),#4114);
#4110 = LINE('',#4111,#4112);
#4111 = CARTESIAN_POINT('',(3.95,-0.1));
#4112 = VECTOR('',#4113,1.);
#4113 = DIRECTION('',(1.,0.));
#4114 = ( GEOMETRIC_REPRESENTATION_CONTEXT(2) 
PARAMETRIC_REPRESENTATION_CONTEXT() REPRESENTATION_CONTEXT('2D SPACE',''
  ) );
#4115 = PCURVE('',#4116,#4121);
#4116 = PLANE('',#4117);
#4117 = AXIS2_PLACEMENT_3D('',#4118,#4119,#4120);
#4118 = CARTESIAN_POINT('',(22.4,45.35,5.E-02));
#4119 = DIRECTION('',(0.,0.707106781187,-0.707106781187));
#4120 = DIRECTION('',(1.,-0.,-0.));
#4121 = DEFINITIONAL_REPRESENTATION('',(#4122),#4126);
#4122 = LINE('',#4123,#4124);
#4123 = CARTESIAN_POINT('',(-0.,-7.071067811865E-02));
#4124 = VECTOR('',#4125,1.);
#4125 = DIRECTION('',(-1.,0.));
#4126 = ( GEOMETRIC_REPRESENTATION_CONTEXT(2) 
PARAMETRIC_REPRESENTATION_CONTEXT() REPRESENTATION_CONTEXT('2D SPACE',''
  ) );
#4127 = ADVANCED_FACE('',(#4128),#2385,.T.);
#4128 = FACE_BOUND('',#4129,.F.);
#4129 = EDGE_LOOP('',(#4130,#4151,#4152,#4153));
#4130 = ORIENTED_EDGE('',*,*,#4131,.F.);
#4131 = EDGE_CURVE('',#2348,#4132,#4134,.T.);
#4132 = VERTEX_POINT('',#4133);
#4133 = CARTESIAN_POINT('',(-22.4,45.370710678119,7.071067811866E-02));
#4134 = SURFACE_CURVE('',#4135,(#4139,#4145),.PCURVE_S1.);
#4135 = LINE('',#4136,#4137);
#4136 = CARTESIAN_POINT('',(-22.4,45.35,5.E-02));
#4137 = VECTOR('',#4138,1.);
#4138 = DIRECTION('',(-0.,-0.707106781187,-0.707106781187));
#4139 = PCURVE('',#2385,#4140);
#4140 = DEFINITIONAL_REPRESENTATION('',(#4141),#4144);
#4141 = B_SPLINE_CURVE_WITH_KNOTS('',1,(#4142,#4143),.UNSPECIFIED.,.F.,
  .F.,(2,2),(-7.071067811865E-02,7.071067811866E-02),
  .PIECEWISE_BEZIER_KNOTS.);
#4142 = CARTESIAN_POINT('',(0.,0.));
#4143 = CARTESIAN_POINT('',(0.,-1.E-01));
#4144 = ( GEOMETRIC_REPRESENTATION_CONTEXT(2) 
PARAMETRIC_REPRESENTATION_CONTEXT() REPRESENTATION_CONTEXT('2D SPACE',''
  ) );
#4145 = PCURVE('',#4116,#4146);
#4146 = DEFINITIONAL_REPRESENTATION('',(#4147),#4150);
#4147 = B_SPLINE_CURVE_WITH_KNOTS('',1,(#4148,#4149),.UNSPECIFIED.,.F.,
  .F.,(2,2),(-7.071067811865E-02,7.071067811866E-02),
  .PIECEWISE_BEZIER_KNOTS.);
#4148 = CARTESIAN_POINT('',(-44.8,-7.071067811865E-02));
#4149 = CARTESIAN_POINT('',(-44.8,7.071067811866E-02));
#4150 = ( GEOMETRIC_REPRESENTATION_CONTEXT(2) 
PARAMETRIC_REPRESENTATION_CONTEXT() REPRESENTATION_CONTEXT('2D SPACE',''
  ) );
#4151 = ORIENTED_EDGE('',*,*,#2370,.T.);
#4152 = ORIENTED_EDGE('',*,*,#2402,.T.);
#4153 = ORIENTED_EDGE('',*,*,#4154,.F.);
#4154 = EDGE_CURVE('',#4132,#2403,#4155,.T.);
#4155 = SURFACE_CURVE('',#4156,(#4161,#4168),.PCURVE_S1.);
#4156 = CIRCLE('',#4157,3.920710678119);
#4157 = AXIS2_PLACEMENT_3D('',#4158,#4159,#4160);
#4158 = CARTESIAN_POINT('',(-22.4,41.45,7.071067811865E-02));
#4159 = DIRECTION('',(0.,-0.,1.));
#4160 = DIRECTION('',(0.,1.,0.));
#4161 = PCURVE('',#2385,#4162);
#4162 = DEFINITIONAL_REPRESENTATION('',(#4163),#4167);
#4163 = LINE('',#4164,#4165);
#4164 = CARTESIAN_POINT('',(0.,-2.928932188135E-02));
#4165 = VECTOR('',#4166,1.);
#4166 = DIRECTION('',(1.,-0.));
#4167 = ( GEOMETRIC_REPRESENTATION_CONTEXT(2) 
PARAMETRIC_REPRESENTATION_CONTEXT() REPRESENTATION_CONTEXT('2D SPACE',''
  ) );
#4168 = PCURVE('',#3097,#4169);
#4169 = DEFINITIONAL_REPRESENTATION('',(#4170),#4174);
#4170 = LINE('',#4171,#4172);
#4171 = CARTESIAN_POINT('',(-0.,7.071067811865E-02));
#4172 = VECTOR('',#4173,1.);
#4173 = DIRECTION('',(1.,-0.));
#4174 = ( GEOMETRIC_REPRESENTATION_CONTEXT(2) 
PARAMETRIC_REPRESENTATION_CONTEXT() REPRESENTATION_CONTEXT('2D SPACE',''
  ) );
#4175 = ADVANCED_FACE('',(#4176),#2439,.T.);
#4176 = FACE_BOUND('',#4177,.F.);
#4177 = EDGE_LOOP('',(#4178,#4197,#4198,#4199));
#4178 = ORIENTED_EDGE('',*,*,#4179,.F.);
#4179 = EDGE_CURVE('',#2403,#3081,#4180,.T.);
#4180 = SURFACE_CURVE('',#4181,(#4185,#4191),.PCURVE_S1.);
#4181 = LINE('',#4182,#4183);
#4182 = CARTESIAN_POINT('',(-26.15,41.45,0.));
#4183 = VECTOR('',#4184,1.);
#4184 = DIRECTION('',(0.923879532511,-5.657130561439E-17,-0.382683432365
    ));
#4185 = PCURVE('',#2439,#4186);
#4186 = DEFINITIONAL_REPRESENTATION('',(#4187),#4190);
#4187 = B_SPLINE_CURVE_WITH_KNOTS('',1,(#4188,#4189),.UNSPECIFIED.,.F.,
  .F.,(2,2),(-0.184775906502,0.),.PIECEWISE_BEZIER_KNOTS.);
#4188 = CARTESIAN_POINT('',(0.,-9.238795325112E-02));
#4189 = CARTESIAN_POINT('',(0.,9.238795325113E-02));
#4190 = ( GEOMETRIC_REPRESENTATION_CONTEXT(2) 
PARAMETRIC_REPRESENTATION_CONTEXT() REPRESENTATION_CONTEXT('2D SPACE',''
  ) );
#4191 = PCURVE('',#3097,#4192);
#4192 = DEFINITIONAL_REPRESENTATION('',(#4193),#4196);
#4193 = B_SPLINE_CURVE_WITH_KNOTS('',1,(#4194,#4195),.UNSPECIFIED.,.F.,
  .F.,(2,2),(-0.184775906502,0.),.PIECEWISE_BEZIER_KNOTS.);
#4194 = CARTESIAN_POINT('',(1.570796326795,7.071067811865E-02));
#4195 = CARTESIAN_POINT('',(1.570796326795,0.));
#4196 = ( GEOMETRIC_REPRESENTATION_CONTEXT(2) 
PARAMETRIC_REPRESENTATION_CONTEXT() REPRESENTATION_CONTEXT('2D SPACE',''
  ) );
#4197 = ORIENTED_EDGE('',*,*,#2425,.T.);
#4198 = ORIENTED_EDGE('',*,*,#2454,.T.);
#4199 = ORIENTED_EDGE('',*,*,#3109,.F.);
#4200 = ADVANCED_FACE('',(#4201),#2546,.F.);
#4201 = FACE_BOUND('',#4202,.T.);
#4202 = EDGE_LOOP('',(#4203,#4234,#4260,#4279,#4280,#4301));
#4203 = ORIENTED_EDGE('',*,*,#4204,.F.);
#4204 = EDGE_CURVE('',#4205,#4207,#4209,.T.);
#4205 = VERTEX_POINT('',#4206);
#4206 = CARTESIAN_POINT('',(-25.35,-40.34546389828,1.19));
#4207 = VERTEX_POINT('',#4208);
#4208 = CARTESIAN_POINT('',(-21.29546389828,-44.4,1.19));
#4209 = SURFACE_CURVE('',#4210,(#4215,#4222),.PCURVE_S1.);
#4210 = CIRCLE('',#4211,3.15);
#4211 = AXIS2_PLACEMENT_3D('',#4212,#4213,#4214);
#4212 = CARTESIAN_POINT('',(-22.4,-41.45,1.19));
#4213 = DIRECTION('',(0.,0.,1.));
#4214 = DIRECTION('',(1.,0.,0.));
#4215 = PCURVE('',#2546,#4216);
#4216 = DEFINITIONAL_REPRESENTATION('',(#4217),#4221);
#4217 = LINE('',#4218,#4219);
#4218 = CARTESIAN_POINT('',(-0.,0.));
#4219 = VECTOR('',#4220,1.);
#4220 = DIRECTION('',(-1.,0.));
#4221 = ( GEOMETRIC_REPRESENTATION_CONTEXT(2) 
PARAMETRIC_REPRESENTATION_CONTEXT() REPRESENTATION_CONTEXT('2D SPACE',''
  ) );
#4222 = PCURVE('',#4223,#4228);
#4223 = PLANE('',#4224);
#4224 = AXIS2_PLACEMENT_3D('',#4225,#4226,#4227);
#4225 = CARTESIAN_POINT('',(-22.4,-41.45,1.19));
#4226 = DIRECTION('',(0.,0.,1.));
#4227 = DIRECTION('',(1.,0.,-0.));
#4228 = DEFINITIONAL_REPRESENTATION('',(#4229),#4233);
#4229 = CIRCLE('',#4230,3.15);
#4230 = AXIS2_PLACEMENT_2D('',#4231,#4232);
#4231 = CARTESIAN_POINT('',(3.552713678801E-15,7.105427357601E-15));
#4232 = DIRECTION('',(1.,0.));
#4233 = ( GEOMETRIC_REPRESENTATION_CONTEXT(2) 
PARAMETRIC_REPRESENTATION_CONTEXT() REPRESENTATION_CONTEXT('2D SPACE',''
  ) );
#4234 = ORIENTED_EDGE('',*,*,#4235,.F.);
#4235 = EDGE_CURVE('',#4236,#4205,#4238,.T.);
#4236 = VERTEX_POINT('',#4237);
#4237 = CARTESIAN_POINT('',(-25.35,-40.34546389828,1.2));
#4238 = SURFACE_CURVE('',#4239,(#4243,#4249),.PCURVE_S1.);
#4239 = LINE('',#4240,#4241);
#4240 = CARTESIAN_POINT('',(-25.35,-40.34546389828,1.19));
#4241 = VECTOR('',#4242,1.);
#4242 = DIRECTION('',(-0.,-0.,-1.));
#4243 = PCURVE('',#2546,#4244);
#4244 = DEFINITIONAL_REPRESENTATION('',(#4245),#4248);
#4245 = B_SPLINE_CURVE_WITH_KNOTS('',1,(#4246,#4247),.UNSPECIFIED.,.F.,
  .F.,(2,2),(-0.13,5.999999999062E-07),.PIECEWISE_BEZIER_KNOTS.);
#4246 = CARTESIAN_POINT('',(-2.783331435077,-0.13));
#4247 = CARTESIAN_POINT('',(-2.783331435077,5.999999999062E-07));
#4248 = ( GEOMETRIC_REPRESENTATION_CONTEXT(2) 
PARAMETRIC_REPRESENTATION_CONTEXT() REPRESENTATION_CONTEXT('2D SPACE',''
  ) );
#4249 = PCURVE('',#4250,#4255);
#4250 = PLANE('',#4251);
#4251 = AXIS2_PLACEMENT_3D('',#4252,#4253,#4254);
#4252 = CARTESIAN_POINT('',(-25.35,44.4,0.));
#4253 = DIRECTION('',(1.,0.,-0.));
#4254 = DIRECTION('',(0.,-1.,0.));
#4255 = DEFINITIONAL_REPRESENTATION('',(#4256),#4259);
#4256 = B_SPLINE_CURVE_WITH_KNOTS('',1,(#4257,#4258),.UNSPECIFIED.,.F.,
  .F.,(2,2),(-0.13,5.999999999062E-07),.PIECEWISE_BEZIER_KNOTS.);
#4257 = CARTESIAN_POINT('',(84.745463898281,-1.32));
#4258 = CARTESIAN_POINT('',(84.745463898281,-1.1899994));
#4259 = ( GEOMETRIC_REPRESENTATION_CONTEXT(2) 
PARAMETRIC_REPRESENTATION_CONTEXT() REPRESENTATION_CONTEXT('2D SPACE',''
  ) );
#4260 = ORIENTED_EDGE('',*,*,#4261,.F.);
#4261 = EDGE_CURVE('',#2530,#4236,#4262,.T.);
#4262 = SURFACE_CURVE('',#4263,(#4267,#4273),.PCURVE_S1.);
#4263 = LINE('',#4264,#4265);
#4264 = CARTESIAN_POINT('',(-25.35,-40.34546389828,1.19));
#4265 = VECTOR('',#4266,1.);
#4266 = DIRECTION('',(-0.,-0.,-1.));
#4267 = PCURVE('',#2546,#4268);
#4268 = DEFINITIONAL_REPRESENTATION('',(#4269),#4272);
#4269 = B_SPLINE_CURVE_WITH_KNOTS('',1,(#4270,#4271),.UNSPECIFIED.,.F.,
  .F.,(2,2),(-0.56,5.999999999062E-07),.PIECEWISE_BEZIER_KNOTS.);
#4270 = CARTESIAN_POINT('',(-2.783331435077,-0.56));
#4271 = CARTESIAN_POINT('',(-2.783331435077,5.999999999062E-07));
#4272 = ( GEOMETRIC_REPRESENTATION_CONTEXT(2) 
PARAMETRIC_REPRESENTATION_CONTEXT() REPRESENTATION_CONTEXT('2D SPACE',''
  ) );
#4273 = PCURVE('',#2686,#4274);
#4274 = DEFINITIONAL_REPRESENTATION('',(#4275),#4278);
#4275 = B_SPLINE_CURVE_WITH_KNOTS('',1,(#4276,#4277),.UNSPECIFIED.,.F.,
  .F.,(2,2),(-0.56,5.999999999062E-07),.PIECEWISE_BEZIER_KNOTS.);
#4276 = CARTESIAN_POINT('',(84.745463898281,-0.55));
#4277 = CARTESIAN_POINT('',(84.745463898281,1.00006E-02));
#4278 = ( GEOMETRIC_REPRESENTATION_CONTEXT(2) 
PARAMETRIC_REPRESENTATION_CONTEXT() REPRESENTATION_CONTEXT('2D SPACE',''
  ) );
#4279 = ORIENTED_EDGE('',*,*,#2529,.T.);
#4280 = ORIENTED_EDGE('',*,*,#4281,.T.);
#4281 = EDGE_CURVE('',#2503,#4282,#4284,.T.);
#4282 = VERTEX_POINT('',#4283);
#4283 = CARTESIAN_POINT('',(-21.29546389828,-44.4,1.2));
#4284 = SURFACE_CURVE('',#4285,(#4289,#4295),.PCURVE_S1.);
#4285 = LINE('',#4286,#4287);
#4286 = CARTESIAN_POINT('',(-21.29546389828,-44.4,1.19));
#4287 = VECTOR('',#4288,1.);
#4288 = DIRECTION('',(-0.,-0.,-1.));
#4289 = PCURVE('',#2546,#4290);
#4290 = DEFINITIONAL_REPRESENTATION('',(#4291),#4294);
#4291 = B_SPLINE_CURVE_WITH_KNOTS('',1,(#4292,#4293),.UNSPECIFIED.,.F.,
  .F.,(2,2),(-0.56,5.999999999062E-07),.PIECEWISE_BEZIER_KNOTS.);
#4292 = CARTESIAN_POINT('',(-5.070650198897,-0.56));
#4293 = CARTESIAN_POINT('',(-5.070650198897,5.999999999062E-07));
#4294 = ( GEOMETRIC_REPRESENTATION_CONTEXT(2) 
PARAMETRIC_REPRESENTATION_CONTEXT() REPRESENTATION_CONTEXT('2D SPACE',''
  ) );
#4295 = PCURVE('',#2604,#4296);
#4296 = DEFINITIONAL_REPRESENTATION('',(#4297),#4300);
#4297 = B_SPLINE_CURVE_WITH_KNOTS('',1,(#4298,#4299),.UNSPECIFIED.,.F.,
  .F.,(2,2),(-0.56,5.999999999062E-07),.PIECEWISE_BEZIER_KNOTS.);
#4298 = CARTESIAN_POINT('',(4.054536101719,-0.55));
#4299 = CARTESIAN_POINT('',(4.054536101719,1.00006E-02));
#4300 = ( GEOMETRIC_REPRESENTATION_CONTEXT(2) 
PARAMETRIC_REPRESENTATION_CONTEXT() REPRESENTATION_CONTEXT('2D SPACE',''
  ) );
#4301 = ORIENTED_EDGE('',*,*,#4302,.T.);
#4302 = EDGE_CURVE('',#4282,#4207,#4303,.T.);
#4303 = SURFACE_CURVE('',#4304,(#4308,#4314),.PCURVE_S1.);
#4304 = LINE('',#4305,#4306);
#4305 = CARTESIAN_POINT('',(-21.29546389828,-44.4,1.19));
#4306 = VECTOR('',#4307,1.);
#4307 = DIRECTION('',(-0.,-0.,-1.));
#4308 = PCURVE('',#2546,#4309);
#4309 = DEFINITIONAL_REPRESENTATION('',(#4310),#4313);
#4310 = B_SPLINE_CURVE_WITH_KNOTS('',1,(#4311,#4312),.UNSPECIFIED.,.F.,
  .F.,(2,2),(-0.13,5.999999999062E-07),.PIECEWISE_BEZIER_KNOTS.);
#4311 = CARTESIAN_POINT('',(-5.070650198897,-0.13));
#4312 = CARTESIAN_POINT('',(-5.070650198897,5.999999999062E-07));
#4313 = ( GEOMETRIC_REPRESENTATION_CONTEXT(2) 
PARAMETRIC_REPRESENTATION_CONTEXT() REPRESENTATION_CONTEXT('2D SPACE',''
  ) );
#4314 = PCURVE('',#4315,#4320);
#4315 = PLANE('',#4316);
#4316 = AXIS2_PLACEMENT_3D('',#4317,#4318,#4319);
#4317 = CARTESIAN_POINT('',(-25.35,-44.4,0.));
#4318 = DIRECTION('',(0.,1.,0.));
#4319 = DIRECTION('',(1.,0.,0.));
#4320 = DEFINITIONAL_REPRESENTATION('',(#4321),#4324);
#4321 = B_SPLINE_CURVE_WITH_KNOTS('',1,(#4322,#4323),.UNSPECIFIED.,.F.,
  .F.,(2,2),(-0.13,5.999999999062E-07),.PIECEWISE_BEZIER_KNOTS.);
#4322 = CARTESIAN_POINT('',(4.054536101719,-1.32));
#4323 = CARTESIAN_POINT('',(4.054536101719,-1.1899994));
#4324 = ( GEOMETRIC_REPRESENTATION_CONTEXT(2) 
PARAMETRIC_REPRESENTATION_CONTEXT() REPRESENTATION_CONTEXT('2D SPACE',''
  ) );
#4325 = ADVANCED_FACE('',(#4326),#2604,.T.);
#4326 = FACE_BOUND('',#4327,.T.);
#4327 = EDGE_LOOP('',(#4328,#4356,#4357,#4358));
#4328 = ORIENTED_EDGE('',*,*,#4329,.F.);
#4329 = EDGE_CURVE('',#4282,#4330,#4332,.T.);
#4330 = VERTEX_POINT('',#4331);
#4331 = CARTESIAN_POINT('',(21.295463898281,-44.4,1.2));
#4332 = SURFACE_CURVE('',#4333,(#4337,#4344),.PCURVE_S1.);
#4333 = LINE('',#4334,#4335);
#4334 = CARTESIAN_POINT('',(-25.35,-44.4,1.2));
#4335 = VECTOR('',#4336,1.);
#4336 = DIRECTION('',(1.,0.,0.));
#4337 = PCURVE('',#2604,#4338);
#4338 = DEFINITIONAL_REPRESENTATION('',(#4339),#4343);
#4339 = LINE('',#4340,#4341);
#4340 = CARTESIAN_POINT('',(0.,0.));
#4341 = VECTOR('',#4342,1.);
#4342 = DIRECTION('',(1.,0.));
#4343 = ( GEOMETRIC_REPRESENTATION_CONTEXT(2) 
PARAMETRIC_REPRESENTATION_CONTEXT() REPRESENTATION_CONTEXT('2D SPACE',''
  ) );
#4344 = PCURVE('',#4345,#4350);
#4345 = PLANE('',#4346);
#4346 = AXIS2_PLACEMENT_3D('',#4347,#4348,#4349);
#4347 = CARTESIAN_POINT('',(0.,0.,1.2));
#4348 = DIRECTION('',(0.,0.,1.));
#4349 = DIRECTION('',(1.,0.,-0.));
#4350 = DEFINITIONAL_REPRESENTATION('',(#4351),#4355);
#4351 = LINE('',#4352,#4353);
#4352 = CARTESIAN_POINT('',(-25.35,-44.4));
#4353 = VECTOR('',#4354,1.);
#4354 = DIRECTION('',(1.,0.));
#4355 = ( GEOMETRIC_REPRESENTATION_CONTEXT(2) 
PARAMETRIC_REPRESENTATION_CONTEXT() REPRESENTATION_CONTEXT('2D SPACE',''
  ) );
#4356 = ORIENTED_EDGE('',*,*,#4281,.F.);
#4357 = ORIENTED_EDGE('',*,*,#2588,.T.);
#4358 = ORIENTED_EDGE('',*,*,#4359,.T.);
#4359 = EDGE_CURVE('',#2589,#4330,#4360,.T.);
#4360 = SURFACE_CURVE('',#4361,(#4365,#4371),.PCURVE_S1.);
#4361 = LINE('',#4362,#4363);
#4362 = CARTESIAN_POINT('',(21.295463898281,-44.4,1.19));
#4363 = VECTOR('',#4364,1.);
#4364 = DIRECTION('',(-0.,-0.,-1.));
#4365 = PCURVE('',#2604,#4366);
#4366 = DEFINITIONAL_REPRESENTATION('',(#4367),#4370);
#4367 = B_SPLINE_CURVE_WITH_KNOTS('',1,(#4368,#4369),.UNSPECIFIED.,.F.,
  .F.,(2,2),(-0.56,5.999999999062E-07),.PIECEWISE_BEZIER_KNOTS.);
#4368 = CARTESIAN_POINT('',(46.645463898281,-0.55));
#4369 = CARTESIAN_POINT('',(46.645463898281,1.00006E-02));
#4370 = ( GEOMETRIC_REPRESENTATION_CONTEXT(2) 
PARAMETRIC_REPRESENTATION_CONTEXT() REPRESENTATION_CONTEXT('2D SPACE',''
  ) );
#4371 = PCURVE('',#2745,#4372);
#4372 = DEFINITIONAL_REPRESENTATION('',(#4373),#4376);
#4373 = B_SPLINE_CURVE_WITH_KNOTS('',1,(#4374,#4375),.UNSPECIFIED.,.F.,
  .F.,(2,2),(-0.51,-1.E-02),.PIECEWISE_BEZIER_KNOTS.);
#4374 = CARTESIAN_POINT('',(-4.354127761872,-0.51));
#4375 = CARTESIAN_POINT('',(-4.354127761872,-1.E-02));
#4376 = ( GEOMETRIC_REPRESENTATION_CONTEXT(2) 
PARAMETRIC_REPRESENTATION_CONTEXT() REPRESENTATION_CONTEXT('2D SPACE',''
  ) );
#4377 = ADVANCED_FACE('',(#4378),#2686,.T.);
#4378 = FACE_BOUND('',#4379,.T.);
#4379 = EDGE_LOOP('',(#4380,#4403,#4422,#4423));
#4380 = ORIENTED_EDGE('',*,*,#4381,.F.);
#4381 = EDGE_CURVE('',#4382,#4236,#4384,.T.);
#4382 = VERTEX_POINT('',#4383);
#4383 = CARTESIAN_POINT('',(-25.35,40.345463898281,1.2));
#4384 = SURFACE_CURVE('',#4385,(#4389,#4396),.PCURVE_S1.);
#4385 = LINE('',#4386,#4387);
#4386 = CARTESIAN_POINT('',(-25.35,44.4,1.2));
#4387 = VECTOR('',#4388,1.);
#4388 = DIRECTION('',(0.,-1.,0.));
#4389 = PCURVE('',#2686,#4390);
#4390 = DEFINITIONAL_REPRESENTATION('',(#4391),#4395);
#4391 = LINE('',#4392,#4393);
#4392 = CARTESIAN_POINT('',(0.,0.));
#4393 = VECTOR('',#4394,1.);
#4394 = DIRECTION('',(1.,0.));
#4395 = ( GEOMETRIC_REPRESENTATION_CONTEXT(2) 
PARAMETRIC_REPRESENTATION_CONTEXT() REPRESENTATION_CONTEXT('2D SPACE',''
  ) );
#4396 = PCURVE('',#4345,#4397);
#4397 = DEFINITIONAL_REPRESENTATION('',(#4398),#4402);
#4398 = LINE('',#4399,#4400);
#4399 = CARTESIAN_POINT('',(-25.35,44.4));
#4400 = VECTOR('',#4401,1.);
#4401 = DIRECTION('',(0.,-1.));
#4402 = ( GEOMETRIC_REPRESENTATION_CONTEXT(2) 
PARAMETRIC_REPRESENTATION_CONTEXT() REPRESENTATION_CONTEXT('2D SPACE',''
  ) );
#4403 = ORIENTED_EDGE('',*,*,#4404,.F.);
#4404 = EDGE_CURVE('',#2646,#4382,#4405,.T.);
#4405 = SURFACE_CURVE('',#4406,(#4410,#4416),.PCURVE_S1.);
#4406 = LINE('',#4407,#4408);
#4407 = CARTESIAN_POINT('',(-25.35,40.345463898281,1.19));
#4408 = VECTOR('',#4409,1.);
#4409 = DIRECTION('',(-0.,-0.,-1.));
#4410 = PCURVE('',#2686,#4411);
#4411 = DEFINITIONAL_REPRESENTATION('',(#4412),#4415);
#4412 = B_SPLINE_CURVE_WITH_KNOTS('',1,(#4413,#4414),.UNSPECIFIED.,.F.,
  .F.,(2,2),(-0.56,5.999999999062E-07),.PIECEWISE_BEZIER_KNOTS.);
#4413 = CARTESIAN_POINT('',(4.054536101719,-0.55));
#4414 = CARTESIAN_POINT('',(4.054536101719,1.00006E-02));
#4415 = ( GEOMETRIC_REPRESENTATION_CONTEXT(2) 
PARAMETRIC_REPRESENTATION_CONTEXT() REPRESENTATION_CONTEXT('2D SPACE',''
  ) );
#4416 = PCURVE('',#2780,#4417);
#4417 = DEFINITIONAL_REPRESENTATION('',(#4418),#4421);
#4418 = B_SPLINE_CURVE_WITH_KNOTS('',1,(#4419,#4420),.UNSPECIFIED.,.F.,
  .F.,(2,2),(-0.56,5.999999999062E-07),.PIECEWISE_BEZIER_KNOTS.);
#4419 = CARTESIAN_POINT('',(-3.499853872102,-0.56));
#4420 = CARTESIAN_POINT('',(-3.499853872102,5.999999999062E-07));
#4421 = ( GEOMETRIC_REPRESENTATION_CONTEXT(2) 
PARAMETRIC_REPRESENTATION_CONTEXT() REPRESENTATION_CONTEXT('2D SPACE',''
  ) );
#4422 = ORIENTED_EDGE('',*,*,#2672,.F.);
#4423 = ORIENTED_EDGE('',*,*,#4261,.T.);
#4424 = ADVANCED_FACE('',(#4425),#2745,.F.);
#4425 = FACE_BOUND('',#4426,.T.);
#4426 = EDGE_LOOP('',(#4427,#4428,#4449,#4475,#4508,#4532));
#4427 = ORIENTED_EDGE('',*,*,#2730,.F.);
#4428 = ORIENTED_EDGE('',*,*,#4429,.T.);
#4429 = EDGE_CURVE('',#2704,#4430,#4432,.T.);
#4430 = VERTEX_POINT('',#4431);
#4431 = CARTESIAN_POINT('',(25.35,-40.34546389828,1.2));
#4432 = SURFACE_CURVE('',#4433,(#4437,#4443),.PCURVE_S1.);
#4433 = LINE('',#4434,#4435);
#4434 = CARTESIAN_POINT('',(25.35,-40.34546389828,1.19));
#4435 = VECTOR('',#4436,1.);
#4436 = DIRECTION('',(-0.,-0.,-1.));
#4437 = PCURVE('',#2745,#4438);
#4438 = DEFINITIONAL_REPRESENTATION('',(#4439),#4442);
#4439 = B_SPLINE_CURVE_WITH_KNOTS('',1,(#4440,#4441),.UNSPECIFIED.,.F.,
  .F.,(2,2),(-0.51,-1.E-02),.PIECEWISE_BEZIER_KNOTS.);
#4440 = CARTESIAN_POINT('',(-6.641446525692,-0.51));
#4441 = CARTESIAN_POINT('',(-6.641446525692,-1.E-02));
#4442 = ( GEOMETRIC_REPRESENTATION_CONTEXT(2) 
PARAMETRIC_REPRESENTATION_CONTEXT() REPRESENTATION_CONTEXT('2D SPACE',''
  ) );
#4443 = PCURVE('',#2838,#4444);
#4444 = DEFINITIONAL_REPRESENTATION('',(#4445),#4448);
#4445 = B_SPLINE_CURVE_WITH_KNOTS('',1,(#4446,#4447),.UNSPECIFIED.,.F.,
  .F.,(2,2),(-0.56,5.999999999062E-07),.PIECEWISE_BEZIER_KNOTS.);
#4446 = CARTESIAN_POINT('',(4.054536101719,-0.55));
#4447 = CARTESIAN_POINT('',(4.054536101719,1.00006E-02));
#4448 = ( GEOMETRIC_REPRESENTATION_CONTEXT(2) 
PARAMETRIC_REPRESENTATION_CONTEXT() REPRESENTATION_CONTEXT('2D SPACE',''
  ) );
#4449 = ORIENTED_EDGE('',*,*,#4450,.T.);
#4450 = EDGE_CURVE('',#4430,#4451,#4453,.T.);
#4451 = VERTEX_POINT('',#4452);
#4452 = CARTESIAN_POINT('',(25.35,-40.34546389828,1.19));
#4453 = SURFACE_CURVE('',#4454,(#4458,#4464),.PCURVE_S1.);
#4454 = LINE('',#4455,#4456);
#4455 = CARTESIAN_POINT('',(25.35,-40.34546389828,1.19));
#4456 = VECTOR('',#4457,1.);
#4457 = DIRECTION('',(-0.,-0.,-1.));
#4458 = PCURVE('',#2745,#4459);
#4459 = DEFINITIONAL_REPRESENTATION('',(#4460),#4463);
#4460 = B_SPLINE_CURVE_WITH_KNOTS('',1,(#4461,#4462),.UNSPECIFIED.,.F.,
  .F.,(2,2),(-0.13,5.999999999062E-07),.PIECEWISE_BEZIER_KNOTS.);
#4461 = CARTESIAN_POINT('',(-6.641446525692,-0.13));
#4462 = CARTESIAN_POINT('',(-6.641446525692,5.999999999062E-07));
#4463 = ( GEOMETRIC_REPRESENTATION_CONTEXT(2) 
PARAMETRIC_REPRESENTATION_CONTEXT() REPRESENTATION_CONTEXT('2D SPACE',''
  ) );
#4464 = PCURVE('',#4465,#4470);
#4465 = PLANE('',#4466);
#4466 = AXIS2_PLACEMENT_3D('',#4467,#4468,#4469);
#4467 = CARTESIAN_POINT('',(25.35,-44.4,0.));
#4468 = DIRECTION('',(-1.,0.,0.));
#4469 = DIRECTION('',(0.,1.,0.));
#4470 = DEFINITIONAL_REPRESENTATION('',(#4471),#4474);
#4471 = B_SPLINE_CURVE_WITH_KNOTS('',1,(#4472,#4473),.UNSPECIFIED.,.F.,
  .F.,(2,2),(-0.13,5.999999999062E-07),.PIECEWISE_BEZIER_KNOTS.);
#4472 = CARTESIAN_POINT('',(4.054536101719,-1.32));
#4473 = CARTESIAN_POINT('',(4.054536101719,-1.1899994));
#4474 = ( GEOMETRIC_REPRESENTATION_CONTEXT(2) 
PARAMETRIC_REPRESENTATION_CONTEXT() REPRESENTATION_CONTEXT('2D SPACE',''
  ) );
#4475 = ORIENTED_EDGE('',*,*,#4476,.T.);
#4476 = EDGE_CURVE('',#4451,#4477,#4479,.T.);
#4477 = VERTEX_POINT('',#4478);
#4478 = CARTESIAN_POINT('',(21.295463898281,-44.4,1.19));
#4479 = SURFACE_CURVE('',#4480,(#4485,#4492),.PCURVE_S1.);
#4480 = CIRCLE('',#4481,3.15);
#4481 = AXIS2_PLACEMENT_3D('',#4482,#4483,#4484);
#4482 = CARTESIAN_POINT('',(22.4,-41.45,1.19));
#4483 = DIRECTION('',(0.,0.,-1.));
#4484 = DIRECTION('',(0.555555555556,0.831479419283,0.));
#4485 = PCURVE('',#2745,#4486);
#4486 = DEFINITIONAL_REPRESENTATION('',(#4487),#4491);
#4487 = LINE('',#4488,#4489);
#4488 = CARTESIAN_POINT('',(-7.264950663758,0.));
#4489 = VECTOR('',#4490,1.);
#4490 = DIRECTION('',(1.,-0.));
#4491 = ( GEOMETRIC_REPRESENTATION_CONTEXT(2) 
PARAMETRIC_REPRESENTATION_CONTEXT() REPRESENTATION_CONTEXT('2D SPACE',''
  ) );
#4492 = PCURVE('',#4493,#4498);
#4493 = PLANE('',#4494);
#4494 = AXIS2_PLACEMENT_3D('',#4495,#4496,#4497);
#4495 = CARTESIAN_POINT('',(-22.4,-41.45,1.19));
#4496 = DIRECTION('',(0.,0.,1.));
#4497 = DIRECTION('',(1.,0.,-0.));
#4498 = DEFINITIONAL_REPRESENTATION('',(#4499),#4507);
#4499 = ( BOUNDED_CURVE() B_SPLINE_CURVE(2,(#4500,#4501,#4502,#4503,
#4504,#4505,#4506),.UNSPECIFIED.,.T.,.F.) B_SPLINE_CURVE_WITH_KNOTS((1,2
    ,2,2,2,1),(-2.094395102393,0.,2.094395102393,4.188790204786,
6.28318530718,8.377580409573),.UNSPECIFIED.) CURVE() 
GEOMETRIC_REPRESENTATION_ITEM() RATIONAL_B_SPLINE_CURVE((1.,0.5,1.,0.5,
1.,0.5,1.)) REPRESENTATION_ITEM('') );
#4500 = CARTESIAN_POINT('',(46.55,2.619160170742));
#4501 = CARTESIAN_POINT('',(51.086518488885,-0.411928742504));
#4502 = CARTESIAN_POINT('',(46.193259244443,-2.825124541994));
#4503 = CARTESIAN_POINT('',(41.3,-5.238320341484));
#4504 = CARTESIAN_POINT('',(41.656740755557,0.205964371252));
#4505 = CARTESIAN_POINT('',(42.013481511114,5.650249083987));
#4506 = CARTESIAN_POINT('',(46.55,2.619160170742));
#4507 = ( GEOMETRIC_REPRESENTATION_CONTEXT(2) 
PARAMETRIC_REPRESENTATION_CONTEXT() REPRESENTATION_CONTEXT('2D SPACE',''
  ) );
#4508 = ORIENTED_EDGE('',*,*,#4509,.F.);
#4509 = EDGE_CURVE('',#4330,#4477,#4510,.T.);
#4510 = SURFACE_CURVE('',#4511,(#4515,#4521),.PCURVE_S1.);
#4511 = LINE('',#4512,#4513);
#4512 = CARTESIAN_POINT('',(21.295463898281,-44.4,1.19));
#4513 = VECTOR('',#4514,1.);
#4514 = DIRECTION('',(-0.,-0.,-1.));
#4515 = PCURVE('',#2745,#4516);
#4516 = DEFINITIONAL_REPRESENTATION('',(#4517),#4520);
#4517 = B_SPLINE_CURVE_WITH_KNOTS('',1,(#4518,#4519),.UNSPECIFIED.,.F.,
  .F.,(2,2),(-0.13,5.999999999062E-07),.PIECEWISE_BEZIER_KNOTS.);
#4518 = CARTESIAN_POINT('',(-4.354127761872,-0.13));
#4519 = CARTESIAN_POINT('',(-4.354127761872,5.999999999062E-07));
#4520 = ( GEOMETRIC_REPRESENTATION_CONTEXT(2) 
PARAMETRIC_REPRESENTATION_CONTEXT() REPRESENTATION_CONTEXT('2D SPACE',''
  ) );
#4521 = PCURVE('',#4522,#4527);
#4522 = PLANE('',#4523);
#4523 = AXIS2_PLACEMENT_3D('',#4524,#4525,#4526);
#4524 = CARTESIAN_POINT('',(-25.35,-44.4,0.));
#4525 = DIRECTION('',(0.,1.,0.));
#4526 = DIRECTION('',(1.,0.,0.));
#4527 = DEFINITIONAL_REPRESENTATION('',(#4528),#4531);
#4528 = B_SPLINE_CURVE_WITH_KNOTS('',1,(#4529,#4530),.UNSPECIFIED.,.F.,
  .F.,(2,2),(-0.13,5.999999999062E-07),.PIECEWISE_BEZIER_KNOTS.);
#4529 = CARTESIAN_POINT('',(46.645463898281,-1.32));
#4530 = CARTESIAN_POINT('',(46.645463898281,-1.1899994));
#4531 = ( GEOMETRIC_REPRESENTATION_CONTEXT(2) 
PARAMETRIC_REPRESENTATION_CONTEXT() REPRESENTATION_CONTEXT('2D SPACE',''
  ) );
#4532 = ORIENTED_EDGE('',*,*,#4359,.F.);
#4533 = ADVANCED_FACE('',(#4534),#2780,.F.);
#4534 = FACE_BOUND('',#4535,.T.);
#4535 = EDGE_LOOP('',(#4536,#4567,#4593,#4612,#4613,#4614));
#4536 = ORIENTED_EDGE('',*,*,#4537,.F.);
#4537 = EDGE_CURVE('',#4538,#4540,#4542,.T.);
#4538 = VERTEX_POINT('',#4539);
#4539 = CARTESIAN_POINT('',(-21.29546389828,44.4,1.19));
#4540 = VERTEX_POINT('',#4541);
#4541 = CARTESIAN_POINT('',(-25.35,40.345463898281,1.19));
#4542 = SURFACE_CURVE('',#4543,(#4548,#4555),.PCURVE_S1.);
#4543 = CIRCLE('',#4544,3.15);
#4544 = AXIS2_PLACEMENT_3D('',#4545,#4546,#4547);
#4545 = CARTESIAN_POINT('',(-22.4,41.45,1.19));
#4546 = DIRECTION('',(0.,0.,1.));
#4547 = DIRECTION('',(1.,0.,0.));
#4548 = PCURVE('',#2780,#4549);
#4549 = DEFINITIONAL_REPRESENTATION('',(#4550),#4554);
#4550 = LINE('',#4551,#4552);
#4551 = CARTESIAN_POINT('',(-0.,0.));
#4552 = VECTOR('',#4553,1.);
#4553 = DIRECTION('',(-1.,0.));
#4554 = ( GEOMETRIC_REPRESENTATION_CONTEXT(2) 
PARAMETRIC_REPRESENTATION_CONTEXT() REPRESENTATION_CONTEXT('2D SPACE',''
  ) );
#4555 = PCURVE('',#4556,#4561);
#4556 = PLANE('',#4557);
#4557 = AXIS2_PLACEMENT_3D('',#4558,#4559,#4560);
#4558 = CARTESIAN_POINT('',(-22.4,-41.45,1.19));
#4559 = DIRECTION('',(0.,0.,1.));
#4560 = DIRECTION('',(1.,0.,-0.));
#4561 = DEFINITIONAL_REPRESENTATION('',(#4562),#4566);
#4562 = CIRCLE('',#4563,3.15);
#4563 = AXIS2_PLACEMENT_2D('',#4564,#4565);
#4564 = CARTESIAN_POINT('',(3.552713678801E-15,82.9));
#4565 = DIRECTION('',(1.,0.));
#4566 = ( GEOMETRIC_REPRESENTATION_CONTEXT(2) 
PARAMETRIC_REPRESENTATION_CONTEXT() REPRESENTATION_CONTEXT('2D SPACE',''
  ) );
#4567 = ORIENTED_EDGE('',*,*,#4568,.F.);
#4568 = EDGE_CURVE('',#4569,#4538,#4571,.T.);
#4569 = VERTEX_POINT('',#4570);
#4570 = CARTESIAN_POINT('',(-21.29546389828,44.4,1.2));
#4571 = SURFACE_CURVE('',#4572,(#4576,#4582),.PCURVE_S1.);
#4572 = LINE('',#4573,#4574);
#4573 = CARTESIAN_POINT('',(-21.29546389828,44.4,1.19));
#4574 = VECTOR('',#4575,1.);
#4575 = DIRECTION('',(-0.,-0.,-1.));
#4576 = PCURVE('',#2780,#4577);
#4577 = DEFINITIONAL_REPRESENTATION('',(#4578),#4581);
#4578 = B_SPLINE_CURVE_WITH_KNOTS('',1,(#4579,#4580),.UNSPECIFIED.,.F.,
  .F.,(2,2),(-0.13,5.999999999062E-07),.PIECEWISE_BEZIER_KNOTS.);
#4579 = CARTESIAN_POINT('',(-1.212535108282,-0.13));
#4580 = CARTESIAN_POINT('',(-1.212535108282,5.999999999062E-07));
#4581 = ( GEOMETRIC_REPRESENTATION_CONTEXT(2) 
PARAMETRIC_REPRESENTATION_CONTEXT() REPRESENTATION_CONTEXT('2D SPACE',''
  ) );
#4582 = PCURVE('',#4583,#4588);
#4583 = PLANE('',#4584);
#4584 = AXIS2_PLACEMENT_3D('',#4585,#4586,#4587);
#4585 = CARTESIAN_POINT('',(25.35,44.4,0.));
#4586 = DIRECTION('',(0.,-1.,0.));
#4587 = DIRECTION('',(-1.,0.,0.));
#4588 = DEFINITIONAL_REPRESENTATION('',(#4589),#4592);
#4589 = B_SPLINE_CURVE_WITH_KNOTS('',1,(#4590,#4591),.UNSPECIFIED.,.F.,
  .F.,(2,2),(-0.13,5.999999999062E-07),.PIECEWISE_BEZIER_KNOTS.);
#4590 = CARTESIAN_POINT('',(46.645463898281,-1.32));
#4591 = CARTESIAN_POINT('',(46.645463898281,-1.1899994));
#4592 = ( GEOMETRIC_REPRESENTATION_CONTEXT(2) 
PARAMETRIC_REPRESENTATION_CONTEXT() REPRESENTATION_CONTEXT('2D SPACE',''
  ) );
#4593 = ORIENTED_EDGE('',*,*,#4594,.F.);
#4594 = EDGE_CURVE('',#2764,#4569,#4595,.T.);
#4595 = SURFACE_CURVE('',#4596,(#4600,#4606),.PCURVE_S1.);
#4596 = LINE('',#4597,#4598);
#4597 = CARTESIAN_POINT('',(-21.29546389828,44.4,1.19));
#4598 = VECTOR('',#4599,1.);
#4599 = DIRECTION('',(-0.,-0.,-1.));
#4600 = PCURVE('',#2780,#4601);
#4601 = DEFINITIONAL_REPRESENTATION('',(#4602),#4605);
#4602 = B_SPLINE_CURVE_WITH_KNOTS('',1,(#4603,#4604),.UNSPECIFIED.,.F.,
  .F.,(2,2),(-0.56,5.999999999062E-07),.PIECEWISE_BEZIER_KNOTS.);
#4603 = CARTESIAN_POINT('',(-1.212535108282,-0.56));
#4604 = CARTESIAN_POINT('',(-1.212535108282,5.999999999062E-07));
#4605 = ( GEOMETRIC_REPRESENTATION_CONTEXT(2) 
PARAMETRIC_REPRESENTATION_CONTEXT() REPRESENTATION_CONTEXT('2D SPACE',''
  ) );
#4606 = PCURVE('',#2920,#4607);
#4607 = DEFINITIONAL_REPRESENTATION('',(#4608),#4611);
#4608 = B_SPLINE_CURVE_WITH_KNOTS('',1,(#4609,#4610),.UNSPECIFIED.,.F.,
  .F.,(2,2),(-0.56,5.999999999062E-07),.PIECEWISE_BEZIER_KNOTS.);
#4609 = CARTESIAN_POINT('',(46.645463898281,-0.55));
#4610 = CARTESIAN_POINT('',(46.645463898281,1.00006E-02));
#4611 = ( GEOMETRIC_REPRESENTATION_CONTEXT(2) 
PARAMETRIC_REPRESENTATION_CONTEXT() REPRESENTATION_CONTEXT('2D SPACE',''
  ) );
#4612 = ORIENTED_EDGE('',*,*,#2763,.T.);
#4613 = ORIENTED_EDGE('',*,*,#4404,.T.);
#4614 = ORIENTED_EDGE('',*,*,#4615,.T.);
#4615 = EDGE_CURVE('',#4382,#4540,#4616,.T.);
#4616 = SURFACE_CURVE('',#4617,(#4621,#4627),.PCURVE_S1.);
#4617 = LINE('',#4618,#4619);
#4618 = CARTESIAN_POINT('',(-25.35,40.345463898281,1.19));
#4619 = VECTOR('',#4620,1.);
#4620 = DIRECTION('',(-0.,-0.,-1.));
#4621 = PCURVE('',#2780,#4622);
#4622 = DEFINITIONAL_REPRESENTATION('',(#4623),#4626);
#4623 = B_SPLINE_CURVE_WITH_KNOTS('',1,(#4624,#4625),.UNSPECIFIED.,.F.,
  .F.,(2,2),(-0.13,5.999999999062E-07),.PIECEWISE_BEZIER_KNOTS.);
#4624 = CARTESIAN_POINT('',(-3.499853872102,-0.13));
#4625 = CARTESIAN_POINT('',(-3.499853872102,5.999999999062E-07));
#4626 = ( GEOMETRIC_REPRESENTATION_CONTEXT(2) 
PARAMETRIC_REPRESENTATION_CONTEXT() REPRESENTATION_CONTEXT('2D SPACE',''
  ) );
#4627 = PCURVE('',#4628,#4633);
#4628 = PLANE('',#4629);
#4629 = AXIS2_PLACEMENT_3D('',#4630,#4631,#4632);
#4630 = CARTESIAN_POINT('',(-25.35,44.4,0.));
#4631 = DIRECTION('',(1.,0.,-0.));
#4632 = DIRECTION('',(0.,-1.,0.));
#4633 = DEFINITIONAL_REPRESENTATION('',(#4634),#4637);
#4634 = B_SPLINE_CURVE_WITH_KNOTS('',1,(#4635,#4636),.UNSPECIFIED.,.F.,
  .F.,(2,2),(-0.13,5.999999999062E-07),.PIECEWISE_BEZIER_KNOTS.);
#4635 = CARTESIAN_POINT('',(4.054536101719,-1.32));
#4636 = CARTESIAN_POINT('',(4.054536101719,-1.1899994));
#4637 = ( GEOMETRIC_REPRESENTATION_CONTEXT(2) 
PARAMETRIC_REPRESENTATION_CONTEXT() REPRESENTATION_CONTEXT('2D SPACE',''
  ) );
#4638 = ADVANCED_FACE('',(#4639),#2838,.T.);
#4639 = FACE_BOUND('',#4640,.T.);
#4640 = EDGE_LOOP('',(#4641,#4664,#4665,#4666));
#4641 = ORIENTED_EDGE('',*,*,#4642,.F.);
#4642 = EDGE_CURVE('',#4430,#4643,#4645,.T.);
#4643 = VERTEX_POINT('',#4644);
#4644 = CARTESIAN_POINT('',(25.35,40.345463898281,1.2));
#4645 = SURFACE_CURVE('',#4646,(#4650,#4657),.PCURVE_S1.);
#4646 = LINE('',#4647,#4648);
#4647 = CARTESIAN_POINT('',(25.35,-44.4,1.2));
#4648 = VECTOR('',#4649,1.);
#4649 = DIRECTION('',(0.,1.,0.));
#4650 = PCURVE('',#2838,#4651);
#4651 = DEFINITIONAL_REPRESENTATION('',(#4652),#4656);
#4652 = LINE('',#4653,#4654);
#4653 = CARTESIAN_POINT('',(0.,0.));
#4654 = VECTOR('',#4655,1.);
#4655 = DIRECTION('',(1.,0.));
#4656 = ( GEOMETRIC_REPRESENTATION_CONTEXT(2) 
PARAMETRIC_REPRESENTATION_CONTEXT() REPRESENTATION_CONTEXT('2D SPACE',''
  ) );
#4657 = PCURVE('',#4345,#4658);
#4658 = DEFINITIONAL_REPRESENTATION('',(#4659),#4663);
#4659 = LINE('',#4660,#4661);
#4660 = CARTESIAN_POINT('',(25.35,-44.4));
#4661 = VECTOR('',#4662,1.);
#4662 = DIRECTION('',(0.,1.));
#4663 = ( GEOMETRIC_REPRESENTATION_CONTEXT(2) 
PARAMETRIC_REPRESENTATION_CONTEXT() REPRESENTATION_CONTEXT('2D SPACE',''
  ) );
#4664 = ORIENTED_EDGE('',*,*,#4429,.F.);
#4665 = ORIENTED_EDGE('',*,*,#2822,.T.);
#4666 = ORIENTED_EDGE('',*,*,#4667,.T.);
#4667 = EDGE_CURVE('',#2823,#4643,#4668,.T.);
#4668 = SURFACE_CURVE('',#4669,(#4673,#4679),.PCURVE_S1.);
#4669 = LINE('',#4670,#4671);
#4670 = CARTESIAN_POINT('',(25.35,40.345463898281,1.19));
#4671 = VECTOR('',#4672,1.);
#4672 = DIRECTION('',(-0.,-0.,-1.));
#4673 = PCURVE('',#2838,#4674);
#4674 = DEFINITIONAL_REPRESENTATION('',(#4675),#4678);
#4675 = B_SPLINE_CURVE_WITH_KNOTS('',1,(#4676,#4677),.UNSPECIFIED.,.F.,
  .F.,(2,2),(-0.56,5.999999999062E-07),.PIECEWISE_BEZIER_KNOTS.);
#4676 = CARTESIAN_POINT('',(84.745463898281,-0.55));
#4677 = CARTESIAN_POINT('',(84.745463898281,1.00006E-02));
#4678 = ( GEOMETRIC_REPRESENTATION_CONTEXT(2) 
PARAMETRIC_REPRESENTATION_CONTEXT() REPRESENTATION_CONTEXT('2D SPACE',''
  ) );
#4679 = PCURVE('',#2953,#4680);
#4680 = DEFINITIONAL_REPRESENTATION('',(#4681),#4684);
#4681 = B_SPLINE_CURVE_WITH_KNOTS('',1,(#4682,#4683),.UNSPECIFIED.,.F.,
  .F.,(2,2),(-0.51,-1.E-02),.PIECEWISE_BEZIER_KNOTS.);
#4682 = CARTESIAN_POINT('',(-5.924924088667,-0.51));
#4683 = CARTESIAN_POINT('',(-5.924924088667,-1.E-02));
#4684 = ( GEOMETRIC_REPRESENTATION_CONTEXT(2) 
PARAMETRIC_REPRESENTATION_CONTEXT() REPRESENTATION_CONTEXT('2D SPACE',''
  ) );
#4685 = ADVANCED_FACE('',(#4686),#2920,.T.);
#4686 = FACE_BOUND('',#4687,.T.);
#4687 = EDGE_LOOP('',(#4688,#4711,#4730,#4731));
#4688 = ORIENTED_EDGE('',*,*,#4689,.F.);
#4689 = EDGE_CURVE('',#4690,#4569,#4692,.T.);
#4690 = VERTEX_POINT('',#4691);
#4691 = CARTESIAN_POINT('',(21.295463898281,44.4,1.2));
#4692 = SURFACE_CURVE('',#4693,(#4697,#4704),.PCURVE_S1.);
#4693 = LINE('',#4694,#4695);
#4694 = CARTESIAN_POINT('',(25.35,44.4,1.2));
#4695 = VECTOR('',#4696,1.);
#4696 = DIRECTION('',(-1.,0.,0.));
#4697 = PCURVE('',#2920,#4698);
#4698 = DEFINITIONAL_REPRESENTATION('',(#4699),#4703);
#4699 = LINE('',#4700,#4701);
#4700 = CARTESIAN_POINT('',(0.,-0.));
#4701 = VECTOR('',#4702,1.);
#4702 = DIRECTION('',(1.,0.));
#4703 = ( GEOMETRIC_REPRESENTATION_CONTEXT(2) 
PARAMETRIC_REPRESENTATION_CONTEXT() REPRESENTATION_CONTEXT('2D SPACE',''
  ) );
#4704 = PCURVE('',#4345,#4705);
#4705 = DEFINITIONAL_REPRESENTATION('',(#4706),#4710);
#4706 = LINE('',#4707,#4708);
#4707 = CARTESIAN_POINT('',(25.35,44.4));
#4708 = VECTOR('',#4709,1.);
#4709 = DIRECTION('',(-1.,0.));
#4710 = ( GEOMETRIC_REPRESENTATION_CONTEXT(2) 
PARAMETRIC_REPRESENTATION_CONTEXT() REPRESENTATION_CONTEXT('2D SPACE',''
  ) );
#4711 = ORIENTED_EDGE('',*,*,#4712,.F.);
#4712 = EDGE_CURVE('',#2880,#4690,#4713,.T.);
#4713 = SURFACE_CURVE('',#4714,(#4718,#4724),.PCURVE_S1.);
#4714 = LINE('',#4715,#4716);
#4715 = CARTESIAN_POINT('',(21.295463898281,44.4,1.19));
#4716 = VECTOR('',#4717,1.);
#4717 = DIRECTION('',(-0.,-0.,-1.));
#4718 = PCURVE('',#2920,#4719);
#4719 = DEFINITIONAL_REPRESENTATION('',(#4720),#4723);
#4720 = B_SPLINE_CURVE_WITH_KNOTS('',1,(#4721,#4722),.UNSPECIFIED.,.F.,
  .F.,(2,2),(-0.56,5.999999999062E-07),.PIECEWISE_BEZIER_KNOTS.);
#4721 = CARTESIAN_POINT('',(4.054536101719,-0.55));
#4722 = CARTESIAN_POINT('',(4.054536101719,1.00006E-02));
#4723 = ( GEOMETRIC_REPRESENTATION_CONTEXT(2) 
PARAMETRIC_REPRESENTATION_CONTEXT() REPRESENTATION_CONTEXT('2D SPACE',''
  ) );
#4724 = PCURVE('',#2953,#4725);
#4725 = DEFINITIONAL_REPRESENTATION('',(#4726),#4729);
#4726 = B_SPLINE_CURVE_WITH_KNOTS('',1,(#4727,#4728),.UNSPECIFIED.,.F.,
  .F.,(2,2),(-0.51,-1.E-02),.PIECEWISE_BEZIER_KNOTS.);
#4727 = CARTESIAN_POINT('',(-8.212242852487,-0.51));
#4728 = CARTESIAN_POINT('',(-8.212242852487,-1.E-02));
#4729 = ( GEOMETRIC_REPRESENTATION_CONTEXT(2) 
PARAMETRIC_REPRESENTATION_CONTEXT() REPRESENTATION_CONTEXT('2D SPACE',''
  ) );
#4730 = ORIENTED_EDGE('',*,*,#2906,.F.);
#4731 = ORIENTED_EDGE('',*,*,#4594,.T.);
#4732 = ADVANCED_FACE('',(#4733),#2953,.F.);
#4733 = FACE_BOUND('',#4734,.T.);
#4734 = EDGE_LOOP('',(#4735,#4736,#4737,#4763,#4796,#4820));
#4735 = ORIENTED_EDGE('',*,*,#2938,.F.);
#4736 = ORIENTED_EDGE('',*,*,#4712,.T.);
#4737 = ORIENTED_EDGE('',*,*,#4738,.T.);
#4738 = EDGE_CURVE('',#4690,#4739,#4741,.T.);
#4739 = VERTEX_POINT('',#4740);
#4740 = CARTESIAN_POINT('',(21.295463898281,44.4,1.19));
#4741 = SURFACE_CURVE('',#4742,(#4746,#4752),.PCURVE_S1.);
#4742 = LINE('',#4743,#4744);
#4743 = CARTESIAN_POINT('',(21.295463898281,44.4,1.19));
#4744 = VECTOR('',#4745,1.);
#4745 = DIRECTION('',(-0.,-0.,-1.));
#4746 = PCURVE('',#2953,#4747);
#4747 = DEFINITIONAL_REPRESENTATION('',(#4748),#4751);
#4748 = B_SPLINE_CURVE_WITH_KNOTS('',1,(#4749,#4750),.UNSPECIFIED.,.F.,
  .F.,(2,2),(-0.13,5.999999999062E-07),.PIECEWISE_BEZIER_KNOTS.);
#4749 = CARTESIAN_POINT('',(-8.212242852487,-0.13));
#4750 = CARTESIAN_POINT('',(-8.212242852487,5.999999999062E-07));
#4751 = ( GEOMETRIC_REPRESENTATION_CONTEXT(2) 
PARAMETRIC_REPRESENTATION_CONTEXT() REPRESENTATION_CONTEXT('2D SPACE',''
  ) );
#4752 = PCURVE('',#4753,#4758);
#4753 = PLANE('',#4754);
#4754 = AXIS2_PLACEMENT_3D('',#4755,#4756,#4757);
#4755 = CARTESIAN_POINT('',(25.35,44.4,0.));
#4756 = DIRECTION('',(0.,-1.,0.));
#4757 = DIRECTION('',(-1.,0.,0.));
#4758 = DEFINITIONAL_REPRESENTATION('',(#4759),#4762);
#4759 = B_SPLINE_CURVE_WITH_KNOTS('',1,(#4760,#4761),.UNSPECIFIED.,.F.,
  .F.,(2,2),(-0.13,5.999999999062E-07),.PIECEWISE_BEZIER_KNOTS.);
#4760 = CARTESIAN_POINT('',(4.054536101719,-1.32));
#4761 = CARTESIAN_POINT('',(4.054536101719,-1.1899994));
#4762 = ( GEOMETRIC_REPRESENTATION_CONTEXT(2) 
PARAMETRIC_REPRESENTATION_CONTEXT() REPRESENTATION_CONTEXT('2D SPACE',''
  ) );
#4763 = ORIENTED_EDGE('',*,*,#4764,.T.);
#4764 = EDGE_CURVE('',#4739,#4765,#4767,.T.);
#4765 = VERTEX_POINT('',#4766);
#4766 = CARTESIAN_POINT('',(25.35,40.345463898281,1.19));
#4767 = SURFACE_CURVE('',#4768,(#4773,#4780),.PCURVE_S1.);
#4768 = CIRCLE('',#4769,3.15);
#4769 = AXIS2_PLACEMENT_3D('',#4770,#4771,#4772);
#4770 = CARTESIAN_POINT('',(22.4,41.45,1.19));
#4771 = DIRECTION('',(0.,0.,-1.));
#4772 = DIRECTION('',(-0.896936122402,0.442160143308,0.));
#4773 = PCURVE('',#2953,#4774);
#4774 = DEFINITIONAL_REPRESENTATION('',(#4775),#4779);
#4775 = LINE('',#4776,#4777);
#4776 = CARTESIAN_POINT('',(-8.966772354983,0.));
#4777 = VECTOR('',#4778,1.);
#4778 = DIRECTION('',(1.,-0.));
#4779 = ( GEOMETRIC_REPRESENTATION_CONTEXT(2) 
PARAMETRIC_REPRESENTATION_CONTEXT() REPRESENTATION_CONTEXT('2D SPACE',''
  ) );
#4780 = PCURVE('',#4781,#4786);
#4781 = PLANE('',#4782);
#4782 = AXIS2_PLACEMENT_3D('',#4783,#4784,#4785);
#4783 = CARTESIAN_POINT('',(-22.4,-41.45,1.19));
#4784 = DIRECTION('',(0.,0.,1.));
#4785 = DIRECTION('',(1.,0.,-0.));
#4786 = DEFINITIONAL_REPRESENTATION('',(#4787),#4795);
#4787 = ( BOUNDED_CURVE() B_SPLINE_CURVE(2,(#4788,#4789,#4790,#4791,
#4792,#4793,#4794),.UNSPECIFIED.,.T.,.F.) B_SPLINE_CURVE_WITH_KNOTS((1,2
    ,2,2,2,1),(-2.094395102393,0.,2.094395102393,4.188790204786,
6.28318530718,8.377580409573),.UNSPECIFIED.) CURVE() 
GEOMETRIC_REPRESENTATION_ITEM() RATIONAL_B_SPLINE_CURVE((1.,0.5,1.,0.5,
1.,0.5,1.)) REPRESENTATION_ITEM('') );
#4788 = CARTESIAN_POINT('',(41.974651214434,84.292804451421));
#4789 = CARTESIAN_POINT('',(44.387059289303,89.186452097125));
#4790 = CARTESIAN_POINT('',(47.418878430218,84.650421597142));
#4791 = CARTESIAN_POINT('',(50.450697571133,80.114391097158));
#4792 = CARTESIAN_POINT('',(45.006470355349,79.756773951437));
#4793 = CARTESIAN_POINT('',(39.562243139564,79.399156805717));
#4794 = CARTESIAN_POINT('',(41.974651214434,84.292804451421));
#4795 = ( GEOMETRIC_REPRESENTATION_CONTEXT(2) 
PARAMETRIC_REPRESENTATION_CONTEXT() REPRESENTATION_CONTEXT('2D SPACE',''
  ) );
#4796 = ORIENTED_EDGE('',*,*,#4797,.F.);
#4797 = EDGE_CURVE('',#4643,#4765,#4798,.T.);
#4798 = SURFACE_CURVE('',#4799,(#4803,#4809),.PCURVE_S1.);
#4799 = LINE('',#4800,#4801);
#4800 = CARTESIAN_POINT('',(25.35,40.345463898281,1.19));
#4801 = VECTOR('',#4802,1.);
#4802 = DIRECTION('',(-0.,-0.,-1.));
#4803 = PCURVE('',#2953,#4804);
#4804 = DEFINITIONAL_REPRESENTATION('',(#4805),#4808);
#4805 = B_SPLINE_CURVE_WITH_KNOTS('',1,(#4806,#4807),.UNSPECIFIED.,.F.,
  .F.,(2,2),(-0.13,5.999999999062E-07),.PIECEWISE_BEZIER_KNOTS.);
#4806 = CARTESIAN_POINT('',(-5.924924088667,-0.13));
#4807 = CARTESIAN_POINT('',(-5.924924088667,5.999999999062E-07));
#4808 = ( GEOMETRIC_REPRESENTATION_CONTEXT(2) 
PARAMETRIC_REPRESENTATION_CONTEXT() REPRESENTATION_CONTEXT('2D SPACE',''
  ) );
#4809 = PCURVE('',#4810,#4815);
#4810 = PLANE('',#4811);
#4811 = AXIS2_PLACEMENT_3D('',#4812,#4813,#4814);
#4812 = CARTESIAN_POINT('',(25.35,-44.4,0.));
#4813 = DIRECTION('',(-1.,0.,0.));
#4814 = DIRECTION('',(0.,1.,0.));
#4815 = DEFINITIONAL_REPRESENTATION('',(#4816),#4819);
#4816 = B_SPLINE_CURVE_WITH_KNOTS('',1,(#4817,#4818),.UNSPECIFIED.,.F.,
  .F.,(2,2),(-0.13,5.999999999062E-07),.PIECEWISE_BEZIER_KNOTS.);
#4817 = CARTESIAN_POINT('',(84.745463898281,-1.32));
#4818 = CARTESIAN_POINT('',(84.745463898281,-1.1899994));
#4819 = ( GEOMETRIC_REPRESENTATION_CONTEXT(2) 
PARAMETRIC_REPRESENTATION_CONTEXT() REPRESENTATION_CONTEXT('2D SPACE',''
  ) );
#4820 = ORIENTED_EDGE('',*,*,#4667,.F.);
#4821 = ADVANCED_FACE('',(#4822),#3011,.T.);
#4822 = FACE_BOUND('',#4823,.F.);
#4823 = EDGE_LOOP('',(#4824,#4825,#4826,#4845));
#4824 = ORIENTED_EDGE('',*,*,#3974,.F.);
#4825 = ORIENTED_EDGE('',*,*,#4025,.T.);
#4826 = ORIENTED_EDGE('',*,*,#4827,.T.);
#4827 = EDGE_CURVE('',#4000,#2996,#4828,.T.);
#4828 = SURFACE_CURVE('',#4829,(#4833,#4839),.PCURVE_S1.);
#4829 = LINE('',#4830,#4831);
#4830 = CARTESIAN_POINT('',(26.235355339059,41.45,3.535533905933E-02));
#4831 = VECTOR('',#4832,1.);
#4832 = DIRECTION('',(-0.923879532511,-0.,-0.382683432365));
#4833 = PCURVE('',#3011,#4834);
#4834 = DEFINITIONAL_REPRESENTATION('',(#4835),#4838);
#4835 = B_SPLINE_CURVE_WITH_KNOTS('',1,(#4836,#4837),.UNSPECIFIED.,.F.,
  .F.,(2,2),(-9.238795325112E-02,9.238795325113E-02),
  .PIECEWISE_BEZIER_KNOTS.);
#4836 = CARTESIAN_POINT('',(-82.9,-9.238795325112E-02));
#4837 = CARTESIAN_POINT('',(-82.9,9.238795325113E-02));
#4838 = ( GEOMETRIC_REPRESENTATION_CONTEXT(2) 
PARAMETRIC_REPRESENTATION_CONTEXT() REPRESENTATION_CONTEXT('2D SPACE',''
  ) );
#4839 = PCURVE('',#3040,#4840);
#4840 = DEFINITIONAL_REPRESENTATION('',(#4841),#4844);
#4841 = B_SPLINE_CURVE_WITH_KNOTS('',1,(#4842,#4843),.UNSPECIFIED.,.F.,
  .F.,(2,2),(-9.238795325112E-02,9.238795325113E-02),
  .PIECEWISE_BEZIER_KNOTS.);
#4842 = CARTESIAN_POINT('',(0.,7.071067811865E-02));
#4843 = CARTESIAN_POINT('',(0.,4.46107155642E-16));
#4844 = ( GEOMETRIC_REPRESENTATION_CONTEXT(2) 
PARAMETRIC_REPRESENTATION_CONTEXT() REPRESENTATION_CONTEXT('2D SPACE',''
  ) );
#4845 = ORIENTED_EDGE('',*,*,#2995,.F.);
#4846 = ADVANCED_FACE('',(#4847),#3097,.T.);
#4847 = FACE_BOUND('',#4848,.F.);
#4848 = EDGE_LOOP('',(#4849,#4868,#4869,#4870));
#4849 = ORIENTED_EDGE('',*,*,#4850,.F.);
#4850 = EDGE_CURVE('',#4132,#3053,#4851,.T.);
#4851 = SURFACE_CURVE('',#4852,(#4856,#4862),.PCURVE_S1.);
#4852 = LINE('',#4853,#4854);
#4853 = CARTESIAN_POINT('',(-22.4,45.285355339059,3.535533905933E-02));
#4854 = VECTOR('',#4855,1.);
#4855 = DIRECTION('',(-0.,-0.923879532511,-0.382683432365));
#4856 = PCURVE('',#3097,#4857);
#4857 = DEFINITIONAL_REPRESENTATION('',(#4858),#4861);
#4858 = B_SPLINE_CURVE_WITH_KNOTS('',1,(#4859,#4860),.UNSPECIFIED.,.F.,
  .F.,(2,2),(-9.238795325113E-02,9.238795325113E-02),
  .PIECEWISE_BEZIER_KNOTS.);
#4859 = CARTESIAN_POINT('',(0.,7.071067811865E-02));
#4860 = CARTESIAN_POINT('',(0.,-3.632586838799E-15));
#4861 = ( GEOMETRIC_REPRESENTATION_CONTEXT(2) 
PARAMETRIC_REPRESENTATION_CONTEXT() REPRESENTATION_CONTEXT('2D SPACE',''
  ) );
#4862 = PCURVE('',#3068,#4863);
#4863 = DEFINITIONAL_REPRESENTATION('',(#4864),#4867);
#4864 = B_SPLINE_CURVE_WITH_KNOTS('',1,(#4865,#4866),.UNSPECIFIED.,.F.,
  .F.,(2,2),(-9.238795325113E-02,9.238795325113E-02),
  .PIECEWISE_BEZIER_KNOTS.);
#4865 = CARTESIAN_POINT('',(-44.8,-9.238795325113E-02));
#4866 = CARTESIAN_POINT('',(-44.8,9.238795325113E-02));
#4867 = ( GEOMETRIC_REPRESENTATION_CONTEXT(2) 
PARAMETRIC_REPRESENTATION_CONTEXT() REPRESENTATION_CONTEXT('2D SPACE',''
  ) );
#4868 = ORIENTED_EDGE('',*,*,#4154,.T.);
#4869 = ORIENTED_EDGE('',*,*,#4179,.T.);
#4870 = ORIENTED_EDGE('',*,*,#3080,.F.);
#4871 = ADVANCED_FACE('',(#4872),#3040,.T.);
#4872 = FACE_BOUND('',#4873,.F.);
#4873 = EDGE_LOOP('',(#4874,#4875,#4899,#4918));
#4874 = ORIENTED_EDGE('',*,*,#4827,.F.);
#4875 = ORIENTED_EDGE('',*,*,#4876,.T.);
#4876 = EDGE_CURVE('',#4000,#4877,#4879,.T.);
#4877 = VERTEX_POINT('',#4878);
#4878 = CARTESIAN_POINT('',(22.4,45.370710678119,7.071067811865E-02));
#4879 = SURFACE_CURVE('',#4880,(#4885,#4892),.PCURVE_S1.);
#4880 = CIRCLE('',#4881,3.920710678119);
#4881 = AXIS2_PLACEMENT_3D('',#4882,#4883,#4884);
#4882 = CARTESIAN_POINT('',(22.4,41.45,7.071067811865E-02));
#4883 = DIRECTION('',(0.,0.,1.));
#4884 = DIRECTION('',(1.,0.,-0.));
#4885 = PCURVE('',#3040,#4886);
#4886 = DEFINITIONAL_REPRESENTATION('',(#4887),#4891);
#4887 = LINE('',#4888,#4889);
#4888 = CARTESIAN_POINT('',(-0.,7.071067811865E-02));
#4889 = VECTOR('',#4890,1.);
#4890 = DIRECTION('',(1.,-0.));
#4891 = ( GEOMETRIC_REPRESENTATION_CONTEXT(2) 
PARAMETRIC_REPRESENTATION_CONTEXT() REPRESENTATION_CONTEXT('2D SPACE',''
  ) );
#4892 = PCURVE('',#4014,#4893);
#4893 = DEFINITIONAL_REPRESENTATION('',(#4894),#4898);
#4894 = LINE('',#4895,#4896);
#4895 = CARTESIAN_POINT('',(0.,-2.928932188134E-02));
#4896 = VECTOR('',#4897,1.);
#4897 = DIRECTION('',(1.,-0.));
#4898 = ( GEOMETRIC_REPRESENTATION_CONTEXT(2) 
PARAMETRIC_REPRESENTATION_CONTEXT() REPRESENTATION_CONTEXT('2D SPACE',''
  ) );
#4899 = ORIENTED_EDGE('',*,*,#4900,.T.);
#4900 = EDGE_CURVE('',#4877,#3024,#4901,.T.);
#4901 = SURFACE_CURVE('',#4902,(#4906,#4912),.PCURVE_S1.);
#4902 = LINE('',#4903,#4904);
#4903 = CARTESIAN_POINT('',(22.4,45.2,0.));
#4904 = VECTOR('',#4905,1.);
#4905 = DIRECTION('',(-5.657130561439E-17,-0.923879532511,
    -0.382683432365));
#4906 = PCURVE('',#3040,#4907);
#4907 = DEFINITIONAL_REPRESENTATION('',(#4908),#4911);
#4908 = B_SPLINE_CURVE_WITH_KNOTS('',1,(#4909,#4910),.UNSPECIFIED.,.F.,
  .F.,(2,2),(-0.184775906502,0.),.PIECEWISE_BEZIER_KNOTS.);
#4909 = CARTESIAN_POINT('',(1.570796326795,7.071067811865E-02));
#4910 = CARTESIAN_POINT('',(1.570796326795,0.));
#4911 = ( GEOMETRIC_REPRESENTATION_CONTEXT(2) 
PARAMETRIC_REPRESENTATION_CONTEXT() REPRESENTATION_CONTEXT('2D SPACE',''
  ) );
#4912 = PCURVE('',#3068,#4913);
#4913 = DEFINITIONAL_REPRESENTATION('',(#4914),#4917);
#4914 = B_SPLINE_CURVE_WITH_KNOTS('',1,(#4915,#4916),.UNSPECIFIED.,.F.,
  .F.,(2,2),(-0.184775906502,0.),.PIECEWISE_BEZIER_KNOTS.);
#4915 = CARTESIAN_POINT('',(0.,-9.238795325113E-02));
#4916 = CARTESIAN_POINT('',(0.,9.238795325112E-02));
#4917 = ( GEOMETRIC_REPRESENTATION_CONTEXT(2) 
PARAMETRIC_REPRESENTATION_CONTEXT() REPRESENTATION_CONTEXT('2D SPACE',''
  ) );
#4918 = ORIENTED_EDGE('',*,*,#3023,.F.);
#4919 = ADVANCED_FACE('',(#4920),#3068,.T.);
#4920 = FACE_BOUND('',#4921,.F.);
#4921 = EDGE_LOOP('',(#4922,#4923,#4944,#4945));
#4922 = ORIENTED_EDGE('',*,*,#4900,.F.);
#4923 = ORIENTED_EDGE('',*,*,#4924,.T.);
#4924 = EDGE_CURVE('',#4877,#4132,#4925,.T.);
#4925 = SURFACE_CURVE('',#4926,(#4930,#4937),.PCURVE_S1.);
#4926 = LINE('',#4927,#4928);
#4927 = CARTESIAN_POINT('',(22.4,45.370710678119,7.071067811865E-02));
#4928 = VECTOR('',#4929,1.);
#4929 = DIRECTION('',(-1.,0.,0.));
#4930 = PCURVE('',#3068,#4931);
#4931 = DEFINITIONAL_REPRESENTATION('',(#4932),#4936);
#4932 = LINE('',#4933,#4934);
#4933 = CARTESIAN_POINT('',(-0.,-9.238795325113E-02));
#4934 = VECTOR('',#4935,1.);
#4935 = DIRECTION('',(-1.,0.));
#4936 = ( GEOMETRIC_REPRESENTATION_CONTEXT(2) 
PARAMETRIC_REPRESENTATION_CONTEXT() REPRESENTATION_CONTEXT('2D SPACE',''
  ) );
#4937 = PCURVE('',#4116,#4938);
#4938 = DEFINITIONAL_REPRESENTATION('',(#4939),#4943);
#4939 = LINE('',#4940,#4941);
#4940 = CARTESIAN_POINT('',(-0.,-2.928932188134E-02));
#4941 = VECTOR('',#4942,1.);
#4942 = DIRECTION('',(-1.,0.));
#4943 = ( GEOMETRIC_REPRESENTATION_CONTEXT(2) 
PARAMETRIC_REPRESENTATION_CONTEXT() REPRESENTATION_CONTEXT('2D SPACE',''
  ) );
#4944 = ORIENTED_EDGE('',*,*,#4850,.T.);
#4945 = ORIENTED_EDGE('',*,*,#3052,.F.);
#4946 = ADVANCED_FACE('',(#4947),#3154,.F.);
#4947 = FACE_BOUND('',#4948,.T.);
#4948 = EDGE_LOOP('',(#4949,#4970,#4971,#4972));
#4949 = ORIENTED_EDGE('',*,*,#4950,.F.);
#4950 = EDGE_CURVE('',#3134,#4951,#4953,.T.);
#4951 = VERTEX_POINT('',#4952);
#4952 = CARTESIAN_POINT('',(-21.03,-41.58,0.1));
#4953 = SEAM_CURVE('',#4954,(#4958,#4964),.PCURVE_S1.);
#4954 = LINE('',#4955,#4956);
#4955 = CARTESIAN_POINT('',(-21.03,-41.58,0.1));
#4956 = VECTOR('',#4957,1.);
#4957 = DIRECTION('',(-0.707106781187,0.,0.707106781187));
#4958 = PCURVE('',#3154,#4959);
#4959 = DEFINITIONAL_REPRESENTATION('',(#4960),#4963);
#4960 = B_SPLINE_CURVE_WITH_KNOTS('',1,(#4961,#4962),.UNSPECIFIED.,.F.,
  .F.,(2,2),(-0.141421356237,0.),.PIECEWISE_BEZIER_KNOTS.);
#4961 = CARTESIAN_POINT('',(0.,1.E-01));
#4962 = CARTESIAN_POINT('',(0.,0.));
#4963 = ( GEOMETRIC_REPRESENTATION_CONTEXT(2) 
PARAMETRIC_REPRESENTATION_CONTEXT() REPRESENTATION_CONTEXT('2D SPACE',''
  ) );
#4964 = PCURVE('',#3154,#4965);
#4965 = DEFINITIONAL_REPRESENTATION('',(#4966),#4969);
#4966 = B_SPLINE_CURVE_WITH_KNOTS('',1,(#4967,#4968),.UNSPECIFIED.,.F.,
  .F.,(2,2),(-0.141421356237,0.),.PIECEWISE_BEZIER_KNOTS.);
#4967 = CARTESIAN_POINT('',(6.28318530718,1.E-01));
#4968 = CARTESIAN_POINT('',(6.28318530718,0.));
#4969 = ( GEOMETRIC_REPRESENTATION_CONTEXT(2) 
PARAMETRIC_REPRESENTATION_CONTEXT() REPRESENTATION_CONTEXT('2D SPACE',''
  ) );
#4970 = ORIENTED_EDGE('',*,*,#3133,.T.);
#4971 = ORIENTED_EDGE('',*,*,#4950,.T.);
#4972 = ORIENTED_EDGE('',*,*,#4973,.F.);
#4973 = EDGE_CURVE('',#4951,#4951,#4974,.T.);
#4974 = SURFACE_CURVE('',#4975,(#4980,#4987),.PCURVE_S1.);
#4975 = CIRCLE('',#4976,1.5);
#4976 = AXIS2_PLACEMENT_3D('',#4977,#4978,#4979);
#4977 = CARTESIAN_POINT('',(-22.53,-41.58,0.1));
#4978 = DIRECTION('',(0.,0.,-1.));
#4979 = DIRECTION('',(1.,0.,0.));
#4980 = PCURVE('',#3154,#4981);
#4981 = DEFINITIONAL_REPRESENTATION('',(#4982),#4986);
#4982 = LINE('',#4983,#4984);
#4983 = CARTESIAN_POINT('',(0.,-0.));
#4984 = VECTOR('',#4985,1.);
#4985 = DIRECTION('',(1.,-0.));
#4986 = ( GEOMETRIC_REPRESENTATION_CONTEXT(2) 
PARAMETRIC_REPRESENTATION_CONTEXT() REPRESENTATION_CONTEXT('2D SPACE',''
  ) );
#4987 = PCURVE('',#4988,#4993);
#4988 = CYLINDRICAL_SURFACE('',#4989,1.5);
#4989 = AXIS2_PLACEMENT_3D('',#4990,#4991,#4992);
#4990 = CARTESIAN_POINT('',(-22.53,-41.58,-0.4));
#4991 = DIRECTION('',(-0.,-0.,-1.));
#4992 = DIRECTION('',(1.,0.,0.));
#4993 = DEFINITIONAL_REPRESENTATION('',(#4994),#4998);
#4994 = LINE('',#4995,#4996);
#4995 = CARTESIAN_POINT('',(-6.28318530718,-0.5));
#4996 = VECTOR('',#4997,1.);
#4997 = DIRECTION('',(1.,-0.));
#4998 = ( GEOMETRIC_REPRESENTATION_CONTEXT(2) 
PARAMETRIC_REPRESENTATION_CONTEXT() REPRESENTATION_CONTEXT('2D SPACE',''
  ) );
#4999 = ADVANCED_FACE('',(#5000),#3189,.F.);
#5000 = FACE_BOUND('',#5001,.T.);
#5001 = EDGE_LOOP('',(#5002,#5023,#5024,#5025));
#5002 = ORIENTED_EDGE('',*,*,#5003,.F.);
#5003 = EDGE_CURVE('',#3169,#5004,#5006,.T.);
#5004 = VERTEX_POINT('',#5005);
#5005 = CARTESIAN_POINT('',(-21.03,-15.82,0.1));
#5006 = SEAM_CURVE('',#5007,(#5011,#5017),.PCURVE_S1.);
#5007 = LINE('',#5008,#5009);
#5008 = CARTESIAN_POINT('',(-21.03,-15.82,0.1));
#5009 = VECTOR('',#5010,1.);
#5010 = DIRECTION('',(-0.707106781187,0.,0.707106781187));
#5011 = PCURVE('',#3189,#5012);
#5012 = DEFINITIONAL_REPRESENTATION('',(#5013),#5016);
#5013 = B_SPLINE_CURVE_WITH_KNOTS('',1,(#5014,#5015),.UNSPECIFIED.,.F.,
  .F.,(2,2),(-0.141421356237,0.),.PIECEWISE_BEZIER_KNOTS.);
#5014 = CARTESIAN_POINT('',(0.,1.E-01));
#5015 = CARTESIAN_POINT('',(0.,0.));
#5016 = ( GEOMETRIC_REPRESENTATION_CONTEXT(2) 
PARAMETRIC_REPRESENTATION_CONTEXT() REPRESENTATION_CONTEXT('2D SPACE',''
  ) );
#5017 = PCURVE('',#3189,#5018);
#5018 = DEFINITIONAL_REPRESENTATION('',(#5019),#5022);
#5019 = B_SPLINE_CURVE_WITH_KNOTS('',1,(#5020,#5021),.UNSPECIFIED.,.F.,
  .F.,(2,2),(-0.141421356237,0.),.PIECEWISE_BEZIER_KNOTS.);
#5020 = CARTESIAN_POINT('',(6.28318530718,1.E-01));
#5021 = CARTESIAN_POINT('',(6.28318530718,0.));
#5022 = ( GEOMETRIC_REPRESENTATION_CONTEXT(2) 
PARAMETRIC_REPRESENTATION_CONTEXT() REPRESENTATION_CONTEXT('2D SPACE',''
  ) );
#5023 = ORIENTED_EDGE('',*,*,#3168,.T.);
#5024 = ORIENTED_EDGE('',*,*,#5003,.T.);
#5025 = ORIENTED_EDGE('',*,*,#5026,.F.);
#5026 = EDGE_CURVE('',#5004,#5004,#5027,.T.);
#5027 = SURFACE_CURVE('',#5028,(#5033,#5040),.PCURVE_S1.);
#5028 = CIRCLE('',#5029,1.5);
#5029 = AXIS2_PLACEMENT_3D('',#5030,#5031,#5032);
#5030 = CARTESIAN_POINT('',(-22.53,-15.82,0.1));
#5031 = DIRECTION('',(0.,0.,-1.));
#5032 = DIRECTION('',(1.,0.,0.));
#5033 = PCURVE('',#3189,#5034);
#5034 = DEFINITIONAL_REPRESENTATION('',(#5035),#5039);
#5035 = LINE('',#5036,#5037);
#5036 = CARTESIAN_POINT('',(0.,-0.));
#5037 = VECTOR('',#5038,1.);
#5038 = DIRECTION('',(1.,-0.));
#5039 = ( GEOMETRIC_REPRESENTATION_CONTEXT(2) 
PARAMETRIC_REPRESENTATION_CONTEXT() REPRESENTATION_CONTEXT('2D SPACE',''
  ) );
#5040 = PCURVE('',#5041,#5046);
#5041 = CYLINDRICAL_SURFACE('',#5042,1.5);
#5042 = AXIS2_PLACEMENT_3D('',#5043,#5044,#5045);
#5043 = CARTESIAN_POINT('',(-22.53,-15.82,-0.4));
#5044 = DIRECTION('',(-0.,-0.,-1.));
#5045 = DIRECTION('',(1.,0.,0.));
#5046 = DEFINITIONAL_REPRESENTATION('',(#5047),#5051);
#5047 = LINE('',#5048,#5049);
#5048 = CARTESIAN_POINT('',(-6.28318530718,-0.5));
#5049 = VECTOR('',#5050,1.);
#5050 = DIRECTION('',(1.,-0.));
#5051 = ( GEOMETRIC_REPRESENTATION_CONTEXT(2) 
PARAMETRIC_REPRESENTATION_CONTEXT() REPRESENTATION_CONTEXT('2D SPACE',''
  ) );
#5052 = ADVANCED_FACE('',(#5053),#3224,.F.);
#5053 = FACE_BOUND('',#5054,.T.);
#5054 = EDGE_LOOP('',(#5055,#5076,#5077,#5078));
#5055 = ORIENTED_EDGE('',*,*,#5056,.F.);
#5056 = EDGE_CURVE('',#3204,#5057,#5059,.T.);
#5057 = VERTEX_POINT('',#5058);
#5058 = CARTESIAN_POINT('',(24.03,-41.58,0.1));
#5059 = SEAM_CURVE('',#5060,(#5064,#5070),.PCURVE_S1.);
#5060 = LINE('',#5061,#5062);
#5061 = CARTESIAN_POINT('',(24.03,-41.58,0.1));
#5062 = VECTOR('',#5063,1.);
#5063 = DIRECTION('',(-0.707106781187,0.,0.707106781187));
#5064 = PCURVE('',#3224,#5065);
#5065 = DEFINITIONAL_REPRESENTATION('',(#5066),#5069);
#5066 = B_SPLINE_CURVE_WITH_KNOTS('',1,(#5067,#5068),.UNSPECIFIED.,.F.,
  .F.,(2,2),(-0.141421356237,0.),.PIECEWISE_BEZIER_KNOTS.);
#5067 = CARTESIAN_POINT('',(0.,1.E-01));
#5068 = CARTESIAN_POINT('',(0.,0.));
#5069 = ( GEOMETRIC_REPRESENTATION_CONTEXT(2) 
PARAMETRIC_REPRESENTATION_CONTEXT() REPRESENTATION_CONTEXT('2D SPACE',''
  ) );
#5070 = PCURVE('',#3224,#5071);
#5071 = DEFINITIONAL_REPRESENTATION('',(#5072),#5075);
#5072 = B_SPLINE_CURVE_WITH_KNOTS('',1,(#5073,#5074),.UNSPECIFIED.,.F.,
  .F.,(2,2),(-0.141421356237,0.),.PIECEWISE_BEZIER_KNOTS.);
#5073 = CARTESIAN_POINT('',(6.28318530718,1.E-01));
#5074 = CARTESIAN_POINT('',(6.28318530718,0.));
#5075 = ( GEOMETRIC_REPRESENTATION_CONTEXT(2) 
PARAMETRIC_REPRESENTATION_CONTEXT() REPRESENTATION_CONTEXT('2D SPACE',''
  ) );
#5076 = ORIENTED_EDGE('',*,*,#3203,.T.);
#5077 = ORIENTED_EDGE('',*,*,#5056,.T.);
#5078 = ORIENTED_EDGE('',*,*,#5079,.F.);
#5079 = EDGE_CURVE('',#5057,#5057,#5080,.T.);
#5080 = SURFACE_CURVE('',#5081,(#5086,#5093),.PCURVE_S1.);
#5081 = CIRCLE('',#5082,1.5);
#5082 = AXIS2_PLACEMENT_3D('',#5083,#5084,#5085);
#5083 = CARTESIAN_POINT('',(22.53,-41.58,0.1));
#5084 = DIRECTION('',(0.,0.,-1.));
#5085 = DIRECTION('',(1.,0.,0.));
#5086 = PCURVE('',#3224,#5087);
#5087 = DEFINITIONAL_REPRESENTATION('',(#5088),#5092);
#5088 = LINE('',#5089,#5090);
#5089 = CARTESIAN_POINT('',(0.,-0.));
#5090 = VECTOR('',#5091,1.);
#5091 = DIRECTION('',(1.,-0.));
#5092 = ( GEOMETRIC_REPRESENTATION_CONTEXT(2) 
PARAMETRIC_REPRESENTATION_CONTEXT() REPRESENTATION_CONTEXT('2D SPACE',''
  ) );
#5093 = PCURVE('',#5094,#5099);
#5094 = CYLINDRICAL_SURFACE('',#5095,1.5);
#5095 = AXIS2_PLACEMENT_3D('',#5096,#5097,#5098);
#5096 = CARTESIAN_POINT('',(22.53,-41.58,-0.4));
#5097 = DIRECTION('',(-0.,-0.,-1.));
#5098 = DIRECTION('',(1.,0.,0.));
#5099 = DEFINITIONAL_REPRESENTATION('',(#5100),#5104);
#5100 = LINE('',#5101,#5102);
#5101 = CARTESIAN_POINT('',(-6.28318530718,-0.5));
#5102 = VECTOR('',#5103,1.);
#5103 = DIRECTION('',(1.,-0.));
#5104 = ( GEOMETRIC_REPRESENTATION_CONTEXT(2) 
PARAMETRIC_REPRESENTATION_CONTEXT() REPRESENTATION_CONTEXT('2D SPACE',''
  ) );
#5105 = ADVANCED_FACE('',(#5106),#3259,.F.);
#5106 = FACE_BOUND('',#5107,.T.);
#5107 = EDGE_LOOP('',(#5108,#5129,#5130,#5131));
#5108 = ORIENTED_EDGE('',*,*,#5109,.F.);
#5109 = EDGE_CURVE('',#3239,#5110,#5112,.T.);
#5110 = VERTEX_POINT('',#5111);
#5111 = CARTESIAN_POINT('',(24.03,-15.82,0.1));
#5112 = SEAM_CURVE('',#5113,(#5117,#5123),.PCURVE_S1.);
#5113 = LINE('',#5114,#5115);
#5114 = CARTESIAN_POINT('',(24.03,-15.82,0.1));
#5115 = VECTOR('',#5116,1.);
#5116 = DIRECTION('',(-0.707106781187,0.,0.707106781187));
#5117 = PCURVE('',#3259,#5118);
#5118 = DEFINITIONAL_REPRESENTATION('',(#5119),#5122);
#5119 = B_SPLINE_CURVE_WITH_KNOTS('',1,(#5120,#5121),.UNSPECIFIED.,.F.,
  .F.,(2,2),(-0.141421356237,0.),.PIECEWISE_BEZIER_KNOTS.);
#5120 = CARTESIAN_POINT('',(0.,1.E-01));
#5121 = CARTESIAN_POINT('',(0.,0.));
#5122 = ( GEOMETRIC_REPRESENTATION_CONTEXT(2) 
PARAMETRIC_REPRESENTATION_CONTEXT() REPRESENTATION_CONTEXT('2D SPACE',''
  ) );
#5123 = PCURVE('',#3259,#5124);
#5124 = DEFINITIONAL_REPRESENTATION('',(#5125),#5128);
#5125 = B_SPLINE_CURVE_WITH_KNOTS('',1,(#5126,#5127),.UNSPECIFIED.,.F.,
  .F.,(2,2),(-0.141421356237,0.),.PIECEWISE_BEZIER_KNOTS.);
#5126 = CARTESIAN_POINT('',(6.28318530718,1.E-01));
#5127 = CARTESIAN_POINT('',(6.28318530718,0.));
#5128 = ( GEOMETRIC_REPRESENTATION_CONTEXT(2) 
PARAMETRIC_REPRESENTATION_CONTEXT() REPRESENTATION_CONTEXT('2D SPACE',''
  ) );
#5129 = ORIENTED_EDGE('',*,*,#3238,.T.);
#5130 = ORIENTED_EDGE('',*,*,#5109,.T.);
#5131 = ORIENTED_EDGE('',*,*,#5132,.F.);
#5132 = EDGE_CURVE('',#5110,#5110,#5133,.T.);
#5133 = SURFACE_CURVE('',#5134,(#5139,#5146),.PCURVE_S1.);
#5134 = CIRCLE('',#5135,1.5);
#5135 = AXIS2_PLACEMENT_3D('',#5136,#5137,#5138);
#5136 = CARTESIAN_POINT('',(22.53,-15.82,0.1));
#5137 = DIRECTION('',(0.,0.,-1.));
#5138 = DIRECTION('',(1.,0.,0.));
#5139 = PCURVE('',#3259,#5140);
#5140 = DEFINITIONAL_REPRESENTATION('',(#5141),#5145);
#5141 = LINE('',#5142,#5143);
#5142 = CARTESIAN_POINT('',(0.,-0.));
#5143 = VECTOR('',#5144,1.);
#5144 = DIRECTION('',(1.,-0.));
#5145 = ( GEOMETRIC_REPRESENTATION_CONTEXT(2) 
PARAMETRIC_REPRESENTATION_CONTEXT() REPRESENTATION_CONTEXT('2D SPACE',''
  ) );
#5146 = PCURVE('',#5147,#5152);
#5147 = CYLINDRICAL_SURFACE('',#5148,1.5);
#5148 = AXIS2_PLACEMENT_3D('',#5149,#5150,#5151);
#5149 = CARTESIAN_POINT('',(22.53,-15.82,-0.4));
#5150 = DIRECTION('',(-0.,-0.,-1.));
#5151 = DIRECTION('',(1.,0.,0.));
#5152 = DEFINITIONAL_REPRESENTATION('',(#5153),#5157);
#5153 = LINE('',#5154,#5155);
#5154 = CARTESIAN_POINT('',(-6.28318530718,-0.5));
#5155 = VECTOR('',#5156,1.);
#5156 = DIRECTION('',(1.,-0.));
#5157 = ( GEOMETRIC_REPRESENTATION_CONTEXT(2) 
PARAMETRIC_REPRESENTATION_CONTEXT() REPRESENTATION_CONTEXT('2D SPACE',''
  ) );
#5158 = ADVANCED_FACE('',(#5159),#3294,.F.);
#5159 = FACE_BOUND('',#5160,.T.);
#5160 = EDGE_LOOP('',(#5161,#5182,#5183,#5184));
#5161 = ORIENTED_EDGE('',*,*,#5162,.F.);
#5162 = EDGE_CURVE('',#3274,#5163,#5165,.T.);
#5163 = VERTEX_POINT('',#5164);
#5164 = CARTESIAN_POINT('',(-21.03,15.82,0.1));
#5165 = SEAM_CURVE('',#5166,(#5170,#5176),.PCURVE_S1.);
#5166 = LINE('',#5167,#5168);
#5167 = CARTESIAN_POINT('',(-21.03,15.82,0.1));
#5168 = VECTOR('',#5169,1.);
#5169 = DIRECTION('',(-0.707106781187,0.,0.707106781187));
#5170 = PCURVE('',#3294,#5171);
#5171 = DEFINITIONAL_REPRESENTATION('',(#5172),#5175);
#5172 = B_SPLINE_CURVE_WITH_KNOTS('',1,(#5173,#5174),.UNSPECIFIED.,.F.,
  .F.,(2,2),(-0.141421356237,0.),.PIECEWISE_BEZIER_KNOTS.);
#5173 = CARTESIAN_POINT('',(0.,1.E-01));
#5174 = CARTESIAN_POINT('',(0.,0.));
#5175 = ( GEOMETRIC_REPRESENTATION_CONTEXT(2) 
PARAMETRIC_REPRESENTATION_CONTEXT() REPRESENTATION_CONTEXT('2D SPACE',''
  ) );
#5176 = PCURVE('',#3294,#5177);
#5177 = DEFINITIONAL_REPRESENTATION('',(#5178),#5181);
#5178 = B_SPLINE_CURVE_WITH_KNOTS('',1,(#5179,#5180),.UNSPECIFIED.,.F.,
  .F.,(2,2),(-0.141421356237,0.),.PIECEWISE_BEZIER_KNOTS.);
#5179 = CARTESIAN_POINT('',(6.28318530718,1.E-01));
#5180 = CARTESIAN_POINT('',(6.28318530718,0.));
#5181 = ( GEOMETRIC_REPRESENTATION_CONTEXT(2) 
PARAMETRIC_REPRESENTATION_CONTEXT() REPRESENTATION_CONTEXT('2D SPACE',''
  ) );
#5182 = ORIENTED_EDGE('',*,*,#3273,.T.);
#5183 = ORIENTED_EDGE('',*,*,#5162,.T.);
#5184 = ORIENTED_EDGE('',*,*,#5185,.F.);
#5185 = EDGE_CURVE('',#5163,#5163,#5186,.T.);
#5186 = SURFACE_CURVE('',#5187,(#5192,#5199),.PCURVE_S1.);
#5187 = CIRCLE('',#5188,1.5);
#5188 = AXIS2_PLACEMENT_3D('',#5189,#5190,#5191);
#5189 = CARTESIAN_POINT('',(-22.53,15.82,0.1));
#5190 = DIRECTION('',(0.,0.,-1.));
#5191 = DIRECTION('',(1.,0.,0.));
#5192 = PCURVE('',#3294,#5193);
#5193 = DEFINITIONAL_REPRESENTATION('',(#5194),#5198);
#5194 = LINE('',#5195,#5196);
#5195 = CARTESIAN_POINT('',(0.,-0.));
#5196 = VECTOR('',#5197,1.);
#5197 = DIRECTION('',(1.,-0.));
#5198 = ( GEOMETRIC_REPRESENTATION_CONTEXT(2) 
PARAMETRIC_REPRESENTATION_CONTEXT() REPRESENTATION_CONTEXT('2D SPACE',''
  ) );
#5199 = PCURVE('',#5200,#5205);
#5200 = CYLINDRICAL_SURFACE('',#5201,1.5);
#5201 = AXIS2_PLACEMENT_3D('',#5202,#5203,#5204);
#5202 = CARTESIAN_POINT('',(-22.53,15.82,-0.4));
#5203 = DIRECTION('',(-0.,-0.,-1.));
#5204 = DIRECTION('',(1.,0.,0.));
#5205 = DEFINITIONAL_REPRESENTATION('',(#5206),#5210);
#5206 = LINE('',#5207,#5208);
#5207 = CARTESIAN_POINT('',(-6.28318530718,-0.5));
#5208 = VECTOR('',#5209,1.);
#5209 = DIRECTION('',(1.,-0.));
#5210 = ( GEOMETRIC_REPRESENTATION_CONTEXT(2) 
PARAMETRIC_REPRESENTATION_CONTEXT() REPRESENTATION_CONTEXT('2D SPACE',''
  ) );
#5211 = ADVANCED_FACE('',(#5212),#3329,.F.);
#5212 = FACE_BOUND('',#5213,.T.);
#5213 = EDGE_LOOP('',(#5214,#5235,#5236,#5237));
#5214 = ORIENTED_EDGE('',*,*,#5215,.F.);
#5215 = EDGE_CURVE('',#3309,#5216,#5218,.T.);
#5216 = VERTEX_POINT('',#5217);
#5217 = CARTESIAN_POINT('',(-21.03,41.58,0.1));
#5218 = SEAM_CURVE('',#5219,(#5223,#5229),.PCURVE_S1.);
#5219 = LINE('',#5220,#5221);
#5220 = CARTESIAN_POINT('',(-21.03,41.58,0.1));
#5221 = VECTOR('',#5222,1.);
#5222 = DIRECTION('',(-0.707106781187,0.,0.707106781187));
#5223 = PCURVE('',#3329,#5224);
#5224 = DEFINITIONAL_REPRESENTATION('',(#5225),#5228);
#5225 = B_SPLINE_CURVE_WITH_KNOTS('',1,(#5226,#5227),.UNSPECIFIED.,.F.,
  .F.,(2,2),(-0.141421356237,0.),.PIECEWISE_BEZIER_KNOTS.);
#5226 = CARTESIAN_POINT('',(0.,1.E-01));
#5227 = CARTESIAN_POINT('',(0.,0.));
#5228 = ( GEOMETRIC_REPRESENTATION_CONTEXT(2) 
PARAMETRIC_REPRESENTATION_CONTEXT() REPRESENTATION_CONTEXT('2D SPACE',''
  ) );
#5229 = PCURVE('',#3329,#5230);
#5230 = DEFINITIONAL_REPRESENTATION('',(#5231),#5234);
#5231 = B_SPLINE_CURVE_WITH_KNOTS('',1,(#5232,#5233),.UNSPECIFIED.,.F.,
  .F.,(2,2),(-0.141421356237,0.),.PIECEWISE_BEZIER_KNOTS.);
#5232 = CARTESIAN_POINT('',(6.28318530718,1.E-01));
#5233 = CARTESIAN_POINT('',(6.28318530718,0.));
#5234 = ( GEOMETRIC_REPRESENTATION_CONTEXT(2) 
PARAMETRIC_REPRESENTATION_CONTEXT() REPRESENTATION_CONTEXT('2D SPACE',''
  ) );
#5235 = ORIENTED_EDGE('',*,*,#3308,.T.);
#5236 = ORIENTED_EDGE('',*,*,#5215,.T.);
#5237 = ORIENTED_EDGE('',*,*,#5238,.F.);
#5238 = EDGE_CURVE('',#5216,#5216,#5239,.T.);
#5239 = SURFACE_CURVE('',#5240,(#5245,#5252),.PCURVE_S1.);
#5240 = CIRCLE('',#5241,1.5);
#5241 = AXIS2_PLACEMENT_3D('',#5242,#5243,#5244);
#5242 = CARTESIAN_POINT('',(-22.53,41.58,0.1));
#5243 = DIRECTION('',(0.,0.,-1.));
#5244 = DIRECTION('',(1.,0.,0.));
#5245 = PCURVE('',#3329,#5246);
#5246 = DEFINITIONAL_REPRESENTATION('',(#5247),#5251);
#5247 = LINE('',#5248,#5249);
#5248 = CARTESIAN_POINT('',(0.,-0.));
#5249 = VECTOR('',#5250,1.);
#5250 = DIRECTION('',(1.,-0.));
#5251 = ( GEOMETRIC_REPRESENTATION_CONTEXT(2) 
PARAMETRIC_REPRESENTATION_CONTEXT() REPRESENTATION_CONTEXT('2D SPACE',''
  ) );
#5252 = PCURVE('',#5253,#5258);
#5253 = CYLINDRICAL_SURFACE('',#5254,1.5);
#5254 = AXIS2_PLACEMENT_3D('',#5255,#5256,#5257);
#5255 = CARTESIAN_POINT('',(-22.53,41.58,-0.4));
#5256 = DIRECTION('',(-0.,-0.,-1.));
#5257 = DIRECTION('',(1.,0.,0.));
#5258 = DEFINITIONAL_REPRESENTATION('',(#5259),#5263);
#5259 = LINE('',#5260,#5261);
#5260 = CARTESIAN_POINT('',(-6.28318530718,-0.5));
#5261 = VECTOR('',#5262,1.);
#5262 = DIRECTION('',(1.,-0.));
#5263 = ( GEOMETRIC_REPRESENTATION_CONTEXT(2) 
PARAMETRIC_REPRESENTATION_CONTEXT() REPRESENTATION_CONTEXT('2D SPACE',''
  ) );
#5264 = ADVANCED_FACE('',(#5265),#3361,.T.);
#5265 = FACE_BOUND('',#5266,.F.);
#5266 = EDGE_LOOP('',(#5267,#5294,#5295,#5316));
#5267 = ORIENTED_EDGE('',*,*,#5268,.F.);
#5268 = EDGE_CURVE('',#3344,#5269,#5271,.T.);
#5269 = VERTEX_POINT('',#5270);
#5270 = CARTESIAN_POINT('',(-20.07959526353,-42.44920459472,1.E-01));
#5271 = SURFACE_CURVE('',#5272,(#5277,#5284),.PCURVE_S1.);
#5272 = PARABOLA('',#5273,1.224733025872);
#5273 = AXIS2_PLACEMENT_3D('',#5274,#5275,#5276);
#5274 = CARTESIAN_POINT('',(-22.53362930238,-43.31203025305,
    -0.767965944525));
#5275 = DIRECTION('',(1.481670823347E-03,0.707105228839,-0.707106781187)
  );
#5276 = DIRECTION('',(1.481670823347E-03,0.707105228839,0.707106781187)
  );
#5277 = PCURVE('',#3361,#5278);
#5278 = DEFINITIONAL_REPRESENTATION('',(#5279),#5283);
#5279 = B_SPLINE_CURVE_WITH_KNOTS('',2,(#5280,#5281,#5282),
  .UNSPECIFIED.,.F.,.F.,(3,3),(2.306636659175,2.452220687385),
  .PIECEWISE_BEZIER_KNOTS.);
#5280 = CARTESIAN_POINT('',(0.14558402821,-7.071067811868E-02));
#5281 = CARTESIAN_POINT('',(7.279201410525E-02,-2.163196878718E-03));
#5282 = CARTESIAN_POINT('',(1.851852005075E-13,7.071067811852E-02));
#5283 = ( GEOMETRIC_REPRESENTATION_CONTEXT(2) 
PARAMETRIC_REPRESENTATION_CONTEXT() REPRESENTATION_CONTEXT('2D SPACE',''
  ) );
#5284 = PCURVE('',#3394,#5285);
#5285 = DEFINITIONAL_REPRESENTATION('',(#5286),#5293);
#5286 = B_SPLINE_CURVE_WITH_KNOTS('',5,(#5287,#5288,#5289,#5290,#5291,
    #5292),.UNSPECIFIED.,.F.,.F.,(6,6),(2.306636659175,2.452220687385),
  .PIECEWISE_BEZIER_KNOTS.);
#5287 = CARTESIAN_POINT('',(-2.110893475045,-0.1));
#5288 = CARTESIAN_POINT('',(-2.099246752788,-8.06118444728E-02));
#5289 = CARTESIAN_POINT('',(-2.087712934768,-6.09177667092E-02));
#5290 = CARTESIAN_POINT('',(-2.076291477603,-4.091776670922E-02));
#5291 = CARTESIAN_POINT('',(-2.064981731516,-2.061184447285E-02));
#5292 = CARTESIAN_POINT('',(-2.053782960115,-9.060807659722E-14));
#5293 = ( GEOMETRIC_REPRESENTATION_CONTEXT(2) 
PARAMETRIC_REPRESENTATION_CONTEXT() REPRESENTATION_CONTEXT('2D SPACE',''
  ) );
#5294 = ORIENTED_EDGE('',*,*,#3343,.T.);
#5295 = ORIENTED_EDGE('',*,*,#5296,.T.);
#5296 = EDGE_CURVE('',#3346,#5297,#5299,.T.);
#5297 = VERTEX_POINT('',#5298);
#5298 = CARTESIAN_POINT('',(-19.7,-42.45,1.E-01));
#5299 = SURFACE_CURVE('',#5300,(#5304,#5310),.PCURVE_S1.);
#5300 = LINE('',#5301,#5302);
#5301 = CARTESIAN_POINT('',(-19.70010476994,-42.49999989023,5.E-02));
#5302 = VECTOR('',#5303,1.);
#5303 = DIRECTION('',(1.481670823347E-03,0.707105228839,0.707106781187)
  );
#5304 = PCURVE('',#3361,#5305);
#5305 = DEFINITIONAL_REPRESENTATION('',(#5306),#5309);
#5306 = B_SPLINE_CURVE_WITH_KNOTS('',1,(#5307,#5308),.UNSPECIFIED.,.F.,
  .F.,(2,2),(-7.071067811866E-02,7.071067811865E-02),
  .PIECEWISE_BEZIER_KNOTS.);
#5307 = CARTESIAN_POINT('',(-0.379596096879,-7.071067811866E-02));
#5308 = CARTESIAN_POINT('',(-0.379596096879,7.071067811865E-02));
#5309 = ( GEOMETRIC_REPRESENTATION_CONTEXT(2) 
PARAMETRIC_REPRESENTATION_CONTEXT() REPRESENTATION_CONTEXT('2D SPACE',''
  ) );
#5310 = PCURVE('',#3887,#5311);
#5311 = DEFINITIONAL_REPRESENTATION('',(#5312),#5315);
#5312 = B_SPLINE_CURVE_WITH_KNOTS('',1,(#5313,#5314),.UNSPECIFIED.,.F.,
  .F.,(2,2),(-7.071067811866E-02,7.071067811865E-02),
  .PIECEWISE_BEZIER_KNOTS.);
#5313 = CARTESIAN_POINT('',(0.,-7.071067811865E-02));
#5314 = CARTESIAN_POINT('',(0.,7.071067811865E-02));
#5315 = ( GEOMETRIC_REPRESENTATION_CONTEXT(2) 
PARAMETRIC_REPRESENTATION_CONTEXT() REPRESENTATION_CONTEXT('2D SPACE',''
  ) );
#5316 = ORIENTED_EDGE('',*,*,#5317,.F.);
#5317 = EDGE_CURVE('',#5269,#5297,#5318,.T.);
#5318 = SURFACE_CURVE('',#5319,(#5323,#5330),.PCURVE_S1.);
#5319 = LINE('',#5320,#5321);
#5320 = CARTESIAN_POINT('',(-20.07959526353,-42.44920459472,0.1));
#5321 = VECTOR('',#5322,1.);
#5322 = DIRECTION('',(0.999997804649,-2.095398973349E-03,0.));
#5323 = PCURVE('',#3361,#5324);
#5324 = DEFINITIONAL_REPRESENTATION('',(#5325),#5329);
#5325 = LINE('',#5326,#5327);
#5326 = CARTESIAN_POINT('',(-0.,7.071067811865E-02));
#5327 = VECTOR('',#5328,1.);
#5328 = DIRECTION('',(-1.,0.));
#5329 = ( GEOMETRIC_REPRESENTATION_CONTEXT(2) 
PARAMETRIC_REPRESENTATION_CONTEXT() REPRESENTATION_CONTEXT('2D SPACE',''
  ) );
#5330 = PCURVE('',#5331,#5336);
#5331 = PLANE('',#5332);
#5332 = AXIS2_PLACEMENT_3D('',#5333,#5334,#5335);
#5333 = CARTESIAN_POINT('',(-19.7,-42.45,-0.2));
#5334 = DIRECTION('',(-2.095398973349E-03,-0.999997804649,0.));
#5335 = DIRECTION('',(-0.999997804649,2.095398973349E-03,0.));
#5336 = DEFINITIONAL_REPRESENTATION('',(#5337),#5341);
#5337 = LINE('',#5338,#5339);
#5338 = CARTESIAN_POINT('',(0.379596096879,-0.3));
#5339 = VECTOR('',#5340,1.);
#5340 = DIRECTION('',(-1.,-0.));
#5341 = ( GEOMETRIC_REPRESENTATION_CONTEXT(2) 
PARAMETRIC_REPRESENTATION_CONTEXT() REPRESENTATION_CONTEXT('2D SPACE',''
  ) );
#5342 = ADVANCED_FACE('',(#5343),#3394,.T.);
#5343 = FACE_BOUND('',#5344,.F.);
#5344 = EDGE_LOOP('',(#5345,#5372,#5373,#5374));
#5345 = ORIENTED_EDGE('',*,*,#5346,.F.);
#5346 = EDGE_CURVE('',#3374,#5347,#5349,.T.);
#5347 = VERTEX_POINT('',#5348);
#5348 = CARTESIAN_POINT('',(-22.89825441088,-39.00621121906,0.1));
#5349 = SURFACE_CURVE('',#5350,(#5355,#5365),.PCURVE_S1.);
#5350 = PARABOLA('',#5351,1.048337363703);
#5351 = AXIS2_PLACEMENT_3D('',#5352,#5353,#5354);
#5352 = CARTESIAN_POINT('',(-24.01257183653,-41.58179047004,
    -1.017427082309));
#5353 = DIRECTION('',(-0.707106265534,-8.539569919662E-04,0.707106781187
    ));
#5354 = DIRECTION('',(0.707106265534,8.539569919662E-04,0.707106781187)
  );
#5355 = PCURVE('',#3394,#5356);
#5356 = DEFINITIONAL_REPRESENTATION('',(#5357),#5364);
#5357 = B_SPLINE_CURVE_WITH_KNOTS('',5,(#5358,#5359,#5360,#5361,#5362,
    #5363),.UNSPECIFIED.,.F.,.F.,(6,6),(2.456346749103,2.574231636606),
  .PIECEWISE_BEZIER_KNOTS.);
#5358 = CARTESIAN_POINT('',(4.624237706041E-02,-1.E-01));
#5359 = CARTESIAN_POINT('',(3.681158606013E-02,-8.046867329545E-02));
#5360 = CARTESIAN_POINT('',(2.747289299493E-02,-6.070300994318E-02));
#5361 = CARTESIAN_POINT('',(1.822537275878E-02,-4.070300994318E-02));
#5362 = CARTESIAN_POINT('',(9.068068269502E-03,-2.046867329545E-02));
#5363 = CARTESIAN_POINT('',(8.881784197001E-15,-2.462225896953E-16));
#5364 = ( GEOMETRIC_REPRESENTATION_CONTEXT(2) 
PARAMETRIC_REPRESENTATION_CONTEXT() REPRESENTATION_CONTEXT('2D SPACE',''
  ) );
#5365 = PCURVE('',#3422,#5366);
#5366 = DEFINITIONAL_REPRESENTATION('',(#5367),#5371);
#5367 = B_SPLINE_CURVE_WITH_KNOTS('',2,(#5368,#5369,#5370),
  .UNSPECIFIED.,.F.,.F.,(3,3),(2.456346749103,2.574231636606),
  .PIECEWISE_BEZIER_KNOTS.);
#5368 = CARTESIAN_POINT('',(-1.563294805799,-7.071067811866E-02));
#5369 = CARTESIAN_POINT('',(-1.504352362047,-1.657010326884E-03));
#5370 = CARTESIAN_POINT('',(-1.445409918295,7.071067811865E-02));
#5371 = ( GEOMETRIC_REPRESENTATION_CONTEXT(2) 
PARAMETRIC_REPRESENTATION_CONTEXT() REPRESENTATION_CONTEXT('2D SPACE',''
  ) );
#5372 = ORIENTED_EDGE('',*,*,#3373,.T.);
#5373 = ORIENTED_EDGE('',*,*,#5268,.T.);
#5374 = ORIENTED_EDGE('',*,*,#5375,.F.);
#5375 = EDGE_CURVE('',#5347,#5269,#5376,.T.);
#5376 = SURFACE_CURVE('',#5377,(#5382,#5389),.PCURVE_S1.);
#5377 = CIRCLE('',#5378,2.6);
#5378 = AXIS2_PLACEMENT_3D('',#5379,#5380,#5381);
#5379 = CARTESIAN_POINT('',(-22.53,-41.58,0.1));
#5380 = DIRECTION('',(-0.,0.,-1.));
#5381 = DIRECTION('',(-0.141636311878,0.989918761898,0.));
#5382 = PCURVE('',#3394,#5383);
#5383 = DEFINITIONAL_REPRESENTATION('',(#5384),#5388);
#5384 = LINE('',#5385,#5386);
#5385 = CARTESIAN_POINT('',(-0.,0.));
#5386 = VECTOR('',#5387,1.);
#5387 = DIRECTION('',(-1.,0.));
#5388 = ( GEOMETRIC_REPRESENTATION_CONTEXT(2) 
PARAMETRIC_REPRESENTATION_CONTEXT() REPRESENTATION_CONTEXT('2D SPACE',''
  ) );
#5389 = PCURVE('',#5390,#5395);
#5390 = CYLINDRICAL_SURFACE('',#5391,2.6);
#5391 = AXIS2_PLACEMENT_3D('',#5392,#5393,#5394);
#5392 = CARTESIAN_POINT('',(-22.53,-41.58,0.));
#5393 = DIRECTION('',(-0.,-0.,-1.));
#5394 = DIRECTION('',(1.,0.,0.));
#5395 = DEFINITIONAL_REPRESENTATION('',(#5396),#5400);
#5396 = LINE('',#5397,#5398);
#5397 = CARTESIAN_POINT('',(-7.996095829936,-0.1));
#5398 = VECTOR('',#5399,1.);
#5399 = DIRECTION('',(1.,-0.));
#5400 = ( GEOMETRIC_REPRESENTATION_CONTEXT(2) 
PARAMETRIC_REPRESENTATION_CONTEXT() REPRESENTATION_CONTEXT('2D SPACE',''
  ) );
#5401 = ADVANCED_FACE('',(#5402),#3887,.T.);
#5402 = FACE_BOUND('',#5403,.F.);
#5403 = EDGE_LOOP('',(#5404,#5405,#5406,#5433));
#5404 = ORIENTED_EDGE('',*,*,#5296,.F.);
#5405 = ORIENTED_EDGE('',*,*,#3873,.T.);
#5406 = ORIENTED_EDGE('',*,*,#5407,.T.);
#5407 = EDGE_CURVE('',#3845,#5408,#5410,.T.);
#5408 = VERTEX_POINT('',#5409);
#5409 = CARTESIAN_POINT('',(20.07987755408,-42.45,1.E-01));
#5410 = SURFACE_CURVE('',#5411,(#5416,#5423),.PCURVE_S1.);
#5411 = PARABOLA('',#5412,1.226830265359);
#5412 = AXIS2_PLACEMENT_3D('',#5413,#5414,#5415);
#5413 = CARTESIAN_POINT('',(22.53,-43.315,-0.765));
#5414 = DIRECTION('',(0.,-0.707106781187,0.707106781187));
#5415 = DIRECTION('',(0.,0.707106781187,0.707106781187));
#5416 = PCURVE('',#3887,#5417);
#5417 = DEFINITIONAL_REPRESENTATION('',(#5418),#5422);
#5418 = B_SPLINE_CURVE_WITH_KNOTS('',2,(#5419,#5420,#5421),
  .UNSPECIFIED.,.F.,.F.,(3,3),(2.304148432719,2.45012244592),
  .PIECEWISE_BEZIER_KNOTS.);
#5419 = CARTESIAN_POINT('',(-39.92585156728,-7.071067811839E-02));
#5420 = CARTESIAN_POINT('',(-39.85286456068,-2.17108400502E-03));
#5421 = CARTESIAN_POINT('',(-39.77987755408,7.071067811881E-02));
#5422 = ( GEOMETRIC_REPRESENTATION_CONTEXT(2) 
PARAMETRIC_REPRESENTATION_CONTEXT() REPRESENTATION_CONTEXT('2D SPACE',''
  ) );
#5423 = PCURVE('',#3861,#5424);
#5424 = DEFINITIONAL_REPRESENTATION('',(#5425),#5432);
#5425 = B_SPLINE_CURVE_WITH_KNOTS('',5,(#5426,#5427,#5428,#5429,#5430,
    #5431),.UNSPECIFIED.,.F.,.F.,(6,6),(2.304148432719,2.45012244592),
  .PIECEWISE_BEZIER_KNOTS.);
#5426 = CARTESIAN_POINT('',(2.641927371734,-9.999999999982E-02));
#5427 = CARTESIAN_POINT('',(2.630249450678,-8.061407528888E-02));
#5428 = CARTESIAN_POINT('',(2.618684723276,-6.092111293341E-02));
#5429 = CARTESIAN_POINT('',(2.607232654049,-4.092111293343E-02));
#5430 = CARTESIAN_POINT('',(2.5958925998,-2.061407528893E-02));
#5431 = CARTESIAN_POINT('',(2.584663829553,1.081773559619E-13));
#5432 = ( GEOMETRIC_REPRESENTATION_CONTEXT(2) 
PARAMETRIC_REPRESENTATION_CONTEXT() REPRESENTATION_CONTEXT('2D SPACE',''
  ) );
#5433 = ORIENTED_EDGE('',*,*,#5434,.F.);
#5434 = EDGE_CURVE('',#5297,#5408,#5435,.T.);
#5435 = SURFACE_CURVE('',#5436,(#5440,#5447),.PCURVE_S1.);
#5436 = LINE('',#5437,#5438);
#5437 = CARTESIAN_POINT('',(-19.7,-42.45,0.1));
#5438 = VECTOR('',#5439,1.);
#5439 = DIRECTION('',(1.,0.,0.));
#5440 = PCURVE('',#3887,#5441);
#5441 = DEFINITIONAL_REPRESENTATION('',(#5442),#5446);
#5442 = LINE('',#5443,#5444);
#5443 = CARTESIAN_POINT('',(-0.,7.071067811865E-02));
#5444 = VECTOR('',#5445,1.);
#5445 = DIRECTION('',(-1.,0.));
#5446 = ( GEOMETRIC_REPRESENTATION_CONTEXT(2) 
PARAMETRIC_REPRESENTATION_CONTEXT() REPRESENTATION_CONTEXT('2D SPACE',''
  ) );
#5447 = PCURVE('',#5448,#5453);
#5448 = PLANE('',#5449);
#5449 = AXIS2_PLACEMENT_3D('',#5450,#5451,#5452);
#5450 = CARTESIAN_POINT('',(23.15,-42.45,-0.2));
#5451 = DIRECTION('',(0.,-1.,0.));
#5452 = DIRECTION('',(-1.,0.,0.));
#5453 = DEFINITIONAL_REPRESENTATION('',(#5454),#5458);
#5454 = LINE('',#5455,#5456);
#5455 = CARTESIAN_POINT('',(42.85,-0.3));
#5456 = VECTOR('',#5457,1.);
#5457 = DIRECTION('',(-1.,-0.));
#5458 = ( GEOMETRIC_REPRESENTATION_CONTEXT(2) 
PARAMETRIC_REPRESENTATION_CONTEXT() REPRESENTATION_CONTEXT('2D SPACE',''
  ) );
#5459 = ADVANCED_FACE('',(#5460),#3422,.T.);
#5460 = FACE_BOUND('',#5461,.F.);
#5461 = EDGE_LOOP('',(#5462,#5483,#5484,#5485));
#5462 = ORIENTED_EDGE('',*,*,#5463,.F.);
#5463 = EDGE_CURVE('',#3407,#5464,#5466,.T.);
#5464 = VERTEX_POINT('',#5465);
#5465 = CARTESIAN_POINT('',(-22.9,-37.56080235971,9.999999999964E-02));
#5466 = SURFACE_CURVE('',#5467,(#5471,#5477),.PCURVE_S1.);
#5467 = LINE('',#5468,#5469);
#5468 = CARTESIAN_POINT('',(-22.95,-37.56080235971,4.999999999963E-02));
#5469 = VECTOR('',#5470,1.);
#5470 = DIRECTION('',(0.707106781187,-2.693628245213E-14,0.707106781187)
  );
#5471 = PCURVE('',#3422,#5472);
#5472 = DEFINITIONAL_REPRESENTATION('',(#5473),#5476);
#5473 = B_SPLINE_CURVE_WITH_KNOTS('',1,(#5474,#5475),.UNSPECIFIED.,.F.,
  .F.,(2,2),(-7.071067811865E-02,7.071067811866E-02),
  .PIECEWISE_BEZIER_KNOTS.);
#5474 = CARTESIAN_POINT('',(-4.890642557598E-09,-7.071067811866E-02));
#5475 = CARTESIAN_POINT('',(-4.890642557598E-09,7.071067811865E-02));
#5476 = ( GEOMETRIC_REPRESENTATION_CONTEXT(2) 
PARAMETRIC_REPRESENTATION_CONTEXT() REPRESENTATION_CONTEXT('2D SPACE',''
  ) );
#5477 = PCURVE('',#3450,#5478);
#5478 = DEFINITIONAL_REPRESENTATION('',(#5479),#5482);
#5479 = B_SPLINE_CURVE_WITH_KNOTS('',1,(#5480,#5481),.UNSPECIFIED.,.F.,
  .F.,(2,2),(-7.071067811865E-02,7.071067811866E-02),
  .PIECEWISE_BEZIER_KNOTS.);
#5480 = CARTESIAN_POINT('',(19.167263939563,-7.071067811865E-02));
#5481 = CARTESIAN_POINT('',(19.167263939563,7.071067811866E-02));
#5482 = ( GEOMETRIC_REPRESENTATION_CONTEXT(2) 
PARAMETRIC_REPRESENTATION_CONTEXT() REPRESENTATION_CONTEXT('2D SPACE',''
  ) );
#5483 = ORIENTED_EDGE('',*,*,#3406,.T.);
#5484 = ORIENTED_EDGE('',*,*,#5346,.T.);
#5485 = ORIENTED_EDGE('',*,*,#5486,.F.);
#5486 = EDGE_CURVE('',#5464,#5347,#5487,.T.);
#5487 = SURFACE_CURVE('',#5488,(#5492,#5499),.PCURVE_S1.);
#5488 = LINE('',#5489,#5490);
#5489 = CARTESIAN_POINT('',(-22.9,-37.56080235482,0.1));
#5490 = VECTOR('',#5491,1.);
#5491 = DIRECTION('',(1.207677559722E-03,-0.999999270757,0.));
#5492 = PCURVE('',#3422,#5493);
#5493 = DEFINITIONAL_REPRESENTATION('',(#5494),#5498);
#5494 = LINE('',#5495,#5496);
#5495 = CARTESIAN_POINT('',(-0.,7.071067811865E-02));
#5496 = VECTOR('',#5497,1.);
#5497 = DIRECTION('',(-1.,0.));
#5498 = ( GEOMETRIC_REPRESENTATION_CONTEXT(2) 
PARAMETRIC_REPRESENTATION_CONTEXT() REPRESENTATION_CONTEXT('2D SPACE',''
  ) );
#5499 = PCURVE('',#5500,#5505);
#5500 = PLANE('',#5501);
#5501 = AXIS2_PLACEMENT_3D('',#5502,#5503,#5504);
#5502 = CARTESIAN_POINT('',(-22.89518472667,-41.54801714033,-0.2));
#5503 = DIRECTION('',(-0.999999270757,-1.207677559722E-03,0.));
#5504 = DIRECTION('',(-1.207677559722E-03,0.999999270757,0.));
#5505 = DEFINITIONAL_REPRESENTATION('',(#5506),#5510);
#5506 = LINE('',#5507,#5508);
#5507 = CARTESIAN_POINT('',(3.987217693155,-0.3));
#5508 = VECTOR('',#5509,1.);
#5509 = DIRECTION('',(-1.,-0.));
#5510 = ( GEOMETRIC_REPRESENTATION_CONTEXT(2) 
PARAMETRIC_REPRESENTATION_CONTEXT() REPRESENTATION_CONTEXT('2D SPACE',''
  ) );
#5511 = ADVANCED_FACE('',(#5512),#3861,.T.);
#5512 = FACE_BOUND('',#5513,.T.);
#5513 = EDGE_LOOP('',(#5514,#5541,#5542,#5543));
#5514 = ORIENTED_EDGE('',*,*,#5515,.F.);
#5515 = EDGE_CURVE('',#3817,#5516,#5518,.T.);
#5516 = VERTEX_POINT('',#5517);
#5517 = CARTESIAN_POINT('',(24.15,-39.54638253351,0.1));
#5518 = SURFACE_CURVE('',#5519,(#5524,#5534),.PCURVE_S1.);
#5519 = PARABOLA('',#5520,1.491995308304);
#5520 = AXIS2_PLACEMENT_3D('',#5521,#5522,#5523);
#5521 = CARTESIAN_POINT('',(24.64,-41.58,-0.39));
#5522 = DIRECTION('',(-0.707106781187,0.,-0.707106781187));
#5523 = DIRECTION('',(-0.707106781187,0.,0.707106781187));
#5524 = PCURVE('',#3861,#5525);
#5525 = DEFINITIONAL_REPRESENTATION('',(#5526),#5533);
#5526 = B_SPLINE_CURVE_WITH_KNOTS('',5,(#5527,#5528,#5529,#5530,#5531,
    #5532),.UNSPECIFIED.,.F.,.F.,(6,6),(1.814276715388,2.033617466487),
  .PIECEWISE_BEZIER_KNOTS.);
#5527 = CARTESIAN_POINT('',(-8.605907529502E-02,-1.E-01));
#5528 = CARTESIAN_POINT('',(-6.851181520714E-02,-8.114005604484E-02));
#5529 = CARTESIAN_POINT('',(-5.113002524443E-02,-6.171008406727E-02));
#5530 = CARTESIAN_POINT('',(-3.391621298724E-02,-4.171008406726E-02));
#5531 = CARTESIAN_POINT('',(-1.687236546914E-02,-2.114005604484E-02));
#5532 = CARTESIAN_POINT('',(-2.75335310107E-14,-2.989731979417E-17));
#5533 = ( GEOMETRIC_REPRESENTATION_CONTEXT(2) 
PARAMETRIC_REPRESENTATION_CONTEXT() REPRESENTATION_CONTEXT('2D SPACE',''
  ) );
#5534 = PCURVE('',#3832,#5535);
#5535 = DEFINITIONAL_REPRESENTATION('',(#5536),#5540);
#5536 = B_SPLINE_CURVE_WITH_KNOTS('',2,(#5537,#5538,#5539),
  .UNSPECIFIED.,.F.,.F.,(3,3),(1.814276715388,2.033617466487),
  .PIECEWISE_BEZIER_KNOTS.);
#5537 = CARTESIAN_POINT('',(0.219340751099,-7.071067811866E-02));
#5538 = CARTESIAN_POINT('',(0.109670375549,-4.030706801214E-03));
#5539 = CARTESIAN_POINT('',(7.105427357601E-14,7.071067811865E-02));
#5540 = ( GEOMETRIC_REPRESENTATION_CONTEXT(2) 
PARAMETRIC_REPRESENTATION_CONTEXT() REPRESENTATION_CONTEXT('2D SPACE',''
  ) );
#5541 = ORIENTED_EDGE('',*,*,#3844,.T.);
#5542 = ORIENTED_EDGE('',*,*,#5407,.T.);
#5543 = ORIENTED_EDGE('',*,*,#5544,.F.);
#5544 = EDGE_CURVE('',#5516,#5408,#5545,.T.);
#5545 = SURFACE_CURVE('',#5546,(#5551,#5558),.PCURVE_S1.);
#5546 = CIRCLE('',#5547,2.6);
#5547 = AXIS2_PLACEMENT_3D('',#5548,#5549,#5550);
#5548 = CARTESIAN_POINT('',(22.53,-41.58,0.1));
#5549 = DIRECTION('',(0.,0.,1.));
#5550 = DIRECTION('',(0.623076923077,0.782160564033,-0.));
#5551 = PCURVE('',#3861,#5552);
#5552 = DEFINITIONAL_REPRESENTATION('',(#5553),#5557);
#5553 = LINE('',#5554,#5555);
#5554 = CARTESIAN_POINT('',(0.,0.));
#5555 = VECTOR('',#5556,1.);
#5556 = DIRECTION('',(1.,0.));
#5557 = ( GEOMETRIC_REPRESENTATION_CONTEXT(2) 
PARAMETRIC_REPRESENTATION_CONTEXT() REPRESENTATION_CONTEXT('2D SPACE',''
  ) );
#5558 = PCURVE('',#5559,#5564);
#5559 = CYLINDRICAL_SURFACE('',#5560,2.6);
#5560 = AXIS2_PLACEMENT_3D('',#5561,#5562,#5563);
#5561 = CARTESIAN_POINT('',(22.53,-41.58,0.));
#5562 = DIRECTION('',(-0.,-0.,-1.));
#5563 = DIRECTION('',(1.,0.,0.));
#5564 = DEFINITIONAL_REPRESENTATION('',(#5565),#5569);
#5565 = LINE('',#5566,#5567);
#5566 = CARTESIAN_POINT('',(-0.89812588168,-0.1));
#5567 = VECTOR('',#5568,1.);
#5568 = DIRECTION('',(-1.,0.));
#5569 = ( GEOMETRIC_REPRESENTATION_CONTEXT(2) 
PARAMETRIC_REPRESENTATION_CONTEXT() REPRESENTATION_CONTEXT('2D SPACE',''
  ) );
#5570 = ADVANCED_FACE('',(#5571),#3450,.F.);
#5571 = FACE_BOUND('',#5572,.F.);
#5572 = EDGE_LOOP('',(#5573,#5600,#5601,#5602));
#5573 = ORIENTED_EDGE('',*,*,#5574,.F.);
#5574 = EDGE_CURVE('',#3435,#5575,#5577,.T.);
#5575 = VERTEX_POINT('',#5576);
#5576 = CARTESIAN_POINT('',(-22.9,-18.39353842015,0.1));
#5577 = SURFACE_CURVE('',#5578,(#5583,#5590),.PCURVE_S1.);
#5578 = PARABOLA('',#5579,1.050053570062);
#5579 = AXIS2_PLACEMENT_3D('',#5580,#5581,#5582);
#5580 = CARTESIAN_POINT('',(-24.015,-15.82,-1.015));
#5581 = DIRECTION('',(0.707106781187,8.674484698258E-19,-0.707106781187)
  );
#5582 = DIRECTION('',(0.707106781187,8.674484698258E-19,0.707106781187)
  );
#5583 = PCURVE('',#3450,#5584);
#5584 = DEFINITIONAL_REPRESENTATION('',(#5585),#5589);
#5585 = B_SPLINE_CURVE_WITH_KNOTS('',2,(#5586,#5587,#5588),
  .UNSPECIFIED.,.F.,.F.,(3,3),(2.455422570557,2.573538420152),
  .PIECEWISE_BEZIER_KNOTS.);
#5586 = CARTESIAN_POINT('',(-0.118115849595,-7.071067811863E-02));
#5587 = CARTESIAN_POINT('',(-5.905792479738E-02,-1.660790735245E-03));
#5588 = CARTESIAN_POINT('',(3.534950110406E-13,7.07106781187E-02));
#5589 = ( GEOMETRIC_REPRESENTATION_CONTEXT(2) 
PARAMETRIC_REPRESENTATION_CONTEXT() REPRESENTATION_CONTEXT('2D SPACE',''
  ) );
#5590 = PCURVE('',#3483,#5591);
#5591 = DEFINITIONAL_REPRESENTATION('',(#5592),#5599);
#5592 = B_SPLINE_CURVE_WITH_KNOTS('',5,(#5593,#5594,#5595,#5596,#5597,
    #5598),.UNSPECIFIED.,.F.,.F.,(6,6),(2.455422570557,2.573538420152),
  .PIECEWISE_BEZIER_KNOTS.);
#5593 = CARTESIAN_POINT('',(-3.473510538958,-9.999999999998E-02));
#5594 = CARTESIAN_POINT('',(-3.46406127099,-8.04697425564E-02));
#5595 = CARTESIAN_POINT('',(-3.454704276345,-6.070461383461E-02));
#5596 = CARTESIAN_POINT('',(-3.445438631736,-4.07046138346E-02));
#5597 = CARTESIAN_POINT('',(-3.436263381429,-2.046974255639E-02));
#5598 = CARTESIAN_POINT('',(-3.427177546844,3.00176550283E-14));
#5599 = ( GEOMETRIC_REPRESENTATION_CONTEXT(2) 
PARAMETRIC_REPRESENTATION_CONTEXT() REPRESENTATION_CONTEXT('2D SPACE',''
  ) );
#5600 = ORIENTED_EDGE('',*,*,#3434,.T.);
#5601 = ORIENTED_EDGE('',*,*,#5463,.T.);
#5602 = ORIENTED_EDGE('',*,*,#5603,.F.);
#5603 = EDGE_CURVE('',#5575,#5464,#5604,.T.);
#5604 = SURFACE_CURVE('',#5605,(#5609,#5616),.PCURVE_S1.);
#5605 = LINE('',#5606,#5607);
#5606 = CARTESIAN_POINT('',(-22.9,-18.39353842015,0.1));
#5607 = VECTOR('',#5608,1.);
#5608 = DIRECTION('',(-3.809365596371E-14,-1.,0.));
#5609 = PCURVE('',#3450,#5610);
#5610 = DEFINITIONAL_REPRESENTATION('',(#5611),#5615);
#5611 = LINE('',#5612,#5613);
#5612 = CARTESIAN_POINT('',(-3.552713678801E-15,7.071067811866E-02));
#5613 = VECTOR('',#5614,1.);
#5614 = DIRECTION('',(1.,0.));
#5615 = ( GEOMETRIC_REPRESENTATION_CONTEXT(2) 
PARAMETRIC_REPRESENTATION_CONTEXT() REPRESENTATION_CONTEXT('2D SPACE',''
  ) );
#5616 = PCURVE('',#5617,#5622);
#5617 = PLANE('',#5618);
#5618 = AXIS2_PLACEMENT_3D('',#5619,#5620,#5621);
#5619 = CARTESIAN_POINT('',(-22.9,42.45,-1.E-02));
#5620 = DIRECTION('',(1.,0.,-0.));
#5621 = DIRECTION('',(0.,-1.,0.));
#5622 = DEFINITIONAL_REPRESENTATION('',(#5623),#5627);
#5623 = LINE('',#5624,#5625);
#5624 = CARTESIAN_POINT('',(60.843538420152,-0.11));
#5625 = VECTOR('',#5626,1.);
#5626 = DIRECTION('',(1.,0.));
#5627 = ( GEOMETRIC_REPRESENTATION_CONTEXT(2) 
PARAMETRIC_REPRESENTATION_CONTEXT() REPRESENTATION_CONTEXT('2D SPACE',''
  ) );
#5628 = ADVANCED_FACE('',(#5629),#3832,.T.);
#5629 = FACE_BOUND('',#5630,.F.);
#5630 = EDGE_LOOP('',(#5631,#5632,#5633,#5660));
#5631 = ORIENTED_EDGE('',*,*,#5515,.F.);
#5632 = ORIENTED_EDGE('',*,*,#3816,.T.);
#5633 = ORIENTED_EDGE('',*,*,#5634,.T.);
#5634 = EDGE_CURVE('',#3788,#5635,#5637,.T.);
#5635 = VERTEX_POINT('',#5636);
#5636 = CARTESIAN_POINT('',(24.15,-17.85361746648,0.1));
#5637 = SURFACE_CURVE('',#5638,(#5643,#5650),.PCURVE_S1.);
#5638 = PARABOLA('',#5639,1.491995308304);
#5639 = AXIS2_PLACEMENT_3D('',#5640,#5641,#5642);
#5640 = CARTESIAN_POINT('',(24.64,-15.82,-0.39));
#5641 = DIRECTION('',(0.707106781187,0.,0.707106781187));
#5642 = DIRECTION('',(-0.707106781187,0.,0.707106781187));
#5643 = PCURVE('',#3832,#5644);
#5644 = DEFINITIONAL_REPRESENTATION('',(#5645),#5649);
#5645 = B_SPLINE_CURVE_WITH_KNOTS('',2,(#5646,#5647,#5648),
  .UNSPECIFIED.,.F.,.F.,(3,3),(1.814276715388,2.033617466487),
  .PIECEWISE_BEZIER_KNOTS.);
#5646 = CARTESIAN_POINT('',(-21.91210581812,-7.071067811865E-02));
#5647 = CARTESIAN_POINT('',(-21.80243544257,-4.030706801205E-03));
#5648 = CARTESIAN_POINT('',(-21.69276506702,7.071067811867E-02));
#5649 = ( GEOMETRIC_REPRESENTATION_CONTEXT(2) 
PARAMETRIC_REPRESENTATION_CONTEXT() REPRESENTATION_CONTEXT('2D SPACE',''
  ) );
#5650 = PCURVE('',#3804,#5651);
#5651 = DEFINITIONAL_REPRESENTATION('',(#5652),#5659);
#5652 = B_SPLINE_CURVE_WITH_KNOTS('',5,(#5653,#5654,#5655,#5656,#5657,
    #5658),.UNSPECIFIED.,.F.,.F.,(6,6),(1.814276715388,2.033617466487),
  .PIECEWISE_BEZIER_KNOTS.);
#5653 = CARTESIAN_POINT('',(4.572992619114,-1.E-01));
#5654 = CARTESIAN_POINT('',(4.555445359026,-8.114005604484E-02));
#5655 = CARTESIAN_POINT('',(4.538063569064,-6.171008406726E-02));
#5656 = CARTESIAN_POINT('',(4.520849756806,-4.171008406726E-02));
#5657 = CARTESIAN_POINT('',(4.503805909288,-2.114005604484E-02));
#5658 = CARTESIAN_POINT('',(4.486933543819,8.312794896881E-15));
#5659 = ( GEOMETRIC_REPRESENTATION_CONTEXT(2) 
PARAMETRIC_REPRESENTATION_CONTEXT() REPRESENTATION_CONTEXT('2D SPACE',''
  ) );
#5660 = ORIENTED_EDGE('',*,*,#5661,.F.);
#5661 = EDGE_CURVE('',#5516,#5635,#5662,.T.);
#5662 = SURFACE_CURVE('',#5663,(#5667,#5674),.PCURVE_S1.);
#5663 = LINE('',#5664,#5665);
#5664 = CARTESIAN_POINT('',(24.15,-39.54638253351,0.1));
#5665 = VECTOR('',#5666,1.);
#5666 = DIRECTION('',(-0.,1.,0.));
#5667 = PCURVE('',#3832,#5668);
#5668 = DEFINITIONAL_REPRESENTATION('',(#5669),#5673);
#5669 = LINE('',#5670,#5671);
#5670 = CARTESIAN_POINT('',(-0.,7.071067811866E-02));
#5671 = VECTOR('',#5672,1.);
#5672 = DIRECTION('',(-1.,0.));
#5673 = ( GEOMETRIC_REPRESENTATION_CONTEXT(2) 
PARAMETRIC_REPRESENTATION_CONTEXT() REPRESENTATION_CONTEXT('2D SPACE',''
  ) );
#5674 = PCURVE('',#5675,#5680);
#5675 = PLANE('',#5676);
#5676 = AXIS2_PLACEMENT_3D('',#5677,#5678,#5679);
#5677 = CARTESIAN_POINT('',(24.15,41.45,-0.2));
#5678 = DIRECTION('',(1.,0.,-0.));
#5679 = DIRECTION('',(0.,-1.,0.));
#5680 = DEFINITIONAL_REPRESENTATION('',(#5681),#5685);
#5681 = LINE('',#5682,#5683);
#5682 = CARTESIAN_POINT('',(80.996382533513,-0.3));
#5683 = VECTOR('',#5684,1.);
#5684 = DIRECTION('',(-1.,-0.));
#5685 = ( GEOMETRIC_REPRESENTATION_CONTEXT(2) 
PARAMETRIC_REPRESENTATION_CONTEXT() REPRESENTATION_CONTEXT('2D SPACE',''
  ) );
#5686 = ADVANCED_FACE('',(#5687),#3483,.T.);
#5687 = FACE_BOUND('',#5688,.F.);
#5688 = EDGE_LOOP('',(#5689,#5716,#5717,#5718));
#5689 = ORIENTED_EDGE('',*,*,#5690,.F.);
#5690 = EDGE_CURVE('',#3463,#5691,#5693,.T.);
#5691 = VERTEX_POINT('',#5692);
#5692 = CARTESIAN_POINT('',(-22.9,-13.24646157984,0.1));
#5693 = SURFACE_CURVE('',#5694,(#5699,#5709),.PCURVE_S1.);
#5694 = PARABOLA('',#5695,1.050053570062);
#5695 = AXIS2_PLACEMENT_3D('',#5696,#5697,#5698);
#5696 = CARTESIAN_POINT('',(-24.015,-15.82,-1.015));
#5697 = DIRECTION('',(-0.707106781187,-8.674484698258E-19,0.707106781187
    ));
#5698 = DIRECTION('',(0.707106781187,8.674484698258E-19,0.707106781187)
  );
#5699 = PCURVE('',#3483,#5700);
#5700 = DEFINITIONAL_REPRESENTATION('',(#5701),#5708);
#5701 = B_SPLINE_CURVE_WITH_KNOTS('',5,(#5702,#5703,#5704,#5705,#5706,
    #5707),.UNSPECIFIED.,.F.,.F.,(6,6),(2.455422570557,2.573538420152),
  .PIECEWISE_BEZIER_KNOTS.);
#5702 = CARTESIAN_POINT('',(4.633299211283E-02,-1.E-01));
#5703 = CARTESIAN_POINT('',(3.68837241452E-02,-8.046974255642E-02));
#5704 = CARTESIAN_POINT('',(2.752672950064E-02,-6.070461383465E-02));
#5705 = CARTESIAN_POINT('',(1.826108489156E-02,-4.07046138346E-02));
#5706 = CARTESIAN_POINT('',(9.085834583663E-03,-2.046974255643E-02));
#5707 = CARTESIAN_POINT('',(-6.021849685567E-13,-5.921053290024E-15));
#5708 = ( GEOMETRIC_REPRESENTATION_CONTEXT(2) 
PARAMETRIC_REPRESENTATION_CONTEXT() REPRESENTATION_CONTEXT('2D SPACE',''
  ) );
#5709 = PCURVE('',#3511,#5710);
#5710 = DEFINITIONAL_REPRESENTATION('',(#5711),#5715);
#5711 = B_SPLINE_CURVE_WITH_KNOTS('',2,(#5712,#5713,#5714),
  .UNSPECIFIED.,.F.,.F.,(3,3),(2.455422570557,2.573538420152),
  .PIECEWISE_BEZIER_KNOTS.);
#5712 = CARTESIAN_POINT('',(26.611039009291,-7.071067811794E-02));
#5713 = CARTESIAN_POINT('',(26.551981084493,-1.660790734565E-03));
#5714 = CARTESIAN_POINT('',(26.492923159696,7.071067811937E-02));
#5715 = ( GEOMETRIC_REPRESENTATION_CONTEXT(2) 
PARAMETRIC_REPRESENTATION_CONTEXT() REPRESENTATION_CONTEXT('2D SPACE',''
  ) );
#5716 = ORIENTED_EDGE('',*,*,#3462,.T.);
#5717 = ORIENTED_EDGE('',*,*,#5574,.T.);
#5718 = ORIENTED_EDGE('',*,*,#5719,.F.);
#5719 = EDGE_CURVE('',#5691,#5575,#5720,.T.);
#5720 = SURFACE_CURVE('',#5721,(#5726,#5733),.PCURVE_S1.);
#5721 = CIRCLE('',#5722,2.6);
#5722 = AXIS2_PLACEMENT_3D('',#5723,#5724,#5725);
#5723 = CARTESIAN_POINT('',(-22.53,-15.82,0.1));
#5724 = DIRECTION('',(-0.,0.,-1.));
#5725 = DIRECTION('',(-0.142307692308,0.989822469289,0.));
#5726 = PCURVE('',#3483,#5727);
#5727 = DEFINITIONAL_REPRESENTATION('',(#5728),#5732);
#5728 = LINE('',#5729,#5730);
#5729 = CARTESIAN_POINT('',(-0.,0.));
#5730 = VECTOR('',#5731,1.);
#5731 = DIRECTION('',(-1.,0.));
#5732 = ( GEOMETRIC_REPRESENTATION_CONTEXT(2) 
PARAMETRIC_REPRESENTATION_CONTEXT() REPRESENTATION_CONTEXT('2D SPACE',''
  ) );
#5733 = PCURVE('',#5734,#5739);
#5734 = CYLINDRICAL_SURFACE('',#5735,2.6);
#5735 = AXIS2_PLACEMENT_3D('',#5736,#5737,#5738);
#5736 = CARTESIAN_POINT('',(-22.53,-15.82,0.));
#5737 = DIRECTION('',(-0.,-0.,-1.));
#5738 = DIRECTION('',(1.,0.,0.));
#5739 = DEFINITIONAL_REPRESENTATION('',(#5740),#5744);
#5740 = LINE('',#5741,#5742);
#5741 = CARTESIAN_POINT('',(-7.996774080602,-0.1));
#5742 = VECTOR('',#5743,1.);
#5743 = DIRECTION('',(1.,-0.));
#5744 = ( GEOMETRIC_REPRESENTATION_CONTEXT(2) 
PARAMETRIC_REPRESENTATION_CONTEXT() REPRESENTATION_CONTEXT('2D SPACE',''
  ) );
#5745 = ADVANCED_FACE('',(#5746),#3804,.T.);
#5746 = FACE_BOUND('',#5747,.T.);
#5747 = EDGE_LOOP('',(#5748,#5775,#5776,#5777));
#5748 = ORIENTED_EDGE('',*,*,#5749,.F.);
#5749 = EDGE_CURVE('',#3760,#5750,#5752,.T.);
#5750 = VERTEX_POINT('',#5751);
#5751 = CARTESIAN_POINT('',(24.15,-13.78638253351,0.1));
#5752 = SURFACE_CURVE('',#5753,(#5758,#5768),.PCURVE_S1.);
#5753 = PARABOLA('',#5754,1.491995308304);
#5754 = AXIS2_PLACEMENT_3D('',#5755,#5756,#5757);
#5755 = CARTESIAN_POINT('',(24.64,-15.82,-0.39));
#5756 = DIRECTION('',(-0.707106781187,0.,-0.707106781187));
#5757 = DIRECTION('',(-0.707106781187,0.,0.707106781187));
#5758 = PCURVE('',#3804,#5759);
#5759 = DEFINITIONAL_REPRESENTATION('',(#5760),#5767);
#5760 = B_SPLINE_CURVE_WITH_KNOTS('',5,(#5761,#5762,#5763,#5764,#5765,
    #5766),.UNSPECIFIED.,.F.,.F.,(6,6),(1.814276715388,2.033617466487),
  .PIECEWISE_BEZIER_KNOTS.);
#5761 = CARTESIAN_POINT('',(-8.605907529503E-02,-1.E-01));
#5762 = CARTESIAN_POINT('',(-6.851181520715E-02,-8.114005604484E-02));
#5763 = CARTESIAN_POINT('',(-5.113002524444E-02,-6.171008406726E-02));
#5764 = CARTESIAN_POINT('',(-3.391621298724E-02,-4.171008406727E-02));
#5765 = CARTESIAN_POINT('',(-1.687236546915E-02,-2.114005604484E-02));
#5766 = CARTESIAN_POINT('',(-3.10862446895E-14,7.04639170007E-16));
#5767 = ( GEOMETRIC_REPRESENTATION_CONTEXT(2) 
PARAMETRIC_REPRESENTATION_CONTEXT() REPRESENTATION_CONTEXT('2D SPACE',''
  ) );
#5768 = PCURVE('',#3775,#5769);
#5769 = DEFINITIONAL_REPRESENTATION('',(#5770),#5774);
#5770 = B_SPLINE_CURVE_WITH_KNOTS('',2,(#5771,#5772,#5773),
  .UNSPECIFIED.,.F.,.F.,(3,3),(1.814276715388,2.033617466487),
  .PIECEWISE_BEZIER_KNOTS.);
#5771 = CARTESIAN_POINT('',(0.219340751099,-7.071067811865E-02));
#5772 = CARTESIAN_POINT('',(0.109670375549,-4.030706801212E-03));
#5773 = CARTESIAN_POINT('',(7.815970093361E-14,7.071067811866E-02));
#5774 = ( GEOMETRIC_REPRESENTATION_CONTEXT(2) 
PARAMETRIC_REPRESENTATION_CONTEXT() REPRESENTATION_CONTEXT('2D SPACE',''
  ) );
#5775 = ORIENTED_EDGE('',*,*,#3787,.T.);
#5776 = ORIENTED_EDGE('',*,*,#5634,.T.);
#5777 = ORIENTED_EDGE('',*,*,#5778,.F.);
#5778 = EDGE_CURVE('',#5750,#5635,#5779,.T.);
#5779 = SURFACE_CURVE('',#5780,(#5785,#5792),.PCURVE_S1.);
#5780 = CIRCLE('',#5781,2.6);
#5781 = AXIS2_PLACEMENT_3D('',#5782,#5783,#5784);
#5782 = CARTESIAN_POINT('',(22.53,-15.82,0.1));
#5783 = DIRECTION('',(0.,0.,1.));
#5784 = DIRECTION('',(0.623076923077,0.782160564033,-0.));
#5785 = PCURVE('',#3804,#5786);
#5786 = DEFINITIONAL_REPRESENTATION('',(#5787),#5791);
#5787 = LINE('',#5788,#5789);
#5788 = CARTESIAN_POINT('',(0.,0.));
#5789 = VECTOR('',#5790,1.);
#5790 = DIRECTION('',(1.,0.));
#5791 = ( GEOMETRIC_REPRESENTATION_CONTEXT(2) 
PARAMETRIC_REPRESENTATION_CONTEXT() REPRESENTATION_CONTEXT('2D SPACE',''
  ) );
#5792 = PCURVE('',#5793,#5798);
#5793 = CYLINDRICAL_SURFACE('',#5794,2.6);
#5794 = AXIS2_PLACEMENT_3D('',#5795,#5796,#5797);
#5795 = CARTESIAN_POINT('',(22.53,-15.82,0.));
#5796 = DIRECTION('',(-0.,-0.,-1.));
#5797 = DIRECTION('',(1.,0.,0.));
#5798 = DEFINITIONAL_REPRESENTATION('',(#5799),#5803);
#5799 = LINE('',#5800,#5801);
#5800 = CARTESIAN_POINT('',(-0.89812588168,-0.1));
#5801 = VECTOR('',#5802,1.);
#5802 = DIRECTION('',(-1.,0.));
#5803 = ( GEOMETRIC_REPRESENTATION_CONTEXT(2) 
PARAMETRIC_REPRESENTATION_CONTEXT() REPRESENTATION_CONTEXT('2D SPACE',''
  ) );
#5804 = ADVANCED_FACE('',(#5805),#3511,.F.);
#5805 = FACE_BOUND('',#5806,.F.);
#5806 = EDGE_LOOP('',(#5807,#5834,#5835,#5836));
#5807 = ORIENTED_EDGE('',*,*,#5808,.F.);
#5808 = EDGE_CURVE('',#3496,#5809,#5811,.T.);
#5809 = VERTEX_POINT('',#5810);
#5810 = CARTESIAN_POINT('',(-22.9,13.246461579848,0.1));
#5811 = SURFACE_CURVE('',#5812,(#5817,#5824),.PCURVE_S1.);
#5812 = PARABOLA('',#5813,1.050053570062);
#5813 = AXIS2_PLACEMENT_3D('',#5814,#5815,#5816);
#5814 = CARTESIAN_POINT('',(-24.015,15.82,-1.015));
#5815 = DIRECTION('',(0.707106781187,8.674484698258E-19,-0.707106781187)
  );
#5816 = DIRECTION('',(0.707106781187,8.674484698258E-19,0.707106781187)
  );
#5817 = PCURVE('',#3511,#5818);
#5818 = DEFINITIONAL_REPRESENTATION('',(#5819),#5823);
#5819 = B_SPLINE_CURVE_WITH_KNOTS('',2,(#5820,#5821,#5822),
  .UNSPECIFIED.,.F.,.F.,(3,3),(2.455422570557,2.573538420152),
  .PIECEWISE_BEZIER_KNOTS.);
#5820 = CARTESIAN_POINT('',(-0.118115849595,-7.071067811868E-02));
#5821 = CARTESIAN_POINT('',(-5.905792479758E-02,-1.660790735274E-03));
#5822 = CARTESIAN_POINT('',(1.7763568394E-13,7.07106781187E-02));
#5823 = ( GEOMETRIC_REPRESENTATION_CONTEXT(2) 
PARAMETRIC_REPRESENTATION_CONTEXT() REPRESENTATION_CONTEXT('2D SPACE',''
  ) );
#5824 = PCURVE('',#3544,#5825);
#5825 = DEFINITIONAL_REPRESENTATION('',(#5826),#5833);
#5826 = B_SPLINE_CURVE_WITH_KNOTS('',5,(#5827,#5828,#5829,#5830,#5831,
    #5832),.UNSPECIFIED.,.F.,.F.,(6,6),(2.455422570557,2.573538420152),
  .PIECEWISE_BEZIER_KNOTS.);
#5827 = CARTESIAN_POINT('',(-3.473510538957,-0.1));
#5828 = CARTESIAN_POINT('',(-3.46406127099,-8.046974255643E-02));
#5829 = CARTESIAN_POINT('',(-3.454704276345,-6.070461383463E-02));
#5830 = CARTESIAN_POINT('',(-3.445438631736,-4.070461383461E-02));
#5831 = CARTESIAN_POINT('',(-3.436263381428,-2.04697425564E-02));
#5832 = CARTESIAN_POINT('',(-3.427177546844,2.91294766086E-14));
#5833 = ( GEOMETRIC_REPRESENTATION_CONTEXT(2) 
PARAMETRIC_REPRESENTATION_CONTEXT() REPRESENTATION_CONTEXT('2D SPACE',''
  ) );
#5834 = ORIENTED_EDGE('',*,*,#3495,.T.);
#5835 = ORIENTED_EDGE('',*,*,#5690,.T.);
#5836 = ORIENTED_EDGE('',*,*,#5837,.F.);
#5837 = EDGE_CURVE('',#5809,#5691,#5838,.T.);
#5838 = SURFACE_CURVE('',#5839,(#5843,#5850),.PCURVE_S1.);
#5839 = LINE('',#5840,#5841);
#5840 = CARTESIAN_POINT('',(-22.9,13.246461579848,0.1));
#5841 = VECTOR('',#5842,1.);
#5842 = DIRECTION('',(-3.809365596371E-14,-1.,0.));
#5843 = PCURVE('',#3511,#5844);
#5844 = DEFINITIONAL_REPRESENTATION('',(#5845),#5849);
#5845 = LINE('',#5846,#5847);
#5846 = CARTESIAN_POINT('',(1.7763568394E-15,7.071067811866E-02));
#5847 = VECTOR('',#5848,1.);
#5848 = DIRECTION('',(1.,0.));
#5849 = ( GEOMETRIC_REPRESENTATION_CONTEXT(2) 
PARAMETRIC_REPRESENTATION_CONTEXT() REPRESENTATION_CONTEXT('2D SPACE',''
  ) );
#5850 = PCURVE('',#5851,#5856);
#5851 = PLANE('',#5852);
#5852 = AXIS2_PLACEMENT_3D('',#5853,#5854,#5855);
#5853 = CARTESIAN_POINT('',(-22.9,42.45,-1.E-02));
#5854 = DIRECTION('',(1.,0.,-0.));
#5855 = DIRECTION('',(0.,-1.,0.));
#5856 = DEFINITIONAL_REPRESENTATION('',(#5857),#5861);
#5857 = LINE('',#5858,#5859);
#5858 = CARTESIAN_POINT('',(29.203538420152,-0.11));
#5859 = VECTOR('',#5860,1.);
#5860 = DIRECTION('',(1.,0.));
#5861 = ( GEOMETRIC_REPRESENTATION_CONTEXT(2) 
PARAMETRIC_REPRESENTATION_CONTEXT() REPRESENTATION_CONTEXT('2D SPACE',''
  ) );
#5862 = ADVANCED_FACE('',(#5863),#3775,.T.);
#5863 = FACE_BOUND('',#5864,.F.);
#5864 = EDGE_LOOP('',(#5865,#5866,#5867,#5894));
#5865 = ORIENTED_EDGE('',*,*,#5749,.F.);
#5866 = ORIENTED_EDGE('',*,*,#3759,.T.);
#5867 = ORIENTED_EDGE('',*,*,#5868,.T.);
#5868 = EDGE_CURVE('',#3731,#5869,#5871,.T.);
#5869 = VERTEX_POINT('',#5870);
#5870 = CARTESIAN_POINT('',(24.15,13.786382533513,0.1));
#5871 = SURFACE_CURVE('',#5872,(#5877,#5884),.PCURVE_S1.);
#5872 = PARABOLA('',#5873,1.491995308304);
#5873 = AXIS2_PLACEMENT_3D('',#5874,#5875,#5876);
#5874 = CARTESIAN_POINT('',(24.64,15.82,-0.39));
#5875 = DIRECTION('',(0.707106781187,0.,0.707106781187));
#5876 = DIRECTION('',(-0.707106781187,0.,0.707106781187));
#5877 = PCURVE('',#3775,#5878);
#5878 = DEFINITIONAL_REPRESENTATION('',(#5879),#5883);
#5879 = B_SPLINE_CURVE_WITH_KNOTS('',2,(#5880,#5881,#5882),
  .UNSPECIFIED.,.F.,.F.,(3,3),(1.814276715388,2.033617466487),
  .PIECEWISE_BEZIER_KNOTS.);
#5880 = CARTESIAN_POINT('',(-27.79210581812,-7.071067811865E-02));
#5881 = CARTESIAN_POINT('',(-27.68243544257,-4.030706801206E-03));
#5882 = CARTESIAN_POINT('',(-27.57276506702,7.071067811867E-02));
#5883 = ( GEOMETRIC_REPRESENTATION_CONTEXT(2) 
PARAMETRIC_REPRESENTATION_CONTEXT() REPRESENTATION_CONTEXT('2D SPACE',''
  ) );
#5884 = PCURVE('',#3747,#5885);
#5885 = DEFINITIONAL_REPRESENTATION('',(#5886),#5893);
#5886 = B_SPLINE_CURVE_WITH_KNOTS('',5,(#5887,#5888,#5889,#5890,#5891,
    #5892),.UNSPECIFIED.,.F.,.F.,(6,6),(1.814276715388,2.033617466487),
  .PIECEWISE_BEZIER_KNOTS.);
#5887 = CARTESIAN_POINT('',(4.572992619114,-1.E-01));
#5888 = CARTESIAN_POINT('',(4.555445359026,-8.114005604484E-02));
#5889 = CARTESIAN_POINT('',(4.538063569064,-6.171008406726E-02));
#5890 = CARTESIAN_POINT('',(4.520849756806,-4.171008406726E-02));
#5891 = CARTESIAN_POINT('',(4.503805909288,-2.114005604484E-02));
#5892 = CARTESIAN_POINT('',(4.486933543819,8.978928711656E-15));
#5893 = ( GEOMETRIC_REPRESENTATION_CONTEXT(2) 
PARAMETRIC_REPRESENTATION_CONTEXT() REPRESENTATION_CONTEXT('2D SPACE',''
  ) );
#5894 = ORIENTED_EDGE('',*,*,#5895,.F.);
#5895 = EDGE_CURVE('',#5750,#5869,#5896,.T.);
#5896 = SURFACE_CURVE('',#5897,(#5901,#5908),.PCURVE_S1.);
#5897 = LINE('',#5898,#5899);
#5898 = CARTESIAN_POINT('',(24.15,-13.78638253351,0.1));
#5899 = VECTOR('',#5900,1.);
#5900 = DIRECTION('',(-0.,1.,0.));
#5901 = PCURVE('',#3775,#5902);
#5902 = DEFINITIONAL_REPRESENTATION('',(#5903),#5907);
#5903 = LINE('',#5904,#5905);
#5904 = CARTESIAN_POINT('',(-0.,7.071067811866E-02));
#5905 = VECTOR('',#5906,1.);
#5906 = DIRECTION('',(-1.,0.));
#5907 = ( GEOMETRIC_REPRESENTATION_CONTEXT(2) 
PARAMETRIC_REPRESENTATION_CONTEXT() REPRESENTATION_CONTEXT('2D SPACE',''
  ) );
#5908 = PCURVE('',#5909,#5914);
#5909 = PLANE('',#5910);
#5910 = AXIS2_PLACEMENT_3D('',#5911,#5912,#5913);
#5911 = CARTESIAN_POINT('',(24.15,41.45,-0.2));
#5912 = DIRECTION('',(1.,0.,-0.));
#5913 = DIRECTION('',(0.,-1.,0.));
#5914 = DEFINITIONAL_REPRESENTATION('',(#5915),#5919);
#5915 = LINE('',#5916,#5917);
#5916 = CARTESIAN_POINT('',(55.236382533513,-0.3));
#5917 = VECTOR('',#5918,1.);
#5918 = DIRECTION('',(-1.,-0.));
#5919 = ( GEOMETRIC_REPRESENTATION_CONTEXT(2) 
PARAMETRIC_REPRESENTATION_CONTEXT() REPRESENTATION_CONTEXT('2D SPACE',''
  ) );
#5920 = ADVANCED_FACE('',(#5921),#3544,.T.);
#5921 = FACE_BOUND('',#5922,.F.);
#5922 = EDGE_LOOP('',(#5923,#5950,#5951,#5952));
#5923 = ORIENTED_EDGE('',*,*,#5924,.F.);
#5924 = EDGE_CURVE('',#3524,#5925,#5927,.T.);
#5925 = VERTEX_POINT('',#5926);
#5926 = CARTESIAN_POINT('',(-22.9,18.393538420152,0.1));
#5927 = SURFACE_CURVE('',#5928,(#5933,#5943),.PCURVE_S1.);
#5928 = PARABOLA('',#5929,1.050053570062);
#5929 = AXIS2_PLACEMENT_3D('',#5930,#5931,#5932);
#5930 = CARTESIAN_POINT('',(-24.015,15.82,-1.015));
#5931 = DIRECTION('',(-0.707106781187,-8.674484698258E-19,0.707106781187
    ));
#5932 = DIRECTION('',(0.707106781187,8.674484698258E-19,0.707106781187)
  );
#5933 = PCURVE('',#3544,#5934);
#5934 = DEFINITIONAL_REPRESENTATION('',(#5935),#5942);
#5935 = B_SPLINE_CURVE_WITH_KNOTS('',5,(#5936,#5937,#5938,#5939,#5940,
    #5941),.UNSPECIFIED.,.F.,.F.,(6,6),(2.455422570557,2.573538420152),
  .PIECEWISE_BEZIER_KNOTS.);
#5936 = CARTESIAN_POINT('',(4.633299211326E-02,-1.E-01));
#5937 = CARTESIAN_POINT('',(3.688372414562E-02,-8.046974255642E-02));
#5938 = CARTESIAN_POINT('',(2.752672950105E-02,-6.070461383464E-02));
#5939 = CARTESIAN_POINT('',(1.8261084892E-02,-4.070461383461E-02));
#5940 = CARTESIAN_POINT('',(9.085834584089E-03,-2.046974255643E-02));
#5941 = CARTESIAN_POINT('',(-1.767475055203E-13,-7.815167063826E-15));
#5942 = ( GEOMETRIC_REPRESENTATION_CONTEXT(2) 
PARAMETRIC_REPRESENTATION_CONTEXT() REPRESENTATION_CONTEXT('2D SPACE',''
  ) );
#5943 = PCURVE('',#3572,#5944);
#5944 = DEFINITIONAL_REPRESENTATION('',(#5945),#5949);
#5945 = B_SPLINE_CURVE_WITH_KNOTS('',2,(#5946,#5947,#5948),
  .UNSPECIFIED.,.F.,.F.,(3,3),(2.455422570557,2.573538420152),
  .PIECEWISE_BEZIER_KNOTS.);
#5946 = CARTESIAN_POINT('',(20.731039009291,-7.071067811809E-02));
#5947 = CARTESIAN_POINT('',(20.671981084493,-1.660790734722E-03));
#5948 = CARTESIAN_POINT('',(20.612923159695,7.071067811921E-02));
#5949 = ( GEOMETRIC_REPRESENTATION_CONTEXT(2) 
PARAMETRIC_REPRESENTATION_CONTEXT() REPRESENTATION_CONTEXT('2D SPACE',''
  ) );
#5950 = ORIENTED_EDGE('',*,*,#3523,.T.);
#5951 = ORIENTED_EDGE('',*,*,#5808,.T.);
#5952 = ORIENTED_EDGE('',*,*,#5953,.F.);
#5953 = EDGE_CURVE('',#5925,#5809,#5954,.T.);
#5954 = SURFACE_CURVE('',#5955,(#5960,#5967),.PCURVE_S1.);
#5955 = CIRCLE('',#5956,2.6);
#5956 = AXIS2_PLACEMENT_3D('',#5957,#5958,#5959);
#5957 = CARTESIAN_POINT('',(-22.53,15.82,0.1));
#5958 = DIRECTION('',(-0.,0.,-1.));
#5959 = DIRECTION('',(-0.142307692308,0.989822469289,0.));
#5960 = PCURVE('',#3544,#5961);
#5961 = DEFINITIONAL_REPRESENTATION('',(#5962),#5966);
#5962 = LINE('',#5963,#5964);
#5963 = CARTESIAN_POINT('',(-0.,0.));
#5964 = VECTOR('',#5965,1.);
#5965 = DIRECTION('',(-1.,0.));
#5966 = ( GEOMETRIC_REPRESENTATION_CONTEXT(2) 
PARAMETRIC_REPRESENTATION_CONTEXT() REPRESENTATION_CONTEXT('2D SPACE',''
  ) );
#5967 = PCURVE('',#5968,#5973);
#5968 = CYLINDRICAL_SURFACE('',#5969,2.6);
#5969 = AXIS2_PLACEMENT_3D('',#5970,#5971,#5972);
#5970 = CARTESIAN_POINT('',(-22.53,15.82,0.));
#5971 = DIRECTION('',(-0.,-0.,-1.));
#5972 = DIRECTION('',(1.,0.,0.));
#5973 = DEFINITIONAL_REPRESENTATION('',(#5974),#5978);
#5974 = LINE('',#5975,#5976);
#5975 = CARTESIAN_POINT('',(-7.996774080602,-0.1));
#5976 = VECTOR('',#5977,1.);
#5977 = DIRECTION('',(1.,-0.));
#5978 = ( GEOMETRIC_REPRESENTATION_CONTEXT(2) 
PARAMETRIC_REPRESENTATION_CONTEXT() REPRESENTATION_CONTEXT('2D SPACE',''
  ) );
#5979 = ADVANCED_FACE('',(#5980),#3747,.T.);
#5980 = FACE_BOUND('',#5981,.T.);
#5981 = EDGE_LOOP('',(#5982,#6009,#6010,#6011));
#5982 = ORIENTED_EDGE('',*,*,#5983,.F.);
#5983 = EDGE_CURVE('',#3703,#5984,#5986,.T.);
#5984 = VERTEX_POINT('',#5985);
#5985 = CARTESIAN_POINT('',(24.15,17.853617466487,0.1));
#5986 = SURFACE_CURVE('',#5987,(#5992,#6002),.PCURVE_S1.);
#5987 = PARABOLA('',#5988,1.491995308304);
#5988 = AXIS2_PLACEMENT_3D('',#5989,#5990,#5991);
#5989 = CARTESIAN_POINT('',(24.64,15.82,-0.39));
#5990 = DIRECTION('',(-0.707106781187,0.,-0.707106781187));
#5991 = DIRECTION('',(-0.707106781187,0.,0.707106781187));
#5992 = PCURVE('',#3747,#5993);
#5993 = DEFINITIONAL_REPRESENTATION('',(#5994),#6001);
#5994 = B_SPLINE_CURVE_WITH_KNOTS('',5,(#5995,#5996,#5997,#5998,#5999,
    #6000),.UNSPECIFIED.,.F.,.F.,(6,6),(1.814276715388,2.033617466487),
  .PIECEWISE_BEZIER_KNOTS.);
#5995 = CARTESIAN_POINT('',(-8.605907529503E-02,-1.E-01));
#5996 = CARTESIAN_POINT('',(-6.851181520715E-02,-8.114005604484E-02));
#5997 = CARTESIAN_POINT('',(-5.113002524445E-02,-6.171008406726E-02));
#5998 = CARTESIAN_POINT('',(-3.391621298723E-02,-4.171008406727E-02));
#5999 = CARTESIAN_POINT('',(-1.687236546915E-02,-2.114005604485E-02));
#6000 = CARTESIAN_POINT('',(-3.37507799486E-14,-1.785378380027E-16));
#6001 = ( GEOMETRIC_REPRESENTATION_CONTEXT(2) 
PARAMETRIC_REPRESENTATION_CONTEXT() REPRESENTATION_CONTEXT('2D SPACE',''
  ) );
#6002 = PCURVE('',#3718,#6003);
#6003 = DEFINITIONAL_REPRESENTATION('',(#6004),#6008);
#6004 = B_SPLINE_CURVE_WITH_KNOTS('',2,(#6005,#6006,#6007),
  .UNSPECIFIED.,.F.,.F.,(3,3),(1.814276715388,2.033617466487),
  .PIECEWISE_BEZIER_KNOTS.);
#6005 = CARTESIAN_POINT('',(0.219340751099,-7.071067811865E-02));
#6006 = CARTESIAN_POINT('',(0.109670375549,-4.030706801212E-03));
#6007 = CARTESIAN_POINT('',(8.171241461241E-14,7.071067811866E-02));
#6008 = ( GEOMETRIC_REPRESENTATION_CONTEXT(2) 
PARAMETRIC_REPRESENTATION_CONTEXT() REPRESENTATION_CONTEXT('2D SPACE',''
  ) );
#6009 = ORIENTED_EDGE('',*,*,#3730,.T.);
#6010 = ORIENTED_EDGE('',*,*,#5868,.T.);
#6011 = ORIENTED_EDGE('',*,*,#6012,.F.);
#6012 = EDGE_CURVE('',#5984,#5869,#6013,.T.);
#6013 = SURFACE_CURVE('',#6014,(#6019,#6026),.PCURVE_S1.);
#6014 = CIRCLE('',#6015,2.6);
#6015 = AXIS2_PLACEMENT_3D('',#6016,#6017,#6018);
#6016 = CARTESIAN_POINT('',(22.53,15.82,0.1));
#6017 = DIRECTION('',(0.,0.,1.));
#6018 = DIRECTION('',(0.623076923077,0.782160564033,-0.));
#6019 = PCURVE('',#3747,#6020);
#6020 = DEFINITIONAL_REPRESENTATION('',(#6021),#6025);
#6021 = LINE('',#6022,#6023);
#6022 = CARTESIAN_POINT('',(0.,0.));
#6023 = VECTOR('',#6024,1.);
#6024 = DIRECTION('',(1.,0.));
#6025 = ( GEOMETRIC_REPRESENTATION_CONTEXT(2) 
PARAMETRIC_REPRESENTATION_CONTEXT() REPRESENTATION_CONTEXT('2D SPACE',''
  ) );
#6026 = PCURVE('',#6027,#6032);
#6027 = CYLINDRICAL_SURFACE('',#6028,2.6);
#6028 = AXIS2_PLACEMENT_3D('',#6029,#6030,#6031);
#6029 = CARTESIAN_POINT('',(22.53,15.82,0.));
#6030 = DIRECTION('',(-0.,-0.,-1.));
#6031 = DIRECTION('',(1.,0.,0.));
#6032 = DEFINITIONAL_REPRESENTATION('',(#6033),#6037);
#6033 = LINE('',#6034,#6035);
#6034 = CARTESIAN_POINT('',(-0.89812588168,-0.1));
#6035 = VECTOR('',#6036,1.);
#6036 = DIRECTION('',(-1.,0.));
#6037 = ( GEOMETRIC_REPRESENTATION_CONTEXT(2) 
PARAMETRIC_REPRESENTATION_CONTEXT() REPRESENTATION_CONTEXT('2D SPACE',''
  ) );
#6038 = ADVANCED_FACE('',(#6039),#3572,.F.);
#6039 = FACE_BOUND('',#6040,.F.);
#6040 = EDGE_LOOP('',(#6041,#6068,#6069,#6070));
#6041 = ORIENTED_EDGE('',*,*,#6042,.F.);
#6042 = EDGE_CURVE('',#3557,#6043,#6045,.T.);
#6043 = VERTEX_POINT('',#6044);
#6044 = CARTESIAN_POINT('',(-22.9,39.006461579848,0.1));
#6045 = SURFACE_CURVE('',#6046,(#6051,#6058),.PCURVE_S1.);
#6046 = PARABOLA('',#6047,1.050053570062);
#6047 = AXIS2_PLACEMENT_3D('',#6048,#6049,#6050);
#6048 = CARTESIAN_POINT('',(-24.015,41.58,-1.015));
#6049 = DIRECTION('',(0.707106781187,8.674484698258E-19,-0.707106781187)
  );
#6050 = DIRECTION('',(0.707106781187,8.674484698258E-19,0.707106781187)
  );
#6051 = PCURVE('',#3572,#6052);
#6052 = DEFINITIONAL_REPRESENTATION('',(#6053),#6057);
#6053 = B_SPLINE_CURVE_WITH_KNOTS('',2,(#6054,#6055,#6056),
  .UNSPECIFIED.,.F.,.F.,(3,3),(2.455422570557,2.573538420152),
  .PIECEWISE_BEZIER_KNOTS.);
#6054 = CARTESIAN_POINT('',(-0.118115849595,-7.071067811848E-02));
#6055 = CARTESIAN_POINT('',(-5.905792479755E-02,-1.6607907351E-03));
#6056 = CARTESIAN_POINT('',(1.758593271006E-13,7.071067811884E-02));
#6057 = ( GEOMETRIC_REPRESENTATION_CONTEXT(2) 
PARAMETRIC_REPRESENTATION_CONTEXT() REPRESENTATION_CONTEXT('2D SPACE',''
  ) );
#6058 = PCURVE('',#3605,#6059);
#6059 = DEFINITIONAL_REPRESENTATION('',(#6060),#6067);
#6060 = B_SPLINE_CURVE_WITH_KNOTS('',5,(#6061,#6062,#6063,#6064,#6065,
    #6066),.UNSPECIFIED.,.F.,.F.,(6,6),(2.455422570557,2.573538420152),
  .PIECEWISE_BEZIER_KNOTS.);
#6061 = CARTESIAN_POINT('',(-2.101043350258,-9.999999999988E-02));
#6062 = CARTESIAN_POINT('',(-2.091594082291,-8.046974255629E-02));
#6063 = CARTESIAN_POINT('',(-2.082237087646,-6.070461383451E-02));
#6064 = CARTESIAN_POINT('',(-2.072971443037,-4.070461383449E-02));
#6065 = CARTESIAN_POINT('',(-2.063796192729,-2.046974255629E-02));
#6066 = CARTESIAN_POINT('',(-2.054710358145,1.299377272446E-13));
#6067 = ( GEOMETRIC_REPRESENTATION_CONTEXT(2) 
PARAMETRIC_REPRESENTATION_CONTEXT() REPRESENTATION_CONTEXT('2D SPACE',''
  ) );
#6068 = ORIENTED_EDGE('',*,*,#3556,.T.);
#6069 = ORIENTED_EDGE('',*,*,#5924,.T.);
#6070 = ORIENTED_EDGE('',*,*,#6071,.F.);
#6071 = EDGE_CURVE('',#6043,#5925,#6072,.T.);
#6072 = SURFACE_CURVE('',#6073,(#6077,#6084),.PCURVE_S1.);
#6073 = LINE('',#6074,#6075);
#6074 = CARTESIAN_POINT('',(-22.9,39.006461579848,0.1));
#6075 = VECTOR('',#6076,1.);
#6076 = DIRECTION('',(-3.809365596371E-14,-1.,0.));
#6077 = PCURVE('',#3572,#6078);
#6078 = DEFINITIONAL_REPRESENTATION('',(#6079),#6083);
#6079 = LINE('',#6080,#6081);
#6080 = CARTESIAN_POINT('',(0.,7.071067811866E-02));
#6081 = VECTOR('',#6082,1.);
#6082 = DIRECTION('',(1.,0.));
#6083 = ( GEOMETRIC_REPRESENTATION_CONTEXT(2) 
PARAMETRIC_REPRESENTATION_CONTEXT() REPRESENTATION_CONTEXT('2D SPACE',''
  ) );
#6084 = PCURVE('',#6085,#6090);
#6085 = PLANE('',#6086);
#6086 = AXIS2_PLACEMENT_3D('',#6087,#6088,#6089);
#6087 = CARTESIAN_POINT('',(-22.9,42.45,-1.E-02));
#6088 = DIRECTION('',(1.,0.,-0.));
#6089 = DIRECTION('',(0.,-1.,0.));
#6090 = DEFINITIONAL_REPRESENTATION('',(#6091),#6095);
#6091 = LINE('',#6092,#6093);
#6092 = CARTESIAN_POINT('',(3.443538420152,-0.11));
#6093 = VECTOR('',#6094,1.);
#6094 = DIRECTION('',(1.,0.));
#6095 = ( GEOMETRIC_REPRESENTATION_CONTEXT(2) 
PARAMETRIC_REPRESENTATION_CONTEXT() REPRESENTATION_CONTEXT('2D SPACE',''
  ) );
#6096 = ADVANCED_FACE('',(#6097),#3718,.T.);
#6097 = FACE_BOUND('',#6098,.F.);
#6098 = EDGE_LOOP('',(#6099,#6100,#6101,#6128));
#6099 = ORIENTED_EDGE('',*,*,#5983,.F.);
#6100 = ORIENTED_EDGE('',*,*,#3702,.T.);
#6101 = ORIENTED_EDGE('',*,*,#6102,.T.);
#6102 = EDGE_CURVE('',#3674,#6103,#6105,.T.);
#6103 = VERTEX_POINT('',#6104);
#6104 = CARTESIAN_POINT('',(24.15,39.546382533513,0.1));
#6105 = SURFACE_CURVE('',#6106,(#6111,#6118),.PCURVE_S1.);
#6106 = PARABOLA('',#6107,1.491995308304);
#6107 = AXIS2_PLACEMENT_3D('',#6108,#6109,#6110);
#6108 = CARTESIAN_POINT('',(24.64,41.58,-0.39));
#6109 = DIRECTION('',(0.707106781187,0.,0.707106781187));
#6110 = DIRECTION('',(-0.707106781187,0.,0.707106781187));
#6111 = PCURVE('',#3718,#6112);
#6112 = DEFINITIONAL_REPRESENTATION('',(#6113),#6117);
#6113 = B_SPLINE_CURVE_WITH_KNOTS('',2,(#6114,#6115,#6116),
  .UNSPECIFIED.,.F.,.F.,(3,3),(1.814276715388,2.033617466487),
  .PIECEWISE_BEZIER_KNOTS.);
#6114 = CARTESIAN_POINT('',(-21.91210581812,-7.071067811854E-02));
#6115 = CARTESIAN_POINT('',(-21.80243544257,-4.030706801127E-03));
#6116 = CARTESIAN_POINT('',(-21.69276506702,7.07106781187E-02));
#6117 = ( GEOMETRIC_REPRESENTATION_CONTEXT(2) 
PARAMETRIC_REPRESENTATION_CONTEXT() REPRESENTATION_CONTEXT('2D SPACE',''
  ) );
#6118 = PCURVE('',#3690,#6119);
#6119 = DEFINITIONAL_REPRESENTATION('',(#6120),#6127);
#6120 = B_SPLINE_CURVE_WITH_KNOTS('',5,(#6121,#6122,#6123,#6124,#6125,
    #6126),.UNSPECIFIED.,.F.,.F.,(6,6),(1.814276715388,2.033617466487),
  .PIECEWISE_BEZIER_KNOTS.);
#6121 = CARTESIAN_POINT('',(2.670722904848,-9.999999999992E-02));
#6122 = CARTESIAN_POINT('',(2.653175644761,-8.114005604477E-02));
#6123 = CARTESIAN_POINT('',(2.635793854798,-6.171008406721E-02));
#6124 = CARTESIAN_POINT('',(2.618580042541,-4.171008406721E-02));
#6125 = CARTESIAN_POINT('',(2.601536195023,-2.11400560448E-02));
#6126 = CARTESIAN_POINT('',(2.584663829553,3.44585471268E-14));
#6127 = ( GEOMETRIC_REPRESENTATION_CONTEXT(2) 
PARAMETRIC_REPRESENTATION_CONTEXT() REPRESENTATION_CONTEXT('2D SPACE',''
  ) );
#6128 = ORIENTED_EDGE('',*,*,#6129,.F.);
#6129 = EDGE_CURVE('',#5984,#6103,#6130,.T.);
#6130 = SURFACE_CURVE('',#6131,(#6135,#6142),.PCURVE_S1.);
#6131 = LINE('',#6132,#6133);
#6132 = CARTESIAN_POINT('',(24.15,17.853617466487,0.1));
#6133 = VECTOR('',#6134,1.);
#6134 = DIRECTION('',(-0.,1.,0.));
#6135 = PCURVE('',#3718,#6136);
#6136 = DEFINITIONAL_REPRESENTATION('',(#6137),#6141);
#6137 = LINE('',#6138,#6139);
#6138 = CARTESIAN_POINT('',(-0.,7.071067811866E-02));
#6139 = VECTOR('',#6140,1.);
#6140 = DIRECTION('',(-1.,0.));
#6141 = ( GEOMETRIC_REPRESENTATION_CONTEXT(2) 
PARAMETRIC_REPRESENTATION_CONTEXT() REPRESENTATION_CONTEXT('2D SPACE',''
  ) );
#6142 = PCURVE('',#6143,#6148);
#6143 = PLANE('',#6144);
#6144 = AXIS2_PLACEMENT_3D('',#6145,#6146,#6147);
#6145 = CARTESIAN_POINT('',(24.15,41.45,-0.2));
#6146 = DIRECTION('',(1.,0.,-0.));
#6147 = DIRECTION('',(0.,-1.,0.));
#6148 = DEFINITIONAL_REPRESENTATION('',(#6149),#6153);
#6149 = LINE('',#6150,#6151);
#6150 = CARTESIAN_POINT('',(23.596382533513,-0.3));
#6151 = VECTOR('',#6152,1.);
#6152 = DIRECTION('',(-1.,-0.));
#6153 = ( GEOMETRIC_REPRESENTATION_CONTEXT(2) 
PARAMETRIC_REPRESENTATION_CONTEXT() REPRESENTATION_CONTEXT('2D SPACE',''
  ) );
#6154 = ADVANCED_FACE('',(#6155),#3605,.T.);
#6155 = FACE_BOUND('',#6156,.F.);
#6156 = EDGE_LOOP('',(#6157,#6184,#6185,#6186));
#6157 = ORIENTED_EDGE('',*,*,#6158,.F.);
#6158 = EDGE_CURVE('',#3585,#6159,#6161,.T.);
#6159 = VERTEX_POINT('',#6160);
#6160 = CARTESIAN_POINT('',(-20.07981189961,42.449815079625,1.E-01));
#6161 = SURFACE_CURVE('',#6162,(#6167,#6177),.PCURVE_S1.);
#6162 = PARABOLA('',#6163,1.226601018329);
#6163 = AXIS2_PLACEMENT_3D('',#6164,#6165,#6166);
#6164 = CARTESIAN_POINT('',(-22.53032812773,43.314675764707,
    -0.765324204259));
#6165 = DIRECTION('',(-1.337548760118E-04,0.707106768536,0.707106781187)
  );
#6166 = DIRECTION('',(1.337548760118E-04,-0.707106768536,0.707106781187)
  );
#6167 = PCURVE('',#3605,#6168);
#6168 = DEFINITIONAL_REPRESENTATION('',(#6169),#6176);
#6169 = B_SPLINE_CURVE_WITH_KNOTS('',5,(#6170,#6171,#6172,#6173,#6174,
    #6175),.UNSPECIFIED.,.F.,.F.,(6,6),(2.304421292232,2.450352588994),
  .PIECEWISE_BEZIER_KNOTS.);
#6170 = CARTESIAN_POINT('',(5.724678054631E-02,-1.E-01));
#6171 = CARTESIAN_POINT('',(4.557227680536E-02,-8.061383064854E-02));
#6172 = CARTESIAN_POINT('',(3.401093502339E-02,-6.092074597293E-02));
#6173 = CARTESIAN_POINT('',(2.256221885052E-02,-4.092074597258E-02));
#6174 = CARTESIAN_POINT('',(1.122548436628E-02,-2.061383064855E-02));
#6175 = CARTESIAN_POINT('',(-1.95399252334E-14,2.187879013789E-14));
#6176 = ( GEOMETRIC_REPRESENTATION_CONTEXT(2) 
PARAMETRIC_REPRESENTATION_CONTEXT() REPRESENTATION_CONTEXT('2D SPACE',''
  ) );
#6177 = PCURVE('',#3633,#6178);
#6178 = DEFINITIONAL_REPRESENTATION('',(#6179),#6183);
#6179 = B_SPLINE_CURVE_WITH_KNOTS('',2,(#6180,#6181,#6182),
  .UNSPECIFIED.,.F.,.F.,(3,3),(2.304421292232,2.450352588994),
  .PIECEWISE_BEZIER_KNOTS.);
#6180 = CARTESIAN_POINT('',(-1.123529039721,-7.071067811858E-02));
#6181 = CARTESIAN_POINT('',(-1.05056339134,-2.170219070341E-03));
#6182 = CARTESIAN_POINT('',(-0.977597742959,7.071067811883E-02));
#6183 = ( GEOMETRIC_REPRESENTATION_CONTEXT(2) 
PARAMETRIC_REPRESENTATION_CONTEXT() REPRESENTATION_CONTEXT('2D SPACE',''
  ) );
#6184 = ORIENTED_EDGE('',*,*,#3584,.T.);
#6185 = ORIENTED_EDGE('',*,*,#6042,.T.);
#6186 = ORIENTED_EDGE('',*,*,#6187,.F.);
#6187 = EDGE_CURVE('',#6159,#6043,#6188,.T.);
#6188 = SURFACE_CURVE('',#6189,(#6194,#6201),.PCURVE_S1.);
#6189 = CIRCLE('',#6190,2.6);
#6190 = AXIS2_PLACEMENT_3D('',#6191,#6192,#6193);
#6191 = CARTESIAN_POINT('',(-22.53,41.58,0.1));
#6192 = DIRECTION('',(0.,-0.,-1.));
#6193 = DIRECTION('',(0.942380038609,0.334544261394,-0.));
#6194 = PCURVE('',#3605,#6195);
#6195 = DEFINITIONAL_REPRESENTATION('',(#6196),#6200);
#6196 = LINE('',#6197,#6198);
#6197 = CARTESIAN_POINT('',(-0.,0.));
#6198 = VECTOR('',#6199,1.);
#6199 = DIRECTION('',(-1.,0.));
#6200 = ( GEOMETRIC_REPRESENTATION_CONTEXT(2) 
PARAMETRIC_REPRESENTATION_CONTEXT() REPRESENTATION_CONTEXT('2D SPACE',''
  ) );
#6201 = PCURVE('',#6202,#6207);
#6202 = CYLINDRICAL_SURFACE('',#6203,2.6);
#6203 = AXIS2_PLACEMENT_3D('',#6204,#6205,#6206);
#6204 = CARTESIAN_POINT('',(-22.53,41.58,0.));
#6205 = DIRECTION('',(-0.,-0.,-1.));
#6206 = DIRECTION('',(1.,0.,0.));
#6207 = DEFINITIONAL_REPRESENTATION('',(#6208),#6212);
#6208 = LINE('',#6209,#6210);
#6209 = CARTESIAN_POINT('',(-6.624306891903,-0.1));
#6210 = VECTOR('',#6211,1.);
#6211 = DIRECTION('',(1.,-0.));
#6212 = ( GEOMETRIC_REPRESENTATION_CONTEXT(2) 
PARAMETRIC_REPRESENTATION_CONTEXT() REPRESENTATION_CONTEXT('2D SPACE',''
  ) );
#6213 = ADVANCED_FACE('',(#6214),#3690,.T.);
#6214 = FACE_BOUND('',#6215,.T.);
#6215 = EDGE_LOOP('',(#6216,#6243,#6244,#6245));
#6216 = ORIENTED_EDGE('',*,*,#6217,.F.);
#6217 = EDGE_CURVE('',#3646,#6218,#6220,.T.);
#6218 = VERTEX_POINT('',#6219);
#6219 = CARTESIAN_POINT('',(20.07987755408,42.45,0.1));
#6220 = SURFACE_CURVE('',#6221,(#6226,#6236),.PCURVE_S1.);
#6221 = PARABOLA('',#6222,1.226830265359);
#6222 = AXIS2_PLACEMENT_3D('',#6223,#6224,#6225);
#6223 = CARTESIAN_POINT('',(22.53,43.315,-0.765));
#6224 = DIRECTION('',(-8.674484698258E-19,-0.707106781187,
    -0.707106781187));
#6225 = DIRECTION('',(-8.674484698258E-19,-0.707106781187,0.707106781187
    ));
#6226 = PCURVE('',#3690,#6227);
#6227 = DEFINITIONAL_REPRESENTATION('',(#6228),#6235);
#6228 = B_SPLINE_CURVE_WITH_KNOTS('',5,(#6229,#6230,#6231,#6232,#6233,
    #6234),.UNSPECIFIED.,.F.,.F.,(6,6),(2.304148432719,2.45012244592),
  .PIECEWISE_BEZIER_KNOTS.);
#6229 = CARTESIAN_POINT('',(-5.726354218021E-02,-1.E-01));
#6230 = CARTESIAN_POINT('',(-4.558562112412E-02,-8.061407528905E-02));
#6231 = CARTESIAN_POINT('',(-3.402089372281E-02,-6.092111293359E-02));
#6232 = CARTESIAN_POINT('',(-2.256882449591E-02,-4.092111293355E-02));
#6233 = CARTESIAN_POINT('',(-1.122877024622E-02,-2.061407528906E-02));
#6234 = CARTESIAN_POINT('',(2.04281036531E-14,-6.537931969951E-15));
#6235 = ( GEOMETRIC_REPRESENTATION_CONTEXT(2) 
PARAMETRIC_REPRESENTATION_CONTEXT() REPRESENTATION_CONTEXT('2D SPACE',''
  ) );
#6236 = PCURVE('',#3661,#6237);
#6237 = DEFINITIONAL_REPRESENTATION('',(#6238),#6242);
#6238 = B_SPLINE_CURVE_WITH_KNOTS('',2,(#6239,#6240,#6241),
  .UNSPECIFIED.,.F.,.F.,(3,3),(2.304148432719,2.45012244592),
  .PIECEWISE_BEZIER_KNOTS.);
#6239 = CARTESIAN_POINT('',(-0.145974013201,-7.071067811868E-02));
#6240 = CARTESIAN_POINT('',(-7.298700660054E-02,-2.171084005242E-03));
#6241 = CARTESIAN_POINT('',(1.7763568394E-15,7.071067811866E-02));
#6242 = ( GEOMETRIC_REPRESENTATION_CONTEXT(2) 
PARAMETRIC_REPRESENTATION_CONTEXT() REPRESENTATION_CONTEXT('2D SPACE',''
  ) );
#6243 = ORIENTED_EDGE('',*,*,#3673,.T.);
#6244 = ORIENTED_EDGE('',*,*,#6102,.T.);
#6245 = ORIENTED_EDGE('',*,*,#6246,.F.);
#6246 = EDGE_CURVE('',#6218,#6103,#6247,.T.);
#6247 = SURFACE_CURVE('',#6248,(#6253,#6260),.PCURVE_S1.);
#6248 = CIRCLE('',#6249,2.6);
#6249 = AXIS2_PLACEMENT_3D('',#6250,#6251,#6252);
#6250 = CARTESIAN_POINT('',(22.53,41.58,0.1));
#6251 = DIRECTION('',(0.,0.,1.));
#6252 = DIRECTION('',(-0.942354786892,0.334615384615,0.));
#6253 = PCURVE('',#3690,#6254);
#6254 = DEFINITIONAL_REPRESENTATION('',(#6255),#6259);
#6255 = LINE('',#6256,#6257);
#6256 = CARTESIAN_POINT('',(0.,0.));
#6257 = VECTOR('',#6258,1.);
#6258 = DIRECTION('',(1.,0.));
#6259 = ( GEOMETRIC_REPRESENTATION_CONTEXT(2) 
PARAMETRIC_REPRESENTATION_CONTEXT() REPRESENTATION_CONTEXT('2D SPACE',''
  ) );
#6260 = PCURVE('',#6261,#6266);
#6261 = CYLINDRICAL_SURFACE('',#6262,2.6);
#6262 = AXIS2_PLACEMENT_3D('',#6263,#6264,#6265);
#6263 = CARTESIAN_POINT('',(22.53,41.58,0.));
#6264 = DIRECTION('',(-0.,-0.,-1.));
#6265 = DIRECTION('',(1.,0.,0.));
#6266 = DEFINITIONAL_REPRESENTATION('',(#6267),#6271);
#6267 = LINE('',#6268,#6269);
#6268 = CARTESIAN_POINT('',(-2.800395595946,-0.1));
#6269 = VECTOR('',#6270,1.);
#6270 = DIRECTION('',(-1.,0.));
#6271 = ( GEOMETRIC_REPRESENTATION_CONTEXT(2) 
PARAMETRIC_REPRESENTATION_CONTEXT() REPRESENTATION_CONTEXT('2D SPACE',''
  ) );
#6272 = ADVANCED_FACE('',(#6273),#3633,.T.);
#6273 = FACE_BOUND('',#6274,.F.);
#6274 = EDGE_LOOP('',(#6275,#6296,#6297,#6298));
#6275 = ORIENTED_EDGE('',*,*,#6276,.F.);
#6276 = EDGE_CURVE('',#3618,#6277,#6279,.T.);
#6277 = VERTEX_POINT('',#6278);
#6278 = CARTESIAN_POINT('',(-19.10221434216,42.450000000005,
    9.999999999519E-02));
#6279 = SURFACE_CURVE('',#6280,(#6284,#6290),.PCURVE_S1.);
#6280 = LINE('',#6281,#6282);
#6281 = CARTESIAN_POINT('',(-19.10221434216,42.500000000005,
    4.999999999519E-02));
#6282 = VECTOR('',#6283,1.);
#6283 = DIRECTION('',(-1.735511805223E-13,-0.707106781187,0.707106781187
    ));
#6284 = PCURVE('',#3633,#6285);
#6285 = DEFINITIONAL_REPRESENTATION('',(#6286),#6289);
#6286 = B_SPLINE_CURVE_WITH_KNOTS('',1,(#6287,#6288),.UNSPECIFIED.,.F.,
  .F.,(2,2),(-7.071067811865E-02,7.071067811865E-02),
  .PIECEWISE_BEZIER_KNOTS.);
#6287 = CARTESIAN_POINT('',(-1.680156840322E-07,-7.071067811866E-02));
#6288 = CARTESIAN_POINT('',(-1.680156840322E-07,7.071067811865E-02));
#6289 = ( GEOMETRIC_REPRESENTATION_CONTEXT(2) 
PARAMETRIC_REPRESENTATION_CONTEXT() REPRESENTATION_CONTEXT('2D SPACE',''
  ) );
#6290 = PCURVE('',#3661,#6291);
#6291 = DEFINITIONAL_REPRESENTATION('',(#6292),#6295);
#6292 = B_SPLINE_CURVE_WITH_KNOTS('',1,(#6293,#6294),.UNSPECIFIED.,.F.,
  .F.,(2,2),(-7.071067811865E-02,7.071067811865E-02),
  .PIECEWISE_BEZIER_KNOTS.);
#6293 = CARTESIAN_POINT('',(39.182091896243,-7.071067811865E-02));
#6294 = CARTESIAN_POINT('',(39.182091896243,7.071067811865E-02));
#6295 = ( GEOMETRIC_REPRESENTATION_CONTEXT(2) 
PARAMETRIC_REPRESENTATION_CONTEXT() REPRESENTATION_CONTEXT('2D SPACE',''
  ) );
#6296 = ORIENTED_EDGE('',*,*,#3617,.T.);
#6297 = ORIENTED_EDGE('',*,*,#6158,.T.);
#6298 = ORIENTED_EDGE('',*,*,#6299,.F.);
#6299 = EDGE_CURVE('',#6277,#6159,#6300,.T.);
#6300 = SURFACE_CURVE('',#6301,(#6305,#6312),.PCURVE_S1.);
#6301 = LINE('',#6302,#6303);
#6302 = CARTESIAN_POINT('',(-19.10221417414,42.450000000019,0.1));
#6303 = VECTOR('',#6304,1.);
#6304 = DIRECTION('',(-0.99999998211,-1.89157959689E-04,0.));
#6305 = PCURVE('',#3633,#6306);
#6306 = DEFINITIONAL_REPRESENTATION('',(#6307),#6311);
#6307 = LINE('',#6308,#6309);
#6308 = CARTESIAN_POINT('',(3.552713678801E-15,7.071067811865E-02));
#6309 = VECTOR('',#6310,1.);
#6310 = DIRECTION('',(-1.,0.));
#6311 = ( GEOMETRIC_REPRESENTATION_CONTEXT(2) 
PARAMETRIC_REPRESENTATION_CONTEXT() REPRESENTATION_CONTEXT('2D SPACE',''
  ) );
#6312 = PCURVE('',#6313,#6318);
#6313 = PLANE('',#6314);
#6314 = AXIS2_PLACEMENT_3D('',#6315,#6316,#6317);
#6315 = CARTESIAN_POINT('',(-21.93271908282,42.449464587476,-0.2));
#6316 = DIRECTION('',(-1.89157959689E-04,0.99999998211,0.));
#6317 = DIRECTION('',(0.99999998211,1.89157959689E-04,0.));
#6318 = DEFINITIONAL_REPRESENTATION('',(#6319),#6323);
#6319 = LINE('',#6320,#6321);
#6320 = CARTESIAN_POINT('',(2.830504959313,-0.3));
#6321 = VECTOR('',#6322,1.);
#6322 = DIRECTION('',(-1.,-0.));
#6323 = ( GEOMETRIC_REPRESENTATION_CONTEXT(2) 
PARAMETRIC_REPRESENTATION_CONTEXT() REPRESENTATION_CONTEXT('2D SPACE',''
  ) );
#6324 = ADVANCED_FACE('',(#6325),#3661,.F.);
#6325 = FACE_BOUND('',#6326,.F.);
#6326 = EDGE_LOOP('',(#6327,#6328,#6329,#6330));
#6327 = ORIENTED_EDGE('',*,*,#6217,.F.);
#6328 = ORIENTED_EDGE('',*,*,#3645,.T.);
#6329 = ORIENTED_EDGE('',*,*,#6276,.T.);
#6330 = ORIENTED_EDGE('',*,*,#6331,.F.);
#6331 = EDGE_CURVE('',#6218,#6277,#6332,.T.);
#6332 = SURFACE_CURVE('',#6333,(#6337,#6344),.PCURVE_S1.);
#6333 = LINE('',#6334,#6335);
#6334 = CARTESIAN_POINT('',(20.07987755408,42.45,0.1));
#6335 = VECTOR('',#6336,1.);
#6336 = DIRECTION('',(-1.,2.454387865196E-13,3.532591230075E-19));
#6337 = PCURVE('',#3661,#6338);
#6338 = DEFINITIONAL_REPRESENTATION('',(#6339),#6343);
#6339 = LINE('',#6340,#6341);
#6340 = CARTESIAN_POINT('',(3.552713678801E-15,7.071067811865E-02));
#6341 = VECTOR('',#6342,1.);
#6342 = DIRECTION('',(1.,0.));
#6343 = ( GEOMETRIC_REPRESENTATION_CONTEXT(2) 
PARAMETRIC_REPRESENTATION_CONTEXT() REPRESENTATION_CONTEXT('2D SPACE',''
  ) );
#6344 = PCURVE('',#6345,#6350);
#6345 = PLANE('',#6346);
#6346 = AXIS2_PLACEMENT_3D('',#6347,#6348,#6349);
#6347 = CARTESIAN_POINT('',(24.4,42.45,-1.E-02));
#6348 = DIRECTION('',(0.,-1.,0.));
#6349 = DIRECTION('',(-1.,0.,0.));
#6350 = DEFINITIONAL_REPRESENTATION('',(#6351),#6355);
#6351 = LINE('',#6352,#6353);
#6352 = CARTESIAN_POINT('',(4.32012244592,-0.11));
#6353 = VECTOR('',#6354,1.);
#6354 = DIRECTION('',(1.,-3.532591230075E-19));
#6355 = ( GEOMETRIC_REPRESENTATION_CONTEXT(2) 
PARAMETRIC_REPRESENTATION_CONTEXT() REPRESENTATION_CONTEXT('2D SPACE',''
  ) );
#6356 = ADVANCED_FACE('',(#6357),#3922,.F.);
#6357 = FACE_BOUND('',#6358,.T.);
#6358 = EDGE_LOOP('',(#6359,#6380,#6381,#6382));
#6359 = ORIENTED_EDGE('',*,*,#6360,.F.);
#6360 = EDGE_CURVE('',#3902,#6361,#6363,.T.);
#6361 = VERTEX_POINT('',#6362);
#6362 = CARTESIAN_POINT('',(24.03,15.82,0.1));
#6363 = SEAM_CURVE('',#6364,(#6368,#6374),.PCURVE_S1.);
#6364 = LINE('',#6365,#6366);
#6365 = CARTESIAN_POINT('',(24.03,15.82,0.1));
#6366 = VECTOR('',#6367,1.);
#6367 = DIRECTION('',(-0.707106781187,0.,0.707106781187));
#6368 = PCURVE('',#3922,#6369);
#6369 = DEFINITIONAL_REPRESENTATION('',(#6370),#6373);
#6370 = B_SPLINE_CURVE_WITH_KNOTS('',1,(#6371,#6372),.UNSPECIFIED.,.F.,
  .F.,(2,2),(-0.141421356237,0.),.PIECEWISE_BEZIER_KNOTS.);
#6371 = CARTESIAN_POINT('',(0.,1.E-01));
#6372 = CARTESIAN_POINT('',(0.,0.));
#6373 = ( GEOMETRIC_REPRESENTATION_CONTEXT(2) 
PARAMETRIC_REPRESENTATION_CONTEXT() REPRESENTATION_CONTEXT('2D SPACE',''
  ) );
#6374 = PCURVE('',#3922,#6375);
#6375 = DEFINITIONAL_REPRESENTATION('',(#6376),#6379);
#6376 = B_SPLINE_CURVE_WITH_KNOTS('',1,(#6377,#6378),.UNSPECIFIED.,.F.,
  .F.,(2,2),(-0.141421356237,0.),.PIECEWISE_BEZIER_KNOTS.);
#6377 = CARTESIAN_POINT('',(6.28318530718,1.E-01));
#6378 = CARTESIAN_POINT('',(6.28318530718,0.));
#6379 = ( GEOMETRIC_REPRESENTATION_CONTEXT(2) 
PARAMETRIC_REPRESENTATION_CONTEXT() REPRESENTATION_CONTEXT('2D SPACE',''
  ) );
#6380 = ORIENTED_EDGE('',*,*,#3901,.T.);
#6381 = ORIENTED_EDGE('',*,*,#6360,.T.);
#6382 = ORIENTED_EDGE('',*,*,#6383,.F.);
#6383 = EDGE_CURVE('',#6361,#6361,#6384,.T.);
#6384 = SURFACE_CURVE('',#6385,(#6390,#6397),.PCURVE_S1.);
#6385 = CIRCLE('',#6386,1.5);
#6386 = AXIS2_PLACEMENT_3D('',#6387,#6388,#6389);
#6387 = CARTESIAN_POINT('',(22.53,15.82,0.1));
#6388 = DIRECTION('',(0.,0.,-1.));
#6389 = DIRECTION('',(1.,0.,0.));
#6390 = PCURVE('',#3922,#6391);
#6391 = DEFINITIONAL_REPRESENTATION('',(#6392),#6396);
#6392 = LINE('',#6393,#6394);
#6393 = CARTESIAN_POINT('',(0.,-0.));
#6394 = VECTOR('',#6395,1.);
#6395 = DIRECTION('',(1.,-0.));
#6396 = ( GEOMETRIC_REPRESENTATION_CONTEXT(2) 
PARAMETRIC_REPRESENTATION_CONTEXT() REPRESENTATION_CONTEXT('2D SPACE',''
  ) );
#6397 = PCURVE('',#6398,#6403);
#6398 = CYLINDRICAL_SURFACE('',#6399,1.5);
#6399 = AXIS2_PLACEMENT_3D('',#6400,#6401,#6402);
#6400 = CARTESIAN_POINT('',(22.53,15.82,-0.4));
#6401 = DIRECTION('',(-0.,-0.,-1.));
#6402 = DIRECTION('',(1.,0.,0.));
#6403 = DEFINITIONAL_REPRESENTATION('',(#6404),#6408);
#6404 = LINE('',#6405,#6406);
#6405 = CARTESIAN_POINT('',(-6.28318530718,-0.5));
#6406 = VECTOR('',#6407,1.);
#6407 = DIRECTION('',(1.,-0.));
#6408 = ( GEOMETRIC_REPRESENTATION_CONTEXT(2) 
PARAMETRIC_REPRESENTATION_CONTEXT() REPRESENTATION_CONTEXT('2D SPACE',''
  ) );
#6409 = ADVANCED_FACE('',(#6410),#3957,.F.);
#6410 = FACE_BOUND('',#6411,.T.);
#6411 = EDGE_LOOP('',(#6412,#6433,#6434,#6435));
#6412 = ORIENTED_EDGE('',*,*,#6413,.F.);
#6413 = EDGE_CURVE('',#3937,#6414,#6416,.T.);
#6414 = VERTEX_POINT('',#6415);
#6415 = CARTESIAN_POINT('',(24.03,41.58,0.1));
#6416 = SEAM_CURVE('',#6417,(#6421,#6427),.PCURVE_S1.);
#6417 = LINE('',#6418,#6419);
#6418 = CARTESIAN_POINT('',(24.03,41.58,0.1));
#6419 = VECTOR('',#6420,1.);
#6420 = DIRECTION('',(-0.707106781187,0.,0.707106781187));
#6421 = PCURVE('',#3957,#6422);
#6422 = DEFINITIONAL_REPRESENTATION('',(#6423),#6426);
#6423 = B_SPLINE_CURVE_WITH_KNOTS('',1,(#6424,#6425),.UNSPECIFIED.,.F.,
  .F.,(2,2),(-0.141421356237,0.),.PIECEWISE_BEZIER_KNOTS.);
#6424 = CARTESIAN_POINT('',(0.,1.E-01));
#6425 = CARTESIAN_POINT('',(0.,0.));
#6426 = ( GEOMETRIC_REPRESENTATION_CONTEXT(2) 
PARAMETRIC_REPRESENTATION_CONTEXT() REPRESENTATION_CONTEXT('2D SPACE',''
  ) );
#6427 = PCURVE('',#3957,#6428);
#6428 = DEFINITIONAL_REPRESENTATION('',(#6429),#6432);
#6429 = B_SPLINE_CURVE_WITH_KNOTS('',1,(#6430,#6431),.UNSPECIFIED.,.F.,
  .F.,(2,2),(-0.141421356237,0.),.PIECEWISE_BEZIER_KNOTS.);
#6430 = CARTESIAN_POINT('',(6.28318530718,1.E-01));
#6431 = CARTESIAN_POINT('',(6.28318530718,0.));
#6432 = ( GEOMETRIC_REPRESENTATION_CONTEXT(2) 
PARAMETRIC_REPRESENTATION_CONTEXT() REPRESENTATION_CONTEXT('2D SPACE',''
  ) );
#6433 = ORIENTED_EDGE('',*,*,#3936,.T.);
#6434 = ORIENTED_EDGE('',*,*,#6413,.T.);
#6435 = ORIENTED_EDGE('',*,*,#6436,.F.);
#6436 = EDGE_CURVE('',#6414,#6414,#6437,.T.);
#6437 = SURFACE_CURVE('',#6438,(#6443,#6450),.PCURVE_S1.);
#6438 = CIRCLE('',#6439,1.5);
#6439 = AXIS2_PLACEMENT_3D('',#6440,#6441,#6442);
#6440 = CARTESIAN_POINT('',(22.53,41.58,0.1));
#6441 = DIRECTION('',(0.,0.,-1.));
#6442 = DIRECTION('',(1.,0.,0.));
#6443 = PCURVE('',#3957,#6444);
#6444 = DEFINITIONAL_REPRESENTATION('',(#6445),#6449);
#6445 = LINE('',#6446,#6447);
#6446 = CARTESIAN_POINT('',(0.,-0.));
#6447 = VECTOR('',#6448,1.);
#6448 = DIRECTION('',(1.,-0.));
#6449 = ( GEOMETRIC_REPRESENTATION_CONTEXT(2) 
PARAMETRIC_REPRESENTATION_CONTEXT() REPRESENTATION_CONTEXT('2D SPACE',''
  ) );
#6450 = PCURVE('',#6451,#6456);
#6451 = CYLINDRICAL_SURFACE('',#6452,1.5);
#6452 = AXIS2_PLACEMENT_3D('',#6453,#6454,#6455);
#6453 = CARTESIAN_POINT('',(22.53,41.58,-0.4));
#6454 = DIRECTION('',(-0.,-0.,-1.));
#6455 = DIRECTION('',(1.,0.,0.));
#6456 = DEFINITIONAL_REPRESENTATION('',(#6457),#6461);
#6457 = LINE('',#6458,#6459);
#6458 = CARTESIAN_POINT('',(-6.28318530718,-0.5));
#6459 = VECTOR('',#6460,1.);
#6460 = DIRECTION('',(1.,-0.));
#6461 = ( GEOMETRIC_REPRESENTATION_CONTEXT(2) 
PARAMETRIC_REPRESENTATION_CONTEXT() REPRESENTATION_CONTEXT('2D SPACE',''
  ) );
#6462 = ADVANCED_FACE('',(#6463),#4014,.T.);
#6463 = FACE_BOUND('',#6464,.F.);
#6464 = EDGE_LOOP('',(#6465,#6466,#6467,#6486));
#6465 = ORIENTED_EDGE('',*,*,#3999,.F.);
#6466 = ORIENTED_EDGE('',*,*,#4050,.T.);
#6467 = ORIENTED_EDGE('',*,*,#6468,.T.);
#6468 = EDGE_CURVE('',#4051,#4877,#6469,.T.);
#6469 = SURFACE_CURVE('',#6470,(#6474,#6480),.PCURVE_S1.);
#6470 = LINE('',#6471,#6472);
#6471 = CARTESIAN_POINT('',(22.4,45.4,0.1));
#6472 = VECTOR('',#6473,1.);
#6473 = DIRECTION('',(-4.329780281177E-17,-0.707106781187,
    -0.707106781187));
#6474 = PCURVE('',#4014,#6475);
#6475 = DEFINITIONAL_REPRESENTATION('',(#6476),#6479);
#6476 = B_SPLINE_CURVE_WITH_KNOTS('',1,(#6477,#6478),.UNSPECIFIED.,.F.,
  .F.,(2,2),(0.,0.141421356237),.PIECEWISE_BEZIER_KNOTS.);
#6477 = CARTESIAN_POINT('',(1.570796326795,0.));
#6478 = CARTESIAN_POINT('',(1.570796326795,-1.E-01));
#6479 = ( GEOMETRIC_REPRESENTATION_CONTEXT(2) 
PARAMETRIC_REPRESENTATION_CONTEXT() REPRESENTATION_CONTEXT('2D SPACE',''
  ) );
#6480 = PCURVE('',#4116,#6481);
#6481 = DEFINITIONAL_REPRESENTATION('',(#6482),#6485);
#6482 = B_SPLINE_CURVE_WITH_KNOTS('',1,(#6483,#6484),.UNSPECIFIED.,.F.,
  .F.,(2,2),(0.,0.141421356237),.PIECEWISE_BEZIER_KNOTS.);
#6483 = CARTESIAN_POINT('',(0.,-7.071067811865E-02));
#6484 = CARTESIAN_POINT('',(0.,7.071067811866E-02));
#6485 = ( GEOMETRIC_REPRESENTATION_CONTEXT(2) 
PARAMETRIC_REPRESENTATION_CONTEXT() REPRESENTATION_CONTEXT('2D SPACE',''
  ) );
#6486 = ORIENTED_EDGE('',*,*,#4876,.F.);
#6487 = ADVANCED_FACE('',(#6488),#4116,.T.);
#6488 = FACE_BOUND('',#6489,.F.);
#6489 = EDGE_LOOP('',(#6490,#6491,#6492,#6493));
#6490 = ORIENTED_EDGE('',*,*,#6468,.F.);
#6491 = ORIENTED_EDGE('',*,*,#4102,.T.);
#6492 = ORIENTED_EDGE('',*,*,#4131,.T.);
#6493 = ORIENTED_EDGE('',*,*,#4924,.F.);
#6494 = ADVANCED_FACE('',(#6495),#4223,.T.);
#6495 = FACE_BOUND('',#6496,.T.);
#6496 = EDGE_LOOP('',(#6497,#6518,#6519,#6540));
#6497 = ORIENTED_EDGE('',*,*,#6498,.T.);
#6498 = EDGE_CURVE('',#6499,#4205,#6501,.T.);
#6499 = VERTEX_POINT('',#6500);
#6500 = CARTESIAN_POINT('',(-25.35,-41.45,1.19));
#6501 = SURFACE_CURVE('',#6502,(#6506,#6512),.PCURVE_S1.);
#6502 = LINE('',#6503,#6504);
#6503 = CARTESIAN_POINT('',(-25.35,1.475,1.19));
#6504 = VECTOR('',#6505,1.);
#6505 = DIRECTION('',(-0.,1.,0.));
#6506 = PCURVE('',#4223,#6507);
#6507 = DEFINITIONAL_REPRESENTATION('',(#6508),#6511);
#6508 = B_SPLINE_CURVE_WITH_KNOTS('',1,(#6509,#6510),.UNSPECIFIED.,.F.,
  .F.,(2,2),(-42.925,-39.81478459347),.PIECEWISE_BEZIER_KNOTS.);
#6509 = CARTESIAN_POINT('',(-2.95,1.42108547152E-14));
#6510 = CARTESIAN_POINT('',(-2.95,3.110215406531));
#6511 = ( GEOMETRIC_REPRESENTATION_CONTEXT(2) 
PARAMETRIC_REPRESENTATION_CONTEXT() REPRESENTATION_CONTEXT('2D SPACE',''
  ) );
#6512 = PCURVE('',#4250,#6513);
#6513 = DEFINITIONAL_REPRESENTATION('',(#6514),#6517);
#6514 = B_SPLINE_CURVE_WITH_KNOTS('',1,(#6515,#6516),.UNSPECIFIED.,.F.,
  .F.,(2,2),(-42.925,-39.81478459347),.PIECEWISE_BEZIER_KNOTS.);
#6515 = CARTESIAN_POINT('',(85.85,-1.19));
#6516 = CARTESIAN_POINT('',(82.73978459347,-1.19));
#6517 = ( GEOMETRIC_REPRESENTATION_CONTEXT(2) 
PARAMETRIC_REPRESENTATION_CONTEXT() REPRESENTATION_CONTEXT('2D SPACE',''
  ) );
#6518 = ORIENTED_EDGE('',*,*,#4204,.T.);
#6519 = ORIENTED_EDGE('',*,*,#6520,.T.);
#6520 = EDGE_CURVE('',#4207,#6521,#6523,.T.);
#6521 = VERTEX_POINT('',#6522);
#6522 = CARTESIAN_POINT('',(-22.4,-44.4,1.19));
#6523 = SURFACE_CURVE('',#6524,(#6528,#6534),.PCURVE_S1.);
#6524 = LINE('',#6525,#6526);
#6525 = CARTESIAN_POINT('',(-23.875,-44.4,1.19));
#6526 = VECTOR('',#6527,1.);
#6527 = DIRECTION('',(-1.,0.,0.));
#6528 = PCURVE('',#4223,#6529);
#6529 = DEFINITIONAL_REPRESENTATION('',(#6530),#6533);
#6530 = B_SPLINE_CURVE_WITH_KNOTS('',1,(#6531,#6532),.UNSPECIFIED.,.F.,
  .F.,(2,2),(-4.214175492607,-1.475),.PIECEWISE_BEZIER_KNOTS.);
#6531 = CARTESIAN_POINT('',(2.739175492607,-2.95));
#6532 = CARTESIAN_POINT('',(3.552713678801E-15,-2.95));
#6533 = ( GEOMETRIC_REPRESENTATION_CONTEXT(2) 
PARAMETRIC_REPRESENTATION_CONTEXT() REPRESENTATION_CONTEXT('2D SPACE',''
  ) );
#6534 = PCURVE('',#4315,#6535);
#6535 = DEFINITIONAL_REPRESENTATION('',(#6536),#6539);
#6536 = B_SPLINE_CURVE_WITH_KNOTS('',1,(#6537,#6538),.UNSPECIFIED.,.F.,
  .F.,(2,2),(-4.214175492607,-1.475),.PIECEWISE_BEZIER_KNOTS.);
#6537 = CARTESIAN_POINT('',(5.689175492607,-1.19));
#6538 = CARTESIAN_POINT('',(2.95,-1.19));
#6539 = ( GEOMETRIC_REPRESENTATION_CONTEXT(2) 
PARAMETRIC_REPRESENTATION_CONTEXT() REPRESENTATION_CONTEXT('2D SPACE',''
  ) );
#6540 = ORIENTED_EDGE('',*,*,#6541,.F.);
#6541 = EDGE_CURVE('',#6499,#6521,#6542,.T.);
#6542 = SURFACE_CURVE('',#6543,(#6548,#6555),.PCURVE_S1.);
#6543 = CIRCLE('',#6544,2.95);
#6544 = AXIS2_PLACEMENT_3D('',#6545,#6546,#6547);
#6545 = CARTESIAN_POINT('',(-22.4,-41.45,1.19));
#6546 = DIRECTION('',(0.,0.,1.));
#6547 = DIRECTION('',(0.,-1.,0.));
#6548 = PCURVE('',#4223,#6549);
#6549 = DEFINITIONAL_REPRESENTATION('',(#6550),#6554);
#6550 = CIRCLE('',#6551,2.95);
#6551 = AXIS2_PLACEMENT_2D('',#6552,#6553);
#6552 = CARTESIAN_POINT('',(3.552713678801E-15,7.105427357601E-15));
#6553 = DIRECTION('',(0.,-1.));
#6554 = ( GEOMETRIC_REPRESENTATION_CONTEXT(2) 
PARAMETRIC_REPRESENTATION_CONTEXT() REPRESENTATION_CONTEXT('2D SPACE',''
  ) );
#6555 = PCURVE('',#6556,#6561);
#6556 = CYLINDRICAL_SURFACE('',#6557,2.95);
#6557 = AXIS2_PLACEMENT_3D('',#6558,#6559,#6560);
#6558 = CARTESIAN_POINT('',(-22.4,-41.45,0.));
#6559 = DIRECTION('',(0.,0.,1.));
#6560 = DIRECTION('',(0.,-1.,0.));
#6561 = DEFINITIONAL_REPRESENTATION('',(#6562),#6566);
#6562 = LINE('',#6563,#6564);
#6563 = CARTESIAN_POINT('',(-6.28318530718,1.19));
#6564 = VECTOR('',#6565,1.);
#6565 = DIRECTION('',(1.,-0.));
#6566 = ( GEOMETRIC_REPRESENTATION_CONTEXT(2) 
PARAMETRIC_REPRESENTATION_CONTEXT() REPRESENTATION_CONTEXT('2D SPACE',''
  ) );
#6567 = ADVANCED_FACE('',(#6568),#4315,.F.);
#6568 = FACE_BOUND('',#6569,.F.);
#6569 = EDGE_LOOP('',(#6570,#6571,#6594,#6615));
#6570 = ORIENTED_EDGE('',*,*,#6520,.T.);
#6571 = ORIENTED_EDGE('',*,*,#6572,.T.);
#6572 = EDGE_CURVE('',#6521,#6573,#6575,.T.);
#6573 = VERTEX_POINT('',#6574);
#6574 = CARTESIAN_POINT('',(-22.4,-44.4,1.2));
#6575 = SURFACE_CURVE('',#6576,(#6580,#6587),.PCURVE_S1.);
#6576 = LINE('',#6577,#6578);
#6577 = CARTESIAN_POINT('',(-22.4,-44.4,0.));
#6578 = VECTOR('',#6579,1.);
#6579 = DIRECTION('',(0.,0.,1.));
#6580 = PCURVE('',#4315,#6581);
#6581 = DEFINITIONAL_REPRESENTATION('',(#6582),#6586);
#6582 = LINE('',#6583,#6584);
#6583 = CARTESIAN_POINT('',(2.95,0.));
#6584 = VECTOR('',#6585,1.);
#6585 = DIRECTION('',(0.,-1.));
#6586 = ( GEOMETRIC_REPRESENTATION_CONTEXT(2) 
PARAMETRIC_REPRESENTATION_CONTEXT() REPRESENTATION_CONTEXT('2D SPACE',''
  ) );
#6587 = PCURVE('',#6556,#6588);
#6588 = DEFINITIONAL_REPRESENTATION('',(#6589),#6593);
#6589 = LINE('',#6590,#6591);
#6590 = CARTESIAN_POINT('',(-0.,0.));
#6591 = VECTOR('',#6592,1.);
#6592 = DIRECTION('',(-0.,1.));
#6593 = ( GEOMETRIC_REPRESENTATION_CONTEXT(2) 
PARAMETRIC_REPRESENTATION_CONTEXT() REPRESENTATION_CONTEXT('2D SPACE',''
  ) );
#6594 = ORIENTED_EDGE('',*,*,#6595,.T.);
#6595 = EDGE_CURVE('',#6573,#4282,#6596,.T.);
#6596 = SURFACE_CURVE('',#6597,(#6601,#6608),.PCURVE_S1.);
#6597 = LINE('',#6598,#6599);
#6598 = CARTESIAN_POINT('',(-25.35,-44.4,1.2));
#6599 = VECTOR('',#6600,1.);
#6600 = DIRECTION('',(1.,0.,0.));
#6601 = PCURVE('',#4315,#6602);
#6602 = DEFINITIONAL_REPRESENTATION('',(#6603),#6607);
#6603 = LINE('',#6604,#6605);
#6604 = CARTESIAN_POINT('',(0.,-1.2));
#6605 = VECTOR('',#6606,1.);
#6606 = DIRECTION('',(1.,0.));
#6607 = ( GEOMETRIC_REPRESENTATION_CONTEXT(2) 
PARAMETRIC_REPRESENTATION_CONTEXT() REPRESENTATION_CONTEXT('2D SPACE',''
  ) );
#6608 = PCURVE('',#4345,#6609);
#6609 = DEFINITIONAL_REPRESENTATION('',(#6610),#6614);
#6610 = LINE('',#6611,#6612);
#6611 = CARTESIAN_POINT('',(-25.35,-44.4));
#6612 = VECTOR('',#6613,1.);
#6613 = DIRECTION('',(1.,0.));
#6614 = ( GEOMETRIC_REPRESENTATION_CONTEXT(2) 
PARAMETRIC_REPRESENTATION_CONTEXT() REPRESENTATION_CONTEXT('2D SPACE',''
  ) );
#6615 = ORIENTED_EDGE('',*,*,#4302,.T.);
#6616 = ADVANCED_FACE('',(#6617),#4250,.F.);
#6617 = FACE_BOUND('',#6618,.F.);
#6618 = EDGE_LOOP('',(#6619,#6642,#6643,#6644));
#6619 = ORIENTED_EDGE('',*,*,#6620,.F.);
#6620 = EDGE_CURVE('',#6499,#6621,#6623,.T.);
#6621 = VERTEX_POINT('',#6622);
#6622 = CARTESIAN_POINT('',(-25.35,-41.45,1.2));
#6623 = SURFACE_CURVE('',#6624,(#6628,#6635),.PCURVE_S1.);
#6624 = LINE('',#6625,#6626);
#6625 = CARTESIAN_POINT('',(-25.35,-41.45,0.));
#6626 = VECTOR('',#6627,1.);
#6627 = DIRECTION('',(0.,0.,1.));
#6628 = PCURVE('',#4250,#6629);
#6629 = DEFINITIONAL_REPRESENTATION('',(#6630),#6634);
#6630 = LINE('',#6631,#6632);
#6631 = CARTESIAN_POINT('',(85.85,0.));
#6632 = VECTOR('',#6633,1.);
#6633 = DIRECTION('',(0.,-1.));
#6634 = ( GEOMETRIC_REPRESENTATION_CONTEXT(2) 
PARAMETRIC_REPRESENTATION_CONTEXT() REPRESENTATION_CONTEXT('2D SPACE',''
  ) );
#6635 = PCURVE('',#6556,#6636);
#6636 = DEFINITIONAL_REPRESENTATION('',(#6637),#6641);
#6637 = LINE('',#6638,#6639);
#6638 = CARTESIAN_POINT('',(-1.570796326795,0.));
#6639 = VECTOR('',#6640,1.);
#6640 = DIRECTION('',(-0.,1.));
#6641 = ( GEOMETRIC_REPRESENTATION_CONTEXT(2) 
PARAMETRIC_REPRESENTATION_CONTEXT() REPRESENTATION_CONTEXT('2D SPACE',''
  ) );
#6642 = ORIENTED_EDGE('',*,*,#6498,.T.);
#6643 = ORIENTED_EDGE('',*,*,#4235,.F.);
#6644 = ORIENTED_EDGE('',*,*,#6645,.T.);
#6645 = EDGE_CURVE('',#4236,#6621,#6646,.T.);
#6646 = SURFACE_CURVE('',#6647,(#6651,#6658),.PCURVE_S1.);
#6647 = LINE('',#6648,#6649);
#6648 = CARTESIAN_POINT('',(-25.35,44.4,1.2));
#6649 = VECTOR('',#6650,1.);
#6650 = DIRECTION('',(0.,-1.,0.));
#6651 = PCURVE('',#4250,#6652);
#6652 = DEFINITIONAL_REPRESENTATION('',(#6653),#6657);
#6653 = LINE('',#6654,#6655);
#6654 = CARTESIAN_POINT('',(0.,-1.2));
#6655 = VECTOR('',#6656,1.);
#6656 = DIRECTION('',(1.,0.));
#6657 = ( GEOMETRIC_REPRESENTATION_CONTEXT(2) 
PARAMETRIC_REPRESENTATION_CONTEXT() REPRESENTATION_CONTEXT('2D SPACE',''
  ) );
#6658 = PCURVE('',#4345,#6659);
#6659 = DEFINITIONAL_REPRESENTATION('',(#6660),#6664);
#6660 = LINE('',#6661,#6662);
#6661 = CARTESIAN_POINT('',(-25.35,44.4));
#6662 = VECTOR('',#6663,1.);
#6663 = DIRECTION('',(0.,-1.));
#6664 = ( GEOMETRIC_REPRESENTATION_CONTEXT(2) 
PARAMETRIC_REPRESENTATION_CONTEXT() REPRESENTATION_CONTEXT('2D SPACE',''
  ) );
#6665 = ADVANCED_FACE('',(#6666,#6919,#6954,#6989,#7024,#7059,#7094,
    #7129,#7730,#7765),#4345,.T.);
#6666 = FACE_BOUND('',#6667,.T.);
#6667 = EDGE_LOOP('',(#6668,#6669,#6692,#6721,#6742,#6743,#6766,#6795,
    #6816,#6817,#6840,#6869,#6890,#6891,#6892,#6918));
#6668 = ORIENTED_EDGE('',*,*,#4329,.T.);
#6669 = ORIENTED_EDGE('',*,*,#6670,.T.);
#6670 = EDGE_CURVE('',#4330,#6671,#6673,.T.);
#6671 = VERTEX_POINT('',#6672);
#6672 = CARTESIAN_POINT('',(22.4,-44.4,1.2));
#6673 = SURFACE_CURVE('',#6674,(#6678,#6685),.PCURVE_S1.);
#6674 = LINE('',#6675,#6676);
#6675 = CARTESIAN_POINT('',(-25.35,-44.4,1.2));
#6676 = VECTOR('',#6677,1.);
#6677 = DIRECTION('',(1.,0.,0.));
#6678 = PCURVE('',#4345,#6679);
#6679 = DEFINITIONAL_REPRESENTATION('',(#6680),#6684);
#6680 = LINE('',#6681,#6682);
#6681 = CARTESIAN_POINT('',(-25.35,-44.4));
#6682 = VECTOR('',#6683,1.);
#6683 = DIRECTION('',(1.,0.));
#6684 = ( GEOMETRIC_REPRESENTATION_CONTEXT(2) 
PARAMETRIC_REPRESENTATION_CONTEXT() REPRESENTATION_CONTEXT('2D SPACE',''
  ) );
#6685 = PCURVE('',#4522,#6686);
#6686 = DEFINITIONAL_REPRESENTATION('',(#6687),#6691);
#6687 = LINE('',#6688,#6689);
#6688 = CARTESIAN_POINT('',(0.,-1.2));
#6689 = VECTOR('',#6690,1.);
#6690 = DIRECTION('',(1.,0.));
#6691 = ( GEOMETRIC_REPRESENTATION_CONTEXT(2) 
PARAMETRIC_REPRESENTATION_CONTEXT() REPRESENTATION_CONTEXT('2D SPACE',''
  ) );
#6692 = ORIENTED_EDGE('',*,*,#6693,.T.);
#6693 = EDGE_CURVE('',#6671,#6694,#6696,.T.);
#6694 = VERTEX_POINT('',#6695);
#6695 = CARTESIAN_POINT('',(25.35,-41.45,1.2));
#6696 = SURFACE_CURVE('',#6697,(#6702,#6709),.PCURVE_S1.);
#6697 = CIRCLE('',#6698,2.95);
#6698 = AXIS2_PLACEMENT_3D('',#6699,#6700,#6701);
#6699 = CARTESIAN_POINT('',(22.4,-41.45,1.2));
#6700 = DIRECTION('',(0.,0.,1.));
#6701 = DIRECTION('',(0.,-1.,0.));
#6702 = PCURVE('',#4345,#6703);
#6703 = DEFINITIONAL_REPRESENTATION('',(#6704),#6708);
#6704 = CIRCLE('',#6705,2.95);
#6705 = AXIS2_PLACEMENT_2D('',#6706,#6707);
#6706 = CARTESIAN_POINT('',(22.4,-41.45));
#6707 = DIRECTION('',(0.,-1.));
#6708 = ( GEOMETRIC_REPRESENTATION_CONTEXT(2) 
PARAMETRIC_REPRESENTATION_CONTEXT() REPRESENTATION_CONTEXT('2D SPACE',''
  ) );
#6709 = PCURVE('',#6710,#6715);
#6710 = CYLINDRICAL_SURFACE('',#6711,2.95);
#6711 = AXIS2_PLACEMENT_3D('',#6712,#6713,#6714);
#6712 = CARTESIAN_POINT('',(22.4,-41.45,0.));
#6713 = DIRECTION('',(0.,0.,1.));
#6714 = DIRECTION('',(0.,-1.,0.));
#6715 = DEFINITIONAL_REPRESENTATION('',(#6716),#6720);
#6716 = LINE('',#6717,#6718);
#6717 = CARTESIAN_POINT('',(0.,1.2));
#6718 = VECTOR('',#6719,1.);
#6719 = DIRECTION('',(1.,0.));
#6720 = ( GEOMETRIC_REPRESENTATION_CONTEXT(2) 
PARAMETRIC_REPRESENTATION_CONTEXT() REPRESENTATION_CONTEXT('2D SPACE',''
  ) );
#6721 = ORIENTED_EDGE('',*,*,#6722,.T.);
#6722 = EDGE_CURVE('',#6694,#4430,#6723,.T.);
#6723 = SURFACE_CURVE('',#6724,(#6728,#6735),.PCURVE_S1.);
#6724 = LINE('',#6725,#6726);
#6725 = CARTESIAN_POINT('',(25.35,-44.4,1.2));
#6726 = VECTOR('',#6727,1.);
#6727 = DIRECTION('',(0.,1.,0.));
#6728 = PCURVE('',#4345,#6729);
#6729 = DEFINITIONAL_REPRESENTATION('',(#6730),#6734);
#6730 = LINE('',#6731,#6732);
#6731 = CARTESIAN_POINT('',(25.35,-44.4));
#6732 = VECTOR('',#6733,1.);
#6733 = DIRECTION('',(0.,1.));
#6734 = ( GEOMETRIC_REPRESENTATION_CONTEXT(2) 
PARAMETRIC_REPRESENTATION_CONTEXT() REPRESENTATION_CONTEXT('2D SPACE',''
  ) );
#6735 = PCURVE('',#4465,#6736);
#6736 = DEFINITIONAL_REPRESENTATION('',(#6737),#6741);
#6737 = LINE('',#6738,#6739);
#6738 = CARTESIAN_POINT('',(0.,-1.2));
#6739 = VECTOR('',#6740,1.);
#6740 = DIRECTION('',(1.,0.));
#6741 = ( GEOMETRIC_REPRESENTATION_CONTEXT(2) 
PARAMETRIC_REPRESENTATION_CONTEXT() REPRESENTATION_CONTEXT('2D SPACE',''
  ) );
#6742 = ORIENTED_EDGE('',*,*,#4642,.T.);
#6743 = ORIENTED_EDGE('',*,*,#6744,.T.);
#6744 = EDGE_CURVE('',#4643,#6745,#6747,.T.);
#6745 = VERTEX_POINT('',#6746);
#6746 = CARTESIAN_POINT('',(25.35,41.45,1.2));
#6747 = SURFACE_CURVE('',#6748,(#6752,#6759),.PCURVE_S1.);
#6748 = LINE('',#6749,#6750);
#6749 = CARTESIAN_POINT('',(25.35,-44.4,1.2));
#6750 = VECTOR('',#6751,1.);
#6751 = DIRECTION('',(0.,1.,0.));
#6752 = PCURVE('',#4345,#6753);
#6753 = DEFINITIONAL_REPRESENTATION('',(#6754),#6758);
#6754 = LINE('',#6755,#6756);
#6755 = CARTESIAN_POINT('',(25.35,-44.4));
#6756 = VECTOR('',#6757,1.);
#6757 = DIRECTION('',(0.,1.));
#6758 = ( GEOMETRIC_REPRESENTATION_CONTEXT(2) 
PARAMETRIC_REPRESENTATION_CONTEXT() REPRESENTATION_CONTEXT('2D SPACE',''
  ) );
#6759 = PCURVE('',#4810,#6760);
#6760 = DEFINITIONAL_REPRESENTATION('',(#6761),#6765);
#6761 = LINE('',#6762,#6763);
#6762 = CARTESIAN_POINT('',(0.,-1.2));
#6763 = VECTOR('',#6764,1.);
#6764 = DIRECTION('',(1.,0.));
#6765 = ( GEOMETRIC_REPRESENTATION_CONTEXT(2) 
PARAMETRIC_REPRESENTATION_CONTEXT() REPRESENTATION_CONTEXT('2D SPACE',''
  ) );
#6766 = ORIENTED_EDGE('',*,*,#6767,.T.);
#6767 = EDGE_CURVE('',#6745,#6768,#6770,.T.);
#6768 = VERTEX_POINT('',#6769);
#6769 = CARTESIAN_POINT('',(22.4,44.4,1.2));
#6770 = SURFACE_CURVE('',#6771,(#6776,#6783),.PCURVE_S1.);
#6771 = CIRCLE('',#6772,2.95);
#6772 = AXIS2_PLACEMENT_3D('',#6773,#6774,#6775);
#6773 = CARTESIAN_POINT('',(22.4,41.45,1.2));
#6774 = DIRECTION('',(0.,0.,1.));
#6775 = DIRECTION('',(0.,-1.,0.));
#6776 = PCURVE('',#4345,#6777);
#6777 = DEFINITIONAL_REPRESENTATION('',(#6778),#6782);
#6778 = CIRCLE('',#6779,2.95);
#6779 = AXIS2_PLACEMENT_2D('',#6780,#6781);
#6780 = CARTESIAN_POINT('',(22.4,41.45));
#6781 = DIRECTION('',(0.,-1.));
#6782 = ( GEOMETRIC_REPRESENTATION_CONTEXT(2) 
PARAMETRIC_REPRESENTATION_CONTEXT() REPRESENTATION_CONTEXT('2D SPACE',''
  ) );
#6783 = PCURVE('',#6784,#6789);
#6784 = CYLINDRICAL_SURFACE('',#6785,2.95);
#6785 = AXIS2_PLACEMENT_3D('',#6786,#6787,#6788);
#6786 = CARTESIAN_POINT('',(22.4,41.45,0.));
#6787 = DIRECTION('',(0.,0.,1.));
#6788 = DIRECTION('',(1.,0.,-0.));
#6789 = DEFINITIONAL_REPRESENTATION('',(#6790),#6794);
#6790 = LINE('',#6791,#6792);
#6791 = CARTESIAN_POINT('',(-1.570796326795,1.2));
#6792 = VECTOR('',#6793,1.);
#6793 = DIRECTION('',(1.,0.));
#6794 = ( GEOMETRIC_REPRESENTATION_CONTEXT(2) 
PARAMETRIC_REPRESENTATION_CONTEXT() REPRESENTATION_CONTEXT('2D SPACE',''
  ) );
#6795 = ORIENTED_EDGE('',*,*,#6796,.T.);
#6796 = EDGE_CURVE('',#6768,#4690,#6797,.T.);
#6797 = SURFACE_CURVE('',#6798,(#6802,#6809),.PCURVE_S1.);
#6798 = LINE('',#6799,#6800);
#6799 = CARTESIAN_POINT('',(25.35,44.4,1.2));
#6800 = VECTOR('',#6801,1.);
#6801 = DIRECTION('',(-1.,0.,0.));
#6802 = PCURVE('',#4345,#6803);
#6803 = DEFINITIONAL_REPRESENTATION('',(#6804),#6808);
#6804 = LINE('',#6805,#6806);
#6805 = CARTESIAN_POINT('',(25.35,44.4));
#6806 = VECTOR('',#6807,1.);
#6807 = DIRECTION('',(-1.,0.));
#6808 = ( GEOMETRIC_REPRESENTATION_CONTEXT(2) 
PARAMETRIC_REPRESENTATION_CONTEXT() REPRESENTATION_CONTEXT('2D SPACE',''
  ) );
#6809 = PCURVE('',#4753,#6810);
#6810 = DEFINITIONAL_REPRESENTATION('',(#6811),#6815);
#6811 = LINE('',#6812,#6813);
#6812 = CARTESIAN_POINT('',(0.,-1.2));
#6813 = VECTOR('',#6814,1.);
#6814 = DIRECTION('',(1.,0.));
#6815 = ( GEOMETRIC_REPRESENTATION_CONTEXT(2) 
PARAMETRIC_REPRESENTATION_CONTEXT() REPRESENTATION_CONTEXT('2D SPACE',''
  ) );
#6816 = ORIENTED_EDGE('',*,*,#4689,.T.);
#6817 = ORIENTED_EDGE('',*,*,#6818,.T.);
#6818 = EDGE_CURVE('',#4569,#6819,#6821,.T.);
#6819 = VERTEX_POINT('',#6820);
#6820 = CARTESIAN_POINT('',(-22.4,44.4,1.2));
#6821 = SURFACE_CURVE('',#6822,(#6826,#6833),.PCURVE_S1.);
#6822 = LINE('',#6823,#6824);
#6823 = CARTESIAN_POINT('',(25.35,44.4,1.2));
#6824 = VECTOR('',#6825,1.);
#6825 = DIRECTION('',(-1.,0.,0.));
#6826 = PCURVE('',#4345,#6827);
#6827 = DEFINITIONAL_REPRESENTATION('',(#6828),#6832);
#6828 = LINE('',#6829,#6830);
#6829 = CARTESIAN_POINT('',(25.35,44.4));
#6830 = VECTOR('',#6831,1.);
#6831 = DIRECTION('',(-1.,0.));
#6832 = ( GEOMETRIC_REPRESENTATION_CONTEXT(2) 
PARAMETRIC_REPRESENTATION_CONTEXT() REPRESENTATION_CONTEXT('2D SPACE',''
  ) );
#6833 = PCURVE('',#4583,#6834);
#6834 = DEFINITIONAL_REPRESENTATION('',(#6835),#6839);
#6835 = LINE('',#6836,#6837);
#6836 = CARTESIAN_POINT('',(0.,-1.2));
#6837 = VECTOR('',#6838,1.);
#6838 = DIRECTION('',(1.,0.));
#6839 = ( GEOMETRIC_REPRESENTATION_CONTEXT(2) 
PARAMETRIC_REPRESENTATION_CONTEXT() REPRESENTATION_CONTEXT('2D SPACE',''
  ) );
#6840 = ORIENTED_EDGE('',*,*,#6841,.T.);
#6841 = EDGE_CURVE('',#6819,#6842,#6844,.T.);
#6842 = VERTEX_POINT('',#6843);
#6843 = CARTESIAN_POINT('',(-25.35,41.45,1.2));
#6844 = SURFACE_CURVE('',#6845,(#6850,#6857),.PCURVE_S1.);
#6845 = CIRCLE('',#6846,2.95);
#6846 = AXIS2_PLACEMENT_3D('',#6847,#6848,#6849);
#6847 = CARTESIAN_POINT('',(-22.4,41.45,1.2));
#6848 = DIRECTION('',(0.,0.,1.));
#6849 = DIRECTION('',(0.,-1.,0.));
#6850 = PCURVE('',#4345,#6851);
#6851 = DEFINITIONAL_REPRESENTATION('',(#6852),#6856);
#6852 = CIRCLE('',#6853,2.95);
#6853 = AXIS2_PLACEMENT_2D('',#6854,#6855);
#6854 = CARTESIAN_POINT('',(-22.4,41.45));
#6855 = DIRECTION('',(0.,-1.));
#6856 = ( GEOMETRIC_REPRESENTATION_CONTEXT(2) 
PARAMETRIC_REPRESENTATION_CONTEXT() REPRESENTATION_CONTEXT('2D SPACE',''
  ) );
#6857 = PCURVE('',#6858,#6863);
#6858 = CYLINDRICAL_SURFACE('',#6859,2.95);
#6859 = AXIS2_PLACEMENT_3D('',#6860,#6861,#6862);
#6860 = CARTESIAN_POINT('',(-22.4,41.45,0.));
#6861 = DIRECTION('',(0.,0.,1.));
#6862 = DIRECTION('',(-0.,1.,0.));
#6863 = DEFINITIONAL_REPRESENTATION('',(#6864),#6868);
#6864 = LINE('',#6865,#6866);
#6865 = CARTESIAN_POINT('',(-3.14159265359,1.2));
#6866 = VECTOR('',#6867,1.);
#6867 = DIRECTION('',(1.,0.));
#6868 = ( GEOMETRIC_REPRESENTATION_CONTEXT(2) 
PARAMETRIC_REPRESENTATION_CONTEXT() REPRESENTATION_CONTEXT('2D SPACE',''
  ) );
#6869 = ORIENTED_EDGE('',*,*,#6870,.T.);
#6870 = EDGE_CURVE('',#6842,#4382,#6871,.T.);
#6871 = SURFACE_CURVE('',#6872,(#6876,#6883),.PCURVE_S1.);
#6872 = LINE('',#6873,#6874);
#6873 = CARTESIAN_POINT('',(-25.35,44.4,1.2));
#6874 = VECTOR('',#6875,1.);
#6875 = DIRECTION('',(0.,-1.,0.));
#6876 = PCURVE('',#4345,#6877);
#6877 = DEFINITIONAL_REPRESENTATION('',(#6878),#6882);
#6878 = LINE('',#6879,#6880);
#6879 = CARTESIAN_POINT('',(-25.35,44.4));
#6880 = VECTOR('',#6881,1.);
#6881 = DIRECTION('',(0.,-1.));
#6882 = ( GEOMETRIC_REPRESENTATION_CONTEXT(2) 
PARAMETRIC_REPRESENTATION_CONTEXT() REPRESENTATION_CONTEXT('2D SPACE',''
  ) );
#6883 = PCURVE('',#4628,#6884);
#6884 = DEFINITIONAL_REPRESENTATION('',(#6885),#6889);
#6885 = LINE('',#6886,#6887);
#6886 = CARTESIAN_POINT('',(0.,-1.2));
#6887 = VECTOR('',#6888,1.);
#6888 = DIRECTION('',(1.,0.));
#6889 = ( GEOMETRIC_REPRESENTATION_CONTEXT(2) 
PARAMETRIC_REPRESENTATION_CONTEXT() REPRESENTATION_CONTEXT('2D SPACE',''
  ) );
#6890 = ORIENTED_EDGE('',*,*,#4381,.T.);
#6891 = ORIENTED_EDGE('',*,*,#6645,.T.);
#6892 = ORIENTED_EDGE('',*,*,#6893,.F.);
#6893 = EDGE_CURVE('',#6573,#6621,#6894,.T.);
#6894 = SURFACE_CURVE('',#6895,(#6900,#6911),.PCURVE_S1.);
#6895 = CIRCLE('',#6896,2.95);
#6896 = AXIS2_PLACEMENT_3D('',#6897,#6898,#6899);
#6897 = CARTESIAN_POINT('',(-22.4,-41.45,1.2));
#6898 = DIRECTION('',(-0.,-0.,-1.));
#6899 = DIRECTION('',(0.,-1.,0.));
#6900 = PCURVE('',#4345,#6901);
#6901 = DEFINITIONAL_REPRESENTATION('',(#6902),#6910);
#6902 = ( BOUNDED_CURVE() B_SPLINE_CURVE(2,(#6903,#6904,#6905,#6906,
#6907,#6908,#6909),.UNSPECIFIED.,.T.,.F.) B_SPLINE_CURVE_WITH_KNOTS((1,2
    ,2,2,2,1),(-2.094395102393,0.,2.094395102393,4.188790204786,
6.28318530718,8.377580409573),.UNSPECIFIED.) CURVE() 
GEOMETRIC_REPRESENTATION_ITEM() RATIONAL_B_SPLINE_CURVE((1.,0.5,1.,0.5,
1.,0.5,1.)) REPRESENTATION_ITEM('') );
#6903 = CARTESIAN_POINT('',(-22.4,-44.4));
#6904 = CARTESIAN_POINT('',(-27.50954988232,-44.4));
#6905 = CARTESIAN_POINT('',(-24.95477494116,-39.975));
#6906 = CARTESIAN_POINT('',(-22.4,-35.55));
#6907 = CARTESIAN_POINT('',(-19.84522505883,-39.975));
#6908 = CARTESIAN_POINT('',(-17.29045011767,-44.4));
#6909 = CARTESIAN_POINT('',(-22.4,-44.4));
#6910 = ( GEOMETRIC_REPRESENTATION_CONTEXT(2) 
PARAMETRIC_REPRESENTATION_CONTEXT() REPRESENTATION_CONTEXT('2D SPACE',''
  ) );
#6911 = PCURVE('',#6556,#6912);
#6912 = DEFINITIONAL_REPRESENTATION('',(#6913),#6917);
#6913 = LINE('',#6914,#6915);
#6914 = CARTESIAN_POINT('',(-0.,1.2));
#6915 = VECTOR('',#6916,1.);
#6916 = DIRECTION('',(-1.,0.));
#6917 = ( GEOMETRIC_REPRESENTATION_CONTEXT(2) 
PARAMETRIC_REPRESENTATION_CONTEXT() REPRESENTATION_CONTEXT('2D SPACE',''
  ) );
#6918 = ORIENTED_EDGE('',*,*,#6595,.T.);
#6919 = FACE_BOUND('',#6920,.T.);
#6920 = EDGE_LOOP('',(#6921));
#6921 = ORIENTED_EDGE('',*,*,#6922,.T.);
#6922 = EDGE_CURVE('',#6923,#6923,#6925,.T.);
#6923 = VERTEX_POINT('',#6924);
#6924 = CARTESIAN_POINT('',(-21.73,-41.58,1.2));
#6925 = SURFACE_CURVE('',#6926,(#6931,#6942),.PCURVE_S1.);
#6926 = CIRCLE('',#6927,0.8);
#6927 = AXIS2_PLACEMENT_3D('',#6928,#6929,#6930);
#6928 = CARTESIAN_POINT('',(-22.53,-41.58,1.2));
#6929 = DIRECTION('',(0.,0.,-1.));
#6930 = DIRECTION('',(1.,0.,0.));
#6931 = PCURVE('',#4345,#6932);
#6932 = DEFINITIONAL_REPRESENTATION('',(#6933),#6941);
#6933 = ( BOUNDED_CURVE() B_SPLINE_CURVE(2,(#6934,#6935,#6936,#6937,
#6938,#6939,#6940),.UNSPECIFIED.,.T.,.F.) B_SPLINE_CURVE_WITH_KNOTS((1,2
    ,2,2,2,1),(-2.094395102393,0.,2.094395102393,4.188790204786,
6.28318530718,8.377580409573),.UNSPECIFIED.) CURVE() 
GEOMETRIC_REPRESENTATION_ITEM() RATIONAL_B_SPLINE_CURVE((1.,0.5,1.,0.5,
1.,0.5,1.)) REPRESENTATION_ITEM('') );
#6934 = CARTESIAN_POINT('',(-21.73,-41.58));
#6935 = CARTESIAN_POINT('',(-21.73,-42.96564064605));
#6936 = CARTESIAN_POINT('',(-22.93,-42.27282032302));
#6937 = CARTESIAN_POINT('',(-24.13,-41.58));
#6938 = CARTESIAN_POINT('',(-22.93,-40.88717967697));
#6939 = CARTESIAN_POINT('',(-21.73,-40.19435935394));
#6940 = CARTESIAN_POINT('',(-21.73,-41.58));
#6941 = ( GEOMETRIC_REPRESENTATION_CONTEXT(2) 
PARAMETRIC_REPRESENTATION_CONTEXT() REPRESENTATION_CONTEXT('2D SPACE',''
  ) );
#6942 = PCURVE('',#6943,#6948);
#6943 = CYLINDRICAL_SURFACE('',#6944,0.8);
#6944 = AXIS2_PLACEMENT_3D('',#6945,#6946,#6947);
#6945 = CARTESIAN_POINT('',(-22.53,-41.58,-0.1));
#6946 = DIRECTION('',(-0.,-0.,-1.));
#6947 = DIRECTION('',(1.,0.,0.));
#6948 = DEFINITIONAL_REPRESENTATION('',(#6949),#6953);
#6949 = LINE('',#6950,#6951);
#6950 = CARTESIAN_POINT('',(-6.28318530718,-1.3));
#6951 = VECTOR('',#6952,1.);
#6952 = DIRECTION('',(1.,-0.));
#6953 = ( GEOMETRIC_REPRESENTATION_CONTEXT(2) 
PARAMETRIC_REPRESENTATION_CONTEXT() REPRESENTATION_CONTEXT('2D SPACE',''
  ) );
#6954 = FACE_BOUND('',#6955,.T.);
#6955 = EDGE_LOOP('',(#6956));
#6956 = ORIENTED_EDGE('',*,*,#6957,.T.);
#6957 = EDGE_CURVE('',#6958,#6958,#6960,.T.);
#6958 = VERTEX_POINT('',#6959);
#6959 = CARTESIAN_POINT('',(-21.73,-15.82,1.2));
#6960 = SURFACE_CURVE('',#6961,(#6966,#6977),.PCURVE_S1.);
#6961 = CIRCLE('',#6962,0.8);
#6962 = AXIS2_PLACEMENT_3D('',#6963,#6964,#6965);
#6963 = CARTESIAN_POINT('',(-22.53,-15.82,1.2));
#6964 = DIRECTION('',(0.,0.,-1.));
#6965 = DIRECTION('',(1.,0.,0.));
#6966 = PCURVE('',#4345,#6967);
#6967 = DEFINITIONAL_REPRESENTATION('',(#6968),#6976);
#6968 = ( BOUNDED_CURVE() B_SPLINE_CURVE(2,(#6969,#6970,#6971,#6972,
#6973,#6974,#6975),.UNSPECIFIED.,.T.,.F.) B_SPLINE_CURVE_WITH_KNOTS((1,2
    ,2,2,2,1),(-2.094395102393,0.,2.094395102393,4.188790204786,
6.28318530718,8.377580409573),.UNSPECIFIED.) CURVE() 
GEOMETRIC_REPRESENTATION_ITEM() RATIONAL_B_SPLINE_CURVE((1.,0.5,1.,0.5,
1.,0.5,1.)) REPRESENTATION_ITEM('') );
#6969 = CARTESIAN_POINT('',(-21.73,-15.82));
#6970 = CARTESIAN_POINT('',(-21.73,-17.20564064605));
#6971 = CARTESIAN_POINT('',(-22.93,-16.51282032302));
#6972 = CARTESIAN_POINT('',(-24.13,-15.82));
#6973 = CARTESIAN_POINT('',(-22.93,-15.12717967697));
#6974 = CARTESIAN_POINT('',(-21.73,-14.43435935394));
#6975 = CARTESIAN_POINT('',(-21.73,-15.82));
#6976 = ( GEOMETRIC_REPRESENTATION_CONTEXT(2) 
PARAMETRIC_REPRESENTATION_CONTEXT() REPRESENTATION_CONTEXT('2D SPACE',''
  ) );
#6977 = PCURVE('',#6978,#6983);
#6978 = CYLINDRICAL_SURFACE('',#6979,0.8);
#6979 = AXIS2_PLACEMENT_3D('',#6980,#6981,#6982);
#6980 = CARTESIAN_POINT('',(-22.53,-15.82,-0.1));
#6981 = DIRECTION('',(-0.,-0.,-1.));
#6982 = DIRECTION('',(1.,0.,0.));
#6983 = DEFINITIONAL_REPRESENTATION('',(#6984),#6988);
#6984 = LINE('',#6985,#6986);
#6985 = CARTESIAN_POINT('',(-6.28318530718,-1.3));
#6986 = VECTOR('',#6987,1.);
#6987 = DIRECTION('',(1.,-0.));
#6988 = ( GEOMETRIC_REPRESENTATION_CONTEXT(2) 
PARAMETRIC_REPRESENTATION_CONTEXT() REPRESENTATION_CONTEXT('2D SPACE',''
  ) );
#6989 = FACE_BOUND('',#6990,.T.);
#6990 = EDGE_LOOP('',(#6991));
#6991 = ORIENTED_EDGE('',*,*,#6992,.T.);
#6992 = EDGE_CURVE('',#6993,#6993,#6995,.T.);
#6993 = VERTEX_POINT('',#6994);
#6994 = CARTESIAN_POINT('',(23.33,-41.58,1.2));
#6995 = SURFACE_CURVE('',#6996,(#7001,#7012),.PCURVE_S1.);
#6996 = CIRCLE('',#6997,0.8);
#6997 = AXIS2_PLACEMENT_3D('',#6998,#6999,#7000);
#6998 = CARTESIAN_POINT('',(22.53,-41.58,1.2));
#6999 = DIRECTION('',(0.,0.,-1.));
#7000 = DIRECTION('',(1.,0.,0.));
#7001 = PCURVE('',#4345,#7002);
#7002 = DEFINITIONAL_REPRESENTATION('',(#7003),#7011);
#7003 = ( BOUNDED_CURVE() B_SPLINE_CURVE(2,(#7004,#7005,#7006,#7007,
#7008,#7009,#7010),.UNSPECIFIED.,.T.,.F.) B_SPLINE_CURVE_WITH_KNOTS((1,2
    ,2,2,2,1),(-2.094395102393,0.,2.094395102393,4.188790204786,
6.28318530718,8.377580409573),.UNSPECIFIED.) CURVE() 
GEOMETRIC_REPRESENTATION_ITEM() RATIONAL_B_SPLINE_CURVE((1.,0.5,1.,0.5,
1.,0.5,1.)) REPRESENTATION_ITEM('') );
#7004 = CARTESIAN_POINT('',(23.33,-41.58));
#7005 = CARTESIAN_POINT('',(23.33,-42.96564064605));
#7006 = CARTESIAN_POINT('',(22.13,-42.27282032302));
#7007 = CARTESIAN_POINT('',(20.93,-41.58));
#7008 = CARTESIAN_POINT('',(22.13,-40.88717967697));
#7009 = CARTESIAN_POINT('',(23.33,-40.19435935394));
#7010 = CARTESIAN_POINT('',(23.33,-41.58));
#7011 = ( GEOMETRIC_REPRESENTATION_CONTEXT(2) 
PARAMETRIC_REPRESENTATION_CONTEXT() REPRESENTATION_CONTEXT('2D SPACE',''
  ) );
#7012 = PCURVE('',#7013,#7018);
#7013 = CYLINDRICAL_SURFACE('',#7014,0.8);
#7014 = AXIS2_PLACEMENT_3D('',#7015,#7016,#7017);
#7015 = CARTESIAN_POINT('',(22.53,-41.58,-0.1));
#7016 = DIRECTION('',(-0.,-0.,-1.));
#7017 = DIRECTION('',(1.,0.,0.));
#7018 = DEFINITIONAL_REPRESENTATION('',(#7019),#7023);
#7019 = LINE('',#7020,#7021);
#7020 = CARTESIAN_POINT('',(-6.28318530718,-1.3));
#7021 = VECTOR('',#7022,1.);
#7022 = DIRECTION('',(1.,-0.));
#7023 = ( GEOMETRIC_REPRESENTATION_CONTEXT(2) 
PARAMETRIC_REPRESENTATION_CONTEXT() REPRESENTATION_CONTEXT('2D SPACE',''
  ) );
#7024 = FACE_BOUND('',#7025,.T.);
#7025 = EDGE_LOOP('',(#7026));
#7026 = ORIENTED_EDGE('',*,*,#7027,.T.);
#7027 = EDGE_CURVE('',#7028,#7028,#7030,.T.);
#7028 = VERTEX_POINT('',#7029);
#7029 = CARTESIAN_POINT('',(23.33,-15.82,1.2));
#7030 = SURFACE_CURVE('',#7031,(#7036,#7047),.PCURVE_S1.);
#7031 = CIRCLE('',#7032,0.8);
#7032 = AXIS2_PLACEMENT_3D('',#7033,#7034,#7035);
#7033 = CARTESIAN_POINT('',(22.53,-15.82,1.2));
#7034 = DIRECTION('',(0.,0.,-1.));
#7035 = DIRECTION('',(1.,0.,0.));
#7036 = PCURVE('',#4345,#7037);
#7037 = DEFINITIONAL_REPRESENTATION('',(#7038),#7046);
#7038 = ( BOUNDED_CURVE() B_SPLINE_CURVE(2,(#7039,#7040,#7041,#7042,
#7043,#7044,#7045),.UNSPECIFIED.,.T.,.F.) B_SPLINE_CURVE_WITH_KNOTS((1,2
    ,2,2,2,1),(-2.094395102393,0.,2.094395102393,4.188790204786,
6.28318530718,8.377580409573),.UNSPECIFIED.) CURVE() 
GEOMETRIC_REPRESENTATION_ITEM() RATIONAL_B_SPLINE_CURVE((1.,0.5,1.,0.5,
1.,0.5,1.)) REPRESENTATION_ITEM('') );
#7039 = CARTESIAN_POINT('',(23.33,-15.82));
#7040 = CARTESIAN_POINT('',(23.33,-17.20564064605));
#7041 = CARTESIAN_POINT('',(22.13,-16.51282032302));
#7042 = CARTESIAN_POINT('',(20.93,-15.82));
#7043 = CARTESIAN_POINT('',(22.13,-15.12717967697));
#7044 = CARTESIAN_POINT('',(23.33,-14.43435935394));
#7045 = CARTESIAN_POINT('',(23.33,-15.82));
#7046 = ( GEOMETRIC_REPRESENTATION_CONTEXT(2) 
PARAMETRIC_REPRESENTATION_CONTEXT() REPRESENTATION_CONTEXT('2D SPACE',''
  ) );
#7047 = PCURVE('',#7048,#7053);
#7048 = CYLINDRICAL_SURFACE('',#7049,0.8);
#7049 = AXIS2_PLACEMENT_3D('',#7050,#7051,#7052);
#7050 = CARTESIAN_POINT('',(22.53,-15.82,-0.1));
#7051 = DIRECTION('',(-0.,-0.,-1.));
#7052 = DIRECTION('',(1.,0.,0.));
#7053 = DEFINITIONAL_REPRESENTATION('',(#7054),#7058);
#7054 = LINE('',#7055,#7056);
#7055 = CARTESIAN_POINT('',(-6.28318530718,-1.3));
#7056 = VECTOR('',#7057,1.);
#7057 = DIRECTION('',(1.,-0.));
#7058 = ( GEOMETRIC_REPRESENTATION_CONTEXT(2) 
PARAMETRIC_REPRESENTATION_CONTEXT() REPRESENTATION_CONTEXT('2D SPACE',''
  ) );
#7059 = FACE_BOUND('',#7060,.T.);
#7060 = EDGE_LOOP('',(#7061));
#7061 = ORIENTED_EDGE('',*,*,#7062,.T.);
#7062 = EDGE_CURVE('',#7063,#7063,#7065,.T.);
#7063 = VERTEX_POINT('',#7064);
#7064 = CARTESIAN_POINT('',(-21.73,15.82,1.2));
#7065 = SURFACE_CURVE('',#7066,(#7071,#7082),.PCURVE_S1.);
#7066 = CIRCLE('',#7067,0.8);
#7067 = AXIS2_PLACEMENT_3D('',#7068,#7069,#7070);
#7068 = CARTESIAN_POINT('',(-22.53,15.82,1.2));
#7069 = DIRECTION('',(0.,0.,-1.));
#7070 = DIRECTION('',(1.,0.,0.));
#7071 = PCURVE('',#4345,#7072);
#7072 = DEFINITIONAL_REPRESENTATION('',(#7073),#7081);
#7073 = ( BOUNDED_CURVE() B_SPLINE_CURVE(2,(#7074,#7075,#7076,#7077,
#7078,#7079,#7080),.UNSPECIFIED.,.T.,.F.) B_SPLINE_CURVE_WITH_KNOTS((1,2
    ,2,2,2,1),(-2.094395102393,0.,2.094395102393,4.188790204786,
6.28318530718,8.377580409573),.UNSPECIFIED.) CURVE() 
GEOMETRIC_REPRESENTATION_ITEM() RATIONAL_B_SPLINE_CURVE((1.,0.5,1.,0.5,
1.,0.5,1.)) REPRESENTATION_ITEM('') );
#7074 = CARTESIAN_POINT('',(-21.73,15.82));
#7075 = CARTESIAN_POINT('',(-21.73,14.434359353945));
#7076 = CARTESIAN_POINT('',(-22.93,15.127179676972));
#7077 = CARTESIAN_POINT('',(-24.13,15.82));
#7078 = CARTESIAN_POINT('',(-22.93,16.512820323028));
#7079 = CARTESIAN_POINT('',(-21.73,17.205640646055));
#7080 = CARTESIAN_POINT('',(-21.73,15.82));
#7081 = ( GEOMETRIC_REPRESENTATION_CONTEXT(2) 
PARAMETRIC_REPRESENTATION_CONTEXT() REPRESENTATION_CONTEXT('2D SPACE',''
  ) );
#7082 = PCURVE('',#7083,#7088);
#7083 = CYLINDRICAL_SURFACE('',#7084,0.8);
#7084 = AXIS2_PLACEMENT_3D('',#7085,#7086,#7087);
#7085 = CARTESIAN_POINT('',(-22.53,15.82,-0.1));
#7086 = DIRECTION('',(-0.,-0.,-1.));
#7087 = DIRECTION('',(1.,0.,0.));
#7088 = DEFINITIONAL_REPRESENTATION('',(#7089),#7093);
#7089 = LINE('',#7090,#7091);
#7090 = CARTESIAN_POINT('',(-6.28318530718,-1.3));
#7091 = VECTOR('',#7092,1.);
#7092 = DIRECTION('',(1.,-0.));
#7093 = ( GEOMETRIC_REPRESENTATION_CONTEXT(2) 
PARAMETRIC_REPRESENTATION_CONTEXT() REPRESENTATION_CONTEXT('2D SPACE',''
  ) );
#7094 = FACE_BOUND('',#7095,.T.);
#7095 = EDGE_LOOP('',(#7096));
#7096 = ORIENTED_EDGE('',*,*,#7097,.T.);
#7097 = EDGE_CURVE('',#7098,#7098,#7100,.T.);
#7098 = VERTEX_POINT('',#7099);
#7099 = CARTESIAN_POINT('',(-21.73,41.58,1.2));
#7100 = SURFACE_CURVE('',#7101,(#7106,#7117),.PCURVE_S1.);
#7101 = CIRCLE('',#7102,0.8);
#7102 = AXIS2_PLACEMENT_3D('',#7103,#7104,#7105);
#7103 = CARTESIAN_POINT('',(-22.53,41.58,1.2));
#7104 = DIRECTION('',(0.,0.,-1.));
#7105 = DIRECTION('',(1.,0.,0.));
#7106 = PCURVE('',#4345,#7107);
#7107 = DEFINITIONAL_REPRESENTATION('',(#7108),#7116);
#7108 = ( BOUNDED_CURVE() B_SPLINE_CURVE(2,(#7109,#7110,#7111,#7112,
#7113,#7114,#7115),.UNSPECIFIED.,.T.,.F.) B_SPLINE_CURVE_WITH_KNOTS((1,2
    ,2,2,2,1),(-2.094395102393,0.,2.094395102393,4.188790204786,
6.28318530718,8.377580409573),.UNSPECIFIED.) CURVE() 
GEOMETRIC_REPRESENTATION_ITEM() RATIONAL_B_SPLINE_CURVE((1.,0.5,1.,0.5,
1.,0.5,1.)) REPRESENTATION_ITEM('') );
#7109 = CARTESIAN_POINT('',(-21.73,41.58));
#7110 = CARTESIAN_POINT('',(-21.73,40.194359353945));
#7111 = CARTESIAN_POINT('',(-22.93,40.887179676972));
#7112 = CARTESIAN_POINT('',(-24.13,41.58));
#7113 = CARTESIAN_POINT('',(-22.93,42.272820323028));
#7114 = CARTESIAN_POINT('',(-21.73,42.965640646055));
#7115 = CARTESIAN_POINT('',(-21.73,41.58));
#7116 = ( GEOMETRIC_REPRESENTATION_CONTEXT(2) 
PARAMETRIC_REPRESENTATION_CONTEXT() REPRESENTATION_CONTEXT('2D SPACE',''
  ) );
#7117 = PCURVE('',#7118,#7123);
#7118 = CYLINDRICAL_SURFACE('',#7119,0.8);
#7119 = AXIS2_PLACEMENT_3D('',#7120,#7121,#7122);
#7120 = CARTESIAN_POINT('',(-22.53,41.58,-0.1));
#7121 = DIRECTION('',(-0.,-0.,-1.));
#7122 = DIRECTION('',(1.,0.,0.));
#7123 = DEFINITIONAL_REPRESENTATION('',(#7124),#7128);
#7124 = LINE('',#7125,#7126);
#7125 = CARTESIAN_POINT('',(-6.28318530718,-1.3));
#7126 = VECTOR('',#7127,1.);
#7127 = DIRECTION('',(1.,-0.));
#7128 = ( GEOMETRIC_REPRESENTATION_CONTEXT(2) 
PARAMETRIC_REPRESENTATION_CONTEXT() REPRESENTATION_CONTEXT('2D SPACE',''
  ) );
#7129 = FACE_BOUND('',#7130,.T.);
#7130 = EDGE_LOOP('',(#7131,#7162,#7190,#7223,#7251,#7274,#7306,#7333,
    #7362,#7390,#7419,#7447,#7476,#7504,#7533,#7561,#7590,#7618,#7647,
    #7675,#7704));
#7131 = ORIENTED_EDGE('',*,*,#7132,.T.);
#7132 = EDGE_CURVE('',#7133,#7135,#7137,.T.);
#7133 = VERTEX_POINT('',#7134);
#7134 = CARTESIAN_POINT('',(24.5,-14.28081190233,1.2));
#7135 = VERTEX_POINT('',#7136);
#7136 = CARTESIAN_POINT('',(24.5,-17.35918809766,1.2));
#7137 = SURFACE_CURVE('',#7138,(#7143,#7150),.PCURVE_S1.);
#7138 = CIRCLE('',#7139,2.5);
#7139 = AXIS2_PLACEMENT_3D('',#7140,#7141,#7142);
#7140 = CARTESIAN_POINT('',(22.53,-15.82,1.2));
#7141 = DIRECTION('',(0.,0.,1.));
#7142 = DIRECTION('',(1.,0.,-0.));
#7143 = PCURVE('',#4345,#7144);
#7144 = DEFINITIONAL_REPRESENTATION('',(#7145),#7149);
#7145 = CIRCLE('',#7146,2.5);
#7146 = AXIS2_PLACEMENT_2D('',#7147,#7148);
#7147 = CARTESIAN_POINT('',(22.53,-15.82));
#7148 = DIRECTION('',(1.,0.));
#7149 = ( GEOMETRIC_REPRESENTATION_CONTEXT(2) 
PARAMETRIC_REPRESENTATION_CONTEXT() REPRESENTATION_CONTEXT('2D SPACE',''
  ) );
#7150 = PCURVE('',#7151,#7156);
#7151 = CONICAL_SURFACE('',#7152,2.6,0.785398163397);
#7152 = AXIS2_PLACEMENT_3D('',#7153,#7154,#7155);
#7153 = CARTESIAN_POINT('',(22.53,-15.82,1.1));
#7154 = DIRECTION('',(-0.,-0.,-1.));
#7155 = DIRECTION('',(1.,0.,0.));
#7156 = DEFINITIONAL_REPRESENTATION('',(#7157),#7161);
#7157 = LINE('',#7158,#7159);
#7158 = CARTESIAN_POINT('',(-0.,-1.E-01));
#7159 = VECTOR('',#7160,1.);
#7160 = DIRECTION('',(-1.,-0.));
#7161 = ( GEOMETRIC_REPRESENTATION_CONTEXT(2) 
PARAMETRIC_REPRESENTATION_CONTEXT() REPRESENTATION_CONTEXT('2D SPACE',''
  ) );
#7162 = ORIENTED_EDGE('',*,*,#7163,.T.);
#7163 = EDGE_CURVE('',#7135,#7164,#7166,.T.);
#7164 = VERTEX_POINT('',#7165);
#7165 = CARTESIAN_POINT('',(24.5,-34.45,1.2));
#7166 = SURFACE_CURVE('',#7167,(#7171,#7178),.PCURVE_S1.);
#7167 = LINE('',#7168,#7169);
#7168 = CARTESIAN_POINT('',(24.5,-34.45,1.2));
#7169 = VECTOR('',#7170,1.);
#7170 = DIRECTION('',(-6.123233995737E-17,-1.,-6.123233995737E-17));
#7171 = PCURVE('',#4345,#7172);
#7172 = DEFINITIONAL_REPRESENTATION('',(#7173),#7177);
#7173 = LINE('',#7174,#7175);
#7174 = CARTESIAN_POINT('',(24.5,-34.45));
#7175 = VECTOR('',#7176,1.);
#7176 = DIRECTION('',(-6.123233995737E-17,-1.));
#7177 = ( GEOMETRIC_REPRESENTATION_CONTEXT(2) 
PARAMETRIC_REPRESENTATION_CONTEXT() REPRESENTATION_CONTEXT('2D SPACE',''
  ) );
#7178 = PCURVE('',#7179,#7184);
#7179 = PLANE('',#7180);
#7180 = AXIS2_PLACEMENT_3D('',#7181,#7182,#7183);
#7181 = CARTESIAN_POINT('',(24.4,-34.45,1.1));
#7182 = DIRECTION('',(0.707106781187,0.,-0.707106781187));
#7183 = DIRECTION('',(0.707106781187,-8.659560562355E-17,0.707106781187)
  );
#7184 = DEFINITIONAL_REPRESENTATION('',(#7185),#7189);
#7185 = LINE('',#7186,#7187);
#7186 = CARTESIAN_POINT('',(0.141421356237,-1.224646799147E-17));
#7187 = VECTOR('',#7188,1.);
#7188 = DIRECTION('',(6.162975822039E-33,1.));
#7189 = ( GEOMETRIC_REPRESENTATION_CONTEXT(2) 
PARAMETRIC_REPRESENTATION_CONTEXT() REPRESENTATION_CONTEXT('2D SPACE',''
  ) );
#7190 = ORIENTED_EDGE('',*,*,#7191,.T.);
#7191 = EDGE_CURVE('',#7164,#7192,#7194,.T.);
#7192 = VERTEX_POINT('',#7193);
#7193 = CARTESIAN_POINT('',(24.4,-34.55,1.2));
#7194 = SURFACE_CURVE('',#7195,(#7200,#7211),.PCURVE_S1.);
#7195 = CIRCLE('',#7196,0.1);
#7196 = AXIS2_PLACEMENT_3D('',#7197,#7198,#7199);
#7197 = CARTESIAN_POINT('',(24.4,-34.45,1.2));
#7198 = DIRECTION('',(0.,0.,-1.));
#7199 = DIRECTION('',(0.,1.,0.));
#7200 = PCURVE('',#4345,#7201);
#7201 = DEFINITIONAL_REPRESENTATION('',(#7202),#7210);
#7202 = ( BOUNDED_CURVE() B_SPLINE_CURVE(2,(#7203,#7204,#7205,#7206,
#7207,#7208,#7209),.UNSPECIFIED.,.T.,.F.) B_SPLINE_CURVE_WITH_KNOTS((1,2
    ,2,2,2,1),(-2.094395102393,0.,2.094395102393,4.188790204786,
6.28318530718,8.377580409573),.UNSPECIFIED.) CURVE() 
GEOMETRIC_REPRESENTATION_ITEM() RATIONAL_B_SPLINE_CURVE((1.,0.5,1.,0.5,
1.,0.5,1.)) REPRESENTATION_ITEM('') );
#7203 = CARTESIAN_POINT('',(24.4,-34.35));
#7204 = CARTESIAN_POINT('',(24.573205080757,-34.35));
#7205 = CARTESIAN_POINT('',(24.486602540378,-34.5));
#7206 = CARTESIAN_POINT('',(24.4,-34.65));
#7207 = CARTESIAN_POINT('',(24.313397459622,-34.5));
#7208 = CARTESIAN_POINT('',(24.226794919243,-34.35));
#7209 = CARTESIAN_POINT('',(24.4,-34.35));
#7210 = ( GEOMETRIC_REPRESENTATION_CONTEXT(2) 
PARAMETRIC_REPRESENTATION_CONTEXT() REPRESENTATION_CONTEXT('2D SPACE',''
  ) );
#7211 = PCURVE('',#7212,#7217);
#7212 = CONICAL_SURFACE('',#7213,0.,0.785398163397);
#7213 = AXIS2_PLACEMENT_3D('',#7214,#7215,#7216);
#7214 = CARTESIAN_POINT('',(24.4,-34.45,1.1));
#7215 = DIRECTION('',(0.,0.,1.));
#7216 = DIRECTION('',(0.,1.,0.));
#7217 = DEFINITIONAL_REPRESENTATION('',(#7218),#7222);
#7218 = LINE('',#7219,#7220);
#7219 = CARTESIAN_POINT('',(-0.,0.1));
#7220 = VECTOR('',#7221,1.);
#7221 = DIRECTION('',(-1.,0.));
#7222 = ( GEOMETRIC_REPRESENTATION_CONTEXT(2) 
PARAMETRIC_REPRESENTATION_CONTEXT() REPRESENTATION_CONTEXT('2D SPACE',''
  ) );
#7223 = ORIENTED_EDGE('',*,*,#7224,.T.);
#7224 = EDGE_CURVE('',#7192,#7225,#7227,.T.);
#7225 = VERTEX_POINT('',#7226);
#7226 = CARTESIAN_POINT('',(24.15,-34.55,1.2));
#7227 = SURFACE_CURVE('',#7228,(#7232,#7239),.PCURVE_S1.);
#7228 = LINE('',#7229,#7230);
#7229 = CARTESIAN_POINT('',(22.9,-34.55,1.2));
#7230 = VECTOR('',#7231,1.);
#7231 = DIRECTION('',(-1.,6.123233995737E-17,-6.123233995737E-17));
#7232 = PCURVE('',#4345,#7233);
#7233 = DEFINITIONAL_REPRESENTATION('',(#7234),#7238);
#7234 = LINE('',#7235,#7236);
#7235 = CARTESIAN_POINT('',(22.9,-34.55));
#7236 = VECTOR('',#7237,1.);
#7237 = DIRECTION('',(-1.,6.123233995737E-17));
#7238 = ( GEOMETRIC_REPRESENTATION_CONTEXT(2) 
PARAMETRIC_REPRESENTATION_CONTEXT() REPRESENTATION_CONTEXT('2D SPACE',''
  ) );
#7239 = PCURVE('',#7240,#7245);
#7240 = PLANE('',#7241);
#7241 = AXIS2_PLACEMENT_3D('',#7242,#7243,#7244);
#7242 = CARTESIAN_POINT('',(22.9,-34.45,1.1));
#7243 = DIRECTION('',(-0.,-0.707106781187,-0.707106781187));
#7244 = DIRECTION('',(-8.659560562355E-17,-0.707106781187,0.707106781187
    ));
#7245 = DEFINITIONAL_REPRESENTATION('',(#7246),#7250);
#7246 = LINE('',#7247,#7248);
#7247 = CARTESIAN_POINT('',(0.141421356237,-1.224646799147E-17));
#7248 = VECTOR('',#7249,1.);
#7249 = DIRECTION('',(6.162975822039E-33,1.));
#7250 = ( GEOMETRIC_REPRESENTATION_CONTEXT(2) 
PARAMETRIC_REPRESENTATION_CONTEXT() REPRESENTATION_CONTEXT('2D SPACE',''
  ) );
#7251 = ORIENTED_EDGE('',*,*,#7252,.T.);
#7252 = EDGE_CURVE('',#7225,#7253,#7255,.T.);
#7253 = VERTEX_POINT('',#7254);
#7254 = CARTESIAN_POINT('',(24.15,-38.83083982925,1.2));
#7255 = SURFACE_CURVE('',#7256,(#7260,#7267),.PCURVE_S1.);
#7256 = LINE('',#7257,#7258);
#7257 = CARTESIAN_POINT('',(24.15,41.45,1.2));
#7258 = VECTOR('',#7259,1.);
#7259 = DIRECTION('',(0.,-1.,0.));
#7260 = PCURVE('',#4345,#7261);
#7261 = DEFINITIONAL_REPRESENTATION('',(#7262),#7266);
#7262 = LINE('',#7263,#7264);
#7263 = CARTESIAN_POINT('',(24.15,41.45));
#7264 = VECTOR('',#7265,1.);
#7265 = DIRECTION('',(0.,-1.));
#7266 = ( GEOMETRIC_REPRESENTATION_CONTEXT(2) 
PARAMETRIC_REPRESENTATION_CONTEXT() REPRESENTATION_CONTEXT('2D SPACE',''
  ) );
#7267 = PCURVE('',#5675,#7268);
#7268 = DEFINITIONAL_REPRESENTATION('',(#7269),#7273);
#7269 = LINE('',#7270,#7271);
#7270 = CARTESIAN_POINT('',(0.,-1.4));
#7271 = VECTOR('',#7272,1.);
#7272 = DIRECTION('',(1.,0.));
#7273 = ( GEOMETRIC_REPRESENTATION_CONTEXT(2) 
PARAMETRIC_REPRESENTATION_CONTEXT() REPRESENTATION_CONTEXT('2D SPACE',''
  ) );
#7274 = ORIENTED_EDGE('',*,*,#7275,.T.);
#7275 = EDGE_CURVE('',#7253,#7276,#7278,.T.);
#7276 = VERTEX_POINT('',#7277);
#7277 = CARTESIAN_POINT('',(24.4,-39.01638129527,1.2));
#7278 = SURFACE_CURVE('',#7279,(#7284,#7295),.PCURVE_S1.);
#7279 = CIRCLE('',#7280,3.15);
#7280 = AXIS2_PLACEMENT_3D('',#7281,#7282,#7283);
#7281 = CARTESIAN_POINT('',(22.4,-41.45,1.2));
#7282 = DIRECTION('',(0.,0.,-1.));
#7283 = DIRECTION('',(1.,0.,0.));
#7284 = PCURVE('',#4345,#7285);
#7285 = DEFINITIONAL_REPRESENTATION('',(#7286),#7294);
#7286 = ( BOUNDED_CURVE() B_SPLINE_CURVE(2,(#7287,#7288,#7289,#7290,
#7291,#7292,#7293),.UNSPECIFIED.,.T.,.F.) B_SPLINE_CURVE_WITH_KNOTS((1,2
    ,2,2,2,1),(-2.094395102393,0.,2.094395102393,4.188790204786,
6.28318530718,8.377580409573),.UNSPECIFIED.) CURVE() 
GEOMETRIC_REPRESENTATION_ITEM() RATIONAL_B_SPLINE_CURVE((1.,0.5,1.,0.5,
1.,0.5,1.)) REPRESENTATION_ITEM('') );
#7287 = CARTESIAN_POINT('',(25.55,-41.45));
#7288 = CARTESIAN_POINT('',(25.55,-46.90596004384));
#7289 = CARTESIAN_POINT('',(20.825,-44.17798002192));
#7290 = CARTESIAN_POINT('',(16.1,-41.45));
#7291 = CARTESIAN_POINT('',(20.825,-38.72201997807));
#7292 = CARTESIAN_POINT('',(25.55,-35.99403995615));
#7293 = CARTESIAN_POINT('',(25.55,-41.45));
#7294 = ( GEOMETRIC_REPRESENTATION_CONTEXT(2) 
PARAMETRIC_REPRESENTATION_CONTEXT() REPRESENTATION_CONTEXT('2D SPACE',''
  ) );
#7295 = PCURVE('',#7296,#7301);
#7296 = CYLINDRICAL_SURFACE('',#7297,3.15);
#7297 = AXIS2_PLACEMENT_3D('',#7298,#7299,#7300);
#7298 = CARTESIAN_POINT('',(22.4,-41.45,1.19));
#7299 = DIRECTION('',(-0.,-0.,-1.));
#7300 = DIRECTION('',(1.,0.,0.));
#7301 = DEFINITIONAL_REPRESENTATION('',(#7302),#7305);
#7302 = B_SPLINE_CURVE_WITH_KNOTS('',1,(#7303,#7304),.UNSPECIFIED.,.F.,
  .F.,(2,2),(5.301419950601,5.924924088667),.PIECEWISE_BEZIER_KNOTS.);
#7303 = CARTESIAN_POINT('',(-7.264950663758,-1.E-02));
#7304 = CARTESIAN_POINT('',(-6.641446525692,-1.E-02));
#7305 = ( GEOMETRIC_REPRESENTATION_CONTEXT(2) 
PARAMETRIC_REPRESENTATION_CONTEXT() REPRESENTATION_CONTEXT('2D SPACE',''
  ) );
#7306 = ORIENTED_EDGE('',*,*,#7307,.T.);
#7307 = EDGE_CURVE('',#7276,#7308,#7310,.T.);
#7308 = VERTEX_POINT('',#7309);
#7309 = CARTESIAN_POINT('',(24.4,-39.92075318291,1.2));
#7310 = SURFACE_CURVE('',#7311,(#7315,#7322),.PCURVE_S1.);
#7311 = LINE('',#7312,#7313);
#7312 = CARTESIAN_POINT('',(24.4,-21.225,1.2));
#7313 = VECTOR('',#7314,1.);
#7314 = DIRECTION('',(0.,-1.,0.));
#7315 = PCURVE('',#4345,#7316);
#7316 = DEFINITIONAL_REPRESENTATION('',(#7317),#7321);
#7317 = LINE('',#7318,#7319);
#7318 = CARTESIAN_POINT('',(24.4,-21.225));
#7319 = VECTOR('',#7320,1.);
#7320 = DIRECTION('',(0.,-1.));
#7321 = ( GEOMETRIC_REPRESENTATION_CONTEXT(2) 
PARAMETRIC_REPRESENTATION_CONTEXT() REPRESENTATION_CONTEXT('2D SPACE',''
  ) );
#7322 = PCURVE('',#7323,#7328);
#7323 = PLANE('',#7324);
#7324 = AXIS2_PLACEMENT_3D('',#7325,#7326,#7327);
#7325 = CARTESIAN_POINT('',(24.4,-42.45,-1.E-02));
#7326 = DIRECTION('',(-1.,0.,0.));
#7327 = DIRECTION('',(0.,1.,0.));
#7328 = DEFINITIONAL_REPRESENTATION('',(#7329),#7332);
#7329 = B_SPLINE_CURVE_WITH_KNOTS('',1,(#7330,#7331),.UNSPECIFIED.,.F.,
  .F.,(2,2),(-61.725,19.275),.PIECEWISE_BEZIER_KNOTS.);
#7330 = CARTESIAN_POINT('',(82.95,-1.21));
#7331 = CARTESIAN_POINT('',(1.95,-1.21));
#7332 = ( GEOMETRIC_REPRESENTATION_CONTEXT(2) 
PARAMETRIC_REPRESENTATION_CONTEXT() REPRESENTATION_CONTEXT('2D SPACE',''
  ) );
#7333 = ORIENTED_EDGE('',*,*,#7334,.T.);
#7334 = EDGE_CURVE('',#7308,#7335,#7337,.T.);
#7335 = VERTEX_POINT('',#7336);
#7336 = CARTESIAN_POINT('',(20.225851567281,-42.55,1.2));
#7337 = SURFACE_CURVE('',#7338,(#7343,#7350),.PCURVE_S1.);
#7338 = CIRCLE('',#7339,2.5);
#7339 = AXIS2_PLACEMENT_3D('',#7340,#7341,#7342);
#7340 = CARTESIAN_POINT('',(22.53,-41.58,1.2));
#7341 = DIRECTION('',(0.,0.,1.));
#7342 = DIRECTION('',(1.,0.,-0.));
#7343 = PCURVE('',#4345,#7344);
#7344 = DEFINITIONAL_REPRESENTATION('',(#7345),#7349);
#7345 = CIRCLE('',#7346,2.5);
#7346 = AXIS2_PLACEMENT_2D('',#7347,#7348);
#7347 = CARTESIAN_POINT('',(22.53,-41.58));
#7348 = DIRECTION('',(1.,0.));
#7349 = ( GEOMETRIC_REPRESENTATION_CONTEXT(2) 
PARAMETRIC_REPRESENTATION_CONTEXT() REPRESENTATION_CONTEXT('2D SPACE',''
  ) );
#7350 = PCURVE('',#7351,#7356);
#7351 = CONICAL_SURFACE('',#7352,2.6,0.785398163397);
#7352 = AXIS2_PLACEMENT_3D('',#7353,#7354,#7355);
#7353 = CARTESIAN_POINT('',(22.53,-41.58,1.1));
#7354 = DIRECTION('',(-0.,-0.,-1.));
#7355 = DIRECTION('',(1.,0.,0.));
#7356 = DEFINITIONAL_REPRESENTATION('',(#7357),#7361);
#7357 = LINE('',#7358,#7359);
#7358 = CARTESIAN_POINT('',(-0.,-1.E-01));
#7359 = VECTOR('',#7360,1.);
#7360 = DIRECTION('',(-1.,-0.));
#7361 = ( GEOMETRIC_REPRESENTATION_CONTEXT(2) 
PARAMETRIC_REPRESENTATION_CONTEXT() REPRESENTATION_CONTEXT('2D SPACE',''
  ) );
#7362 = ORIENTED_EDGE('',*,*,#7363,.T.);
#7363 = EDGE_CURVE('',#7335,#7364,#7366,.T.);
#7364 = VERTEX_POINT('',#7365);
#7365 = CARTESIAN_POINT('',(-20.22585156728,-42.55,1.2));
#7366 = SURFACE_CURVE('',#7367,(#7371,#7378),.PCURVE_S1.);
#7367 = LINE('',#7368,#7369);
#7368 = CARTESIAN_POINT('',(-22.9,-42.55,1.2));
#7369 = VECTOR('',#7370,1.);
#7370 = DIRECTION('',(-1.,6.123233995737E-17,-6.123233995737E-17));
#7371 = PCURVE('',#4345,#7372);
#7372 = DEFINITIONAL_REPRESENTATION('',(#7373),#7377);
#7373 = LINE('',#7374,#7375);
#7374 = CARTESIAN_POINT('',(-22.9,-42.55));
#7375 = VECTOR('',#7376,1.);
#7376 = DIRECTION('',(-1.,6.123233995737E-17));
#7377 = ( GEOMETRIC_REPRESENTATION_CONTEXT(2) 
PARAMETRIC_REPRESENTATION_CONTEXT() REPRESENTATION_CONTEXT('2D SPACE',''
  ) );
#7378 = PCURVE('',#7379,#7384);
#7379 = PLANE('',#7380);
#7380 = AXIS2_PLACEMENT_3D('',#7381,#7382,#7383);
#7381 = CARTESIAN_POINT('',(-22.9,-42.45,1.1));
#7382 = DIRECTION('',(-0.,-0.707106781187,-0.707106781187));
#7383 = DIRECTION('',(-8.659560562355E-17,-0.707106781187,0.707106781187
    ));
#7384 = DEFINITIONAL_REPRESENTATION('',(#7385),#7389);
#7385 = LINE('',#7386,#7387);
#7386 = CARTESIAN_POINT('',(0.141421356237,-1.224646799147E-17));
#7387 = VECTOR('',#7388,1.);
#7388 = DIRECTION('',(6.162975822039E-33,1.));
#7389 = ( GEOMETRIC_REPRESENTATION_CONTEXT(2) 
PARAMETRIC_REPRESENTATION_CONTEXT() REPRESENTATION_CONTEXT('2D SPACE',''
  ) );
#7390 = ORIENTED_EDGE('',*,*,#7391,.T.);
#7391 = EDGE_CURVE('',#7364,#7392,#7394,.T.);
#7392 = VERTEX_POINT('',#7393);
#7393 = CARTESIAN_POINT('',(-23.,-39.12457742944,1.2));
#7394 = SURFACE_CURVE('',#7395,(#7400,#7407),.PCURVE_S1.);
#7395 = CIRCLE('',#7396,2.5);
#7396 = AXIS2_PLACEMENT_3D('',#7397,#7398,#7399);
#7397 = CARTESIAN_POINT('',(-22.53,-41.58,1.2));
#7398 = DIRECTION('',(0.,2.289119638402E-16,1.));
#7399 = DIRECTION('',(0.921659373087,-0.388,8.881784197001E-17));
#7400 = PCURVE('',#4345,#7401);
#7401 = DEFINITIONAL_REPRESENTATION('',(#7402),#7406);
#7402 = CIRCLE('',#7403,2.5);
#7403 = AXIS2_PLACEMENT_2D('',#7404,#7405);
#7404 = CARTESIAN_POINT('',(-22.53,-41.58));
#7405 = DIRECTION('',(0.921659373087,-0.388));
#7406 = ( GEOMETRIC_REPRESENTATION_CONTEXT(2) 
PARAMETRIC_REPRESENTATION_CONTEXT() REPRESENTATION_CONTEXT('2D SPACE',''
  ) );
#7407 = PCURVE('',#7408,#7413);
#7408 = CONICAL_SURFACE('',#7409,2.6,0.785398163397);
#7409 = AXIS2_PLACEMENT_3D('',#7410,#7411,#7412);
#7410 = CARTESIAN_POINT('',(-22.53,-41.58,1.1));
#7411 = DIRECTION('',(-0.,-0.,-1.));
#7412 = DIRECTION('',(1.,0.,0.));
#7413 = DEFINITIONAL_REPRESENTATION('',(#7414),#7418);
#7414 = LINE('',#7415,#7416);
#7415 = CARTESIAN_POINT('',(-5.884724707355,-1.E-01));
#7416 = VECTOR('',#7417,1.);
#7417 = DIRECTION('',(-1.,-0.));
#7418 = ( GEOMETRIC_REPRESENTATION_CONTEXT(2) 
PARAMETRIC_REPRESENTATION_CONTEXT() REPRESENTATION_CONTEXT('2D SPACE',''
  ) );
#7419 = ORIENTED_EDGE('',*,*,#7420,.T.);
#7420 = EDGE_CURVE('',#7392,#7421,#7423,.T.);
#7421 = VERTEX_POINT('',#7422);
#7422 = CARTESIAN_POINT('',(-23.,-18.27542257055,1.2));
#7423 = SURFACE_CURVE('',#7424,(#7428,#7435),.PCURVE_S1.);
#7424 = LINE('',#7425,#7426);
#7425 = CARTESIAN_POINT('',(-23.,42.45,1.2));
#7426 = VECTOR('',#7427,1.);
#7427 = DIRECTION('',(6.123233995737E-17,1.,-6.123233995737E-17));
#7428 = PCURVE('',#4345,#7429);
#7429 = DEFINITIONAL_REPRESENTATION('',(#7430),#7434);
#7430 = LINE('',#7431,#7432);
#7431 = CARTESIAN_POINT('',(-23.,42.45));
#7432 = VECTOR('',#7433,1.);
#7433 = DIRECTION('',(6.123233995737E-17,1.));
#7434 = ( GEOMETRIC_REPRESENTATION_CONTEXT(2) 
PARAMETRIC_REPRESENTATION_CONTEXT() REPRESENTATION_CONTEXT('2D SPACE',''
  ) );
#7435 = PCURVE('',#7436,#7441);
#7436 = PLANE('',#7437);
#7437 = AXIS2_PLACEMENT_3D('',#7438,#7439,#7440);
#7438 = CARTESIAN_POINT('',(-22.9,42.45,1.1));
#7439 = DIRECTION('',(-0.707106781187,0.,-0.707106781187));
#7440 = DIRECTION('',(-0.707106781187,8.659560562355E-17,0.707106781187)
  );
#7441 = DEFINITIONAL_REPRESENTATION('',(#7442),#7446);
#7442 = LINE('',#7443,#7444);
#7443 = CARTESIAN_POINT('',(0.141421356237,-1.224646799147E-17));
#7444 = VECTOR('',#7445,1.);
#7445 = DIRECTION('',(6.162975822039E-33,1.));
#7446 = ( GEOMETRIC_REPRESENTATION_CONTEXT(2) 
PARAMETRIC_REPRESENTATION_CONTEXT() REPRESENTATION_CONTEXT('2D SPACE',''
  ) );
#7447 = ORIENTED_EDGE('',*,*,#7448,.T.);
#7448 = EDGE_CURVE('',#7421,#7449,#7451,.T.);
#7449 = VERTEX_POINT('',#7450);
#7450 = CARTESIAN_POINT('',(-23.,-13.36457742944,1.2));
#7451 = SURFACE_CURVE('',#7452,(#7457,#7464),.PCURVE_S1.);
#7452 = CIRCLE('',#7453,2.5);
#7453 = AXIS2_PLACEMENT_3D('',#7454,#7455,#7456);
#7454 = CARTESIAN_POINT('',(-22.53,-15.82,1.2));
#7455 = DIRECTION('',(0.,8.138727192167E-16,1.));
#7456 = DIRECTION('',(-0.188,-0.982169028223,7.993605777301E-16));
#7457 = PCURVE('',#4345,#7458);
#7458 = DEFINITIONAL_REPRESENTATION('',(#7459),#7463);
#7459 = CIRCLE('',#7460,2.5);
#7460 = AXIS2_PLACEMENT_2D('',#7461,#7462);
#7461 = CARTESIAN_POINT('',(-22.53,-15.82));
#7462 = DIRECTION('',(-0.188,-0.982169028223));
#7463 = ( GEOMETRIC_REPRESENTATION_CONTEXT(2) 
PARAMETRIC_REPRESENTATION_CONTEXT() REPRESENTATION_CONTEXT('2D SPACE',''
  ) );
#7464 = PCURVE('',#7465,#7470);
#7465 = CONICAL_SURFACE('',#7466,2.6,0.785398163397);
#7466 = AXIS2_PLACEMENT_3D('',#7467,#7468,#7469);
#7467 = CARTESIAN_POINT('',(-22.53,-15.82,1.1));
#7468 = DIRECTION('',(-0.,-0.,-1.));
#7469 = DIRECTION('',(1.,0.,0.));
#7470 = DEFINITIONAL_REPRESENTATION('',(#7471),#7475);
#7471 = LINE('',#7472,#7473);
#7472 = CARTESIAN_POINT('',(-4.523263541644,-1.E-01));
#7473 = VECTOR('',#7474,1.);
#7474 = DIRECTION('',(-1.,-0.));
#7475 = ( GEOMETRIC_REPRESENTATION_CONTEXT(2) 
PARAMETRIC_REPRESENTATION_CONTEXT() REPRESENTATION_CONTEXT('2D SPACE',''
  ) );
#7476 = ORIENTED_EDGE('',*,*,#7477,.T.);
#7477 = EDGE_CURVE('',#7449,#7478,#7480,.T.);
#7478 = VERTEX_POINT('',#7479);
#7479 = CARTESIAN_POINT('',(-23.,13.364577429443,1.2));
#7480 = SURFACE_CURVE('',#7481,(#7485,#7492),.PCURVE_S1.);
#7481 = LINE('',#7482,#7483);
#7482 = CARTESIAN_POINT('',(-23.,42.45,1.2));
#7483 = VECTOR('',#7484,1.);
#7484 = DIRECTION('',(6.123233995737E-17,1.,-6.123233995737E-17));
#7485 = PCURVE('',#4345,#7486);
#7486 = DEFINITIONAL_REPRESENTATION('',(#7487),#7491);
#7487 = LINE('',#7488,#7489);
#7488 = CARTESIAN_POINT('',(-23.,42.45));
#7489 = VECTOR('',#7490,1.);
#7490 = DIRECTION('',(6.123233995737E-17,1.));
#7491 = ( GEOMETRIC_REPRESENTATION_CONTEXT(2) 
PARAMETRIC_REPRESENTATION_CONTEXT() REPRESENTATION_CONTEXT('2D SPACE',''
  ) );
#7492 = PCURVE('',#7493,#7498);
#7493 = PLANE('',#7494);
#7494 = AXIS2_PLACEMENT_3D('',#7495,#7496,#7497);
#7495 = CARTESIAN_POINT('',(-22.9,42.45,1.1));
#7496 = DIRECTION('',(-0.707106781187,0.,-0.707106781187));
#7497 = DIRECTION('',(-0.707106781187,8.659560562355E-17,0.707106781187)
  );
#7498 = DEFINITIONAL_REPRESENTATION('',(#7499),#7503);
#7499 = LINE('',#7500,#7501);
#7500 = CARTESIAN_POINT('',(0.141421356237,-1.224646799147E-17));
#7501 = VECTOR('',#7502,1.);
#7502 = DIRECTION('',(6.162975822039E-33,1.));
#7503 = ( GEOMETRIC_REPRESENTATION_CONTEXT(2) 
PARAMETRIC_REPRESENTATION_CONTEXT() REPRESENTATION_CONTEXT('2D SPACE',''
  ) );
#7504 = ORIENTED_EDGE('',*,*,#7505,.T.);
#7505 = EDGE_CURVE('',#7478,#7506,#7508,.T.);
#7506 = VERTEX_POINT('',#7507);
#7507 = CARTESIAN_POINT('',(-23.,18.275422570557,1.2));
#7508 = SURFACE_CURVE('',#7509,(#7514,#7521),.PCURVE_S1.);
#7509 = CIRCLE('',#7510,2.5);
#7510 = AXIS2_PLACEMENT_3D('',#7511,#7512,#7513);
#7511 = CARTESIAN_POINT('',(-22.53,15.82,1.2));
#7512 = DIRECTION('',(0.,3.617212085408E-16,1.));
#7513 = DIRECTION('',(-0.188,-0.982169028223,3.5527136788E-16));
#7514 = PCURVE('',#4345,#7515);
#7515 = DEFINITIONAL_REPRESENTATION('',(#7516),#7520);
#7516 = CIRCLE('',#7517,2.5);
#7517 = AXIS2_PLACEMENT_2D('',#7518,#7519);
#7518 = CARTESIAN_POINT('',(-22.53,15.82));
#7519 = DIRECTION('',(-0.188,-0.982169028223));
#7520 = ( GEOMETRIC_REPRESENTATION_CONTEXT(2) 
PARAMETRIC_REPRESENTATION_CONTEXT() REPRESENTATION_CONTEXT('2D SPACE',''
  ) );
#7521 = PCURVE('',#7522,#7527);
#7522 = CONICAL_SURFACE('',#7523,2.6,0.785398163397);
#7523 = AXIS2_PLACEMENT_3D('',#7524,#7525,#7526);
#7524 = CARTESIAN_POINT('',(-22.53,15.82,1.1));
#7525 = DIRECTION('',(-0.,-0.,-1.));
#7526 = DIRECTION('',(1.,0.,0.));
#7527 = DEFINITIONAL_REPRESENTATION('',(#7528),#7532);
#7528 = LINE('',#7529,#7530);
#7529 = CARTESIAN_POINT('',(-4.523263541644,-1.E-01));
#7530 = VECTOR('',#7531,1.);
#7531 = DIRECTION('',(-1.,-0.));
#7532 = ( GEOMETRIC_REPRESENTATION_CONTEXT(2) 
PARAMETRIC_REPRESENTATION_CONTEXT() REPRESENTATION_CONTEXT('2D SPACE',''
  ) );
#7533 = ORIENTED_EDGE('',*,*,#7534,.T.);
#7534 = EDGE_CURVE('',#7506,#7535,#7537,.T.);
#7535 = VERTEX_POINT('',#7536);
#7536 = CARTESIAN_POINT('',(-23.,39.124577429443,1.2));
#7537 = SURFACE_CURVE('',#7538,(#7542,#7549),.PCURVE_S1.);
#7538 = LINE('',#7539,#7540);
#7539 = CARTESIAN_POINT('',(-23.,42.45,1.2));
#7540 = VECTOR('',#7541,1.);
#7541 = DIRECTION('',(6.123233995737E-17,1.,-6.123233995737E-17));
#7542 = PCURVE('',#4345,#7543);
#7543 = DEFINITIONAL_REPRESENTATION('',(#7544),#7548);
#7544 = LINE('',#7545,#7546);
#7545 = CARTESIAN_POINT('',(-23.,42.45));
#7546 = VECTOR('',#7547,1.);
#7547 = DIRECTION('',(6.123233995737E-17,1.));
#7548 = ( GEOMETRIC_REPRESENTATION_CONTEXT(2) 
PARAMETRIC_REPRESENTATION_CONTEXT() REPRESENTATION_CONTEXT('2D SPACE',''
  ) );
#7549 = PCURVE('',#7550,#7555);
#7550 = PLANE('',#7551);
#7551 = AXIS2_PLACEMENT_3D('',#7552,#7553,#7554);
#7552 = CARTESIAN_POINT('',(-22.9,42.45,1.1));
#7553 = DIRECTION('',(-0.707106781187,0.,-0.707106781187));
#7554 = DIRECTION('',(-0.707106781187,8.659560562355E-17,0.707106781187)
  );
#7555 = DEFINITIONAL_REPRESENTATION('',(#7556),#7560);
#7556 = LINE('',#7557,#7558);
#7557 = CARTESIAN_POINT('',(0.141421356237,-1.224646799147E-17));
#7558 = VECTOR('',#7559,1.);
#7559 = DIRECTION('',(6.162975822039E-33,1.));
#7560 = ( GEOMETRIC_REPRESENTATION_CONTEXT(2) 
PARAMETRIC_REPRESENTATION_CONTEXT() REPRESENTATION_CONTEXT('2D SPACE',''
  ) );
#7561 = ORIENTED_EDGE('',*,*,#7562,.T.);
#7562 = EDGE_CURVE('',#7535,#7563,#7565,.T.);
#7563 = VERTEX_POINT('',#7564);
#7564 = CARTESIAN_POINT('',(-20.22585156728,42.55,1.2));
#7565 = SURFACE_CURVE('',#7566,(#7571,#7578),.PCURVE_S1.);
#7566 = CIRCLE('',#7567,2.5);
#7567 = AXIS2_PLACEMENT_3D('',#7568,#7569,#7570);
#7568 = CARTESIAN_POINT('',(-22.53,41.58,1.2));
#7569 = DIRECTION('',(3.08148791102E-33,9.043030213519E-17,1.));
#7570 = DIRECTION('',(-0.188,-0.982169028223,8.881784197001E-17));
#7571 = PCURVE('',#4345,#7572);
#7572 = DEFINITIONAL_REPRESENTATION('',(#7573),#7577);
#7573 = CIRCLE('',#7574,2.5);
#7574 = AXIS2_PLACEMENT_2D('',#7575,#7576);
#7575 = CARTESIAN_POINT('',(-22.53,41.58));
#7576 = DIRECTION('',(-0.188,-0.982169028223));
#7577 = ( GEOMETRIC_REPRESENTATION_CONTEXT(2) 
PARAMETRIC_REPRESENTATION_CONTEXT() REPRESENTATION_CONTEXT('2D SPACE',''
  ) );
#7578 = PCURVE('',#7579,#7584);
#7579 = CONICAL_SURFACE('',#7580,2.6,0.785398163397);
#7580 = AXIS2_PLACEMENT_3D('',#7581,#7582,#7583);
#7581 = CARTESIAN_POINT('',(-22.53,41.58,1.1));
#7582 = DIRECTION('',(-0.,-0.,-1.));
#7583 = DIRECTION('',(1.,0.,0.));
#7584 = DEFINITIONAL_REPRESENTATION('',(#7585),#7589);
#7585 = LINE('',#7586,#7587);
#7586 = CARTESIAN_POINT('',(-4.523263541644,-1.E-01));
#7587 = VECTOR('',#7588,1.);
#7588 = DIRECTION('',(-1.,-0.));
#7589 = ( GEOMETRIC_REPRESENTATION_CONTEXT(2) 
PARAMETRIC_REPRESENTATION_CONTEXT() REPRESENTATION_CONTEXT('2D SPACE',''
  ) );
#7590 = ORIENTED_EDGE('',*,*,#7591,.T.);
#7591 = EDGE_CURVE('',#7563,#7592,#7594,.T.);
#7592 = VERTEX_POINT('',#7593);
#7593 = CARTESIAN_POINT('',(20.225851567281,42.55,1.2));
#7594 = SURFACE_CURVE('',#7595,(#7599,#7606),.PCURVE_S1.);
#7595 = LINE('',#7596,#7597);
#7596 = CARTESIAN_POINT('',(24.4,42.55,1.2));
#7597 = VECTOR('',#7598,1.);
#7598 = DIRECTION('',(1.,-6.123233995737E-17,-6.123233995737E-17));
#7599 = PCURVE('',#4345,#7600);
#7600 = DEFINITIONAL_REPRESENTATION('',(#7601),#7605);
#7601 = LINE('',#7602,#7603);
#7602 = CARTESIAN_POINT('',(24.4,42.55));
#7603 = VECTOR('',#7604,1.);
#7604 = DIRECTION('',(1.,-6.123233995737E-17));
#7605 = ( GEOMETRIC_REPRESENTATION_CONTEXT(2) 
PARAMETRIC_REPRESENTATION_CONTEXT() REPRESENTATION_CONTEXT('2D SPACE',''
  ) );
#7606 = PCURVE('',#7607,#7612);
#7607 = PLANE('',#7608);
#7608 = AXIS2_PLACEMENT_3D('',#7609,#7610,#7611);
#7609 = CARTESIAN_POINT('',(24.4,42.45,1.1));
#7610 = DIRECTION('',(0.,0.707106781187,-0.707106781187));
#7611 = DIRECTION('',(8.659560562355E-17,0.707106781187,0.707106781187)
  );
#7612 = DEFINITIONAL_REPRESENTATION('',(#7613),#7617);
#7613 = LINE('',#7614,#7615);
#7614 = CARTESIAN_POINT('',(0.141421356237,-1.224646799147E-17));
#7615 = VECTOR('',#7616,1.);
#7616 = DIRECTION('',(6.162975822039E-33,1.));
#7617 = ( GEOMETRIC_REPRESENTATION_CONTEXT(2) 
PARAMETRIC_REPRESENTATION_CONTEXT() REPRESENTATION_CONTEXT('2D SPACE',''
  ) );
#7618 = ORIENTED_EDGE('',*,*,#7619,.T.);
#7619 = EDGE_CURVE('',#7592,#7620,#7622,.T.);
#7620 = VERTEX_POINT('',#7621);
#7621 = CARTESIAN_POINT('',(24.5,40.040811902333,1.2));
#7622 = SURFACE_CURVE('',#7623,(#7628,#7635),.PCURVE_S1.);
#7623 = CIRCLE('',#7624,2.5);
#7624 = AXIS2_PLACEMENT_3D('',#7625,#7626,#7627);
#7625 = CARTESIAN_POINT('',(22.53,41.58,1.2));
#7626 = DIRECTION('',(0.,0.,1.));
#7627 = DIRECTION('',(1.,0.,-0.));
#7628 = PCURVE('',#4345,#7629);
#7629 = DEFINITIONAL_REPRESENTATION('',(#7630),#7634);
#7630 = CIRCLE('',#7631,2.5);
#7631 = AXIS2_PLACEMENT_2D('',#7632,#7633);
#7632 = CARTESIAN_POINT('',(22.53,41.58));
#7633 = DIRECTION('',(1.,0.));
#7634 = ( GEOMETRIC_REPRESENTATION_CONTEXT(2) 
PARAMETRIC_REPRESENTATION_CONTEXT() REPRESENTATION_CONTEXT('2D SPACE',''
  ) );
#7635 = PCURVE('',#7636,#7641);
#7636 = CONICAL_SURFACE('',#7637,2.6,0.785398163397);
#7637 = AXIS2_PLACEMENT_3D('',#7638,#7639,#7640);
#7638 = CARTESIAN_POINT('',(22.53,41.58,1.1));
#7639 = DIRECTION('',(-0.,-0.,-1.));
#7640 = DIRECTION('',(1.,0.,0.));
#7641 = DEFINITIONAL_REPRESENTATION('',(#7642),#7646);
#7642 = LINE('',#7643,#7644);
#7643 = CARTESIAN_POINT('',(-0.,-1.E-01));
#7644 = VECTOR('',#7645,1.);
#7645 = DIRECTION('',(-1.,-0.));
#7646 = ( GEOMETRIC_REPRESENTATION_CONTEXT(2) 
PARAMETRIC_REPRESENTATION_CONTEXT() REPRESENTATION_CONTEXT('2D SPACE',''
  ) );
#7647 = ORIENTED_EDGE('',*,*,#7648,.T.);
#7648 = EDGE_CURVE('',#7620,#7649,#7651,.T.);
#7649 = VERTEX_POINT('',#7650);
#7650 = CARTESIAN_POINT('',(24.5,17.359188097667,1.2));
#7651 = SURFACE_CURVE('',#7652,(#7656,#7663),.PCURVE_S1.);
#7652 = LINE('',#7653,#7654);
#7653 = CARTESIAN_POINT('',(24.5,-34.45,1.2));
#7654 = VECTOR('',#7655,1.);
#7655 = DIRECTION('',(-6.123233995737E-17,-1.,-6.123233995737E-17));
#7656 = PCURVE('',#4345,#7657);
#7657 = DEFINITIONAL_REPRESENTATION('',(#7658),#7662);
#7658 = LINE('',#7659,#7660);
#7659 = CARTESIAN_POINT('',(24.5,-34.45));
#7660 = VECTOR('',#7661,1.);
#7661 = DIRECTION('',(-6.123233995737E-17,-1.));
#7662 = ( GEOMETRIC_REPRESENTATION_CONTEXT(2) 
PARAMETRIC_REPRESENTATION_CONTEXT() REPRESENTATION_CONTEXT('2D SPACE',''
  ) );
#7663 = PCURVE('',#7664,#7669);
#7664 = PLANE('',#7665);
#7665 = AXIS2_PLACEMENT_3D('',#7666,#7667,#7668);
#7666 = CARTESIAN_POINT('',(24.4,-34.45,1.1));
#7667 = DIRECTION('',(0.707106781187,0.,-0.707106781187));
#7668 = DIRECTION('',(0.707106781187,-8.659560562355E-17,0.707106781187)
  );
#7669 = DEFINITIONAL_REPRESENTATION('',(#7670),#7674);
#7670 = LINE('',#7671,#7672);
#7671 = CARTESIAN_POINT('',(0.141421356237,-1.224646799147E-17));
#7672 = VECTOR('',#7673,1.);
#7673 = DIRECTION('',(6.162975822039E-33,1.));
#7674 = ( GEOMETRIC_REPRESENTATION_CONTEXT(2) 
PARAMETRIC_REPRESENTATION_CONTEXT() REPRESENTATION_CONTEXT('2D SPACE',''
  ) );
#7675 = ORIENTED_EDGE('',*,*,#7676,.T.);
#7676 = EDGE_CURVE('',#7649,#7677,#7679,.T.);
#7677 = VERTEX_POINT('',#7678);
#7678 = CARTESIAN_POINT('',(24.5,14.280811902333,1.2));
#7679 = SURFACE_CURVE('',#7680,(#7685,#7692),.PCURVE_S1.);
#7680 = CIRCLE('',#7681,2.5);
#7681 = AXIS2_PLACEMENT_3D('',#7682,#7683,#7684);
#7682 = CARTESIAN_POINT('',(22.53,15.82,1.2));
#7683 = DIRECTION('',(0.,0.,1.));
#7684 = DIRECTION('',(1.,0.,-0.));
#7685 = PCURVE('',#4345,#7686);
#7686 = DEFINITIONAL_REPRESENTATION('',(#7687),#7691);
#7687 = CIRCLE('',#7688,2.5);
#7688 = AXIS2_PLACEMENT_2D('',#7689,#7690);
#7689 = CARTESIAN_POINT('',(22.53,15.82));
#7690 = DIRECTION('',(1.,0.));
#7691 = ( GEOMETRIC_REPRESENTATION_CONTEXT(2) 
PARAMETRIC_REPRESENTATION_CONTEXT() REPRESENTATION_CONTEXT('2D SPACE',''
  ) );
#7692 = PCURVE('',#7693,#7698);
#7693 = CONICAL_SURFACE('',#7694,2.6,0.785398163397);
#7694 = AXIS2_PLACEMENT_3D('',#7695,#7696,#7697);
#7695 = CARTESIAN_POINT('',(22.53,15.82,1.1));
#7696 = DIRECTION('',(-0.,-0.,-1.));
#7697 = DIRECTION('',(1.,0.,0.));
#7698 = DEFINITIONAL_REPRESENTATION('',(#7699),#7703);
#7699 = LINE('',#7700,#7701);
#7700 = CARTESIAN_POINT('',(-0.,-1.E-01));
#7701 = VECTOR('',#7702,1.);
#7702 = DIRECTION('',(-1.,-0.));
#7703 = ( GEOMETRIC_REPRESENTATION_CONTEXT(2) 
PARAMETRIC_REPRESENTATION_CONTEXT() REPRESENTATION_CONTEXT('2D SPACE',''
  ) );
#7704 = ORIENTED_EDGE('',*,*,#7705,.T.);
#7705 = EDGE_CURVE('',#7677,#7133,#7706,.T.);
#7706 = SURFACE_CURVE('',#7707,(#7711,#7718),.PCURVE_S1.);
#7707 = LINE('',#7708,#7709);
#7708 = CARTESIAN_POINT('',(24.5,-34.45,1.2));
#7709 = VECTOR('',#7710,1.);
#7710 = DIRECTION('',(-6.123233995737E-17,-1.,-6.123233995737E-17));
#7711 = PCURVE('',#4345,#7712);
#7712 = DEFINITIONAL_REPRESENTATION('',(#7713),#7717);
#7713 = LINE('',#7714,#7715);
#7714 = CARTESIAN_POINT('',(24.5,-34.45));
#7715 = VECTOR('',#7716,1.);
#7716 = DIRECTION('',(-6.123233995737E-17,-1.));
#7717 = ( GEOMETRIC_REPRESENTATION_CONTEXT(2) 
PARAMETRIC_REPRESENTATION_CONTEXT() REPRESENTATION_CONTEXT('2D SPACE',''
  ) );
#7718 = PCURVE('',#7719,#7724);
#7719 = PLANE('',#7720);
#7720 = AXIS2_PLACEMENT_3D('',#7721,#7722,#7723);
#7721 = CARTESIAN_POINT('',(24.4,-34.45,1.1));
#7722 = DIRECTION('',(0.707106781187,0.,-0.707106781187));
#7723 = DIRECTION('',(0.707106781187,-8.659560562355E-17,0.707106781187)
  );
#7724 = DEFINITIONAL_REPRESENTATION('',(#7725),#7729);
#7725 = LINE('',#7726,#7727);
#7726 = CARTESIAN_POINT('',(0.141421356237,-1.224646799147E-17));
#7727 = VECTOR('',#7728,1.);
#7728 = DIRECTION('',(6.162975822039E-33,1.));
#7729 = ( GEOMETRIC_REPRESENTATION_CONTEXT(2) 
PARAMETRIC_REPRESENTATION_CONTEXT() REPRESENTATION_CONTEXT('2D SPACE',''
  ) );
#7730 = FACE_BOUND('',#7731,.T.);
#7731 = EDGE_LOOP('',(#7732));
#7732 = ORIENTED_EDGE('',*,*,#7733,.T.);
#7733 = EDGE_CURVE('',#7734,#7734,#7736,.T.);
#7734 = VERTEX_POINT('',#7735);
#7735 = CARTESIAN_POINT('',(23.33,15.82,1.2));
#7736 = SURFACE_CURVE('',#7737,(#7742,#7753),.PCURVE_S1.);
#7737 = CIRCLE('',#7738,0.8);
#7738 = AXIS2_PLACEMENT_3D('',#7739,#7740,#7741);
#7739 = CARTESIAN_POINT('',(22.53,15.82,1.2));
#7740 = DIRECTION('',(0.,0.,-1.));
#7741 = DIRECTION('',(1.,0.,0.));
#7742 = PCURVE('',#4345,#7743);
#7743 = DEFINITIONAL_REPRESENTATION('',(#7744),#7752);
#7744 = ( BOUNDED_CURVE() B_SPLINE_CURVE(2,(#7745,#7746,#7747,#7748,
#7749,#7750,#7751),.UNSPECIFIED.,.T.,.F.) B_SPLINE_CURVE_WITH_KNOTS((1,2
    ,2,2,2,1),(-2.094395102393,0.,2.094395102393,4.188790204786,
6.28318530718,8.377580409573),.UNSPECIFIED.) CURVE() 
GEOMETRIC_REPRESENTATION_ITEM() RATIONAL_B_SPLINE_CURVE((1.,0.5,1.,0.5,
1.,0.5,1.)) REPRESENTATION_ITEM('') );
#7745 = CARTESIAN_POINT('',(23.33,15.82));
#7746 = CARTESIAN_POINT('',(23.33,14.434359353945));
#7747 = CARTESIAN_POINT('',(22.13,15.127179676972));
#7748 = CARTESIAN_POINT('',(20.93,15.82));
#7749 = CARTESIAN_POINT('',(22.13,16.512820323028));
#7750 = CARTESIAN_POINT('',(23.33,17.205640646055));
#7751 = CARTESIAN_POINT('',(23.33,15.82));
#7752 = ( GEOMETRIC_REPRESENTATION_CONTEXT(2) 
PARAMETRIC_REPRESENTATION_CONTEXT() REPRESENTATION_CONTEXT('2D SPACE',''
  ) );
#7753 = PCURVE('',#7754,#7759);
#7754 = CYLINDRICAL_SURFACE('',#7755,0.8);
#7755 = AXIS2_PLACEMENT_3D('',#7756,#7757,#7758);
#7756 = CARTESIAN_POINT('',(22.53,15.82,-0.1));
#7757 = DIRECTION('',(-0.,-0.,-1.));
#7758 = DIRECTION('',(1.,0.,0.));
#7759 = DEFINITIONAL_REPRESENTATION('',(#7760),#7764);
#7760 = LINE('',#7761,#7762);
#7761 = CARTESIAN_POINT('',(-6.28318530718,-1.3));
#7762 = VECTOR('',#7763,1.);
#7763 = DIRECTION('',(1.,-0.));
#7764 = ( GEOMETRIC_REPRESENTATION_CONTEXT(2) 
PARAMETRIC_REPRESENTATION_CONTEXT() REPRESENTATION_CONTEXT('2D SPACE',''
  ) );
#7765 = FACE_BOUND('',#7766,.T.);
#7766 = EDGE_LOOP('',(#7767));
#7767 = ORIENTED_EDGE('',*,*,#7768,.T.);
#7768 = EDGE_CURVE('',#7769,#7769,#7771,.T.);
#7769 = VERTEX_POINT('',#7770);
#7770 = CARTESIAN_POINT('',(23.33,41.58,1.2));
#7771 = SURFACE_CURVE('',#7772,(#7777,#7788),.PCURVE_S1.);
#7772 = CIRCLE('',#7773,0.8);
#7773 = AXIS2_PLACEMENT_3D('',#7774,#7775,#7776);
#7774 = CARTESIAN_POINT('',(22.53,41.58,1.2));
#7775 = DIRECTION('',(0.,0.,-1.));
#7776 = DIRECTION('',(1.,0.,0.));
#7777 = PCURVE('',#4345,#7778);
#7778 = DEFINITIONAL_REPRESENTATION('',(#7779),#7787);
#7779 = ( BOUNDED_CURVE() B_SPLINE_CURVE(2,(#7780,#7781,#7782,#7783,
#7784,#7785,#7786),.UNSPECIFIED.,.T.,.F.) B_SPLINE_CURVE_WITH_KNOTS((1,2
    ,2,2,2,1),(-2.094395102393,0.,2.094395102393,4.188790204786,
6.28318530718,8.377580409573),.UNSPECIFIED.) CURVE() 
GEOMETRIC_REPRESENTATION_ITEM() RATIONAL_B_SPLINE_CURVE((1.,0.5,1.,0.5,
1.,0.5,1.)) REPRESENTATION_ITEM('') );
#7780 = CARTESIAN_POINT('',(23.33,41.58));
#7781 = CARTESIAN_POINT('',(23.33,40.194359353945));
#7782 = CARTESIAN_POINT('',(22.13,40.887179676972));
#7783 = CARTESIAN_POINT('',(20.93,41.58));
#7784 = CARTESIAN_POINT('',(22.13,42.272820323028));
#7785 = CARTESIAN_POINT('',(23.33,42.965640646055));
#7786 = CARTESIAN_POINT('',(23.33,41.58));
#7787 = ( GEOMETRIC_REPRESENTATION_CONTEXT(2) 
PARAMETRIC_REPRESENTATION_CONTEXT() REPRESENTATION_CONTEXT('2D SPACE',''
  ) );
#7788 = PCURVE('',#7789,#7794);
#7789 = CYLINDRICAL_SURFACE('',#7790,0.8);
#7790 = AXIS2_PLACEMENT_3D('',#7791,#7792,#7793);
#7791 = CARTESIAN_POINT('',(22.53,41.58,-0.1));
#7792 = DIRECTION('',(-0.,-0.,-1.));
#7793 = DIRECTION('',(1.,0.,0.));
#7794 = DEFINITIONAL_REPRESENTATION('',(#7795),#7799);
#7795 = LINE('',#7796,#7797);
#7796 = CARTESIAN_POINT('',(-6.28318530718,-1.3));
#7797 = VECTOR('',#7798,1.);
#7798 = DIRECTION('',(1.,-0.));
#7799 = ( GEOMETRIC_REPRESENTATION_CONTEXT(2) 
PARAMETRIC_REPRESENTATION_CONTEXT() REPRESENTATION_CONTEXT('2D SPACE',''
  ) );
#7800 = ADVANCED_FACE('',(#7801),#4522,.F.);
#7801 = FACE_BOUND('',#7802,.F.);
#7802 = EDGE_LOOP('',(#7803,#7826,#7845,#7846));
#7803 = ORIENTED_EDGE('',*,*,#7804,.F.);
#7804 = EDGE_CURVE('',#7805,#6671,#7807,.T.);
#7805 = VERTEX_POINT('',#7806);
#7806 = CARTESIAN_POINT('',(22.4,-44.4,1.19));
#7807 = SURFACE_CURVE('',#7808,(#7812,#7819),.PCURVE_S1.);
#7808 = LINE('',#7809,#7810);
#7809 = CARTESIAN_POINT('',(22.4,-44.4,0.));
#7810 = VECTOR('',#7811,1.);
#7811 = DIRECTION('',(0.,0.,1.));
#7812 = PCURVE('',#4522,#7813);
#7813 = DEFINITIONAL_REPRESENTATION('',(#7814),#7818);
#7814 = LINE('',#7815,#7816);
#7815 = CARTESIAN_POINT('',(47.75,0.));
#7816 = VECTOR('',#7817,1.);
#7817 = DIRECTION('',(0.,-1.));
#7818 = ( GEOMETRIC_REPRESENTATION_CONTEXT(2) 
PARAMETRIC_REPRESENTATION_CONTEXT() REPRESENTATION_CONTEXT('2D SPACE',''
  ) );
#7819 = PCURVE('',#6710,#7820);
#7820 = DEFINITIONAL_REPRESENTATION('',(#7821),#7825);
#7821 = LINE('',#7822,#7823);
#7822 = CARTESIAN_POINT('',(0.,0.));
#7823 = VECTOR('',#7824,1.);
#7824 = DIRECTION('',(0.,1.));
#7825 = ( GEOMETRIC_REPRESENTATION_CONTEXT(2) 
PARAMETRIC_REPRESENTATION_CONTEXT() REPRESENTATION_CONTEXT('2D SPACE',''
  ) );
#7826 = ORIENTED_EDGE('',*,*,#7827,.T.);
#7827 = EDGE_CURVE('',#7805,#4477,#7828,.T.);
#7828 = SURFACE_CURVE('',#7829,(#7833,#7839),.PCURVE_S1.);
#7829 = LINE('',#7830,#7831);
#7830 = CARTESIAN_POINT('',(-23.875,-44.4,1.19));
#7831 = VECTOR('',#7832,1.);
#7832 = DIRECTION('',(-1.,0.,0.));
#7833 = PCURVE('',#4522,#7834);
#7834 = DEFINITIONAL_REPRESENTATION('',(#7835),#7838);
#7835 = B_SPLINE_CURVE_WITH_KNOTS('',1,(#7836,#7837),.UNSPECIFIED.,.F.,
  .F.,(2,2),(-46.275,-43.28794459375),.PIECEWISE_BEZIER_KNOTS.);
#7836 = CARTESIAN_POINT('',(47.75,-1.19));
#7837 = CARTESIAN_POINT('',(44.762944593751,-1.19));
#7838 = ( GEOMETRIC_REPRESENTATION_CONTEXT(2) 
PARAMETRIC_REPRESENTATION_CONTEXT() REPRESENTATION_CONTEXT('2D SPACE',''
  ) );
#7839 = PCURVE('',#4493,#7840);
#7840 = DEFINITIONAL_REPRESENTATION('',(#7841),#7844);
#7841 = B_SPLINE_CURVE_WITH_KNOTS('',1,(#7842,#7843),.UNSPECIFIED.,.F.,
  .F.,(2,2),(-46.275,-43.28794459375),.PIECEWISE_BEZIER_KNOTS.);
#7842 = CARTESIAN_POINT('',(44.8,-2.95));
#7843 = CARTESIAN_POINT('',(41.812944593751,-2.95));
#7844 = ( GEOMETRIC_REPRESENTATION_CONTEXT(2) 
PARAMETRIC_REPRESENTATION_CONTEXT() REPRESENTATION_CONTEXT('2D SPACE',''
  ) );
#7845 = ORIENTED_EDGE('',*,*,#4509,.F.);
#7846 = ORIENTED_EDGE('',*,*,#6670,.T.);
#7847 = ADVANCED_FACE('',(#7848),#4493,.T.);
#7848 = FACE_BOUND('',#7849,.T.);
#7849 = EDGE_LOOP('',(#7850,#7851,#7852,#7873));
#7850 = ORIENTED_EDGE('',*,*,#7827,.T.);
#7851 = ORIENTED_EDGE('',*,*,#4476,.F.);
#7852 = ORIENTED_EDGE('',*,*,#7853,.T.);
#7853 = EDGE_CURVE('',#4451,#7854,#7856,.T.);
#7854 = VERTEX_POINT('',#7855);
#7855 = CARTESIAN_POINT('',(25.35,-41.45,1.19));
#7856 = SURFACE_CURVE('',#7857,(#7861,#7867),.PCURVE_S1.);
#7857 = LINE('',#7858,#7859);
#7858 = CARTESIAN_POINT('',(25.35,-42.925,1.19));
#7859 = VECTOR('',#7860,1.);
#7860 = DIRECTION('',(0.,-1.,0.));
#7861 = PCURVE('',#4493,#7862);
#7862 = DEFINITIONAL_REPRESENTATION('',(#7863),#7866);
#7863 = B_SPLINE_CURVE_WITH_KNOTS('',1,(#7864,#7865),.UNSPECIFIED.,.F.,
  .F.,(2,2),(-4.094160170742,-1.475),.PIECEWISE_BEZIER_KNOTS.);
#7864 = CARTESIAN_POINT('',(47.75,2.619160170742));
#7865 = CARTESIAN_POINT('',(47.75,7.105427357601E-15));
#7866 = ( GEOMETRIC_REPRESENTATION_CONTEXT(2) 
PARAMETRIC_REPRESENTATION_CONTEXT() REPRESENTATION_CONTEXT('2D SPACE',''
  ) );
#7867 = PCURVE('',#4465,#7868);
#7868 = DEFINITIONAL_REPRESENTATION('',(#7869),#7872);
#7869 = B_SPLINE_CURVE_WITH_KNOTS('',1,(#7870,#7871),.UNSPECIFIED.,.F.,
  .F.,(2,2),(-4.094160170742,-1.475),.PIECEWISE_BEZIER_KNOTS.);
#7870 = CARTESIAN_POINT('',(5.569160170742,-1.19));
#7871 = CARTESIAN_POINT('',(2.95,-1.19));
#7872 = ( GEOMETRIC_REPRESENTATION_CONTEXT(2) 
PARAMETRIC_REPRESENTATION_CONTEXT() REPRESENTATION_CONTEXT('2D SPACE',''
  ) );
#7873 = ORIENTED_EDGE('',*,*,#7874,.F.);
#7874 = EDGE_CURVE('',#7805,#7854,#7875,.T.);
#7875 = SURFACE_CURVE('',#7876,(#7881,#7888),.PCURVE_S1.);
#7876 = CIRCLE('',#7877,2.95);
#7877 = AXIS2_PLACEMENT_3D('',#7878,#7879,#7880);
#7878 = CARTESIAN_POINT('',(22.4,-41.45,1.19));
#7879 = DIRECTION('',(0.,0.,1.));
#7880 = DIRECTION('',(0.,-1.,0.));
#7881 = PCURVE('',#4493,#7882);
#7882 = DEFINITIONAL_REPRESENTATION('',(#7883),#7887);
#7883 = CIRCLE('',#7884,2.95);
#7884 = AXIS2_PLACEMENT_2D('',#7885,#7886);
#7885 = CARTESIAN_POINT('',(44.8,7.105427357601E-15));
#7886 = DIRECTION('',(0.,-1.));
#7887 = ( GEOMETRIC_REPRESENTATION_CONTEXT(2) 
PARAMETRIC_REPRESENTATION_CONTEXT() REPRESENTATION_CONTEXT('2D SPACE',''
  ) );
#7888 = PCURVE('',#6710,#7889);
#7889 = DEFINITIONAL_REPRESENTATION('',(#7890),#7894);
#7890 = LINE('',#7891,#7892);
#7891 = CARTESIAN_POINT('',(0.,1.19));
#7892 = VECTOR('',#7893,1.);
#7893 = DIRECTION('',(1.,0.));
#7894 = ( GEOMETRIC_REPRESENTATION_CONTEXT(2) 
PARAMETRIC_REPRESENTATION_CONTEXT() REPRESENTATION_CONTEXT('2D SPACE',''
  ) );
#7895 = ADVANCED_FACE('',(#7896),#4465,.F.);
#7896 = FACE_BOUND('',#7897,.F.);
#7897 = EDGE_LOOP('',(#7898,#7899,#7920,#7921));
#7898 = ORIENTED_EDGE('',*,*,#7853,.T.);
#7899 = ORIENTED_EDGE('',*,*,#7900,.T.);
#7900 = EDGE_CURVE('',#7854,#6694,#7901,.T.);
#7901 = SURFACE_CURVE('',#7902,(#7906,#7913),.PCURVE_S1.);
#7902 = LINE('',#7903,#7904);
#7903 = CARTESIAN_POINT('',(25.35,-41.45,0.));
#7904 = VECTOR('',#7905,1.);
#7905 = DIRECTION('',(0.,0.,1.));
#7906 = PCURVE('',#4465,#7907);
#7907 = DEFINITIONAL_REPRESENTATION('',(#7908),#7912);
#7908 = LINE('',#7909,#7910);
#7909 = CARTESIAN_POINT('',(2.95,0.));
#7910 = VECTOR('',#7911,1.);
#7911 = DIRECTION('',(0.,-1.));
#7912 = ( GEOMETRIC_REPRESENTATION_CONTEXT(2) 
PARAMETRIC_REPRESENTATION_CONTEXT() REPRESENTATION_CONTEXT('2D SPACE',''
  ) );
#7913 = PCURVE('',#6710,#7914);
#7914 = DEFINITIONAL_REPRESENTATION('',(#7915),#7919);
#7915 = LINE('',#7916,#7917);
#7916 = CARTESIAN_POINT('',(1.570796326795,0.));
#7917 = VECTOR('',#7918,1.);
#7918 = DIRECTION('',(0.,1.));
#7919 = ( GEOMETRIC_REPRESENTATION_CONTEXT(2) 
PARAMETRIC_REPRESENTATION_CONTEXT() REPRESENTATION_CONTEXT('2D SPACE',''
  ) );
#7920 = ORIENTED_EDGE('',*,*,#6722,.T.);
#7921 = ORIENTED_EDGE('',*,*,#4450,.T.);
#7922 = ADVANCED_FACE('',(#7923),#4556,.T.);
#7923 = FACE_BOUND('',#7924,.T.);
#7924 = EDGE_LOOP('',(#7925,#7946,#7947,#7968));
#7925 = ORIENTED_EDGE('',*,*,#7926,.T.);
#7926 = EDGE_CURVE('',#7927,#4538,#7929,.T.);
#7927 = VERTEX_POINT('',#7928);
#7928 = CARTESIAN_POINT('',(-22.4,44.4,1.19));
#7929 = SURFACE_CURVE('',#7930,(#7934,#7940),.PCURVE_S1.);
#7930 = LINE('',#7931,#7932);
#7931 = CARTESIAN_POINT('',(1.475,44.4,1.19));
#7932 = VECTOR('',#7933,1.);
#7933 = DIRECTION('',(1.,0.,-0.));
#7934 = PCURVE('',#4556,#7935);
#7935 = DEFINITIONAL_REPRESENTATION('',(#7936),#7939);
#7936 = B_SPLINE_CURVE_WITH_KNOTS('',1,(#7937,#7938),.UNSPECIFIED.,.F.,
  .F.,(2,2),(-23.875,-20.88792491836),.PIECEWISE_BEZIER_KNOTS.);
#7937 = CARTESIAN_POINT('',(0.,85.85));
#7938 = CARTESIAN_POINT('',(2.987075081636,85.85));
#7939 = ( GEOMETRIC_REPRESENTATION_CONTEXT(2) 
PARAMETRIC_REPRESENTATION_CONTEXT() REPRESENTATION_CONTEXT('2D SPACE',''
  ) );
#7940 = PCURVE('',#4583,#7941);
#7941 = DEFINITIONAL_REPRESENTATION('',(#7942),#7945);
#7942 = B_SPLINE_CURVE_WITH_KNOTS('',1,(#7943,#7944),.UNSPECIFIED.,.F.,
  .F.,(2,2),(-23.875,-20.88792491836),.PIECEWISE_BEZIER_KNOTS.);
#7943 = CARTESIAN_POINT('',(47.75,-1.19));
#7944 = CARTESIAN_POINT('',(44.762924918364,-1.19));
#7945 = ( GEOMETRIC_REPRESENTATION_CONTEXT(2) 
PARAMETRIC_REPRESENTATION_CONTEXT() REPRESENTATION_CONTEXT('2D SPACE',''
  ) );
#7946 = ORIENTED_EDGE('',*,*,#4537,.T.);
#7947 = ORIENTED_EDGE('',*,*,#7948,.T.);
#7948 = EDGE_CURVE('',#4540,#7949,#7951,.T.);
#7949 = VERTEX_POINT('',#7950);
#7950 = CARTESIAN_POINT('',(-25.35,41.45,1.19));
#7951 = SURFACE_CURVE('',#7952,(#7956,#7962),.PCURVE_S1.);
#7952 = LINE('',#7953,#7954);
#7953 = CARTESIAN_POINT('',(-25.35,1.475,1.19));
#7954 = VECTOR('',#7955,1.);
#7955 = DIRECTION('',(-0.,1.,0.));
#7956 = PCURVE('',#4556,#7957);
#7957 = DEFINITIONAL_REPRESENTATION('',(#7958),#7961);
#7958 = B_SPLINE_CURVE_WITH_KNOTS('',1,(#7959,#7960),.UNSPECIFIED.,.F.,
  .F.,(2,2),(36.864937466131,39.975),.PIECEWISE_BEZIER_KNOTS.);
#7959 = CARTESIAN_POINT('',(-2.95,79.789937466131));
#7960 = CARTESIAN_POINT('',(-2.95,82.9));
#7961 = ( GEOMETRIC_REPRESENTATION_CONTEXT(2) 
PARAMETRIC_REPRESENTATION_CONTEXT() REPRESENTATION_CONTEXT('2D SPACE',''
  ) );
#7962 = PCURVE('',#4628,#7963);
#7963 = DEFINITIONAL_REPRESENTATION('',(#7964),#7967);
#7964 = B_SPLINE_CURVE_WITH_KNOTS('',1,(#7965,#7966),.UNSPECIFIED.,.F.,
  .F.,(2,2),(36.864937466131,39.975),.PIECEWISE_BEZIER_KNOTS.);
#7965 = CARTESIAN_POINT('',(6.060062533869,-1.19));
#7966 = CARTESIAN_POINT('',(2.95,-1.19));
#7967 = ( GEOMETRIC_REPRESENTATION_CONTEXT(2) 
PARAMETRIC_REPRESENTATION_CONTEXT() REPRESENTATION_CONTEXT('2D SPACE',''
  ) );
#7968 = ORIENTED_EDGE('',*,*,#7969,.F.);
#7969 = EDGE_CURVE('',#7927,#7949,#7970,.T.);
#7970 = SURFACE_CURVE('',#7971,(#7976,#7983),.PCURVE_S1.);
#7971 = CIRCLE('',#7972,2.95);
#7972 = AXIS2_PLACEMENT_3D('',#7973,#7974,#7975);
#7973 = CARTESIAN_POINT('',(-22.4,41.45,1.19));
#7974 = DIRECTION('',(0.,0.,1.));
#7975 = DIRECTION('',(-0.,1.,0.));
#7976 = PCURVE('',#4556,#7977);
#7977 = DEFINITIONAL_REPRESENTATION('',(#7978),#7982);
#7978 = CIRCLE('',#7979,2.95);
#7979 = AXIS2_PLACEMENT_2D('',#7980,#7981);
#7980 = CARTESIAN_POINT('',(3.552713678801E-15,82.9));
#7981 = DIRECTION('',(0.,1.));
#7982 = ( GEOMETRIC_REPRESENTATION_CONTEXT(2) 
PARAMETRIC_REPRESENTATION_CONTEXT() REPRESENTATION_CONTEXT('2D SPACE',''
  ) );
#7983 = PCURVE('',#6858,#7984);
#7984 = DEFINITIONAL_REPRESENTATION('',(#7985),#7989);
#7985 = LINE('',#7986,#7987);
#7986 = CARTESIAN_POINT('',(0.,1.19));
#7987 = VECTOR('',#7988,1.);
#7988 = DIRECTION('',(1.,0.));
#7989 = ( GEOMETRIC_REPRESENTATION_CONTEXT(2) 
PARAMETRIC_REPRESENTATION_CONTEXT() REPRESENTATION_CONTEXT('2D SPACE',''
  ) );
#7990 = ADVANCED_FACE('',(#7991),#4628,.F.);
#7991 = FACE_BOUND('',#7992,.F.);
#7992 = EDGE_LOOP('',(#7993,#7994,#8015,#8016));
#7993 = ORIENTED_EDGE('',*,*,#7948,.T.);
#7994 = ORIENTED_EDGE('',*,*,#7995,.T.);
#7995 = EDGE_CURVE('',#7949,#6842,#7996,.T.);
#7996 = SURFACE_CURVE('',#7997,(#8001,#8008),.PCURVE_S1.);
#7997 = LINE('',#7998,#7999);
#7998 = CARTESIAN_POINT('',(-25.35,41.45,0.));
#7999 = VECTOR('',#8000,1.);
#8000 = DIRECTION('',(0.,0.,1.));
#8001 = PCURVE('',#4628,#8002);
#8002 = DEFINITIONAL_REPRESENTATION('',(#8003),#8007);
#8003 = LINE('',#8004,#8005);
#8004 = CARTESIAN_POINT('',(2.95,0.));
#8005 = VECTOR('',#8006,1.);
#8006 = DIRECTION('',(0.,-1.));
#8007 = ( GEOMETRIC_REPRESENTATION_CONTEXT(2) 
PARAMETRIC_REPRESENTATION_CONTEXT() REPRESENTATION_CONTEXT('2D SPACE',''
  ) );
#8008 = PCURVE('',#6858,#8009);
#8009 = DEFINITIONAL_REPRESENTATION('',(#8010),#8014);
#8010 = LINE('',#8011,#8012);
#8011 = CARTESIAN_POINT('',(1.570796326795,0.));
#8012 = VECTOR('',#8013,1.);
#8013 = DIRECTION('',(0.,1.));
#8014 = ( GEOMETRIC_REPRESENTATION_CONTEXT(2) 
PARAMETRIC_REPRESENTATION_CONTEXT() REPRESENTATION_CONTEXT('2D SPACE',''
  ) );
#8015 = ORIENTED_EDGE('',*,*,#6870,.T.);
#8016 = ORIENTED_EDGE('',*,*,#4615,.T.);
#8017 = ADVANCED_FACE('',(#8018),#4583,.F.);
#8018 = FACE_BOUND('',#8019,.F.);
#8019 = EDGE_LOOP('',(#8020,#8041,#8042,#8043));
#8020 = ORIENTED_EDGE('',*,*,#8021,.F.);
#8021 = EDGE_CURVE('',#7927,#6819,#8022,.T.);
#8022 = SURFACE_CURVE('',#8023,(#8027,#8034),.PCURVE_S1.);
#8023 = LINE('',#8024,#8025);
#8024 = CARTESIAN_POINT('',(-22.4,44.4,0.));
#8025 = VECTOR('',#8026,1.);
#8026 = DIRECTION('',(0.,0.,1.));
#8027 = PCURVE('',#4583,#8028);
#8028 = DEFINITIONAL_REPRESENTATION('',(#8029),#8033);
#8029 = LINE('',#8030,#8031);
#8030 = CARTESIAN_POINT('',(47.75,0.));
#8031 = VECTOR('',#8032,1.);
#8032 = DIRECTION('',(0.,-1.));
#8033 = ( GEOMETRIC_REPRESENTATION_CONTEXT(2) 
PARAMETRIC_REPRESENTATION_CONTEXT() REPRESENTATION_CONTEXT('2D SPACE',''
  ) );
#8034 = PCURVE('',#6858,#8035);
#8035 = DEFINITIONAL_REPRESENTATION('',(#8036),#8040);
#8036 = LINE('',#8037,#8038);
#8037 = CARTESIAN_POINT('',(0.,0.));
#8038 = VECTOR('',#8039,1.);
#8039 = DIRECTION('',(0.,1.));
#8040 = ( GEOMETRIC_REPRESENTATION_CONTEXT(2) 
PARAMETRIC_REPRESENTATION_CONTEXT() REPRESENTATION_CONTEXT('2D SPACE',''
  ) );
#8041 = ORIENTED_EDGE('',*,*,#7926,.T.);
#8042 = ORIENTED_EDGE('',*,*,#4568,.F.);
#8043 = ORIENTED_EDGE('',*,*,#6818,.T.);
#8044 = ADVANCED_FACE('',(#8045),#4810,.F.);
#8045 = FACE_BOUND('',#8046,.F.);
#8046 = EDGE_LOOP('',(#8047,#8070,#8089,#8090));
#8047 = ORIENTED_EDGE('',*,*,#8048,.F.);
#8048 = EDGE_CURVE('',#8049,#6745,#8051,.T.);
#8049 = VERTEX_POINT('',#8050);
#8050 = CARTESIAN_POINT('',(25.35,41.45,1.19));
#8051 = SURFACE_CURVE('',#8052,(#8056,#8063),.PCURVE_S1.);
#8052 = LINE('',#8053,#8054);
#8053 = CARTESIAN_POINT('',(25.35,41.45,0.));
#8054 = VECTOR('',#8055,1.);
#8055 = DIRECTION('',(0.,0.,1.));
#8056 = PCURVE('',#4810,#8057);
#8057 = DEFINITIONAL_REPRESENTATION('',(#8058),#8062);
#8058 = LINE('',#8059,#8060);
#8059 = CARTESIAN_POINT('',(85.85,0.));
#8060 = VECTOR('',#8061,1.);
#8061 = DIRECTION('',(0.,-1.));
#8062 = ( GEOMETRIC_REPRESENTATION_CONTEXT(2) 
PARAMETRIC_REPRESENTATION_CONTEXT() REPRESENTATION_CONTEXT('2D SPACE',''
  ) );
#8063 = PCURVE('',#6784,#8064);
#8064 = DEFINITIONAL_REPRESENTATION('',(#8065),#8069);
#8065 = LINE('',#8066,#8067);
#8066 = CARTESIAN_POINT('',(0.,0.));
#8067 = VECTOR('',#8068,1.);
#8068 = DIRECTION('',(0.,1.));
#8069 = ( GEOMETRIC_REPRESENTATION_CONTEXT(2) 
PARAMETRIC_REPRESENTATION_CONTEXT() REPRESENTATION_CONTEXT('2D SPACE',''
  ) );
#8070 = ORIENTED_EDGE('',*,*,#8071,.T.);
#8071 = EDGE_CURVE('',#8049,#4765,#8072,.T.);
#8072 = SURFACE_CURVE('',#8073,(#8077,#8083),.PCURVE_S1.);
#8073 = LINE('',#8074,#8075);
#8074 = CARTESIAN_POINT('',(25.35,-42.925,1.19));
#8075 = VECTOR('',#8076,1.);
#8076 = DIRECTION('',(0.,-1.,0.));
#8077 = PCURVE('',#4810,#8078);
#8078 = DEFINITIONAL_REPRESENTATION('',(#8079),#8082);
#8079 = B_SPLINE_CURVE_WITH_KNOTS('',1,(#8080,#8081),.UNSPECIFIED.,.F.,
  .F.,(2,2),(-84.375,-81.75583982925),.PIECEWISE_BEZIER_KNOTS.);
#8080 = CARTESIAN_POINT('',(85.85,-1.19));
#8081 = CARTESIAN_POINT('',(83.230839829258,-1.19));
#8082 = ( GEOMETRIC_REPRESENTATION_CONTEXT(2) 
PARAMETRIC_REPRESENTATION_CONTEXT() REPRESENTATION_CONTEXT('2D SPACE',''
  ) );
#8083 = PCURVE('',#4781,#8084);
#8084 = DEFINITIONAL_REPRESENTATION('',(#8085),#8088);
#8085 = B_SPLINE_CURVE_WITH_KNOTS('',1,(#8086,#8087),.UNSPECIFIED.,.F.,
  .F.,(2,2),(-84.375,-81.75583982925),.PIECEWISE_BEZIER_KNOTS.);
#8086 = CARTESIAN_POINT('',(47.75,82.9));
#8087 = CARTESIAN_POINT('',(47.75,80.280839829258));
#8088 = ( GEOMETRIC_REPRESENTATION_CONTEXT(2) 
PARAMETRIC_REPRESENTATION_CONTEXT() REPRESENTATION_CONTEXT('2D SPACE',''
  ) );
#8089 = ORIENTED_EDGE('',*,*,#4797,.F.);
#8090 = ORIENTED_EDGE('',*,*,#6744,.T.);
#8091 = ADVANCED_FACE('',(#8092),#4781,.T.);
#8092 = FACE_BOUND('',#8093,.T.);
#8093 = EDGE_LOOP('',(#8094,#8095,#8096,#8117));
#8094 = ORIENTED_EDGE('',*,*,#8071,.T.);
#8095 = ORIENTED_EDGE('',*,*,#4764,.F.);
#8096 = ORIENTED_EDGE('',*,*,#8097,.T.);
#8097 = EDGE_CURVE('',#4739,#8098,#8100,.T.);
#8098 = VERTEX_POINT('',#8099);
#8099 = CARTESIAN_POINT('',(22.4,44.4,1.19));
#8100 = SURFACE_CURVE('',#8101,(#8105,#8111),.PCURVE_S1.);
#8101 = LINE('',#8102,#8103);
#8102 = CARTESIAN_POINT('',(1.475,44.4,1.19));
#8103 = VECTOR('',#8104,1.);
#8104 = DIRECTION('',(1.,0.,-0.));
#8105 = PCURVE('',#4781,#8106);
#8106 = DEFINITIONAL_REPRESENTATION('',(#8107),#8110);
#8107 = B_SPLINE_CURVE_WITH_KNOTS('',1,(#8108,#8109),.UNSPECIFIED.,.F.,
  .F.,(2,2),(18.099651214434,20.925),.PIECEWISE_BEZIER_KNOTS.);
#8108 = CARTESIAN_POINT('',(41.974651214434,85.85));
#8109 = CARTESIAN_POINT('',(44.8,85.85));
#8110 = ( GEOMETRIC_REPRESENTATION_CONTEXT(2) 
PARAMETRIC_REPRESENTATION_CONTEXT() REPRESENTATION_CONTEXT('2D SPACE',''
  ) );
#8111 = PCURVE('',#4753,#8112);
#8112 = DEFINITIONAL_REPRESENTATION('',(#8113),#8116);
#8113 = B_SPLINE_CURVE_WITH_KNOTS('',1,(#8114,#8115),.UNSPECIFIED.,.F.,
  .F.,(2,2),(18.099651214434,20.925),.PIECEWISE_BEZIER_KNOTS.);
#8114 = CARTESIAN_POINT('',(5.775348785566,-1.19));
#8115 = CARTESIAN_POINT('',(2.95,-1.19));
#8116 = ( GEOMETRIC_REPRESENTATION_CONTEXT(2) 
PARAMETRIC_REPRESENTATION_CONTEXT() REPRESENTATION_CONTEXT('2D SPACE',''
  ) );
#8117 = ORIENTED_EDGE('',*,*,#8118,.F.);
#8118 = EDGE_CURVE('',#8049,#8098,#8119,.T.);
#8119 = SURFACE_CURVE('',#8120,(#8125,#8132),.PCURVE_S1.);
#8120 = CIRCLE('',#8121,2.95);
#8121 = AXIS2_PLACEMENT_3D('',#8122,#8123,#8124);
#8122 = CARTESIAN_POINT('',(22.4,41.45,1.19));
#8123 = DIRECTION('',(0.,0.,1.));
#8124 = DIRECTION('',(1.,0.,-0.));
#8125 = PCURVE('',#4781,#8126);
#8126 = DEFINITIONAL_REPRESENTATION('',(#8127),#8131);
#8127 = CIRCLE('',#8128,2.95);
#8128 = AXIS2_PLACEMENT_2D('',#8129,#8130);
#8129 = CARTESIAN_POINT('',(44.8,82.9));
#8130 = DIRECTION('',(1.,0.));
#8131 = ( GEOMETRIC_REPRESENTATION_CONTEXT(2) 
PARAMETRIC_REPRESENTATION_CONTEXT() REPRESENTATION_CONTEXT('2D SPACE',''
  ) );
#8132 = PCURVE('',#6784,#8133);
#8133 = DEFINITIONAL_REPRESENTATION('',(#8134),#8138);
#8134 = LINE('',#8135,#8136);
#8135 = CARTESIAN_POINT('',(0.,1.19));
#8136 = VECTOR('',#8137,1.);
#8137 = DIRECTION('',(1.,0.));
#8138 = ( GEOMETRIC_REPRESENTATION_CONTEXT(2) 
PARAMETRIC_REPRESENTATION_CONTEXT() REPRESENTATION_CONTEXT('2D SPACE',''
  ) );
#8139 = ADVANCED_FACE('',(#8140),#4753,.F.);
#8140 = FACE_BOUND('',#8141,.F.);
#8141 = EDGE_LOOP('',(#8142,#8143,#8164,#8165));
#8142 = ORIENTED_EDGE('',*,*,#8097,.T.);
#8143 = ORIENTED_EDGE('',*,*,#8144,.T.);
#8144 = EDGE_CURVE('',#8098,#6768,#8145,.T.);
#8145 = SURFACE_CURVE('',#8146,(#8150,#8157),.PCURVE_S1.);
#8146 = LINE('',#8147,#8148);
#8147 = CARTESIAN_POINT('',(22.4,44.4,0.));
#8148 = VECTOR('',#8149,1.);
#8149 = DIRECTION('',(0.,0.,1.));
#8150 = PCURVE('',#4753,#8151);
#8151 = DEFINITIONAL_REPRESENTATION('',(#8152),#8156);
#8152 = LINE('',#8153,#8154);
#8153 = CARTESIAN_POINT('',(2.95,0.));
#8154 = VECTOR('',#8155,1.);
#8155 = DIRECTION('',(0.,-1.));
#8156 = ( GEOMETRIC_REPRESENTATION_CONTEXT(2) 
PARAMETRIC_REPRESENTATION_CONTEXT() REPRESENTATION_CONTEXT('2D SPACE',''
  ) );
#8157 = PCURVE('',#6784,#8158);
#8158 = DEFINITIONAL_REPRESENTATION('',(#8159),#8163);
#8159 = LINE('',#8160,#8161);
#8160 = CARTESIAN_POINT('',(1.570796326795,0.));
#8161 = VECTOR('',#8162,1.);
#8162 = DIRECTION('',(0.,1.));
#8163 = ( GEOMETRIC_REPRESENTATION_CONTEXT(2) 
PARAMETRIC_REPRESENTATION_CONTEXT() REPRESENTATION_CONTEXT('2D SPACE',''
  ) );
#8164 = ORIENTED_EDGE('',*,*,#6796,.T.);
#8165 = ORIENTED_EDGE('',*,*,#4738,.T.);
#8166 = ADVANCED_FACE('',(#8167),#4988,.F.);
#8167 = FACE_BOUND('',#8168,.T.);
#8168 = EDGE_LOOP('',(#8169,#8192,#8193,#8194));
#8169 = ORIENTED_EDGE('',*,*,#8170,.F.);
#8170 = EDGE_CURVE('',#4951,#8171,#8173,.T.);
#8171 = VERTEX_POINT('',#8172);
#8172 = CARTESIAN_POINT('',(-21.03,-41.58,0.2));
#8173 = SEAM_CURVE('',#8174,(#8178,#8185),.PCURVE_S1.);
#8174 = LINE('',#8175,#8176);
#8175 = CARTESIAN_POINT('',(-21.03,-41.58,-0.4));
#8176 = VECTOR('',#8177,1.);
#8177 = DIRECTION('',(0.,0.,1.));
#8178 = PCURVE('',#4988,#8179);
#8179 = DEFINITIONAL_REPRESENTATION('',(#8180),#8184);
#8180 = LINE('',#8181,#8182);
#8181 = CARTESIAN_POINT('',(-6.28318530718,0.));
#8182 = VECTOR('',#8183,1.);
#8183 = DIRECTION('',(-0.,-1.));
#8184 = ( GEOMETRIC_REPRESENTATION_CONTEXT(2) 
PARAMETRIC_REPRESENTATION_CONTEXT() REPRESENTATION_CONTEXT('2D SPACE',''
  ) );
#8185 = PCURVE('',#4988,#8186);
#8186 = DEFINITIONAL_REPRESENTATION('',(#8187),#8191);
#8187 = LINE('',#8188,#8189);
#8188 = CARTESIAN_POINT('',(-0.,0.));
#8189 = VECTOR('',#8190,1.);
#8190 = DIRECTION('',(-0.,-1.));
#8191 = ( GEOMETRIC_REPRESENTATION_CONTEXT(2) 
PARAMETRIC_REPRESENTATION_CONTEXT() REPRESENTATION_CONTEXT('2D SPACE',''
  ) );
#8192 = ORIENTED_EDGE('',*,*,#4973,.T.);
#8193 = ORIENTED_EDGE('',*,*,#8170,.T.);
#8194 = ORIENTED_EDGE('',*,*,#8195,.T.);
#8195 = EDGE_CURVE('',#8171,#8171,#8196,.T.);
#8196 = SURFACE_CURVE('',#8197,(#8202,#8209),.PCURVE_S1.);
#8197 = CIRCLE('',#8198,1.5);
#8198 = AXIS2_PLACEMENT_3D('',#8199,#8200,#8201);
#8199 = CARTESIAN_POINT('',(-22.53,-41.58,0.2));
#8200 = DIRECTION('',(0.,0.,1.));
#8201 = DIRECTION('',(1.,0.,0.));
#8202 = PCURVE('',#4988,#8203);
#8203 = DEFINITIONAL_REPRESENTATION('',(#8204),#8208);
#8204 = LINE('',#8205,#8206);
#8205 = CARTESIAN_POINT('',(-0.,-0.6));
#8206 = VECTOR('',#8207,1.);
#8207 = DIRECTION('',(-1.,0.));
#8208 = ( GEOMETRIC_REPRESENTATION_CONTEXT(2) 
PARAMETRIC_REPRESENTATION_CONTEXT() REPRESENTATION_CONTEXT('2D SPACE',''
  ) );
#8209 = PCURVE('',#8210,#8215);
#8210 = PLANE('',#8211);
#8211 = AXIS2_PLACEMENT_3D('',#8212,#8213,#8214);
#8212 = CARTESIAN_POINT('',(-22.53,-41.58,0.2));
#8213 = DIRECTION('',(0.,0.,1.));
#8214 = DIRECTION('',(1.,0.,-0.));
#8215 = DEFINITIONAL_REPRESENTATION('',(#8216),#8220);
#8216 = CIRCLE('',#8217,1.5);
#8217 = AXIS2_PLACEMENT_2D('',#8218,#8219);
#8218 = CARTESIAN_POINT('',(0.,0.));
#8219 = DIRECTION('',(1.,0.));
#8220 = ( GEOMETRIC_REPRESENTATION_CONTEXT(2) 
PARAMETRIC_REPRESENTATION_CONTEXT() REPRESENTATION_CONTEXT('2D SPACE',''
  ) );
#8221 = ADVANCED_FACE('',(#8222),#5041,.F.);
#8222 = FACE_BOUND('',#8223,.T.);
#8223 = EDGE_LOOP('',(#8224,#8247,#8248,#8249));
#8224 = ORIENTED_EDGE('',*,*,#8225,.F.);
#8225 = EDGE_CURVE('',#5004,#8226,#8228,.T.);
#8226 = VERTEX_POINT('',#8227);
#8227 = CARTESIAN_POINT('',(-21.03,-15.82,0.2));
#8228 = SEAM_CURVE('',#8229,(#8233,#8240),.PCURVE_S1.);
#8229 = LINE('',#8230,#8231);
#8230 = CARTESIAN_POINT('',(-21.03,-15.82,-0.4));
#8231 = VECTOR('',#8232,1.);
#8232 = DIRECTION('',(0.,0.,1.));
#8233 = PCURVE('',#5041,#8234);
#8234 = DEFINITIONAL_REPRESENTATION('',(#8235),#8239);
#8235 = LINE('',#8236,#8237);
#8236 = CARTESIAN_POINT('',(-6.28318530718,0.));
#8237 = VECTOR('',#8238,1.);
#8238 = DIRECTION('',(-0.,-1.));
#8239 = ( GEOMETRIC_REPRESENTATION_CONTEXT(2) 
PARAMETRIC_REPRESENTATION_CONTEXT() REPRESENTATION_CONTEXT('2D SPACE',''
  ) );
#8240 = PCURVE('',#5041,#8241);
#8241 = DEFINITIONAL_REPRESENTATION('',(#8242),#8246);
#8242 = LINE('',#8243,#8244);
#8243 = CARTESIAN_POINT('',(-0.,0.));
#8244 = VECTOR('',#8245,1.);
#8245 = DIRECTION('',(-0.,-1.));
#8246 = ( GEOMETRIC_REPRESENTATION_CONTEXT(2) 
PARAMETRIC_REPRESENTATION_CONTEXT() REPRESENTATION_CONTEXT('2D SPACE',''
  ) );
#8247 = ORIENTED_EDGE('',*,*,#5026,.T.);
#8248 = ORIENTED_EDGE('',*,*,#8225,.T.);
#8249 = ORIENTED_EDGE('',*,*,#8250,.T.);
#8250 = EDGE_CURVE('',#8226,#8226,#8251,.T.);
#8251 = SURFACE_CURVE('',#8252,(#8257,#8264),.PCURVE_S1.);
#8252 = CIRCLE('',#8253,1.5);
#8253 = AXIS2_PLACEMENT_3D('',#8254,#8255,#8256);
#8254 = CARTESIAN_POINT('',(-22.53,-15.82,0.2));
#8255 = DIRECTION('',(0.,0.,1.));
#8256 = DIRECTION('',(1.,0.,0.));
#8257 = PCURVE('',#5041,#8258);
#8258 = DEFINITIONAL_REPRESENTATION('',(#8259),#8263);
#8259 = LINE('',#8260,#8261);
#8260 = CARTESIAN_POINT('',(-0.,-0.6));
#8261 = VECTOR('',#8262,1.);
#8262 = DIRECTION('',(-1.,0.));
#8263 = ( GEOMETRIC_REPRESENTATION_CONTEXT(2) 
PARAMETRIC_REPRESENTATION_CONTEXT() REPRESENTATION_CONTEXT('2D SPACE',''
  ) );
#8264 = PCURVE('',#8265,#8270);
#8265 = PLANE('',#8266);
#8266 = AXIS2_PLACEMENT_3D('',#8267,#8268,#8269);
#8267 = CARTESIAN_POINT('',(-22.53,-41.58,0.2));
#8268 = DIRECTION('',(0.,0.,1.));
#8269 = DIRECTION('',(1.,0.,-0.));
#8270 = DEFINITIONAL_REPRESENTATION('',(#8271),#8275);
#8271 = CIRCLE('',#8272,1.5);
#8272 = AXIS2_PLACEMENT_2D('',#8273,#8274);
#8273 = CARTESIAN_POINT('',(0.,25.76));
#8274 = DIRECTION('',(1.,0.));
#8275 = ( GEOMETRIC_REPRESENTATION_CONTEXT(2) 
PARAMETRIC_REPRESENTATION_CONTEXT() REPRESENTATION_CONTEXT('2D SPACE',''
  ) );
#8276 = ADVANCED_FACE('',(#8277),#5094,.F.);
#8277 = FACE_BOUND('',#8278,.T.);
#8278 = EDGE_LOOP('',(#8279,#8302,#8303,#8304));
#8279 = ORIENTED_EDGE('',*,*,#8280,.F.);
#8280 = EDGE_CURVE('',#5057,#8281,#8283,.T.);
#8281 = VERTEX_POINT('',#8282);
#8282 = CARTESIAN_POINT('',(24.03,-41.58,0.2));
#8283 = SEAM_CURVE('',#8284,(#8288,#8295),.PCURVE_S1.);
#8284 = LINE('',#8285,#8286);
#8285 = CARTESIAN_POINT('',(24.03,-41.58,-0.4));
#8286 = VECTOR('',#8287,1.);
#8287 = DIRECTION('',(0.,0.,1.));
#8288 = PCURVE('',#5094,#8289);
#8289 = DEFINITIONAL_REPRESENTATION('',(#8290),#8294);
#8290 = LINE('',#8291,#8292);
#8291 = CARTESIAN_POINT('',(-6.28318530718,0.));
#8292 = VECTOR('',#8293,1.);
#8293 = DIRECTION('',(-0.,-1.));
#8294 = ( GEOMETRIC_REPRESENTATION_CONTEXT(2) 
PARAMETRIC_REPRESENTATION_CONTEXT() REPRESENTATION_CONTEXT('2D SPACE',''
  ) );
#8295 = PCURVE('',#5094,#8296);
#8296 = DEFINITIONAL_REPRESENTATION('',(#8297),#8301);
#8297 = LINE('',#8298,#8299);
#8298 = CARTESIAN_POINT('',(-0.,0.));
#8299 = VECTOR('',#8300,1.);
#8300 = DIRECTION('',(-0.,-1.));
#8301 = ( GEOMETRIC_REPRESENTATION_CONTEXT(2) 
PARAMETRIC_REPRESENTATION_CONTEXT() REPRESENTATION_CONTEXT('2D SPACE',''
  ) );
#8302 = ORIENTED_EDGE('',*,*,#5079,.T.);
#8303 = ORIENTED_EDGE('',*,*,#8280,.T.);
#8304 = ORIENTED_EDGE('',*,*,#8305,.T.);
#8305 = EDGE_CURVE('',#8281,#8281,#8306,.T.);
#8306 = SURFACE_CURVE('',#8307,(#8312,#8319),.PCURVE_S1.);
#8307 = CIRCLE('',#8308,1.5);
#8308 = AXIS2_PLACEMENT_3D('',#8309,#8310,#8311);
#8309 = CARTESIAN_POINT('',(22.53,-41.58,0.2));
#8310 = DIRECTION('',(0.,0.,1.));
#8311 = DIRECTION('',(1.,0.,0.));
#8312 = PCURVE('',#5094,#8313);
#8313 = DEFINITIONAL_REPRESENTATION('',(#8314),#8318);
#8314 = LINE('',#8315,#8316);
#8315 = CARTESIAN_POINT('',(-0.,-0.6));
#8316 = VECTOR('',#8317,1.);
#8317 = DIRECTION('',(-1.,0.));
#8318 = ( GEOMETRIC_REPRESENTATION_CONTEXT(2) 
PARAMETRIC_REPRESENTATION_CONTEXT() REPRESENTATION_CONTEXT('2D SPACE',''
  ) );
#8319 = PCURVE('',#8320,#8325);
#8320 = PLANE('',#8321);
#8321 = AXIS2_PLACEMENT_3D('',#8322,#8323,#8324);
#8322 = CARTESIAN_POINT('',(-22.53,-41.58,0.2));
#8323 = DIRECTION('',(0.,0.,1.));
#8324 = DIRECTION('',(1.,0.,-0.));
#8325 = DEFINITIONAL_REPRESENTATION('',(#8326),#8330);
#8326 = CIRCLE('',#8327,1.5);
#8327 = AXIS2_PLACEMENT_2D('',#8328,#8329);
#8328 = CARTESIAN_POINT('',(45.06,0.));
#8329 = DIRECTION('',(1.,0.));
#8330 = ( GEOMETRIC_REPRESENTATION_CONTEXT(2) 
PARAMETRIC_REPRESENTATION_CONTEXT() REPRESENTATION_CONTEXT('2D SPACE',''
  ) );
#8331 = ADVANCED_FACE('',(#8332),#5147,.F.);
#8332 = FACE_BOUND('',#8333,.T.);
#8333 = EDGE_LOOP('',(#8334,#8357,#8358,#8359));
#8334 = ORIENTED_EDGE('',*,*,#8335,.F.);
#8335 = EDGE_CURVE('',#5110,#8336,#8338,.T.);
#8336 = VERTEX_POINT('',#8337);
#8337 = CARTESIAN_POINT('',(24.03,-15.82,0.2));
#8338 = SEAM_CURVE('',#8339,(#8343,#8350),.PCURVE_S1.);
#8339 = LINE('',#8340,#8341);
#8340 = CARTESIAN_POINT('',(24.03,-15.82,-0.4));
#8341 = VECTOR('',#8342,1.);
#8342 = DIRECTION('',(0.,0.,1.));
#8343 = PCURVE('',#5147,#8344);
#8344 = DEFINITIONAL_REPRESENTATION('',(#8345),#8349);
#8345 = LINE('',#8346,#8347);
#8346 = CARTESIAN_POINT('',(-6.28318530718,0.));
#8347 = VECTOR('',#8348,1.);
#8348 = DIRECTION('',(-0.,-1.));
#8349 = ( GEOMETRIC_REPRESENTATION_CONTEXT(2) 
PARAMETRIC_REPRESENTATION_CONTEXT() REPRESENTATION_CONTEXT('2D SPACE',''
  ) );
#8350 = PCURVE('',#5147,#8351);
#8351 = DEFINITIONAL_REPRESENTATION('',(#8352),#8356);
#8352 = LINE('',#8353,#8354);
#8353 = CARTESIAN_POINT('',(-0.,0.));
#8354 = VECTOR('',#8355,1.);
#8355 = DIRECTION('',(-0.,-1.));
#8356 = ( GEOMETRIC_REPRESENTATION_CONTEXT(2) 
PARAMETRIC_REPRESENTATION_CONTEXT() REPRESENTATION_CONTEXT('2D SPACE',''
  ) );
#8357 = ORIENTED_EDGE('',*,*,#5132,.T.);
#8358 = ORIENTED_EDGE('',*,*,#8335,.T.);
#8359 = ORIENTED_EDGE('',*,*,#8360,.T.);
#8360 = EDGE_CURVE('',#8336,#8336,#8361,.T.);
#8361 = SURFACE_CURVE('',#8362,(#8367,#8374),.PCURVE_S1.);
#8362 = CIRCLE('',#8363,1.5);
#8363 = AXIS2_PLACEMENT_3D('',#8364,#8365,#8366);
#8364 = CARTESIAN_POINT('',(22.53,-15.82,0.2));
#8365 = DIRECTION('',(0.,0.,1.));
#8366 = DIRECTION('',(1.,0.,0.));
#8367 = PCURVE('',#5147,#8368);
#8368 = DEFINITIONAL_REPRESENTATION('',(#8369),#8373);
#8369 = LINE('',#8370,#8371);
#8370 = CARTESIAN_POINT('',(-0.,-0.6));
#8371 = VECTOR('',#8372,1.);
#8372 = DIRECTION('',(-1.,0.));
#8373 = ( GEOMETRIC_REPRESENTATION_CONTEXT(2) 
PARAMETRIC_REPRESENTATION_CONTEXT() REPRESENTATION_CONTEXT('2D SPACE',''
  ) );
#8374 = PCURVE('',#8375,#8380);
#8375 = PLANE('',#8376);
#8376 = AXIS2_PLACEMENT_3D('',#8377,#8378,#8379);
#8377 = CARTESIAN_POINT('',(-22.53,-41.58,0.2));
#8378 = DIRECTION('',(0.,0.,1.));
#8379 = DIRECTION('',(1.,0.,-0.));
#8380 = DEFINITIONAL_REPRESENTATION('',(#8381),#8385);
#8381 = CIRCLE('',#8382,1.5);
#8382 = AXIS2_PLACEMENT_2D('',#8383,#8384);
#8383 = CARTESIAN_POINT('',(45.06,25.76));
#8384 = DIRECTION('',(1.,0.));
#8385 = ( GEOMETRIC_REPRESENTATION_CONTEXT(2) 
PARAMETRIC_REPRESENTATION_CONTEXT() REPRESENTATION_CONTEXT('2D SPACE',''
  ) );
#8386 = ADVANCED_FACE('',(#8387),#5200,.F.);
#8387 = FACE_BOUND('',#8388,.T.);
#8388 = EDGE_LOOP('',(#8389,#8412,#8413,#8414));
#8389 = ORIENTED_EDGE('',*,*,#8390,.F.);
#8390 = EDGE_CURVE('',#5163,#8391,#8393,.T.);
#8391 = VERTEX_POINT('',#8392);
#8392 = CARTESIAN_POINT('',(-21.03,15.82,0.2));
#8393 = SEAM_CURVE('',#8394,(#8398,#8405),.PCURVE_S1.);
#8394 = LINE('',#8395,#8396);
#8395 = CARTESIAN_POINT('',(-21.03,15.82,-0.4));
#8396 = VECTOR('',#8397,1.);
#8397 = DIRECTION('',(0.,0.,1.));
#8398 = PCURVE('',#5200,#8399);
#8399 = DEFINITIONAL_REPRESENTATION('',(#8400),#8404);
#8400 = LINE('',#8401,#8402);
#8401 = CARTESIAN_POINT('',(-6.28318530718,0.));
#8402 = VECTOR('',#8403,1.);
#8403 = DIRECTION('',(-0.,-1.));
#8404 = ( GEOMETRIC_REPRESENTATION_CONTEXT(2) 
PARAMETRIC_REPRESENTATION_CONTEXT() REPRESENTATION_CONTEXT('2D SPACE',''
  ) );
#8405 = PCURVE('',#5200,#8406);
#8406 = DEFINITIONAL_REPRESENTATION('',(#8407),#8411);
#8407 = LINE('',#8408,#8409);
#8408 = CARTESIAN_POINT('',(-0.,0.));
#8409 = VECTOR('',#8410,1.);
#8410 = DIRECTION('',(-0.,-1.));
#8411 = ( GEOMETRIC_REPRESENTATION_CONTEXT(2) 
PARAMETRIC_REPRESENTATION_CONTEXT() REPRESENTATION_CONTEXT('2D SPACE',''
  ) );
#8412 = ORIENTED_EDGE('',*,*,#5185,.T.);
#8413 = ORIENTED_EDGE('',*,*,#8390,.T.);
#8414 = ORIENTED_EDGE('',*,*,#8415,.T.);
#8415 = EDGE_CURVE('',#8391,#8391,#8416,.T.);
#8416 = SURFACE_CURVE('',#8417,(#8422,#8429),.PCURVE_S1.);
#8417 = CIRCLE('',#8418,1.5);
#8418 = AXIS2_PLACEMENT_3D('',#8419,#8420,#8421);
#8419 = CARTESIAN_POINT('',(-22.53,15.82,0.2));
#8420 = DIRECTION('',(0.,0.,1.));
#8421 = DIRECTION('',(1.,0.,0.));
#8422 = PCURVE('',#5200,#8423);
#8423 = DEFINITIONAL_REPRESENTATION('',(#8424),#8428);
#8424 = LINE('',#8425,#8426);
#8425 = CARTESIAN_POINT('',(-0.,-0.6));
#8426 = VECTOR('',#8427,1.);
#8427 = DIRECTION('',(-1.,0.));
#8428 = ( GEOMETRIC_REPRESENTATION_CONTEXT(2) 
PARAMETRIC_REPRESENTATION_CONTEXT() REPRESENTATION_CONTEXT('2D SPACE',''
  ) );
#8429 = PCURVE('',#8430,#8435);
#8430 = PLANE('',#8431);
#8431 = AXIS2_PLACEMENT_3D('',#8432,#8433,#8434);
#8432 = CARTESIAN_POINT('',(-22.53,-41.58,0.2));
#8433 = DIRECTION('',(0.,0.,1.));
#8434 = DIRECTION('',(1.,0.,-0.));
#8435 = DEFINITIONAL_REPRESENTATION('',(#8436),#8440);
#8436 = CIRCLE('',#8437,1.5);
#8437 = AXIS2_PLACEMENT_2D('',#8438,#8439);
#8438 = CARTESIAN_POINT('',(0.,57.4));
#8439 = DIRECTION('',(1.,0.));
#8440 = ( GEOMETRIC_REPRESENTATION_CONTEXT(2) 
PARAMETRIC_REPRESENTATION_CONTEXT() REPRESENTATION_CONTEXT('2D SPACE',''
  ) );
#8441 = ADVANCED_FACE('',(#8442),#5253,.F.);
#8442 = FACE_BOUND('',#8443,.T.);
#8443 = EDGE_LOOP('',(#8444,#8467,#8468,#8469));
#8444 = ORIENTED_EDGE('',*,*,#8445,.F.);
#8445 = EDGE_CURVE('',#5216,#8446,#8448,.T.);
#8446 = VERTEX_POINT('',#8447);
#8447 = CARTESIAN_POINT('',(-21.03,41.58,0.2));
#8448 = SEAM_CURVE('',#8449,(#8453,#8460),.PCURVE_S1.);
#8449 = LINE('',#8450,#8451);
#8450 = CARTESIAN_POINT('',(-21.03,41.58,-0.4));
#8451 = VECTOR('',#8452,1.);
#8452 = DIRECTION('',(0.,0.,1.));
#8453 = PCURVE('',#5253,#8454);
#8454 = DEFINITIONAL_REPRESENTATION('',(#8455),#8459);
#8455 = LINE('',#8456,#8457);
#8456 = CARTESIAN_POINT('',(-6.28318530718,0.));
#8457 = VECTOR('',#8458,1.);
#8458 = DIRECTION('',(-0.,-1.));
#8459 = ( GEOMETRIC_REPRESENTATION_CONTEXT(2) 
PARAMETRIC_REPRESENTATION_CONTEXT() REPRESENTATION_CONTEXT('2D SPACE',''
  ) );
#8460 = PCURVE('',#5253,#8461);
#8461 = DEFINITIONAL_REPRESENTATION('',(#8462),#8466);
#8462 = LINE('',#8463,#8464);
#8463 = CARTESIAN_POINT('',(-0.,0.));
#8464 = VECTOR('',#8465,1.);
#8465 = DIRECTION('',(-0.,-1.));
#8466 = ( GEOMETRIC_REPRESENTATION_CONTEXT(2) 
PARAMETRIC_REPRESENTATION_CONTEXT() REPRESENTATION_CONTEXT('2D SPACE',''
  ) );
#8467 = ORIENTED_EDGE('',*,*,#5238,.T.);
#8468 = ORIENTED_EDGE('',*,*,#8445,.T.);
#8469 = ORIENTED_EDGE('',*,*,#8470,.T.);
#8470 = EDGE_CURVE('',#8446,#8446,#8471,.T.);
#8471 = SURFACE_CURVE('',#8472,(#8477,#8484),.PCURVE_S1.);
#8472 = CIRCLE('',#8473,1.5);
#8473 = AXIS2_PLACEMENT_3D('',#8474,#8475,#8476);
#8474 = CARTESIAN_POINT('',(-22.53,41.58,0.2));
#8475 = DIRECTION('',(0.,0.,1.));
#8476 = DIRECTION('',(1.,0.,0.));
#8477 = PCURVE('',#5253,#8478);
#8478 = DEFINITIONAL_REPRESENTATION('',(#8479),#8483);
#8479 = LINE('',#8480,#8481);
#8480 = CARTESIAN_POINT('',(-0.,-0.6));
#8481 = VECTOR('',#8482,1.);
#8482 = DIRECTION('',(-1.,0.));
#8483 = ( GEOMETRIC_REPRESENTATION_CONTEXT(2) 
PARAMETRIC_REPRESENTATION_CONTEXT() REPRESENTATION_CONTEXT('2D SPACE',''
  ) );
#8484 = PCURVE('',#8485,#8490);
#8485 = PLANE('',#8486);
#8486 = AXIS2_PLACEMENT_3D('',#8487,#8488,#8489);
#8487 = CARTESIAN_POINT('',(-22.53,-41.58,0.2));
#8488 = DIRECTION('',(0.,0.,1.));
#8489 = DIRECTION('',(1.,0.,-0.));
#8490 = DEFINITIONAL_REPRESENTATION('',(#8491),#8495);
#8491 = CIRCLE('',#8492,1.5);
#8492 = AXIS2_PLACEMENT_2D('',#8493,#8494);
#8493 = CARTESIAN_POINT('',(0.,83.16));
#8494 = DIRECTION('',(1.,0.));
#8495 = ( GEOMETRIC_REPRESENTATION_CONTEXT(2) 
PARAMETRIC_REPRESENTATION_CONTEXT() REPRESENTATION_CONTEXT('2D SPACE',''
  ) );
#8496 = ADVANCED_FACE('',(#8497),#5331,.F.);
#8497 = FACE_BOUND('',#8498,.F.);
#8498 = EDGE_LOOP('',(#8499,#8520,#8521,#8544));
#8499 = ORIENTED_EDGE('',*,*,#8500,.T.);
#8500 = EDGE_CURVE('',#8501,#5269,#8503,.T.);
#8501 = VERTEX_POINT('',#8502);
#8502 = CARTESIAN_POINT('',(-20.07959526353,-42.44920459472,1.1));
#8503 = SURFACE_CURVE('',#8504,(#8508,#8514),.PCURVE_S1.);
#8504 = LINE('',#8505,#8506);
#8505 = CARTESIAN_POINT('',(-20.07959526353,-42.44920459472,0.));
#8506 = VECTOR('',#8507,1.);
#8507 = DIRECTION('',(-0.,-0.,-1.));
#8508 = PCURVE('',#5331,#8509);
#8509 = DEFINITIONAL_REPRESENTATION('',(#8510),#8513);
#8510 = B_SPLINE_CURVE_WITH_KNOTS('',1,(#8511,#8512),.UNSPECIFIED.,.F.,
  .F.,(2,2),(-1.1000006,6.E-07),.PIECEWISE_BEZIER_KNOTS.);
#8511 = CARTESIAN_POINT('',(0.379596096879,-1.3000006));
#8512 = CARTESIAN_POINT('',(0.379596096879,-0.1999994));
#8513 = ( GEOMETRIC_REPRESENTATION_CONTEXT(2) 
PARAMETRIC_REPRESENTATION_CONTEXT() REPRESENTATION_CONTEXT('2D SPACE',''
  ) );
#8514 = PCURVE('',#5390,#8515);
#8515 = DEFINITIONAL_REPRESENTATION('',(#8516),#8519);
#8516 = B_SPLINE_CURVE_WITH_KNOTS('',1,(#8517,#8518),.UNSPECIFIED.,.F.,
  .F.,(2,2),(-1.1,-0.),.PIECEWISE_BEZIER_KNOTS.);
#8517 = CARTESIAN_POINT('',(-5.94231286982,-1.1));
#8518 = CARTESIAN_POINT('',(-5.94231286982,0.));
#8519 = ( GEOMETRIC_REPRESENTATION_CONTEXT(2) 
PARAMETRIC_REPRESENTATION_CONTEXT() REPRESENTATION_CONTEXT('2D SPACE',''
  ) );
#8520 = ORIENTED_EDGE('',*,*,#5317,.T.);
#8521 = ORIENTED_EDGE('',*,*,#8522,.T.);
#8522 = EDGE_CURVE('',#5297,#8523,#8525,.T.);
#8523 = VERTEX_POINT('',#8524);
#8524 = CARTESIAN_POINT('',(-19.7,-42.45,1.1));
#8525 = SURFACE_CURVE('',#8526,(#8530,#8537),.PCURVE_S1.);
#8526 = LINE('',#8527,#8528);
#8527 = CARTESIAN_POINT('',(-19.7,-42.45,-0.2));
#8528 = VECTOR('',#8529,1.);
#8529 = DIRECTION('',(0.,0.,1.));
#8530 = PCURVE('',#5331,#8531);
#8531 = DEFINITIONAL_REPRESENTATION('',(#8532),#8536);
#8532 = LINE('',#8533,#8534);
#8533 = CARTESIAN_POINT('',(0.,0.));
#8534 = VECTOR('',#8535,1.);
#8535 = DIRECTION('',(0.,-1.));
#8536 = ( GEOMETRIC_REPRESENTATION_CONTEXT(2) 
PARAMETRIC_REPRESENTATION_CONTEXT() REPRESENTATION_CONTEXT('2D SPACE',''
  ) );
#8537 = PCURVE('',#5448,#8538);
#8538 = DEFINITIONAL_REPRESENTATION('',(#8539),#8543);
#8539 = LINE('',#8540,#8541);
#8540 = CARTESIAN_POINT('',(42.85,0.));
#8541 = VECTOR('',#8542,1.);
#8542 = DIRECTION('',(0.,-1.));
#8543 = ( GEOMETRIC_REPRESENTATION_CONTEXT(2) 
PARAMETRIC_REPRESENTATION_CONTEXT() REPRESENTATION_CONTEXT('2D SPACE',''
  ) );
#8544 = ORIENTED_EDGE('',*,*,#8545,.T.);
#8545 = EDGE_CURVE('',#8523,#8501,#8546,.T.);
#8546 = SURFACE_CURVE('',#8547,(#8551,#8557),.PCURVE_S1.);
#8547 = LINE('',#8548,#8549);
#8548 = CARTESIAN_POINT('',(-9.542259980924,-42.47128456473,1.1));
#8549 = VECTOR('',#8550,1.);
#8550 = DIRECTION('',(-0.999997804649,2.095398973349E-03,0.));
#8551 = PCURVE('',#5331,#8552);
#8552 = DEFINITIONAL_REPRESENTATION('',(#8553),#8556);
#8553 = B_SPLINE_CURVE_WITH_KNOTS('',1,(#8554,#8555),.UNSPECIFIED.,.F.,
  .F.,(2,2),(10.15776231893,11.512963764956),.PIECEWISE_BEZIER_KNOTS.);
#8554 = CARTESIAN_POINT('',(2.058797576865E-12,-1.3));
#8555 = CARTESIAN_POINT('',(1.355201446028,-1.3));
#8556 = ( GEOMETRIC_REPRESENTATION_CONTEXT(2) 
PARAMETRIC_REPRESENTATION_CONTEXT() REPRESENTATION_CONTEXT('2D SPACE',''
  ) );
#8557 = PCURVE('',#8558,#8563);
#8558 = PLANE('',#8559);
#8559 = AXIS2_PLACEMENT_3D('',#8560,#8561,#8562);
#8560 = CARTESIAN_POINT('',(0.704614220877,4.538577912254E-02,1.1));
#8561 = DIRECTION('',(0.,0.,1.));
#8562 = DIRECTION('',(1.,0.,0.));
#8563 = DEFINITIONAL_REPRESENTATION('',(#8564),#8567);
#8564 = B_SPLINE_CURVE_WITH_KNOTS('',1,(#8565,#8566),.UNSPECIFIED.,.F.,
  .F.,(2,2),(10.15776231893,11.512963764956),.PIECEWISE_BEZIER_KNOTS.);
#8565 = CARTESIAN_POINT('',(-20.40461422088,-42.49538577912));
#8566 = CARTESIAN_POINT('',(-21.75981269176,-42.4925460914));
#8567 = ( GEOMETRIC_REPRESENTATION_CONTEXT(2) 
PARAMETRIC_REPRESENTATION_CONTEXT() REPRESENTATION_CONTEXT('2D SPACE',''
  ) );
#8568 = ADVANCED_FACE('',(#8569),#5390,.T.);
#8569 = FACE_BOUND('',#8570,.F.);
#8570 = EDGE_LOOP('',(#8571,#8572,#8596,#8615));
#8571 = ORIENTED_EDGE('',*,*,#8500,.F.);
#8572 = ORIENTED_EDGE('',*,*,#8573,.F.);
#8573 = EDGE_CURVE('',#8574,#8501,#8576,.T.);
#8574 = VERTEX_POINT('',#8575);
#8575 = CARTESIAN_POINT('',(-22.89825441088,-39.00621121906,1.1));
#8576 = SURFACE_CURVE('',#8577,(#8582,#8589),.PCURVE_S1.);
#8577 = CIRCLE('',#8578,2.6);
#8578 = AXIS2_PLACEMENT_3D('',#8579,#8580,#8581);
#8579 = CARTESIAN_POINT('',(-22.53,-41.58,1.1));
#8580 = DIRECTION('',(0.,0.,-1.));
#8581 = DIRECTION('',(-0.141636311878,0.989918761898,0.));
#8582 = PCURVE('',#5390,#8583);
#8583 = DEFINITIONAL_REPRESENTATION('',(#8584),#8588);
#8584 = LINE('',#8585,#8586);
#8585 = CARTESIAN_POINT('',(-7.996095829936,-1.1));
#8586 = VECTOR('',#8587,1.);
#8587 = DIRECTION('',(1.,-0.));
#8588 = ( GEOMETRIC_REPRESENTATION_CONTEXT(2) 
PARAMETRIC_REPRESENTATION_CONTEXT() REPRESENTATION_CONTEXT('2D SPACE',''
  ) );
#8589 = PCURVE('',#7408,#8590);
#8590 = DEFINITIONAL_REPRESENTATION('',(#8591),#8595);
#8591 = LINE('',#8592,#8593);
#8592 = CARTESIAN_POINT('',(-7.996095829936,-0.));
#8593 = VECTOR('',#8594,1.);
#8594 = DIRECTION('',(1.,-0.));
#8595 = ( GEOMETRIC_REPRESENTATION_CONTEXT(2) 
PARAMETRIC_REPRESENTATION_CONTEXT() REPRESENTATION_CONTEXT('2D SPACE',''
  ) );
#8596 = ORIENTED_EDGE('',*,*,#8597,.T.);
#8597 = EDGE_CURVE('',#8574,#5347,#8598,.T.);
#8598 = SURFACE_CURVE('',#8599,(#8603,#8609),.PCURVE_S1.);
#8599 = LINE('',#8600,#8601);
#8600 = CARTESIAN_POINT('',(-22.89825441088,-39.00621121906,0.));
#8601 = VECTOR('',#8602,1.);
#8602 = DIRECTION('',(-0.,-0.,-1.));
#8603 = PCURVE('',#5390,#8604);
#8604 = DEFINITIONAL_REPRESENTATION('',(#8605),#8608);
#8605 = B_SPLINE_CURVE_WITH_KNOTS('',1,(#8606,#8607),.UNSPECIFIED.,.F.,
  .F.,(2,2),(-1.1,-0.),.PIECEWISE_BEZIER_KNOTS.);
#8606 = CARTESIAN_POINT('',(-7.996095829936,-1.1));
#8607 = CARTESIAN_POINT('',(-7.996095829936,0.));
#8608 = ( GEOMETRIC_REPRESENTATION_CONTEXT(2) 
PARAMETRIC_REPRESENTATION_CONTEXT() REPRESENTATION_CONTEXT('2D SPACE',''
  ) );
#8609 = PCURVE('',#5500,#8610);
#8610 = DEFINITIONAL_REPRESENTATION('',(#8611),#8614);
#8611 = B_SPLINE_CURVE_WITH_KNOTS('',1,(#8612,#8613),.UNSPECIFIED.,.F.,
  .F.,(2,2),(-1.1000006,6.E-07),.PIECEWISE_BEZIER_KNOTS.);
#8612 = CARTESIAN_POINT('',(2.541807774859,-1.3000006));
#8613 = CARTESIAN_POINT('',(2.541807774859,-0.1999994));
#8614 = ( GEOMETRIC_REPRESENTATION_CONTEXT(2) 
PARAMETRIC_REPRESENTATION_CONTEXT() REPRESENTATION_CONTEXT('2D SPACE',''
  ) );
#8615 = ORIENTED_EDGE('',*,*,#5375,.T.);
#8616 = ADVANCED_FACE('',(#8617),#5448,.F.);
#8617 = FACE_BOUND('',#8618,.F.);
#8618 = EDGE_LOOP('',(#8619,#8640,#8661,#8662));
#8619 = ORIENTED_EDGE('',*,*,#8620,.F.);
#8620 = EDGE_CURVE('',#8621,#5408,#8623,.T.);
#8621 = VERTEX_POINT('',#8622);
#8622 = CARTESIAN_POINT('',(20.07987755408,-42.45,1.1));
#8623 = SURFACE_CURVE('',#8624,(#8628,#8634),.PCURVE_S1.);
#8624 = LINE('',#8625,#8626);
#8625 = CARTESIAN_POINT('',(20.07987755408,-42.45,0.));
#8626 = VECTOR('',#8627,1.);
#8627 = DIRECTION('',(-0.,-0.,-1.));
#8628 = PCURVE('',#5448,#8629);
#8629 = DEFINITIONAL_REPRESENTATION('',(#8630),#8633);
#8630 = B_SPLINE_CURVE_WITH_KNOTS('',1,(#8631,#8632),.UNSPECIFIED.,.F.,
  .F.,(2,2),(-1.1000006,6.E-07),.PIECEWISE_BEZIER_KNOTS.);
#8631 = CARTESIAN_POINT('',(3.07012244592,-1.3000006));
#8632 = CARTESIAN_POINT('',(3.07012244592,-0.1999994));
#8633 = ( GEOMETRIC_REPRESENTATION_CONTEXT(2) 
PARAMETRIC_REPRESENTATION_CONTEXT() REPRESENTATION_CONTEXT('2D SPACE',''
  ) );
#8634 = PCURVE('',#5559,#8635);
#8635 = DEFINITIONAL_REPRESENTATION('',(#8636),#8639);
#8636 = B_SPLINE_CURVE_WITH_KNOTS('',1,(#8637,#8638),.UNSPECIFIED.,.F.,
  .F.,(2,2),(-1.1000006,6.E-07),.PIECEWISE_BEZIER_KNOTS.);
#8637 = CARTESIAN_POINT('',(-3.482789711234,-1.1000006));
#8638 = CARTESIAN_POINT('',(-3.482789711234,6.E-07));
#8639 = ( GEOMETRIC_REPRESENTATION_CONTEXT(2) 
PARAMETRIC_REPRESENTATION_CONTEXT() REPRESENTATION_CONTEXT('2D SPACE',''
  ) );
#8640 = ORIENTED_EDGE('',*,*,#8641,.F.);
#8641 = EDGE_CURVE('',#8523,#8621,#8642,.T.);
#8642 = SURFACE_CURVE('',#8643,(#8647,#8654),.PCURVE_S1.);
#8643 = LINE('',#8644,#8645);
#8644 = CARTESIAN_POINT('',(-22.9,-42.45,1.1));
#8645 = VECTOR('',#8646,1.);
#8646 = DIRECTION('',(1.,0.,0.));
#8647 = PCURVE('',#5448,#8648);
#8648 = DEFINITIONAL_REPRESENTATION('',(#8649),#8653);
#8649 = LINE('',#8650,#8651);
#8650 = CARTESIAN_POINT('',(46.05,-1.3));
#8651 = VECTOR('',#8652,1.);
#8652 = DIRECTION('',(-1.,-0.));
#8653 = ( GEOMETRIC_REPRESENTATION_CONTEXT(2) 
PARAMETRIC_REPRESENTATION_CONTEXT() REPRESENTATION_CONTEXT('2D SPACE',''
  ) );
#8654 = PCURVE('',#7379,#8655);
#8655 = DEFINITIONAL_REPRESENTATION('',(#8656),#8660);
#8656 = LINE('',#8657,#8658);
#8657 = CARTESIAN_POINT('',(0.,0.));
#8658 = VECTOR('',#8659,1.);
#8659 = DIRECTION('',(-6.162975822039E-33,-1.));
#8660 = ( GEOMETRIC_REPRESENTATION_CONTEXT(2) 
PARAMETRIC_REPRESENTATION_CONTEXT() REPRESENTATION_CONTEXT('2D SPACE',''
  ) );
#8661 = ORIENTED_EDGE('',*,*,#8522,.F.);
#8662 = ORIENTED_EDGE('',*,*,#5434,.T.);
#8663 = ADVANCED_FACE('',(#8664),#5500,.F.);
#8664 = FACE_BOUND('',#8665,.F.);
#8665 = EDGE_LOOP('',(#8666,#8687,#8688,#8689));
#8666 = ORIENTED_EDGE('',*,*,#8667,.F.);
#8667 = EDGE_CURVE('',#5464,#8668,#8670,.T.);
#8668 = VERTEX_POINT('',#8669);
#8669 = CARTESIAN_POINT('',(-22.9,-37.56080235971,1.1));
#8670 = SURFACE_CURVE('',#8671,(#8675,#8681),.PCURVE_S1.);
#8671 = LINE('',#8672,#8673);
#8672 = CARTESIAN_POINT('',(-22.9,-37.56080235971,-0.105));
#8673 = VECTOR('',#8674,1.);
#8674 = DIRECTION('',(0.,0.,1.));
#8675 = PCURVE('',#5500,#8676);
#8676 = DEFINITIONAL_REPRESENTATION('',(#8677),#8680);
#8677 = B_SPLINE_CURVE_WITH_KNOTS('',1,(#8678,#8679),.UNSPECIFIED.,.F.,
  .F.,(2,2),(0.105,1.305),.PIECEWISE_BEZIER_KNOTS.);
#8678 = CARTESIAN_POINT('',(3.987217688264,-0.2));
#8679 = CARTESIAN_POINT('',(3.987217688264,-1.4));
#8680 = ( GEOMETRIC_REPRESENTATION_CONTEXT(2) 
PARAMETRIC_REPRESENTATION_CONTEXT() REPRESENTATION_CONTEXT('2D SPACE',''
  ) );
#8681 = PCURVE('',#5617,#8682);
#8682 = DEFINITIONAL_REPRESENTATION('',(#8683),#8686);
#8683 = B_SPLINE_CURVE_WITH_KNOTS('',1,(#8684,#8685),.UNSPECIFIED.,.F.,
  .F.,(2,2),(0.105,1.305),.PIECEWISE_BEZIER_KNOTS.);
#8684 = CARTESIAN_POINT('',(80.010802359715,-1.E-02));
#8685 = CARTESIAN_POINT('',(80.010802359715,-1.21));
#8686 = ( GEOMETRIC_REPRESENTATION_CONTEXT(2) 
PARAMETRIC_REPRESENTATION_CONTEXT() REPRESENTATION_CONTEXT('2D SPACE',''
  ) );
#8687 = ORIENTED_EDGE('',*,*,#5486,.T.);
#8688 = ORIENTED_EDGE('',*,*,#8597,.F.);
#8689 = ORIENTED_EDGE('',*,*,#8690,.T.);
#8690 = EDGE_CURVE('',#8574,#8668,#8691,.T.);
#8691 = SURFACE_CURVE('',#8692,(#8696,#8702),.PCURVE_S1.);
#8692 = LINE('',#8693,#8694);
#8693 = CARTESIAN_POINT('',(-22.92028320804,-20.76559647569,1.1));
#8694 = VECTOR('',#8695,1.);
#8695 = DIRECTION('',(-1.207677559722E-03,0.999999270757,0.));
#8696 = PCURVE('',#5500,#8697);
#8697 = DEFINITIONAL_REPRESENTATION('',(#8698),#8701);
#8698 = B_SPLINE_CURVE_WITH_KNOTS('',1,(#8699,#8700),.UNSPECIFIED.,.F.,
  .F.,(2,2),(-19.85439677661,-16.79521813184),.PIECEWISE_BEZIER_KNOTS.);
#8699 = CARTESIAN_POINT('',(0.928039043468,-1.3));
#8700 = CARTESIAN_POINT('',(3.987217688231,-1.3));
#8701 = ( GEOMETRIC_REPRESENTATION_CONTEXT(2) 
PARAMETRIC_REPRESENTATION_CONTEXT() REPRESENTATION_CONTEXT('2D SPACE',''
  ) );
#8702 = PCURVE('',#8703,#8708);
#8703 = PLANE('',#8704);
#8704 = AXIS2_PLACEMENT_3D('',#8705,#8706,#8707);
#8705 = CARTESIAN_POINT('',(0.704614220877,4.538577912254E-02,1.1));
#8706 = DIRECTION('',(0.,0.,1.));
#8707 = DIRECTION('',(1.,0.,0.));
#8708 = DEFINITIONAL_REPRESENTATION('',(#8709),#8712);
#8709 = B_SPLINE_CURVE_WITH_KNOTS('',1,(#8710,#8711),.UNSPECIFIED.,.F.,
  .F.,(2,2),(-19.85439677661,-16.79521813184),.PIECEWISE_BEZIER_KNOTS.);
#8710 = CARTESIAN_POINT('',(-23.60091971947,-40.66536455275));
#8711 = CARTESIAN_POINT('',(-23.60461422087,-37.60618813887));
#8712 = ( GEOMETRIC_REPRESENTATION_CONTEXT(2) 
PARAMETRIC_REPRESENTATION_CONTEXT() REPRESENTATION_CONTEXT('2D SPACE',''
  ) );
#8713 = ADVANCED_FACE('',(#8714),#5559,.T.);
#8714 = FACE_BOUND('',#8715,.F.);
#8715 = EDGE_LOOP('',(#8716,#8737,#8759,#8760));
#8716 = ORIENTED_EDGE('',*,*,#8717,.F.);
#8717 = EDGE_CURVE('',#8718,#5516,#8720,.T.);
#8718 = VERTEX_POINT('',#8719);
#8719 = CARTESIAN_POINT('',(24.15,-39.54638253351,1.1));
#8720 = SURFACE_CURVE('',#8721,(#8725,#8731),.PCURVE_S1.);
#8721 = LINE('',#8722,#8723);
#8722 = CARTESIAN_POINT('',(24.15,-39.54638253351,0.));
#8723 = VECTOR('',#8724,1.);
#8724 = DIRECTION('',(-0.,-0.,-1.));
#8725 = PCURVE('',#5559,#8726);
#8726 = DEFINITIONAL_REPRESENTATION('',(#8727),#8730);
#8727 = B_SPLINE_CURVE_WITH_KNOTS('',1,(#8728,#8729),.UNSPECIFIED.,.F.,
  .F.,(2,2),(-1.1000006,6.E-07),.PIECEWISE_BEZIER_KNOTS.);
#8728 = CARTESIAN_POINT('',(-0.89812588168,-1.1000006));
#8729 = CARTESIAN_POINT('',(-0.89812588168,6.E-07));
#8730 = ( GEOMETRIC_REPRESENTATION_CONTEXT(2) 
PARAMETRIC_REPRESENTATION_CONTEXT() REPRESENTATION_CONTEXT('2D SPACE',''
  ) );
#8731 = PCURVE('',#5675,#8732);
#8732 = DEFINITIONAL_REPRESENTATION('',(#8733),#8736);
#8733 = B_SPLINE_CURVE_WITH_KNOTS('',1,(#8734,#8735),.UNSPECIFIED.,.F.,
  .F.,(2,2),(-1.1000006,6.E-07),.PIECEWISE_BEZIER_KNOTS.);
#8734 = CARTESIAN_POINT('',(80.996382533513,-1.3000006));
#8735 = CARTESIAN_POINT('',(80.996382533513,-0.1999994));
#8736 = ( GEOMETRIC_REPRESENTATION_CONTEXT(2) 
PARAMETRIC_REPRESENTATION_CONTEXT() REPRESENTATION_CONTEXT('2D SPACE',''
  ) );
#8737 = ORIENTED_EDGE('',*,*,#8738,.T.);
#8738 = EDGE_CURVE('',#8718,#8621,#8739,.T.);
#8739 = SURFACE_CURVE('',#8740,(#8745,#8752),.PCURVE_S1.);
#8740 = CIRCLE('',#8741,2.6);
#8741 = AXIS2_PLACEMENT_3D('',#8742,#8743,#8744);
#8742 = CARTESIAN_POINT('',(22.53,-41.58,1.1));
#8743 = DIRECTION('',(0.,0.,1.));
#8744 = DIRECTION('',(1.,0.,-0.));
#8745 = PCURVE('',#5559,#8746);
#8746 = DEFINITIONAL_REPRESENTATION('',(#8747),#8751);
#8747 = LINE('',#8748,#8749);
#8748 = CARTESIAN_POINT('',(-0.,-1.1));
#8749 = VECTOR('',#8750,1.);
#8750 = DIRECTION('',(-1.,0.));
#8751 = ( GEOMETRIC_REPRESENTATION_CONTEXT(2) 
PARAMETRIC_REPRESENTATION_CONTEXT() REPRESENTATION_CONTEXT('2D SPACE',''
  ) );
#8752 = PCURVE('',#7351,#8753);
#8753 = DEFINITIONAL_REPRESENTATION('',(#8754),#8758);
#8754 = LINE('',#8755,#8756);
#8755 = CARTESIAN_POINT('',(-0.,-0.));
#8756 = VECTOR('',#8757,1.);
#8757 = DIRECTION('',(-1.,-0.));
#8758 = ( GEOMETRIC_REPRESENTATION_CONTEXT(2) 
PARAMETRIC_REPRESENTATION_CONTEXT() REPRESENTATION_CONTEXT('2D SPACE',''
  ) );
#8759 = ORIENTED_EDGE('',*,*,#8620,.T.);
#8760 = ORIENTED_EDGE('',*,*,#5544,.F.);
#8761 = ADVANCED_FACE('',(#8762),#5617,.T.);
#8762 = FACE_BOUND('',#8763,.T.);
#8763 = EDGE_LOOP('',(#8764,#8765,#8766,#8787));
#8764 = ORIENTED_EDGE('',*,*,#8667,.F.);
#8765 = ORIENTED_EDGE('',*,*,#5603,.F.);
#8766 = ORIENTED_EDGE('',*,*,#8767,.F.);
#8767 = EDGE_CURVE('',#8768,#5575,#8770,.T.);
#8768 = VERTEX_POINT('',#8769);
#8769 = CARTESIAN_POINT('',(-22.9,-18.39353842015,1.1));
#8770 = SURFACE_CURVE('',#8771,(#8775,#8781),.PCURVE_S1.);
#8771 = LINE('',#8772,#8773);
#8772 = CARTESIAN_POINT('',(-22.9,-18.39353842015,0.));
#8773 = VECTOR('',#8774,1.);
#8774 = DIRECTION('',(-0.,-0.,-1.));
#8775 = PCURVE('',#5617,#8776);
#8776 = DEFINITIONAL_REPRESENTATION('',(#8777),#8780);
#8777 = B_SPLINE_CURVE_WITH_KNOTS('',1,(#8778,#8779),.UNSPECIFIED.,.F.,
  .F.,(2,2),(-1.1000006,6.E-07),.PIECEWISE_BEZIER_KNOTS.);
#8778 = CARTESIAN_POINT('',(60.843538420152,-1.1100006));
#8779 = CARTESIAN_POINT('',(60.843538420152,-9.9994E-03));
#8780 = ( GEOMETRIC_REPRESENTATION_CONTEXT(2) 
PARAMETRIC_REPRESENTATION_CONTEXT() REPRESENTATION_CONTEXT('2D SPACE',''
  ) );
#8781 = PCURVE('',#5734,#8782);
#8782 = DEFINITIONAL_REPRESENTATION('',(#8783),#8786);
#8783 = B_SPLINE_CURVE_WITH_KNOTS('',1,(#8784,#8785),.UNSPECIFIED.,.F.,
  .F.,(2,2),(-1.1,0.),.PIECEWISE_BEZIER_KNOTS.);
#8784 = CARTESIAN_POINT('',(-4.569596533758,-1.1));
#8785 = CARTESIAN_POINT('',(-4.569596533758,0.));
#8786 = ( GEOMETRIC_REPRESENTATION_CONTEXT(2) 
PARAMETRIC_REPRESENTATION_CONTEXT() REPRESENTATION_CONTEXT('2D SPACE',''
  ) );
#8787 = ORIENTED_EDGE('',*,*,#8788,.T.);
#8788 = EDGE_CURVE('',#8768,#8668,#8789,.T.);
#8789 = SURFACE_CURVE('',#8790,(#8794,#8801),.PCURVE_S1.);
#8790 = LINE('',#8791,#8792);
#8791 = CARTESIAN_POINT('',(-22.9,42.45,1.1));
#8792 = VECTOR('',#8793,1.);
#8793 = DIRECTION('',(0.,-1.,0.));
#8794 = PCURVE('',#5617,#8795);
#8795 = DEFINITIONAL_REPRESENTATION('',(#8796),#8800);
#8796 = LINE('',#8797,#8798);
#8797 = CARTESIAN_POINT('',(0.,-1.11));
#8798 = VECTOR('',#8799,1.);
#8799 = DIRECTION('',(1.,0.));
#8800 = ( GEOMETRIC_REPRESENTATION_CONTEXT(2) 
PARAMETRIC_REPRESENTATION_CONTEXT() REPRESENTATION_CONTEXT('2D SPACE',''
  ) );
#8801 = PCURVE('',#7436,#8802);
#8802 = DEFINITIONAL_REPRESENTATION('',(#8803),#8807);
#8803 = LINE('',#8804,#8805);
#8804 = CARTESIAN_POINT('',(0.,0.));
#8805 = VECTOR('',#8806,1.);
#8806 = DIRECTION('',(-6.162975822039E-33,-1.));
#8807 = ( GEOMETRIC_REPRESENTATION_CONTEXT(2) 
PARAMETRIC_REPRESENTATION_CONTEXT() REPRESENTATION_CONTEXT('2D SPACE',''
  ) );
#8808 = ADVANCED_FACE('',(#8809),#5675,.F.);
#8809 = FACE_BOUND('',#8810,.F.);
#8810 = EDGE_LOOP('',(#8811,#8832,#8858,#8877,#8878,#8899,#8925,#8950,
    #8951));
#8811 = ORIENTED_EDGE('',*,*,#8812,.F.);
#8812 = EDGE_CURVE('',#8813,#5635,#8815,.T.);
#8813 = VERTEX_POINT('',#8814);
#8814 = CARTESIAN_POINT('',(24.15,-17.85361746648,1.1));
#8815 = SURFACE_CURVE('',#8816,(#8820,#8826),.PCURVE_S1.);
#8816 = LINE('',#8817,#8818);
#8817 = CARTESIAN_POINT('',(24.15,-17.85361746648,0.));
#8818 = VECTOR('',#8819,1.);
#8819 = DIRECTION('',(-0.,-0.,-1.));
#8820 = PCURVE('',#5675,#8821);
#8821 = DEFINITIONAL_REPRESENTATION('',(#8822),#8825);
#8822 = B_SPLINE_CURVE_WITH_KNOTS('',1,(#8823,#8824),.UNSPECIFIED.,.F.,
  .F.,(2,2),(-1.1000006,6.E-07),.PIECEWISE_BEZIER_KNOTS.);
#8823 = CARTESIAN_POINT('',(59.303617466487,-1.3000006));
#8824 = CARTESIAN_POINT('',(59.303617466487,-0.1999994));
#8825 = ( GEOMETRIC_REPRESENTATION_CONTEXT(2) 
PARAMETRIC_REPRESENTATION_CONTEXT() REPRESENTATION_CONTEXT('2D SPACE',''
  ) );
#8826 = PCURVE('',#5793,#8827);
#8827 = DEFINITIONAL_REPRESENTATION('',(#8828),#8831);
#8828 = B_SPLINE_CURVE_WITH_KNOTS('',1,(#8829,#8830),.UNSPECIFIED.,.F.,
  .F.,(2,2),(-1.1000006,6.E-07),.PIECEWISE_BEZIER_KNOTS.);
#8829 = CARTESIAN_POINT('',(-5.385059425499,-1.1000006));
#8830 = CARTESIAN_POINT('',(-5.385059425499,6.E-07));
#8831 = ( GEOMETRIC_REPRESENTATION_CONTEXT(2) 
PARAMETRIC_REPRESENTATION_CONTEXT() REPRESENTATION_CONTEXT('2D SPACE',''
  ) );
#8832 = ORIENTED_EDGE('',*,*,#8833,.T.);
#8833 = EDGE_CURVE('',#8813,#8834,#8836,.T.);
#8834 = VERTEX_POINT('',#8835);
#8835 = CARTESIAN_POINT('',(24.15,-34.45,1.1));
#8836 = SURFACE_CURVE('',#8837,(#8841,#8847),.PCURVE_S1.);
#8837 = LINE('',#8838,#8839);
#8838 = CARTESIAN_POINT('',(24.15,20.747692889561,1.1));
#8839 = VECTOR('',#8840,1.);
#8840 = DIRECTION('',(0.,-1.,0.));
#8841 = PCURVE('',#5675,#8842);
#8842 = DEFINITIONAL_REPRESENTATION('',(#8843),#8846);
#8843 = B_SPLINE_CURVE_WITH_KNOTS('',1,(#8844,#8845),.UNSPECIFIED.,.F.,
  .F.,(2,2),(-20.70230711043,62.197692889561),.PIECEWISE_BEZIER_KNOTS.);
#8844 = CARTESIAN_POINT('',(0.,-1.3));
#8845 = CARTESIAN_POINT('',(82.9,-1.3));
#8846 = ( GEOMETRIC_REPRESENTATION_CONTEXT(2) 
PARAMETRIC_REPRESENTATION_CONTEXT() REPRESENTATION_CONTEXT('2D SPACE',''
  ) );
#8847 = PCURVE('',#8848,#8853);
#8848 = PLANE('',#8849);
#8849 = AXIS2_PLACEMENT_3D('',#8850,#8851,#8852);
#8850 = CARTESIAN_POINT('',(0.704614220877,4.538577912254E-02,1.1));
#8851 = DIRECTION('',(0.,0.,1.));
#8852 = DIRECTION('',(1.,0.,0.));
#8853 = DEFINITIONAL_REPRESENTATION('',(#8854),#8857);
#8854 = B_SPLINE_CURVE_WITH_KNOTS('',1,(#8855,#8856),.UNSPECIFIED.,.F.,
  .F.,(2,2),(-20.70230711043,62.197692889561),.PIECEWISE_BEZIER_KNOTS.);
#8855 = CARTESIAN_POINT('',(23.445385779123,41.404614220877));
#8856 = CARTESIAN_POINT('',(23.445385779123,-41.49538577912));
#8857 = ( GEOMETRIC_REPRESENTATION_CONTEXT(2) 
PARAMETRIC_REPRESENTATION_CONTEXT() REPRESENTATION_CONTEXT('2D SPACE',''
  ) );
#8858 = ORIENTED_EDGE('',*,*,#8859,.F.);
#8859 = EDGE_CURVE('',#7225,#8834,#8860,.T.);
#8860 = SURFACE_CURVE('',#8861,(#8865,#8871),.PCURVE_S1.);
#8861 = LINE('',#8862,#8863);
#8862 = CARTESIAN_POINT('',(24.15,-15.15,-18.2));
#8863 = VECTOR('',#8864,1.);
#8864 = DIRECTION('',(-0.,0.707106781187,-0.707106781187));
#8865 = PCURVE('',#5675,#8866);
#8866 = DEFINITIONAL_REPRESENTATION('',(#8867),#8870);
#8867 = B_SPLINE_CURVE_WITH_KNOTS('',1,(#8868,#8869),.UNSPECIFIED.,.F.,
  .F.,(2,2),(-27.43574311003,-27.2943217538),.PIECEWISE_BEZIER_KNOTS.);
#8868 = CARTESIAN_POINT('',(76.,-1.4));
#8869 = CARTESIAN_POINT('',(75.9,-1.3));
#8870 = ( GEOMETRIC_REPRESENTATION_CONTEXT(2) 
PARAMETRIC_REPRESENTATION_CONTEXT() REPRESENTATION_CONTEXT('2D SPACE',''
  ) );
#8871 = PCURVE('',#7240,#8872);
#8872 = DEFINITIONAL_REPRESENTATION('',(#8873),#8876);
#8873 = B_SPLINE_CURVE_WITH_KNOTS('',1,(#8874,#8875),.UNSPECIFIED.,.F.,
  .F.,(2,2),(-27.43574311003,-27.2943217538),.PIECEWISE_BEZIER_KNOTS.);
#8874 = CARTESIAN_POINT('',(0.141421356237,-1.25));
#8875 = CARTESIAN_POINT('',(0.,-1.25));
#8876 = ( GEOMETRIC_REPRESENTATION_CONTEXT(2) 
PARAMETRIC_REPRESENTATION_CONTEXT() REPRESENTATION_CONTEXT('2D SPACE',''
  ) );
#8877 = ORIENTED_EDGE('',*,*,#7252,.T.);
#8878 = ORIENTED_EDGE('',*,*,#8879,.T.);
#8879 = EDGE_CURVE('',#7253,#8880,#8882,.T.);
#8880 = VERTEX_POINT('',#8881);
#8881 = CARTESIAN_POINT('',(24.15,-38.83083982925,1.19));
#8882 = SURFACE_CURVE('',#8883,(#8887,#8893),.PCURVE_S1.);
#8883 = LINE('',#8884,#8885);
#8884 = CARTESIAN_POINT('',(24.15,-38.83083982925,1.19));
#8885 = VECTOR('',#8886,1.);
#8886 = DIRECTION('',(-0.,-0.,-1.));
#8887 = PCURVE('',#5675,#8888);
#8888 = DEFINITIONAL_REPRESENTATION('',(#8889),#8892);
#8889 = B_SPLINE_CURVE_WITH_KNOTS('',1,(#8890,#8891),.UNSPECIFIED.,.F.,
  .F.,(2,2),(-0.13,5.999999999062E-07),.PIECEWISE_BEZIER_KNOTS.);
#8890 = CARTESIAN_POINT('',(80.280839829258,-1.52));
#8891 = CARTESIAN_POINT('',(80.280839829258,-1.3899994));
#8892 = ( GEOMETRIC_REPRESENTATION_CONTEXT(2) 
PARAMETRIC_REPRESENTATION_CONTEXT() REPRESENTATION_CONTEXT('2D SPACE',''
  ) );
#8893 = PCURVE('',#7296,#8894);
#8894 = DEFINITIONAL_REPRESENTATION('',(#8895),#8898);
#8895 = B_SPLINE_CURVE_WITH_KNOTS('',1,(#8896,#8897),.UNSPECIFIED.,.F.,
  .F.,(2,2),(-1.E-02,-0.),.PIECEWISE_BEZIER_KNOTS.);
#8896 = CARTESIAN_POINT('',(-7.264950663758,-1.E-02));
#8897 = CARTESIAN_POINT('',(-7.264950663758,0.));
#8898 = ( GEOMETRIC_REPRESENTATION_CONTEXT(2) 
PARAMETRIC_REPRESENTATION_CONTEXT() REPRESENTATION_CONTEXT('2D SPACE',''
  ) );
#8899 = ORIENTED_EDGE('',*,*,#8900,.T.);
#8900 = EDGE_CURVE('',#8880,#8901,#8903,.T.);
#8901 = VERTEX_POINT('',#8902);
#8902 = CARTESIAN_POINT('',(24.15,-39.66278848323,1.19));
#8903 = SURFACE_CURVE('',#8904,(#8908,#8914),.PCURVE_S1.);
#8904 = LINE('',#8905,#8906);
#8905 = CARTESIAN_POINT('',(24.15,-3.552713678801E-15,1.19));
#8906 = VECTOR('',#8907,1.);
#8907 = DIRECTION('',(0.,-1.,0.));
#8908 = PCURVE('',#5675,#8909);
#8909 = DEFINITIONAL_REPRESENTATION('',(#8910),#8913);
#8910 = B_SPLINE_CURVE_WITH_KNOTS('',1,(#8911,#8912),.UNSPECIFIED.,.F.,
  .F.,(2,2),(38.3,41.45),.PIECEWISE_BEZIER_KNOTS.);
#8911 = CARTESIAN_POINT('',(79.75,-1.39));
#8912 = CARTESIAN_POINT('',(82.9,-1.39));
#8913 = ( GEOMETRIC_REPRESENTATION_CONTEXT(2) 
PARAMETRIC_REPRESENTATION_CONTEXT() REPRESENTATION_CONTEXT('2D SPACE',''
  ) );
#8914 = PCURVE('',#8915,#8920);
#8915 = PLANE('',#8916);
#8916 = AXIS2_PLACEMENT_3D('',#8917,#8918,#8919);
#8917 = CARTESIAN_POINT('',(-22.4,-41.45,1.19));
#8918 = DIRECTION('',(0.,0.,1.));
#8919 = DIRECTION('',(1.,0.,-0.));
#8920 = DEFINITIONAL_REPRESENTATION('',(#8921),#8924);
#8921 = B_SPLINE_CURVE_WITH_KNOTS('',1,(#8922,#8923),.UNSPECIFIED.,.F.,
  .F.,(2,2),(38.3,41.45),.PIECEWISE_BEZIER_KNOTS.);
#8922 = CARTESIAN_POINT('',(46.55,3.15));
#8923 = CARTESIAN_POINT('',(46.55,0.));
#8924 = ( GEOMETRIC_REPRESENTATION_CONTEXT(2) 
PARAMETRIC_REPRESENTATION_CONTEXT() REPRESENTATION_CONTEXT('2D SPACE',''
  ) );
#8925 = ORIENTED_EDGE('',*,*,#8926,.T.);
#8926 = EDGE_CURVE('',#8901,#8718,#8927,.T.);
#8927 = SURFACE_CURVE('',#8928,(#8933,#8940),.PCURVE_S1.);
#8928 = HYPERBOLA('',#8929,1.62,1.62);
#8929 = AXIS2_PLACEMENT_3D('',#8930,#8931,#8932);
#8930 = CARTESIAN_POINT('',(24.15,-41.58,3.7));
#8931 = DIRECTION('',(1.,0.,0.));
#8932 = DIRECTION('',(0.,-0.,-1.));
#8933 = PCURVE('',#5675,#8934);
#8934 = DEFINITIONAL_REPRESENTATION('',(#8935),#8939);
#8935 = ( BOUNDED_CURVE() B_SPLINE_CURVE(2,(#8936,#8937,#8938),
.UNSPECIFIED.,.F.,.F.) B_SPLINE_CURVE_WITH_KNOTS((3,3),(1.00010996619,
1.050911724046),.PIECEWISE_BEZIER_KNOTS.) CURVE() 
GEOMETRIC_REPRESENTATION_ITEM() RATIONAL_B_SPLINE_CURVE((1.,
1.000322619671,1.)) REPRESENTATION_ITEM('') );
#8936 = CARTESIAN_POINT('',(81.125899162334,-1.4));
#8937 = CARTESIAN_POINT('',(81.062410618794,-1.351644564426));
#8938 = CARTESIAN_POINT('',(80.996382533513,-1.3));
#8939 = ( GEOMETRIC_REPRESENTATION_CONTEXT(2) 
PARAMETRIC_REPRESENTATION_CONTEXT() REPRESENTATION_CONTEXT('2D SPACE',''
  ) );
#8940 = PCURVE('',#7351,#8941);
#8941 = DEFINITIONAL_REPRESENTATION('',(#8942),#8949);
#8942 = B_SPLINE_CURVE_WITH_KNOTS('',5,(#8943,#8944,#8945,#8946,#8947,
    #8948),.UNSPECIFIED.,.F.,.F.,(6,6),(1.00010996619,1.050911724046),
  .PIECEWISE_BEZIER_KNOTS.);
#8943 = CARTESIAN_POINT('',(-0.865840744315,-1.E-01));
#8944 = CARTESIAN_POINT('',(-0.872424652133,-8.065366606224E-02));
#8945 = CARTESIAN_POINT('',(-0.878944872711,-6.098472980065E-02));
#8946 = CARTESIAN_POINT('',(-0.885401632884,-4.098903042497E-02));
#8947 = CARTESIAN_POINT('',(-0.891795201086,-2.06622684209E-02));
#8948 = CARTESIAN_POINT('',(-0.89812588168,-1.887379141863E-15));
#8949 = ( GEOMETRIC_REPRESENTATION_CONTEXT(2) 
PARAMETRIC_REPRESENTATION_CONTEXT() REPRESENTATION_CONTEXT('2D SPACE',''
  ) );
#8950 = ORIENTED_EDGE('',*,*,#8717,.T.);
#8951 = ORIENTED_EDGE('',*,*,#5661,.T.);
#8952 = ADVANCED_FACE('',(#8953),#5734,.T.);
#8953 = FACE_BOUND('',#8954,.F.);
#8954 = EDGE_LOOP('',(#8955,#8956,#8980,#8999));
#8955 = ORIENTED_EDGE('',*,*,#8767,.F.);
#8956 = ORIENTED_EDGE('',*,*,#8957,.F.);
#8957 = EDGE_CURVE('',#8958,#8768,#8960,.T.);
#8958 = VERTEX_POINT('',#8959);
#8959 = CARTESIAN_POINT('',(-22.9,-13.24646157984,1.1));
#8960 = SURFACE_CURVE('',#8961,(#8966,#8973),.PCURVE_S1.);
#8961 = CIRCLE('',#8962,2.6);
#8962 = AXIS2_PLACEMENT_3D('',#8963,#8964,#8965);
#8963 = CARTESIAN_POINT('',(-22.53,-15.82,1.1));
#8964 = DIRECTION('',(0.,0.,-1.));
#8965 = DIRECTION('',(-0.142307692308,0.989822469289,0.));
#8966 = PCURVE('',#5734,#8967);
#8967 = DEFINITIONAL_REPRESENTATION('',(#8968),#8972);
#8968 = LINE('',#8969,#8970);
#8969 = CARTESIAN_POINT('',(-7.996774080601,-1.1));
#8970 = VECTOR('',#8971,1.);
#8971 = DIRECTION('',(1.,-0.));
#8972 = ( GEOMETRIC_REPRESENTATION_CONTEXT(2) 
PARAMETRIC_REPRESENTATION_CONTEXT() REPRESENTATION_CONTEXT('2D SPACE',''
  ) );
#8973 = PCURVE('',#7465,#8974);
#8974 = DEFINITIONAL_REPRESENTATION('',(#8975),#8979);
#8975 = LINE('',#8976,#8977);
#8976 = CARTESIAN_POINT('',(-7.996774080601,-0.));
#8977 = VECTOR('',#8978,1.);
#8978 = DIRECTION('',(1.,-0.));
#8979 = ( GEOMETRIC_REPRESENTATION_CONTEXT(2) 
PARAMETRIC_REPRESENTATION_CONTEXT() REPRESENTATION_CONTEXT('2D SPACE',''
  ) );
#8980 = ORIENTED_EDGE('',*,*,#8981,.T.);
#8981 = EDGE_CURVE('',#8958,#5691,#8982,.T.);
#8982 = SURFACE_CURVE('',#8983,(#8987,#8993),.PCURVE_S1.);
#8983 = LINE('',#8984,#8985);
#8984 = CARTESIAN_POINT('',(-22.9,-13.24646157984,0.));
#8985 = VECTOR('',#8986,1.);
#8986 = DIRECTION('',(-0.,-0.,-1.));
#8987 = PCURVE('',#5734,#8988);
#8988 = DEFINITIONAL_REPRESENTATION('',(#8989),#8992);
#8989 = B_SPLINE_CURVE_WITH_KNOTS('',1,(#8990,#8991),.UNSPECIFIED.,.F.,
  .F.,(2,2),(-1.1,0.),.PIECEWISE_BEZIER_KNOTS.);
#8990 = CARTESIAN_POINT('',(-7.996774080601,-1.1));
#8991 = CARTESIAN_POINT('',(-7.996774080601,0.));
#8992 = ( GEOMETRIC_REPRESENTATION_CONTEXT(2) 
PARAMETRIC_REPRESENTATION_CONTEXT() REPRESENTATION_CONTEXT('2D SPACE',''
  ) );
#8993 = PCURVE('',#5851,#8994);
#8994 = DEFINITIONAL_REPRESENTATION('',(#8995),#8998);
#8995 = B_SPLINE_CURVE_WITH_KNOTS('',1,(#8996,#8997),.UNSPECIFIED.,.F.,
  .F.,(2,2),(-1.1000006,6.E-07),.PIECEWISE_BEZIER_KNOTS.);
#8996 = CARTESIAN_POINT('',(55.696461579848,-1.1100006));
#8997 = CARTESIAN_POINT('',(55.696461579848,-9.9994E-03));
#8998 = ( GEOMETRIC_REPRESENTATION_CONTEXT(2) 
PARAMETRIC_REPRESENTATION_CONTEXT() REPRESENTATION_CONTEXT('2D SPACE',''
  ) );
#8999 = ORIENTED_EDGE('',*,*,#5719,.T.);
#9000 = ADVANCED_FACE('',(#9001),#5793,.T.);
#9001 = FACE_BOUND('',#9002,.F.);
#9002 = EDGE_LOOP('',(#9003,#9004,#9005,#9026));
#9003 = ORIENTED_EDGE('',*,*,#8812,.T.);
#9004 = ORIENTED_EDGE('',*,*,#5778,.F.);
#9005 = ORIENTED_EDGE('',*,*,#9006,.F.);
#9006 = EDGE_CURVE('',#9007,#5750,#9009,.T.);
#9007 = VERTEX_POINT('',#9008);
#9008 = CARTESIAN_POINT('',(24.15,-13.78638253351,1.1));
#9009 = SURFACE_CURVE('',#9010,(#9014,#9020),.PCURVE_S1.);
#9010 = LINE('',#9011,#9012);
#9011 = CARTESIAN_POINT('',(24.15,-13.78638253351,0.));
#9012 = VECTOR('',#9013,1.);
#9013 = DIRECTION('',(-0.,-0.,-1.));
#9014 = PCURVE('',#5793,#9015);
#9015 = DEFINITIONAL_REPRESENTATION('',(#9016),#9019);
#9016 = B_SPLINE_CURVE_WITH_KNOTS('',1,(#9017,#9018),.UNSPECIFIED.,.F.,
  .F.,(2,2),(-1.1000006,6.E-07),.PIECEWISE_BEZIER_KNOTS.);
#9017 = CARTESIAN_POINT('',(-0.89812588168,-1.1000006));
#9018 = CARTESIAN_POINT('',(-0.89812588168,6.E-07));
#9019 = ( GEOMETRIC_REPRESENTATION_CONTEXT(2) 
PARAMETRIC_REPRESENTATION_CONTEXT() REPRESENTATION_CONTEXT('2D SPACE',''
  ) );
#9020 = PCURVE('',#5909,#9021);
#9021 = DEFINITIONAL_REPRESENTATION('',(#9022),#9025);
#9022 = B_SPLINE_CURVE_WITH_KNOTS('',1,(#9023,#9024),.UNSPECIFIED.,.F.,
  .F.,(2,2),(-1.1000006,6.E-07),.PIECEWISE_BEZIER_KNOTS.);
#9023 = CARTESIAN_POINT('',(55.236382533513,-1.3000006));
#9024 = CARTESIAN_POINT('',(55.236382533513,-0.1999994));
#9025 = ( GEOMETRIC_REPRESENTATION_CONTEXT(2) 
PARAMETRIC_REPRESENTATION_CONTEXT() REPRESENTATION_CONTEXT('2D SPACE',''
  ) );
#9026 = ORIENTED_EDGE('',*,*,#9027,.T.);
#9027 = EDGE_CURVE('',#9007,#8813,#9028,.T.);
#9028 = SURFACE_CURVE('',#9029,(#9034,#9041),.PCURVE_S1.);
#9029 = CIRCLE('',#9030,2.6);
#9030 = AXIS2_PLACEMENT_3D('',#9031,#9032,#9033);
#9031 = CARTESIAN_POINT('',(22.53,-15.82,1.1));
#9032 = DIRECTION('',(0.,0.,1.));
#9033 = DIRECTION('',(1.,0.,-0.));
#9034 = PCURVE('',#5793,#9035);
#9035 = DEFINITIONAL_REPRESENTATION('',(#9036),#9040);
#9036 = LINE('',#9037,#9038);
#9037 = CARTESIAN_POINT('',(-0.,-1.1));
#9038 = VECTOR('',#9039,1.);
#9039 = DIRECTION('',(-1.,0.));
#9040 = ( GEOMETRIC_REPRESENTATION_CONTEXT(2) 
PARAMETRIC_REPRESENTATION_CONTEXT() REPRESENTATION_CONTEXT('2D SPACE',''
  ) );
#9041 = PCURVE('',#7151,#9042);
#9042 = DEFINITIONAL_REPRESENTATION('',(#9043),#9047);
#9043 = LINE('',#9044,#9045);
#9044 = CARTESIAN_POINT('',(-0.,-0.));
#9045 = VECTOR('',#9046,1.);
#9046 = DIRECTION('',(-1.,-0.));
#9047 = ( GEOMETRIC_REPRESENTATION_CONTEXT(2) 
PARAMETRIC_REPRESENTATION_CONTEXT() REPRESENTATION_CONTEXT('2D SPACE',''
  ) );
#9048 = ADVANCED_FACE('',(#9049),#5851,.T.);
#9049 = FACE_BOUND('',#9050,.T.);
#9050 = EDGE_LOOP('',(#9051,#9052,#9053,#9074));
#9051 = ORIENTED_EDGE('',*,*,#8981,.T.);
#9052 = ORIENTED_EDGE('',*,*,#5837,.F.);
#9053 = ORIENTED_EDGE('',*,*,#9054,.F.);
#9054 = EDGE_CURVE('',#9055,#5809,#9057,.T.);
#9055 = VERTEX_POINT('',#9056);
#9056 = CARTESIAN_POINT('',(-22.9,13.246461579848,1.1));
#9057 = SURFACE_CURVE('',#9058,(#9062,#9068),.PCURVE_S1.);
#9058 = LINE('',#9059,#9060);
#9059 = CARTESIAN_POINT('',(-22.9,13.246461579848,0.));
#9060 = VECTOR('',#9061,1.);
#9061 = DIRECTION('',(-0.,-0.,-1.));
#9062 = PCURVE('',#5851,#9063);
#9063 = DEFINITIONAL_REPRESENTATION('',(#9064),#9067);
#9064 = B_SPLINE_CURVE_WITH_KNOTS('',1,(#9065,#9066),.UNSPECIFIED.,.F.,
  .F.,(2,2),(-1.1000006,6.E-07),.PIECEWISE_BEZIER_KNOTS.);
#9065 = CARTESIAN_POINT('',(29.203538420152,-1.1100006));
#9066 = CARTESIAN_POINT('',(29.203538420152,-9.9994E-03));
#9067 = ( GEOMETRIC_REPRESENTATION_CONTEXT(2) 
PARAMETRIC_REPRESENTATION_CONTEXT() REPRESENTATION_CONTEXT('2D SPACE',''
  ) );
#9068 = PCURVE('',#5968,#9069);
#9069 = DEFINITIONAL_REPRESENTATION('',(#9070),#9073);
#9070 = B_SPLINE_CURVE_WITH_KNOTS('',1,(#9071,#9072),.UNSPECIFIED.,.F.,
  .F.,(2,2),(-1.1,0.),.PIECEWISE_BEZIER_KNOTS.);
#9071 = CARTESIAN_POINT('',(-4.569596533758,-1.1));
#9072 = CARTESIAN_POINT('',(-4.569596533758,0.));
#9073 = ( GEOMETRIC_REPRESENTATION_CONTEXT(2) 
PARAMETRIC_REPRESENTATION_CONTEXT() REPRESENTATION_CONTEXT('2D SPACE',''
  ) );
#9074 = ORIENTED_EDGE('',*,*,#9075,.T.);
#9075 = EDGE_CURVE('',#9055,#8958,#9076,.T.);
#9076 = SURFACE_CURVE('',#9077,(#9081,#9088),.PCURVE_S1.);
#9077 = LINE('',#9078,#9079);
#9078 = CARTESIAN_POINT('',(-22.9,42.45,1.1));
#9079 = VECTOR('',#9080,1.);
#9080 = DIRECTION('',(0.,-1.,0.));
#9081 = PCURVE('',#5851,#9082);
#9082 = DEFINITIONAL_REPRESENTATION('',(#9083),#9087);
#9083 = LINE('',#9084,#9085);
#9084 = CARTESIAN_POINT('',(0.,-1.11));
#9085 = VECTOR('',#9086,1.);
#9086 = DIRECTION('',(1.,0.));
#9087 = ( GEOMETRIC_REPRESENTATION_CONTEXT(2) 
PARAMETRIC_REPRESENTATION_CONTEXT() REPRESENTATION_CONTEXT('2D SPACE',''
  ) );
#9088 = PCURVE('',#7493,#9089);
#9089 = DEFINITIONAL_REPRESENTATION('',(#9090),#9094);
#9090 = LINE('',#9091,#9092);
#9091 = CARTESIAN_POINT('',(0.,0.));
#9092 = VECTOR('',#9093,1.);
#9093 = DIRECTION('',(-6.162975822039E-33,-1.));
#9094 = ( GEOMETRIC_REPRESENTATION_CONTEXT(2) 
PARAMETRIC_REPRESENTATION_CONTEXT() REPRESENTATION_CONTEXT('2D SPACE',''
  ) );
#9095 = ADVANCED_FACE('',(#9096),#5909,.F.);
#9096 = FACE_BOUND('',#9097,.F.);
#9097 = EDGE_LOOP('',(#9098,#9119,#9143,#9144));
#9098 = ORIENTED_EDGE('',*,*,#9099,.F.);
#9099 = EDGE_CURVE('',#9100,#5869,#9102,.T.);
#9100 = VERTEX_POINT('',#9101);
#9101 = CARTESIAN_POINT('',(24.15,13.786382533513,1.1));
#9102 = SURFACE_CURVE('',#9103,(#9107,#9113),.PCURVE_S1.);
#9103 = LINE('',#9104,#9105);
#9104 = CARTESIAN_POINT('',(24.15,13.786382533513,0.));
#9105 = VECTOR('',#9106,1.);
#9106 = DIRECTION('',(-0.,-0.,-1.));
#9107 = PCURVE('',#5909,#9108);
#9108 = DEFINITIONAL_REPRESENTATION('',(#9109),#9112);
#9109 = B_SPLINE_CURVE_WITH_KNOTS('',1,(#9110,#9111),.UNSPECIFIED.,.F.,
  .F.,(2,2),(-1.1000006,6.E-07),.PIECEWISE_BEZIER_KNOTS.);
#9110 = CARTESIAN_POINT('',(27.663617466487,-1.3000006));
#9111 = CARTESIAN_POINT('',(27.663617466487,-0.1999994));
#9112 = ( GEOMETRIC_REPRESENTATION_CONTEXT(2) 
PARAMETRIC_REPRESENTATION_CONTEXT() REPRESENTATION_CONTEXT('2D SPACE',''
  ) );
#9113 = PCURVE('',#6027,#9114);
#9114 = DEFINITIONAL_REPRESENTATION('',(#9115),#9118);
#9115 = B_SPLINE_CURVE_WITH_KNOTS('',1,(#9116,#9117),.UNSPECIFIED.,.F.,
  .F.,(2,2),(-1.1000006,6.E-07),.PIECEWISE_BEZIER_KNOTS.);
#9116 = CARTESIAN_POINT('',(-5.385059425499,-1.1000006));
#9117 = CARTESIAN_POINT('',(-5.385059425499,6.E-07));
#9118 = ( GEOMETRIC_REPRESENTATION_CONTEXT(2) 
PARAMETRIC_REPRESENTATION_CONTEXT() REPRESENTATION_CONTEXT('2D SPACE',''
  ) );
#9119 = ORIENTED_EDGE('',*,*,#9120,.T.);
#9120 = EDGE_CURVE('',#9100,#9007,#9121,.T.);
#9121 = SURFACE_CURVE('',#9122,(#9126,#9132),.PCURVE_S1.);
#9122 = LINE('',#9123,#9124);
#9123 = CARTESIAN_POINT('',(24.15,20.747692889561,1.1));
#9124 = VECTOR('',#9125,1.);
#9125 = DIRECTION('',(0.,-1.,0.));
#9126 = PCURVE('',#5909,#9127);
#9127 = DEFINITIONAL_REPRESENTATION('',(#9128),#9131);
#9128 = B_SPLINE_CURVE_WITH_KNOTS('',1,(#9129,#9130),.UNSPECIFIED.,.F.,
  .F.,(2,2),(-20.70230711043,62.197692889561),.PIECEWISE_BEZIER_KNOTS.);
#9129 = CARTESIAN_POINT('',(0.,-1.3));
#9130 = CARTESIAN_POINT('',(82.9,-1.3));
#9131 = ( GEOMETRIC_REPRESENTATION_CONTEXT(2) 
PARAMETRIC_REPRESENTATION_CONTEXT() REPRESENTATION_CONTEXT('2D SPACE',''
  ) );
#9132 = PCURVE('',#9133,#9138);
#9133 = PLANE('',#9134);
#9134 = AXIS2_PLACEMENT_3D('',#9135,#9136,#9137);
#9135 = CARTESIAN_POINT('',(0.704614220877,4.538577912254E-02,1.1));
#9136 = DIRECTION('',(0.,0.,1.));
#9137 = DIRECTION('',(1.,0.,0.));
#9138 = DEFINITIONAL_REPRESENTATION('',(#9139),#9142);
#9139 = B_SPLINE_CURVE_WITH_KNOTS('',1,(#9140,#9141),.UNSPECIFIED.,.F.,
  .F.,(2,2),(-20.70230711043,62.197692889561),.PIECEWISE_BEZIER_KNOTS.);
#9140 = CARTESIAN_POINT('',(23.445385779123,41.404614220877));
#9141 = CARTESIAN_POINT('',(23.445385779123,-41.49538577912));
#9142 = ( GEOMETRIC_REPRESENTATION_CONTEXT(2) 
PARAMETRIC_REPRESENTATION_CONTEXT() REPRESENTATION_CONTEXT('2D SPACE',''
  ) );
#9143 = ORIENTED_EDGE('',*,*,#9006,.T.);
#9144 = ORIENTED_EDGE('',*,*,#5895,.T.);
#9145 = ADVANCED_FACE('',(#9146),#5968,.T.);
#9146 = FACE_BOUND('',#9147,.F.);
#9147 = EDGE_LOOP('',(#9148,#9149,#9173,#9192));
#9148 = ORIENTED_EDGE('',*,*,#9054,.F.);
#9149 = ORIENTED_EDGE('',*,*,#9150,.F.);
#9150 = EDGE_CURVE('',#9151,#9055,#9153,.T.);
#9151 = VERTEX_POINT('',#9152);
#9152 = CARTESIAN_POINT('',(-22.9,18.393538420152,1.1));
#9153 = SURFACE_CURVE('',#9154,(#9159,#9166),.PCURVE_S1.);
#9154 = CIRCLE('',#9155,2.6);
#9155 = AXIS2_PLACEMENT_3D('',#9156,#9157,#9158);
#9156 = CARTESIAN_POINT('',(-22.53,15.82,1.1));
#9157 = DIRECTION('',(0.,0.,-1.));
#9158 = DIRECTION('',(-0.142307692308,0.989822469289,0.));
#9159 = PCURVE('',#5968,#9160);
#9160 = DEFINITIONAL_REPRESENTATION('',(#9161),#9165);
#9161 = LINE('',#9162,#9163);
#9162 = CARTESIAN_POINT('',(-7.996774080601,-1.1));
#9163 = VECTOR('',#9164,1.);
#9164 = DIRECTION('',(1.,-0.));
#9165 = ( GEOMETRIC_REPRESENTATION_CONTEXT(2) 
PARAMETRIC_REPRESENTATION_CONTEXT() REPRESENTATION_CONTEXT('2D SPACE',''
  ) );
#9166 = PCURVE('',#7522,#9167);
#9167 = DEFINITIONAL_REPRESENTATION('',(#9168),#9172);
#9168 = LINE('',#9169,#9170);
#9169 = CARTESIAN_POINT('',(-7.996774080601,-0.));
#9170 = VECTOR('',#9171,1.);
#9171 = DIRECTION('',(1.,-0.));
#9172 = ( GEOMETRIC_REPRESENTATION_CONTEXT(2) 
PARAMETRIC_REPRESENTATION_CONTEXT() REPRESENTATION_CONTEXT('2D SPACE',''
  ) );
#9173 = ORIENTED_EDGE('',*,*,#9174,.T.);
#9174 = EDGE_CURVE('',#9151,#5925,#9175,.T.);
#9175 = SURFACE_CURVE('',#9176,(#9180,#9186),.PCURVE_S1.);
#9176 = LINE('',#9177,#9178);
#9177 = CARTESIAN_POINT('',(-22.9,18.393538420152,0.));
#9178 = VECTOR('',#9179,1.);
#9179 = DIRECTION('',(-0.,-0.,-1.));
#9180 = PCURVE('',#5968,#9181);
#9181 = DEFINITIONAL_REPRESENTATION('',(#9182),#9185);
#9182 = B_SPLINE_CURVE_WITH_KNOTS('',1,(#9183,#9184),.UNSPECIFIED.,.F.,
  .F.,(2,2),(-1.1,0.),.PIECEWISE_BEZIER_KNOTS.);
#9183 = CARTESIAN_POINT('',(-7.996774080601,-1.1));
#9184 = CARTESIAN_POINT('',(-7.996774080601,0.));
#9185 = ( GEOMETRIC_REPRESENTATION_CONTEXT(2) 
PARAMETRIC_REPRESENTATION_CONTEXT() REPRESENTATION_CONTEXT('2D SPACE',''
  ) );
#9186 = PCURVE('',#6085,#9187);
#9187 = DEFINITIONAL_REPRESENTATION('',(#9188),#9191);
#9188 = B_SPLINE_CURVE_WITH_KNOTS('',1,(#9189,#9190),.UNSPECIFIED.,.F.,
  .F.,(2,2),(-1.1000006,6.E-07),.PIECEWISE_BEZIER_KNOTS.);
#9189 = CARTESIAN_POINT('',(24.056461579848,-1.1100006));
#9190 = CARTESIAN_POINT('',(24.056461579848,-9.9994E-03));
#9191 = ( GEOMETRIC_REPRESENTATION_CONTEXT(2) 
PARAMETRIC_REPRESENTATION_CONTEXT() REPRESENTATION_CONTEXT('2D SPACE',''
  ) );
#9192 = ORIENTED_EDGE('',*,*,#5953,.T.);
#9193 = ADVANCED_FACE('',(#9194),#6027,.T.);
#9194 = FACE_BOUND('',#9195,.F.);
#9195 = EDGE_LOOP('',(#9196,#9197,#9198,#9219));
#9196 = ORIENTED_EDGE('',*,*,#9099,.T.);
#9197 = ORIENTED_EDGE('',*,*,#6012,.F.);
#9198 = ORIENTED_EDGE('',*,*,#9199,.F.);
#9199 = EDGE_CURVE('',#9200,#5984,#9202,.T.);
#9200 = VERTEX_POINT('',#9201);
#9201 = CARTESIAN_POINT('',(24.15,17.853617466487,1.1));
#9202 = SURFACE_CURVE('',#9203,(#9207,#9213),.PCURVE_S1.);
#9203 = LINE('',#9204,#9205);
#9204 = CARTESIAN_POINT('',(24.15,17.853617466487,0.));
#9205 = VECTOR('',#9206,1.);
#9206 = DIRECTION('',(-0.,-0.,-1.));
#9207 = PCURVE('',#6027,#9208);
#9208 = DEFINITIONAL_REPRESENTATION('',(#9209),#9212);
#9209 = B_SPLINE_CURVE_WITH_KNOTS('',1,(#9210,#9211),.UNSPECIFIED.,.F.,
  .F.,(2,2),(-1.1000006,6.E-07),.PIECEWISE_BEZIER_KNOTS.);
#9210 = CARTESIAN_POINT('',(-0.89812588168,-1.1000006));
#9211 = CARTESIAN_POINT('',(-0.89812588168,6.E-07));
#9212 = ( GEOMETRIC_REPRESENTATION_CONTEXT(2) 
PARAMETRIC_REPRESENTATION_CONTEXT() REPRESENTATION_CONTEXT('2D SPACE',''
  ) );
#9213 = PCURVE('',#6143,#9214);
#9214 = DEFINITIONAL_REPRESENTATION('',(#9215),#9218);
#9215 = B_SPLINE_CURVE_WITH_KNOTS('',1,(#9216,#9217),.UNSPECIFIED.,.F.,
  .F.,(2,2),(-1.1000006,6.E-07),.PIECEWISE_BEZIER_KNOTS.);
#9216 = CARTESIAN_POINT('',(23.596382533513,-1.3000006));
#9217 = CARTESIAN_POINT('',(23.596382533513,-0.1999994));
#9218 = ( GEOMETRIC_REPRESENTATION_CONTEXT(2) 
PARAMETRIC_REPRESENTATION_CONTEXT() REPRESENTATION_CONTEXT('2D SPACE',''
  ) );
#9219 = ORIENTED_EDGE('',*,*,#9220,.T.);
#9220 = EDGE_CURVE('',#9200,#9100,#9221,.T.);
#9221 = SURFACE_CURVE('',#9222,(#9227,#9234),.PCURVE_S1.);
#9222 = CIRCLE('',#9223,2.6);
#9223 = AXIS2_PLACEMENT_3D('',#9224,#9225,#9226);
#9224 = CARTESIAN_POINT('',(22.53,15.82,1.1));
#9225 = DIRECTION('',(0.,0.,1.));
#9226 = DIRECTION('',(1.,0.,-0.));
#9227 = PCURVE('',#6027,#9228);
#9228 = DEFINITIONAL_REPRESENTATION('',(#9229),#9233);
#9229 = LINE('',#9230,#9231);
#9230 = CARTESIAN_POINT('',(-0.,-1.1));
#9231 = VECTOR('',#9232,1.);
#9232 = DIRECTION('',(-1.,0.));
#9233 = ( GEOMETRIC_REPRESENTATION_CONTEXT(2) 
PARAMETRIC_REPRESENTATION_CONTEXT() REPRESENTATION_CONTEXT('2D SPACE',''
  ) );
#9234 = PCURVE('',#7693,#9235);
#9235 = DEFINITIONAL_REPRESENTATION('',(#9236),#9240);
#9236 = LINE('',#9237,#9238);
#9237 = CARTESIAN_POINT('',(-0.,-0.));
#9238 = VECTOR('',#9239,1.);
#9239 = DIRECTION('',(-1.,-0.));
#9240 = ( GEOMETRIC_REPRESENTATION_CONTEXT(2) 
PARAMETRIC_REPRESENTATION_CONTEXT() REPRESENTATION_CONTEXT('2D SPACE',''
  ) );
#9241 = ADVANCED_FACE('',(#9242),#6085,.T.);
#9242 = FACE_BOUND('',#9243,.T.);
#9243 = EDGE_LOOP('',(#9244,#9245,#9246,#9267));
#9244 = ORIENTED_EDGE('',*,*,#9174,.T.);
#9245 = ORIENTED_EDGE('',*,*,#6071,.F.);
#9246 = ORIENTED_EDGE('',*,*,#9247,.F.);
#9247 = EDGE_CURVE('',#9248,#6043,#9250,.T.);
#9248 = VERTEX_POINT('',#9249);
#9249 = CARTESIAN_POINT('',(-22.9,39.006461579848,1.1));
#9250 = SURFACE_CURVE('',#9251,(#9255,#9261),.PCURVE_S1.);
#9251 = LINE('',#9252,#9253);
#9252 = CARTESIAN_POINT('',(-22.9,39.006461579848,0.));
#9253 = VECTOR('',#9254,1.);
#9254 = DIRECTION('',(-0.,-0.,-1.));
#9255 = PCURVE('',#6085,#9256);
#9256 = DEFINITIONAL_REPRESENTATION('',(#9257),#9260);
#9257 = B_SPLINE_CURVE_WITH_KNOTS('',1,(#9258,#9259),.UNSPECIFIED.,.F.,
  .F.,(2,2),(-1.1000006,6.E-07),.PIECEWISE_BEZIER_KNOTS.);
#9258 = CARTESIAN_POINT('',(3.443538420152,-1.1100006));
#9259 = CARTESIAN_POINT('',(3.443538420152,-9.9994E-03));
#9260 = ( GEOMETRIC_REPRESENTATION_CONTEXT(2) 
PARAMETRIC_REPRESENTATION_CONTEXT() REPRESENTATION_CONTEXT('2D SPACE',''
  ) );
#9261 = PCURVE('',#6202,#9262);
#9262 = DEFINITIONAL_REPRESENTATION('',(#9263),#9266);
#9263 = B_SPLINE_CURVE_WITH_KNOTS('',1,(#9264,#9265),.UNSPECIFIED.,.F.,
  .F.,(2,2),(-1.1,0.),.PIECEWISE_BEZIER_KNOTS.);
#9264 = CARTESIAN_POINT('',(-4.569596533758,-1.1));
#9265 = CARTESIAN_POINT('',(-4.569596533758,0.));
#9266 = ( GEOMETRIC_REPRESENTATION_CONTEXT(2) 
PARAMETRIC_REPRESENTATION_CONTEXT() REPRESENTATION_CONTEXT('2D SPACE',''
  ) );
#9267 = ORIENTED_EDGE('',*,*,#9268,.T.);
#9268 = EDGE_CURVE('',#9248,#9151,#9269,.T.);
#9269 = SURFACE_CURVE('',#9270,(#9274,#9281),.PCURVE_S1.);
#9270 = LINE('',#9271,#9272);
#9271 = CARTESIAN_POINT('',(-22.9,42.45,1.1));
#9272 = VECTOR('',#9273,1.);
#9273 = DIRECTION('',(0.,-1.,0.));
#9274 = PCURVE('',#6085,#9275);
#9275 = DEFINITIONAL_REPRESENTATION('',(#9276),#9280);
#9276 = LINE('',#9277,#9278);
#9277 = CARTESIAN_POINT('',(0.,-1.11));
#9278 = VECTOR('',#9279,1.);
#9279 = DIRECTION('',(1.,0.));
#9280 = ( GEOMETRIC_REPRESENTATION_CONTEXT(2) 
PARAMETRIC_REPRESENTATION_CONTEXT() REPRESENTATION_CONTEXT('2D SPACE',''
  ) );
#9281 = PCURVE('',#7550,#9282);
#9282 = DEFINITIONAL_REPRESENTATION('',(#9283),#9287);
#9283 = LINE('',#9284,#9285);
#9284 = CARTESIAN_POINT('',(0.,0.));
#9285 = VECTOR('',#9286,1.);
#9286 = DIRECTION('',(-6.162975822039E-33,-1.));
#9287 = ( GEOMETRIC_REPRESENTATION_CONTEXT(2) 
PARAMETRIC_REPRESENTATION_CONTEXT() REPRESENTATION_CONTEXT('2D SPACE',''
  ) );
#9288 = ADVANCED_FACE('',(#9289),#6143,.F.);
#9289 = FACE_BOUND('',#9290,.F.);
#9290 = EDGE_LOOP('',(#9291,#9312,#9336,#9337));
#9291 = ORIENTED_EDGE('',*,*,#9292,.F.);
#9292 = EDGE_CURVE('',#9293,#6103,#9295,.T.);
#9293 = VERTEX_POINT('',#9294);
#9294 = CARTESIAN_POINT('',(24.15,39.546382533513,1.1));
#9295 = SURFACE_CURVE('',#9296,(#9300,#9306),.PCURVE_S1.);
#9296 = LINE('',#9297,#9298);
#9297 = CARTESIAN_POINT('',(24.15,39.546382533513,0.));
#9298 = VECTOR('',#9299,1.);
#9299 = DIRECTION('',(-0.,-0.,-1.));
#9300 = PCURVE('',#6143,#9301);
#9301 = DEFINITIONAL_REPRESENTATION('',(#9302),#9305);
#9302 = B_SPLINE_CURVE_WITH_KNOTS('',1,(#9303,#9304),.UNSPECIFIED.,.F.,
  .F.,(2,2),(-1.1000006,6.E-07),.PIECEWISE_BEZIER_KNOTS.);
#9303 = CARTESIAN_POINT('',(1.903617466487,-1.3000006));
#9304 = CARTESIAN_POINT('',(1.903617466487,-0.1999994));
#9305 = ( GEOMETRIC_REPRESENTATION_CONTEXT(2) 
PARAMETRIC_REPRESENTATION_CONTEXT() REPRESENTATION_CONTEXT('2D SPACE',''
  ) );
#9306 = PCURVE('',#6261,#9307);
#9307 = DEFINITIONAL_REPRESENTATION('',(#9308),#9311);
#9308 = B_SPLINE_CURVE_WITH_KNOTS('',1,(#9309,#9310),.UNSPECIFIED.,.F.,
  .F.,(2,2),(-1.1000006,6.E-07),.PIECEWISE_BEZIER_KNOTS.);
#9309 = CARTESIAN_POINT('',(-5.385059425499,-1.1000006));
#9310 = CARTESIAN_POINT('',(-5.385059425499,6.E-07));
#9311 = ( GEOMETRIC_REPRESENTATION_CONTEXT(2) 
PARAMETRIC_REPRESENTATION_CONTEXT() REPRESENTATION_CONTEXT('2D SPACE',''
  ) );
#9312 = ORIENTED_EDGE('',*,*,#9313,.T.);
#9313 = EDGE_CURVE('',#9293,#9200,#9314,.T.);
#9314 = SURFACE_CURVE('',#9315,(#9319,#9325),.PCURVE_S1.);
#9315 = LINE('',#9316,#9317);
#9316 = CARTESIAN_POINT('',(24.15,20.747692889561,1.1));
#9317 = VECTOR('',#9318,1.);
#9318 = DIRECTION('',(0.,-1.,0.));
#9319 = PCURVE('',#6143,#9320);
#9320 = DEFINITIONAL_REPRESENTATION('',(#9321),#9324);
#9321 = B_SPLINE_CURVE_WITH_KNOTS('',1,(#9322,#9323),.UNSPECIFIED.,.F.,
  .F.,(2,2),(-20.70230711043,62.197692889561),.PIECEWISE_BEZIER_KNOTS.);
#9322 = CARTESIAN_POINT('',(0.,-1.3));
#9323 = CARTESIAN_POINT('',(82.9,-1.3));
#9324 = ( GEOMETRIC_REPRESENTATION_CONTEXT(2) 
PARAMETRIC_REPRESENTATION_CONTEXT() REPRESENTATION_CONTEXT('2D SPACE',''
  ) );
#9325 = PCURVE('',#9326,#9331);
#9326 = PLANE('',#9327);
#9327 = AXIS2_PLACEMENT_3D('',#9328,#9329,#9330);
#9328 = CARTESIAN_POINT('',(0.704614220877,4.538577912254E-02,1.1));
#9329 = DIRECTION('',(0.,0.,1.));
#9330 = DIRECTION('',(1.,0.,0.));
#9331 = DEFINITIONAL_REPRESENTATION('',(#9332),#9335);
#9332 = B_SPLINE_CURVE_WITH_KNOTS('',1,(#9333,#9334),.UNSPECIFIED.,.F.,
  .F.,(2,2),(-20.70230711043,62.197692889561),.PIECEWISE_BEZIER_KNOTS.);
#9333 = CARTESIAN_POINT('',(23.445385779123,41.404614220877));
#9334 = CARTESIAN_POINT('',(23.445385779123,-41.49538577912));
#9335 = ( GEOMETRIC_REPRESENTATION_CONTEXT(2) 
PARAMETRIC_REPRESENTATION_CONTEXT() REPRESENTATION_CONTEXT('2D SPACE',''
  ) );
#9336 = ORIENTED_EDGE('',*,*,#9199,.T.);
#9337 = ORIENTED_EDGE('',*,*,#6129,.T.);
#9338 = ADVANCED_FACE('',(#9339),#6202,.T.);
#9339 = FACE_BOUND('',#9340,.F.);
#9340 = EDGE_LOOP('',(#9341,#9342,#9366,#9385));
#9341 = ORIENTED_EDGE('',*,*,#9247,.F.);
#9342 = ORIENTED_EDGE('',*,*,#9343,.F.);
#9343 = EDGE_CURVE('',#9344,#9248,#9346,.T.);
#9344 = VERTEX_POINT('',#9345);
#9345 = CARTESIAN_POINT('',(-20.07981189961,42.449815079625,1.1));
#9346 = SURFACE_CURVE('',#9347,(#9352,#9359),.PCURVE_S1.);
#9347 = CIRCLE('',#9348,2.6);
#9348 = AXIS2_PLACEMENT_3D('',#9349,#9350,#9351);
#9349 = CARTESIAN_POINT('',(-22.53,41.58,1.1));
#9350 = DIRECTION('',(0.,2.55277943699E-16,-1.));
#9351 = DIRECTION('',(0.942380038609,0.334544261394,8.540177112501E-17)
  );
#9352 = PCURVE('',#6202,#9353);
#9353 = DEFINITIONAL_REPRESENTATION('',(#9354),#9358);
#9354 = LINE('',#9355,#9356);
#9355 = CARTESIAN_POINT('',(-6.624306891903,-1.1));
#9356 = VECTOR('',#9357,1.);
#9357 = DIRECTION('',(1.,-0.));
#9358 = ( GEOMETRIC_REPRESENTATION_CONTEXT(2) 
PARAMETRIC_REPRESENTATION_CONTEXT() REPRESENTATION_CONTEXT('2D SPACE',''
  ) );
#9359 = PCURVE('',#7579,#9360);
#9360 = DEFINITIONAL_REPRESENTATION('',(#9361),#9365);
#9361 = LINE('',#9362,#9363);
#9362 = CARTESIAN_POINT('',(-6.624306891903,-0.));
#9363 = VECTOR('',#9364,1.);
#9364 = DIRECTION('',(1.,-0.));
#9365 = ( GEOMETRIC_REPRESENTATION_CONTEXT(2) 
PARAMETRIC_REPRESENTATION_CONTEXT() REPRESENTATION_CONTEXT('2D SPACE',''
  ) );
#9366 = ORIENTED_EDGE('',*,*,#9367,.T.);
#9367 = EDGE_CURVE('',#9344,#6159,#9368,.T.);
#9368 = SURFACE_CURVE('',#9369,(#9373,#9379),.PCURVE_S1.);
#9369 = LINE('',#9370,#9371);
#9370 = CARTESIAN_POINT('',(-20.07981189961,42.449815079625,0.));
#9371 = VECTOR('',#9372,1.);
#9372 = DIRECTION('',(-0.,-0.,-1.));
#9373 = PCURVE('',#6202,#9374);
#9374 = DEFINITIONAL_REPRESENTATION('',(#9375),#9378);
#9375 = B_SPLINE_CURVE_WITH_KNOTS('',1,(#9376,#9377),.UNSPECIFIED.,.F.,
  .F.,(2,2),(-1.1,-1.387778780781E-17),.PIECEWISE_BEZIER_KNOTS.);
#9376 = CARTESIAN_POINT('',(-6.624306891903,-1.1));
#9377 = CARTESIAN_POINT('',(-6.624306891903,-1.387778780781E-17));
#9378 = ( GEOMETRIC_REPRESENTATION_CONTEXT(2) 
PARAMETRIC_REPRESENTATION_CONTEXT() REPRESENTATION_CONTEXT('2D SPACE',''
  ) );
#9379 = PCURVE('',#6313,#9380);
#9380 = DEFINITIONAL_REPRESENTATION('',(#9381),#9384);
#9381 = B_SPLINE_CURVE_WITH_KNOTS('',1,(#9382,#9383),.UNSPECIFIED.,.F.,
  .F.,(2,2),(-1.1000006,6.E-07),.PIECEWISE_BEZIER_KNOTS.);
#9382 = CARTESIAN_POINT('',(1.852907216354,-1.3000006));
#9383 = CARTESIAN_POINT('',(1.852907216354,-0.1999994));
#9384 = ( GEOMETRIC_REPRESENTATION_CONTEXT(2) 
PARAMETRIC_REPRESENTATION_CONTEXT() REPRESENTATION_CONTEXT('2D SPACE',''
  ) );
#9385 = ORIENTED_EDGE('',*,*,#6187,.T.);
#9386 = ADVANCED_FACE('',(#9387),#6261,.T.);
#9387 = FACE_BOUND('',#9388,.F.);
#9388 = EDGE_LOOP('',(#9389,#9410,#9432,#9433));
#9389 = ORIENTED_EDGE('',*,*,#9390,.F.);
#9390 = EDGE_CURVE('',#9391,#6218,#9393,.T.);
#9391 = VERTEX_POINT('',#9392);
#9392 = CARTESIAN_POINT('',(20.07987755408,42.45,1.1));
#9393 = SURFACE_CURVE('',#9394,(#9398,#9404),.PCURVE_S1.);
#9394 = LINE('',#9395,#9396);
#9395 = CARTESIAN_POINT('',(20.07987755408,42.45,0.));
#9396 = VECTOR('',#9397,1.);
#9397 = DIRECTION('',(-0.,-0.,-1.));
#9398 = PCURVE('',#6261,#9399);
#9399 = DEFINITIONAL_REPRESENTATION('',(#9400),#9403);
#9400 = B_SPLINE_CURVE_WITH_KNOTS('',1,(#9401,#9402),.UNSPECIFIED.,.F.,
  .F.,(2,2),(-1.1000006,6.E-07),.PIECEWISE_BEZIER_KNOTS.);
#9401 = CARTESIAN_POINT('',(-2.800395595946,-1.1000006));
#9402 = CARTESIAN_POINT('',(-2.800395595946,6.E-07));
#9403 = ( GEOMETRIC_REPRESENTATION_CONTEXT(2) 
PARAMETRIC_REPRESENTATION_CONTEXT() REPRESENTATION_CONTEXT('2D SPACE',''
  ) );
#9404 = PCURVE('',#6345,#9405);
#9405 = DEFINITIONAL_REPRESENTATION('',(#9406),#9409);
#9406 = B_SPLINE_CURVE_WITH_KNOTS('',1,(#9407,#9408),.UNSPECIFIED.,.F.,
  .F.,(2,2),(-1.1000006,6.E-07),.PIECEWISE_BEZIER_KNOTS.);
#9407 = CARTESIAN_POINT('',(4.32012244592,-1.1100006));
#9408 = CARTESIAN_POINT('',(4.32012244592,-9.9994E-03));
#9409 = ( GEOMETRIC_REPRESENTATION_CONTEXT(2) 
PARAMETRIC_REPRESENTATION_CONTEXT() REPRESENTATION_CONTEXT('2D SPACE',''
  ) );
#9410 = ORIENTED_EDGE('',*,*,#9411,.T.);
#9411 = EDGE_CURVE('',#9391,#9293,#9412,.T.);
#9412 = SURFACE_CURVE('',#9413,(#9418,#9425),.PCURVE_S1.);
#9413 = CIRCLE('',#9414,2.6);
#9414 = AXIS2_PLACEMENT_3D('',#9415,#9416,#9417);
#9415 = CARTESIAN_POINT('',(22.53,41.58,1.1));
#9416 = DIRECTION('',(0.,0.,1.));
#9417 = DIRECTION('',(1.,0.,-0.));
#9418 = PCURVE('',#6261,#9419);
#9419 = DEFINITIONAL_REPRESENTATION('',(#9420),#9424);
#9420 = LINE('',#9421,#9422);
#9421 = CARTESIAN_POINT('',(-0.,-1.1));
#9422 = VECTOR('',#9423,1.);
#9423 = DIRECTION('',(-1.,0.));
#9424 = ( GEOMETRIC_REPRESENTATION_CONTEXT(2) 
PARAMETRIC_REPRESENTATION_CONTEXT() REPRESENTATION_CONTEXT('2D SPACE',''
  ) );
#9425 = PCURVE('',#7636,#9426);
#9426 = DEFINITIONAL_REPRESENTATION('',(#9427),#9431);
#9427 = LINE('',#9428,#9429);
#9428 = CARTESIAN_POINT('',(-0.,-0.));
#9429 = VECTOR('',#9430,1.);
#9430 = DIRECTION('',(-1.,-0.));
#9431 = ( GEOMETRIC_REPRESENTATION_CONTEXT(2) 
PARAMETRIC_REPRESENTATION_CONTEXT() REPRESENTATION_CONTEXT('2D SPACE',''
  ) );
#9432 = ORIENTED_EDGE('',*,*,#9292,.T.);
#9433 = ORIENTED_EDGE('',*,*,#6246,.F.);
#9434 = ADVANCED_FACE('',(#9435),#6313,.F.);
#9435 = FACE_BOUND('',#9436,.F.);
#9436 = EDGE_LOOP('',(#9437,#9458,#9459,#9460));
#9437 = ORIENTED_EDGE('',*,*,#9438,.F.);
#9438 = EDGE_CURVE('',#6277,#9439,#9441,.T.);
#9439 = VERTEX_POINT('',#9440);
#9440 = CARTESIAN_POINT('',(-19.10221434216,42.45,1.1));
#9441 = SURFACE_CURVE('',#9442,(#9446,#9452),.PCURVE_S1.);
#9442 = LINE('',#9443,#9444);
#9443 = CARTESIAN_POINT('',(-19.10221434216,42.450000000001,-0.105));
#9444 = VECTOR('',#9445,1.);
#9445 = DIRECTION('',(0.,0.,1.));
#9446 = PCURVE('',#6313,#9447);
#9447 = DEFINITIONAL_REPRESENTATION('',(#9448),#9451);
#9448 = B_SPLINE_CURVE_WITH_KNOTS('',1,(#9449,#9450),.UNSPECIFIED.,.F.,
  .F.,(2,2),(0.105,1.305),.PIECEWISE_BEZIER_KNOTS.);
#9449 = CARTESIAN_POINT('',(2.830504791297,-0.2));
#9450 = CARTESIAN_POINT('',(2.830504791297,-1.4));
#9451 = ( GEOMETRIC_REPRESENTATION_CONTEXT(2) 
PARAMETRIC_REPRESENTATION_CONTEXT() REPRESENTATION_CONTEXT('2D SPACE',''
  ) );
#9452 = PCURVE('',#6345,#9453);
#9453 = DEFINITIONAL_REPRESENTATION('',(#9454),#9457);
#9454 = B_SPLINE_CURVE_WITH_KNOTS('',1,(#9455,#9456),.UNSPECIFIED.,.F.,
  .F.,(2,2),(0.105,1.305),.PIECEWISE_BEZIER_KNOTS.);
#9455 = CARTESIAN_POINT('',(43.502214342163,-1.E-02));
#9456 = CARTESIAN_POINT('',(43.502214342163,-1.21));
#9457 = ( GEOMETRIC_REPRESENTATION_CONTEXT(2) 
PARAMETRIC_REPRESENTATION_CONTEXT() REPRESENTATION_CONTEXT('2D SPACE',''
  ) );
#9458 = ORIENTED_EDGE('',*,*,#6299,.T.);
#9459 = ORIENTED_EDGE('',*,*,#9367,.F.);
#9460 = ORIENTED_EDGE('',*,*,#9461,.T.);
#9461 = EDGE_CURVE('',#9344,#9439,#9462,.T.);
#9462 = SURFACE_CURVE('',#9463,(#9467,#9473),.PCURVE_S1.);
#9463 = LINE('',#9464,#9465);
#9464 = CARTESIAN_POINT('',(-10.6180633704,42.451604844704,1.1));
#9465 = VECTOR('',#9466,1.);
#9466 = DIRECTION('',(0.99999998211,1.89157959689E-04,-0.));
#9467 = PCURVE('',#6313,#9468);
#9468 = DEFINITIONAL_REPRESENTATION('',(#9469),#9472);
#9469 = B_SPLINE_CURVE_WITH_KNOTS('',1,(#9470,#9471),.UNSPECIFIED.,.F.,
  .F.,(2,2),(-10.36922653586,-8.484151057906),.PIECEWISE_BEZIER_KNOTS.);
#9470 = CARTESIAN_POINT('',(0.94542937897,-1.3));
#9471 = CARTESIAN_POINT('',(2.830504856934,-1.3));
#9472 = ( GEOMETRIC_REPRESENTATION_CONTEXT(2) 
PARAMETRIC_REPRESENTATION_CONTEXT() REPRESENTATION_CONTEXT('2D SPACE',''
  ) );
#9473 = PCURVE('',#9474,#9479);
#9474 = PLANE('',#9475);
#9475 = AXIS2_PLACEMENT_3D('',#9476,#9477,#9478);
#9476 = CARTESIAN_POINT('',(0.704614220877,4.538577912254E-02,1.1));
#9477 = DIRECTION('',(0.,0.,1.));
#9478 = DIRECTION('',(1.,0.,0.));
#9479 = DEFINITIONAL_REPRESENTATION('',(#9480),#9483);
#9480 = B_SPLINE_CURVE_WITH_KNOTS('',1,(#9481,#9482),.UNSPECIFIED.,.F.,
  .F.,(2,2),(-10.36922653586,-8.484151057906),.PIECEWISE_BEZIER_KNOTS.);
#9481 = CARTESIAN_POINT('',(-21.69190394164,42.404257643846));
#9482 = CARTESIAN_POINT('',(-19.8068284974,42.404614220877));
#9483 = ( GEOMETRIC_REPRESENTATION_CONTEXT(2) 
PARAMETRIC_REPRESENTATION_CONTEXT() REPRESENTATION_CONTEXT('2D SPACE',''
  ) );
#9484 = ADVANCED_FACE('',(#9485),#6345,.T.);
#9485 = FACE_BOUND('',#9486,.T.);
#9486 = EDGE_LOOP('',(#9487,#9488,#9509,#9510));
#9487 = ORIENTED_EDGE('',*,*,#9390,.F.);
#9488 = ORIENTED_EDGE('',*,*,#9489,.T.);
#9489 = EDGE_CURVE('',#9391,#9439,#9490,.T.);
#9490 = SURFACE_CURVE('',#9491,(#9495,#9502),.PCURVE_S1.);
#9491 = LINE('',#9492,#9493);
#9492 = CARTESIAN_POINT('',(24.4,42.45,1.1));
#9493 = VECTOR('',#9494,1.);
#9494 = DIRECTION('',(-1.,0.,0.));
#9495 = PCURVE('',#6345,#9496);
#9496 = DEFINITIONAL_REPRESENTATION('',(#9497),#9501);
#9497 = LINE('',#9498,#9499);
#9498 = CARTESIAN_POINT('',(0.,-1.11));
#9499 = VECTOR('',#9500,1.);
#9500 = DIRECTION('',(1.,0.));
#9501 = ( GEOMETRIC_REPRESENTATION_CONTEXT(2) 
PARAMETRIC_REPRESENTATION_CONTEXT() REPRESENTATION_CONTEXT('2D SPACE',''
  ) );
#9502 = PCURVE('',#7607,#9503);
#9503 = DEFINITIONAL_REPRESENTATION('',(#9504),#9508);
#9504 = LINE('',#9505,#9506);
#9505 = CARTESIAN_POINT('',(0.,0.));
#9506 = VECTOR('',#9507,1.);
#9507 = DIRECTION('',(-6.162975822039E-33,-1.));
#9508 = ( GEOMETRIC_REPRESENTATION_CONTEXT(2) 
PARAMETRIC_REPRESENTATION_CONTEXT() REPRESENTATION_CONTEXT('2D SPACE',''
  ) );
#9509 = ORIENTED_EDGE('',*,*,#9438,.F.);
#9510 = ORIENTED_EDGE('',*,*,#6331,.F.);
#9511 = ADVANCED_FACE('',(#9512),#6398,.F.);
#9512 = FACE_BOUND('',#9513,.T.);
#9513 = EDGE_LOOP('',(#9514,#9537,#9538,#9539));
#9514 = ORIENTED_EDGE('',*,*,#9515,.F.);
#9515 = EDGE_CURVE('',#6361,#9516,#9518,.T.);
#9516 = VERTEX_POINT('',#9517);
#9517 = CARTESIAN_POINT('',(24.03,15.82,0.2));
#9518 = SEAM_CURVE('',#9519,(#9523,#9530),.PCURVE_S1.);
#9519 = LINE('',#9520,#9521);
#9520 = CARTESIAN_POINT('',(24.03,15.82,-0.4));
#9521 = VECTOR('',#9522,1.);
#9522 = DIRECTION('',(0.,0.,1.));
#9523 = PCURVE('',#6398,#9524);
#9524 = DEFINITIONAL_REPRESENTATION('',(#9525),#9529);
#9525 = LINE('',#9526,#9527);
#9526 = CARTESIAN_POINT('',(-6.28318530718,0.));
#9527 = VECTOR('',#9528,1.);
#9528 = DIRECTION('',(-0.,-1.));
#9529 = ( GEOMETRIC_REPRESENTATION_CONTEXT(2) 
PARAMETRIC_REPRESENTATION_CONTEXT() REPRESENTATION_CONTEXT('2D SPACE',''
  ) );
#9530 = PCURVE('',#6398,#9531);
#9531 = DEFINITIONAL_REPRESENTATION('',(#9532),#9536);
#9532 = LINE('',#9533,#9534);
#9533 = CARTESIAN_POINT('',(-0.,0.));
#9534 = VECTOR('',#9535,1.);
#9535 = DIRECTION('',(-0.,-1.));
#9536 = ( GEOMETRIC_REPRESENTATION_CONTEXT(2) 
PARAMETRIC_REPRESENTATION_CONTEXT() REPRESENTATION_CONTEXT('2D SPACE',''
  ) );
#9537 = ORIENTED_EDGE('',*,*,#6383,.T.);
#9538 = ORIENTED_EDGE('',*,*,#9515,.T.);
#9539 = ORIENTED_EDGE('',*,*,#9540,.T.);
#9540 = EDGE_CURVE('',#9516,#9516,#9541,.T.);
#9541 = SURFACE_CURVE('',#9542,(#9547,#9554),.PCURVE_S1.);
#9542 = CIRCLE('',#9543,1.5);
#9543 = AXIS2_PLACEMENT_3D('',#9544,#9545,#9546);
#9544 = CARTESIAN_POINT('',(22.53,15.82,0.2));
#9545 = DIRECTION('',(0.,0.,1.));
#9546 = DIRECTION('',(1.,0.,0.));
#9547 = PCURVE('',#6398,#9548);
#9548 = DEFINITIONAL_REPRESENTATION('',(#9549),#9553);
#9549 = LINE('',#9550,#9551);
#9550 = CARTESIAN_POINT('',(-0.,-0.6));
#9551 = VECTOR('',#9552,1.);
#9552 = DIRECTION('',(-1.,0.));
#9553 = ( GEOMETRIC_REPRESENTATION_CONTEXT(2) 
PARAMETRIC_REPRESENTATION_CONTEXT() REPRESENTATION_CONTEXT('2D SPACE',''
  ) );
#9554 = PCURVE('',#9555,#9560);
#9555 = PLANE('',#9556);
#9556 = AXIS2_PLACEMENT_3D('',#9557,#9558,#9559);
#9557 = CARTESIAN_POINT('',(-22.53,-41.58,0.2));
#9558 = DIRECTION('',(0.,0.,1.));
#9559 = DIRECTION('',(1.,0.,-0.));
#9560 = DEFINITIONAL_REPRESENTATION('',(#9561),#9565);
#9561 = CIRCLE('',#9562,1.5);
#9562 = AXIS2_PLACEMENT_2D('',#9563,#9564);
#9563 = CARTESIAN_POINT('',(45.06,57.4));
#9564 = DIRECTION('',(1.,0.));
#9565 = ( GEOMETRIC_REPRESENTATION_CONTEXT(2) 
PARAMETRIC_REPRESENTATION_CONTEXT() REPRESENTATION_CONTEXT('2D SPACE',''
  ) );
#9566 = ADVANCED_FACE('',(#9567),#6451,.F.);
#9567 = FACE_BOUND('',#9568,.T.);
#9568 = EDGE_LOOP('',(#9569,#9592,#9593,#9594));
#9569 = ORIENTED_EDGE('',*,*,#9570,.F.);
#9570 = EDGE_CURVE('',#6414,#9571,#9573,.T.);
#9571 = VERTEX_POINT('',#9572);
#9572 = CARTESIAN_POINT('',(24.03,41.58,0.2));
#9573 = SEAM_CURVE('',#9574,(#9578,#9585),.PCURVE_S1.);
#9574 = LINE('',#9575,#9576);
#9575 = CARTESIAN_POINT('',(24.03,41.58,-0.4));
#9576 = VECTOR('',#9577,1.);
#9577 = DIRECTION('',(0.,0.,1.));
#9578 = PCURVE('',#6451,#9579);
#9579 = DEFINITIONAL_REPRESENTATION('',(#9580),#9584);
#9580 = LINE('',#9581,#9582);
#9581 = CARTESIAN_POINT('',(-6.28318530718,0.));
#9582 = VECTOR('',#9583,1.);
#9583 = DIRECTION('',(-0.,-1.));
#9584 = ( GEOMETRIC_REPRESENTATION_CONTEXT(2) 
PARAMETRIC_REPRESENTATION_CONTEXT() REPRESENTATION_CONTEXT('2D SPACE',''
  ) );
#9585 = PCURVE('',#6451,#9586);
#9586 = DEFINITIONAL_REPRESENTATION('',(#9587),#9591);
#9587 = LINE('',#9588,#9589);
#9588 = CARTESIAN_POINT('',(-0.,0.));
#9589 = VECTOR('',#9590,1.);
#9590 = DIRECTION('',(-0.,-1.));
#9591 = ( GEOMETRIC_REPRESENTATION_CONTEXT(2) 
PARAMETRIC_REPRESENTATION_CONTEXT() REPRESENTATION_CONTEXT('2D SPACE',''
  ) );
#9592 = ORIENTED_EDGE('',*,*,#6436,.T.);
#9593 = ORIENTED_EDGE('',*,*,#9570,.T.);
#9594 = ORIENTED_EDGE('',*,*,#9595,.T.);
#9595 = EDGE_CURVE('',#9571,#9571,#9596,.T.);
#9596 = SURFACE_CURVE('',#9597,(#9602,#9609),.PCURVE_S1.);
#9597 = CIRCLE('',#9598,1.5);
#9598 = AXIS2_PLACEMENT_3D('',#9599,#9600,#9601);
#9599 = CARTESIAN_POINT('',(22.53,41.58,0.2));
#9600 = DIRECTION('',(0.,0.,1.));
#9601 = DIRECTION('',(1.,0.,0.));
#9602 = PCURVE('',#6451,#9603);
#9603 = DEFINITIONAL_REPRESENTATION('',(#9604),#9608);
#9604 = LINE('',#9605,#9606);
#9605 = CARTESIAN_POINT('',(-0.,-0.6));
#9606 = VECTOR('',#9607,1.);
#9607 = DIRECTION('',(-1.,0.));
#9608 = ( GEOMETRIC_REPRESENTATION_CONTEXT(2) 
PARAMETRIC_REPRESENTATION_CONTEXT() REPRESENTATION_CONTEXT('2D SPACE',''
  ) );
#9609 = PCURVE('',#9610,#9615);
#9610 = PLANE('',#9611);
#9611 = AXIS2_PLACEMENT_3D('',#9612,#9613,#9614);
#9612 = CARTESIAN_POINT('',(-22.53,-41.58,0.2));
#9613 = DIRECTION('',(0.,0.,1.));
#9614 = DIRECTION('',(1.,0.,-0.));
#9615 = DEFINITIONAL_REPRESENTATION('',(#9616),#9620);
#9616 = CIRCLE('',#9617,1.5);
#9617 = AXIS2_PLACEMENT_2D('',#9618,#9619);
#9618 = CARTESIAN_POINT('',(45.06,83.16));
#9619 = DIRECTION('',(1.,0.));
#9620 = ( GEOMETRIC_REPRESENTATION_CONTEXT(2) 
PARAMETRIC_REPRESENTATION_CONTEXT() REPRESENTATION_CONTEXT('2D SPACE',''
  ) );
#9621 = ADVANCED_FACE('',(#9622),#6556,.T.);
#9622 = FACE_BOUND('',#9623,.F.);
#9623 = EDGE_LOOP('',(#9624,#9625,#9626,#9627));
#9624 = ORIENTED_EDGE('',*,*,#6572,.F.);
#9625 = ORIENTED_EDGE('',*,*,#6541,.F.);
#9626 = ORIENTED_EDGE('',*,*,#6620,.T.);
#9627 = ORIENTED_EDGE('',*,*,#6893,.F.);
#9628 = ADVANCED_FACE('',(#9629),#6710,.T.);
#9629 = FACE_BOUND('',#9630,.T.);
#9630 = EDGE_LOOP('',(#9631,#9632,#9633,#9634));
#9631 = ORIENTED_EDGE('',*,*,#7804,.F.);
#9632 = ORIENTED_EDGE('',*,*,#7874,.T.);
#9633 = ORIENTED_EDGE('',*,*,#7900,.T.);
#9634 = ORIENTED_EDGE('',*,*,#6693,.F.);
#9635 = ADVANCED_FACE('',(#9636),#6858,.T.);
#9636 = FACE_BOUND('',#9637,.T.);
#9637 = EDGE_LOOP('',(#9638,#9639,#9640,#9641));
#9638 = ORIENTED_EDGE('',*,*,#8021,.F.);
#9639 = ORIENTED_EDGE('',*,*,#7969,.T.);
#9640 = ORIENTED_EDGE('',*,*,#7995,.T.);
#9641 = ORIENTED_EDGE('',*,*,#6841,.F.);
#9642 = ADVANCED_FACE('',(#9643),#6784,.T.);
#9643 = FACE_BOUND('',#9644,.T.);
#9644 = EDGE_LOOP('',(#9645,#9646,#9647,#9648));
#9645 = ORIENTED_EDGE('',*,*,#8048,.F.);
#9646 = ORIENTED_EDGE('',*,*,#8118,.T.);
#9647 = ORIENTED_EDGE('',*,*,#8144,.T.);
#9648 = ORIENTED_EDGE('',*,*,#6767,.F.);
#9649 = ADVANCED_FACE('',(#9650),#6943,.F.);
#9650 = FACE_BOUND('',#9651,.T.);
#9651 = EDGE_LOOP('',(#9652,#9680,#9701,#9702));
#9652 = ORIENTED_EDGE('',*,*,#9653,.T.);
#9653 = EDGE_CURVE('',#9654,#9654,#9656,.T.);
#9654 = VERTEX_POINT('',#9655);
#9655 = CARTESIAN_POINT('',(-21.73,-41.58,0.2));
#9656 = SURFACE_CURVE('',#9657,(#9662,#9669),.PCURVE_S1.);
#9657 = CIRCLE('',#9658,0.8);
#9658 = AXIS2_PLACEMENT_3D('',#9659,#9660,#9661);
#9659 = CARTESIAN_POINT('',(-22.53,-41.58,0.2));
#9660 = DIRECTION('',(0.,0.,-1.));
#9661 = DIRECTION('',(1.,0.,0.));
#9662 = PCURVE('',#6943,#9663);
#9663 = DEFINITIONAL_REPRESENTATION('',(#9664),#9668);
#9664 = LINE('',#9665,#9666);
#9665 = CARTESIAN_POINT('',(-6.28318530718,-0.3));
#9666 = VECTOR('',#9667,1.);
#9667 = DIRECTION('',(1.,-0.));
#9668 = ( GEOMETRIC_REPRESENTATION_CONTEXT(2) 
PARAMETRIC_REPRESENTATION_CONTEXT() REPRESENTATION_CONTEXT('2D SPACE',''
  ) );
#9669 = PCURVE('',#8210,#9670);
#9670 = DEFINITIONAL_REPRESENTATION('',(#9671),#9679);
#9671 = ( BOUNDED_CURVE() B_SPLINE_CURVE(2,(#9672,#9673,#9674,#9675,
#9676,#9677,#9678),.UNSPECIFIED.,.T.,.F.) B_SPLINE_CURVE_WITH_KNOTS((1,2
    ,2,2,2,1),(-2.094395102393,0.,2.094395102393,4.188790204786,
6.28318530718,8.377580409573),.UNSPECIFIED.) CURVE() 
GEOMETRIC_REPRESENTATION_ITEM() RATIONAL_B_SPLINE_CURVE((1.,0.5,1.,0.5,
1.,0.5,1.)) REPRESENTATION_ITEM('') );
#9672 = CARTESIAN_POINT('',(0.8,0.));
#9673 = CARTESIAN_POINT('',(0.8,-1.385640646055));
#9674 = CARTESIAN_POINT('',(-0.4,-0.692820323028));
#9675 = CARTESIAN_POINT('',(-1.6,-1.959434878636E-16));
#9676 = CARTESIAN_POINT('',(-0.4,0.692820323028));
#9677 = CARTESIAN_POINT('',(0.8,1.385640646055));
#9678 = CARTESIAN_POINT('',(0.8,0.));
#9679 = ( GEOMETRIC_REPRESENTATION_CONTEXT(2) 
PARAMETRIC_REPRESENTATION_CONTEXT() REPRESENTATION_CONTEXT('2D SPACE',''
  ) );
#9680 = ORIENTED_EDGE('',*,*,#9681,.T.);
#9681 = EDGE_CURVE('',#9654,#6923,#9682,.T.);
#9682 = SEAM_CURVE('',#9683,(#9687,#9694),.PCURVE_S1.);
#9683 = LINE('',#9684,#9685);
#9684 = CARTESIAN_POINT('',(-21.73,-41.58,-0.1));
#9685 = VECTOR('',#9686,1.);
#9686 = DIRECTION('',(0.,0.,1.));
#9687 = PCURVE('',#6943,#9688);
#9688 = DEFINITIONAL_REPRESENTATION('',(#9689),#9693);
#9689 = LINE('',#9690,#9691);
#9690 = CARTESIAN_POINT('',(-6.28318530718,0.));
#9691 = VECTOR('',#9692,1.);
#9692 = DIRECTION('',(-0.,-1.));
#9693 = ( GEOMETRIC_REPRESENTATION_CONTEXT(2) 
PARAMETRIC_REPRESENTATION_CONTEXT() REPRESENTATION_CONTEXT('2D SPACE',''
  ) );
#9694 = PCURVE('',#6943,#9695);
#9695 = DEFINITIONAL_REPRESENTATION('',(#9696),#9700);
#9696 = LINE('',#9697,#9698);
#9697 = CARTESIAN_POINT('',(-0.,0.));
#9698 = VECTOR('',#9699,1.);
#9699 = DIRECTION('',(-0.,-1.));
#9700 = ( GEOMETRIC_REPRESENTATION_CONTEXT(2) 
PARAMETRIC_REPRESENTATION_CONTEXT() REPRESENTATION_CONTEXT('2D SPACE',''
  ) );
#9701 = ORIENTED_EDGE('',*,*,#6922,.F.);
#9702 = ORIENTED_EDGE('',*,*,#9681,.F.);
#9703 = ADVANCED_FACE('',(#9704),#6978,.F.);
#9704 = FACE_BOUND('',#9705,.T.);
#9705 = EDGE_LOOP('',(#9706,#9734,#9755,#9756));
#9706 = ORIENTED_EDGE('',*,*,#9707,.T.);
#9707 = EDGE_CURVE('',#9708,#9708,#9710,.T.);
#9708 = VERTEX_POINT('',#9709);
#9709 = CARTESIAN_POINT('',(-21.73,-15.82,0.2));
#9710 = SURFACE_CURVE('',#9711,(#9716,#9723),.PCURVE_S1.);
#9711 = CIRCLE('',#9712,0.8);
#9712 = AXIS2_PLACEMENT_3D('',#9713,#9714,#9715);
#9713 = CARTESIAN_POINT('',(-22.53,-15.82,0.2));
#9714 = DIRECTION('',(0.,0.,-1.));
#9715 = DIRECTION('',(1.,0.,0.));
#9716 = PCURVE('',#6978,#9717);
#9717 = DEFINITIONAL_REPRESENTATION('',(#9718),#9722);
#9718 = LINE('',#9719,#9720);
#9719 = CARTESIAN_POINT('',(-6.28318530718,-0.3));
#9720 = VECTOR('',#9721,1.);
#9721 = DIRECTION('',(1.,-0.));
#9722 = ( GEOMETRIC_REPRESENTATION_CONTEXT(2) 
PARAMETRIC_REPRESENTATION_CONTEXT() REPRESENTATION_CONTEXT('2D SPACE',''
  ) );
#9723 = PCURVE('',#8265,#9724);
#9724 = DEFINITIONAL_REPRESENTATION('',(#9725),#9733);
#9725 = ( BOUNDED_CURVE() B_SPLINE_CURVE(2,(#9726,#9727,#9728,#9729,
#9730,#9731,#9732),.UNSPECIFIED.,.T.,.F.) B_SPLINE_CURVE_WITH_KNOTS((1,2
    ,2,2,2,1),(-2.094395102393,0.,2.094395102393,4.188790204786,
6.28318530718,8.377580409573),.UNSPECIFIED.) CURVE() 
GEOMETRIC_REPRESENTATION_ITEM() RATIONAL_B_SPLINE_CURVE((1.,0.5,1.,0.5,
1.,0.5,1.)) REPRESENTATION_ITEM('') );
#9726 = CARTESIAN_POINT('',(0.8,25.76));
#9727 = CARTESIAN_POINT('',(0.8,24.374359353945));
#9728 = CARTESIAN_POINT('',(-0.4,25.067179676972));
#9729 = CARTESIAN_POINT('',(-1.6,25.76));
#9730 = CARTESIAN_POINT('',(-0.4,26.452820323028));
#9731 = CARTESIAN_POINT('',(0.8,27.145640646055));
#9732 = CARTESIAN_POINT('',(0.8,25.76));
#9733 = ( GEOMETRIC_REPRESENTATION_CONTEXT(2) 
PARAMETRIC_REPRESENTATION_CONTEXT() REPRESENTATION_CONTEXT('2D SPACE',''
  ) );
#9734 = ORIENTED_EDGE('',*,*,#9735,.T.);
#9735 = EDGE_CURVE('',#9708,#6958,#9736,.T.);
#9736 = SEAM_CURVE('',#9737,(#9741,#9748),.PCURVE_S1.);
#9737 = LINE('',#9738,#9739);
#9738 = CARTESIAN_POINT('',(-21.73,-15.82,-0.1));
#9739 = VECTOR('',#9740,1.);
#9740 = DIRECTION('',(0.,0.,1.));
#9741 = PCURVE('',#6978,#9742);
#9742 = DEFINITIONAL_REPRESENTATION('',(#9743),#9747);
#9743 = LINE('',#9744,#9745);
#9744 = CARTESIAN_POINT('',(-6.28318530718,0.));
#9745 = VECTOR('',#9746,1.);
#9746 = DIRECTION('',(-0.,-1.));
#9747 = ( GEOMETRIC_REPRESENTATION_CONTEXT(2) 
PARAMETRIC_REPRESENTATION_CONTEXT() REPRESENTATION_CONTEXT('2D SPACE',''
  ) );
#9748 = PCURVE('',#6978,#9749);
#9749 = DEFINITIONAL_REPRESENTATION('',(#9750),#9754);
#9750 = LINE('',#9751,#9752);
#9751 = CARTESIAN_POINT('',(-0.,0.));
#9752 = VECTOR('',#9753,1.);
#9753 = DIRECTION('',(-0.,-1.));
#9754 = ( GEOMETRIC_REPRESENTATION_CONTEXT(2) 
PARAMETRIC_REPRESENTATION_CONTEXT() REPRESENTATION_CONTEXT('2D SPACE',''
  ) );
#9755 = ORIENTED_EDGE('',*,*,#6957,.F.);
#9756 = ORIENTED_EDGE('',*,*,#9735,.F.);
#9757 = ADVANCED_FACE('',(#9758),#7013,.F.);
#9758 = FACE_BOUND('',#9759,.T.);
#9759 = EDGE_LOOP('',(#9760,#9788,#9809,#9810));
#9760 = ORIENTED_EDGE('',*,*,#9761,.T.);
#9761 = EDGE_CURVE('',#9762,#9762,#9764,.T.);
#9762 = VERTEX_POINT('',#9763);
#9763 = CARTESIAN_POINT('',(23.33,-41.58,0.2));
#9764 = SURFACE_CURVE('',#9765,(#9770,#9777),.PCURVE_S1.);
#9765 = CIRCLE('',#9766,0.8);
#9766 = AXIS2_PLACEMENT_3D('',#9767,#9768,#9769);
#9767 = CARTESIAN_POINT('',(22.53,-41.58,0.2));
#9768 = DIRECTION('',(0.,0.,-1.));
#9769 = DIRECTION('',(1.,0.,0.));
#9770 = PCURVE('',#7013,#9771);
#9771 = DEFINITIONAL_REPRESENTATION('',(#9772),#9776);
#9772 = LINE('',#9773,#9774);
#9773 = CARTESIAN_POINT('',(-6.28318530718,-0.3));
#9774 = VECTOR('',#9775,1.);
#9775 = DIRECTION('',(1.,-0.));
#9776 = ( GEOMETRIC_REPRESENTATION_CONTEXT(2) 
PARAMETRIC_REPRESENTATION_CONTEXT() REPRESENTATION_CONTEXT('2D SPACE',''
  ) );
#9777 = PCURVE('',#8320,#9778);
#9778 = DEFINITIONAL_REPRESENTATION('',(#9779),#9787);
#9779 = ( BOUNDED_CURVE() B_SPLINE_CURVE(2,(#9780,#9781,#9782,#9783,
#9784,#9785,#9786),.UNSPECIFIED.,.T.,.F.) B_SPLINE_CURVE_WITH_KNOTS((1,2
    ,2,2,2,1),(-2.094395102393,0.,2.094395102393,4.188790204786,
6.28318530718,8.377580409573),.UNSPECIFIED.) CURVE() 
GEOMETRIC_REPRESENTATION_ITEM() RATIONAL_B_SPLINE_CURVE((1.,0.5,1.,0.5,
1.,0.5,1.)) REPRESENTATION_ITEM('') );
#9780 = CARTESIAN_POINT('',(45.86,0.));
#9781 = CARTESIAN_POINT('',(45.86,-1.385640646055));
#9782 = CARTESIAN_POINT('',(44.66,-0.692820323028));
#9783 = CARTESIAN_POINT('',(43.46,-1.959434878636E-16));
#9784 = CARTESIAN_POINT('',(44.66,0.692820323028));
#9785 = CARTESIAN_POINT('',(45.86,1.385640646055));
#9786 = CARTESIAN_POINT('',(45.86,0.));
#9787 = ( GEOMETRIC_REPRESENTATION_CONTEXT(2) 
PARAMETRIC_REPRESENTATION_CONTEXT() REPRESENTATION_CONTEXT('2D SPACE',''
  ) );
#9788 = ORIENTED_EDGE('',*,*,#9789,.T.);
#9789 = EDGE_CURVE('',#9762,#6993,#9790,.T.);
#9790 = SEAM_CURVE('',#9791,(#9795,#9802),.PCURVE_S1.);
#9791 = LINE('',#9792,#9793);
#9792 = CARTESIAN_POINT('',(23.33,-41.58,-0.1));
#9793 = VECTOR('',#9794,1.);
#9794 = DIRECTION('',(0.,0.,1.));
#9795 = PCURVE('',#7013,#9796);
#9796 = DEFINITIONAL_REPRESENTATION('',(#9797),#9801);
#9797 = LINE('',#9798,#9799);
#9798 = CARTESIAN_POINT('',(-6.28318530718,0.));
#9799 = VECTOR('',#9800,1.);
#9800 = DIRECTION('',(-0.,-1.));
#9801 = ( GEOMETRIC_REPRESENTATION_CONTEXT(2) 
PARAMETRIC_REPRESENTATION_CONTEXT() REPRESENTATION_CONTEXT('2D SPACE',''
  ) );
#9802 = PCURVE('',#7013,#9803);
#9803 = DEFINITIONAL_REPRESENTATION('',(#9804),#9808);
#9804 = LINE('',#9805,#9806);
#9805 = CARTESIAN_POINT('',(-0.,0.));
#9806 = VECTOR('',#9807,1.);
#9807 = DIRECTION('',(-0.,-1.));
#9808 = ( GEOMETRIC_REPRESENTATION_CONTEXT(2) 
PARAMETRIC_REPRESENTATION_CONTEXT() REPRESENTATION_CONTEXT('2D SPACE',''
  ) );
#9809 = ORIENTED_EDGE('',*,*,#6992,.F.);
#9810 = ORIENTED_EDGE('',*,*,#9789,.F.);
#9811 = ADVANCED_FACE('',(#9812),#7048,.F.);
#9812 = FACE_BOUND('',#9813,.T.);
#9813 = EDGE_LOOP('',(#9814,#9842,#9863,#9864));
#9814 = ORIENTED_EDGE('',*,*,#9815,.T.);
#9815 = EDGE_CURVE('',#9816,#9816,#9818,.T.);
#9816 = VERTEX_POINT('',#9817);
#9817 = CARTESIAN_POINT('',(23.33,-15.82,0.2));
#9818 = SURFACE_CURVE('',#9819,(#9824,#9831),.PCURVE_S1.);
#9819 = CIRCLE('',#9820,0.8);
#9820 = AXIS2_PLACEMENT_3D('',#9821,#9822,#9823);
#9821 = CARTESIAN_POINT('',(22.53,-15.82,0.2));
#9822 = DIRECTION('',(0.,0.,-1.));
#9823 = DIRECTION('',(1.,0.,0.));
#9824 = PCURVE('',#7048,#9825);
#9825 = DEFINITIONAL_REPRESENTATION('',(#9826),#9830);
#9826 = LINE('',#9827,#9828);
#9827 = CARTESIAN_POINT('',(-6.28318530718,-0.3));
#9828 = VECTOR('',#9829,1.);
#9829 = DIRECTION('',(1.,-0.));
#9830 = ( GEOMETRIC_REPRESENTATION_CONTEXT(2) 
PARAMETRIC_REPRESENTATION_CONTEXT() REPRESENTATION_CONTEXT('2D SPACE',''
  ) );
#9831 = PCURVE('',#8375,#9832);
#9832 = DEFINITIONAL_REPRESENTATION('',(#9833),#9841);
#9833 = ( BOUNDED_CURVE() B_SPLINE_CURVE(2,(#9834,#9835,#9836,#9837,
#9838,#9839,#9840),.UNSPECIFIED.,.T.,.F.) B_SPLINE_CURVE_WITH_KNOTS((1,2
    ,2,2,2,1),(-2.094395102393,0.,2.094395102393,4.188790204786,
6.28318530718,8.377580409573),.UNSPECIFIED.) CURVE() 
GEOMETRIC_REPRESENTATION_ITEM() RATIONAL_B_SPLINE_CURVE((1.,0.5,1.,0.5,
1.,0.5,1.)) REPRESENTATION_ITEM('') );
#9834 = CARTESIAN_POINT('',(45.86,25.76));
#9835 = CARTESIAN_POINT('',(45.86,24.374359353945));
#9836 = CARTESIAN_POINT('',(44.66,25.067179676972));
#9837 = CARTESIAN_POINT('',(43.46,25.76));
#9838 = CARTESIAN_POINT('',(44.66,26.452820323028));
#9839 = CARTESIAN_POINT('',(45.86,27.145640646055));
#9840 = CARTESIAN_POINT('',(45.86,25.76));
#9841 = ( GEOMETRIC_REPRESENTATION_CONTEXT(2) 
PARAMETRIC_REPRESENTATION_CONTEXT() REPRESENTATION_CONTEXT('2D SPACE',''
  ) );
#9842 = ORIENTED_EDGE('',*,*,#9843,.T.);
#9843 = EDGE_CURVE('',#9816,#7028,#9844,.T.);
#9844 = SEAM_CURVE('',#9845,(#9849,#9856),.PCURVE_S1.);
#9845 = LINE('',#9846,#9847);
#9846 = CARTESIAN_POINT('',(23.33,-15.82,-0.1));
#9847 = VECTOR('',#9848,1.);
#9848 = DIRECTION('',(0.,0.,1.));
#9849 = PCURVE('',#7048,#9850);
#9850 = DEFINITIONAL_REPRESENTATION('',(#9851),#9855);
#9851 = LINE('',#9852,#9853);
#9852 = CARTESIAN_POINT('',(-6.28318530718,0.));
#9853 = VECTOR('',#9854,1.);
#9854 = DIRECTION('',(-0.,-1.));
#9855 = ( GEOMETRIC_REPRESENTATION_CONTEXT(2) 
PARAMETRIC_REPRESENTATION_CONTEXT() REPRESENTATION_CONTEXT('2D SPACE',''
  ) );
#9856 = PCURVE('',#7048,#9857);
#9857 = DEFINITIONAL_REPRESENTATION('',(#9858),#9862);
#9858 = LINE('',#9859,#9860);
#9859 = CARTESIAN_POINT('',(-0.,0.));
#9860 = VECTOR('',#9861,1.);
#9861 = DIRECTION('',(-0.,-1.));
#9862 = ( GEOMETRIC_REPRESENTATION_CONTEXT(2) 
PARAMETRIC_REPRESENTATION_CONTEXT() REPRESENTATION_CONTEXT('2D SPACE',''
  ) );
#9863 = ORIENTED_EDGE('',*,*,#7027,.F.);
#9864 = ORIENTED_EDGE('',*,*,#9843,.F.);
#9865 = ADVANCED_FACE('',(#9866),#7083,.F.);
#9866 = FACE_BOUND('',#9867,.T.);
#9867 = EDGE_LOOP('',(#9868,#9896,#9917,#9918));
#9868 = ORIENTED_EDGE('',*,*,#9869,.T.);
#9869 = EDGE_CURVE('',#9870,#9870,#9872,.T.);
#9870 = VERTEX_POINT('',#9871);
#9871 = CARTESIAN_POINT('',(-21.73,15.82,0.2));
#9872 = SURFACE_CURVE('',#9873,(#9878,#9885),.PCURVE_S1.);
#9873 = CIRCLE('',#9874,0.8);
#9874 = AXIS2_PLACEMENT_3D('',#9875,#9876,#9877);
#9875 = CARTESIAN_POINT('',(-22.53,15.82,0.2));
#9876 = DIRECTION('',(0.,0.,-1.));
#9877 = DIRECTION('',(1.,0.,0.));
#9878 = PCURVE('',#7083,#9879);
#9879 = DEFINITIONAL_REPRESENTATION('',(#9880),#9884);
#9880 = LINE('',#9881,#9882);
#9881 = CARTESIAN_POINT('',(-6.28318530718,-0.3));
#9882 = VECTOR('',#9883,1.);
#9883 = DIRECTION('',(1.,-0.));
#9884 = ( GEOMETRIC_REPRESENTATION_CONTEXT(2) 
PARAMETRIC_REPRESENTATION_CONTEXT() REPRESENTATION_CONTEXT('2D SPACE',''
  ) );
#9885 = PCURVE('',#8430,#9886);
#9886 = DEFINITIONAL_REPRESENTATION('',(#9887),#9895);
#9887 = ( BOUNDED_CURVE() B_SPLINE_CURVE(2,(#9888,#9889,#9890,#9891,
#9892,#9893,#9894),.UNSPECIFIED.,.T.,.F.) B_SPLINE_CURVE_WITH_KNOTS((1,2
    ,2,2,2,1),(-2.094395102393,0.,2.094395102393,4.188790204786,
6.28318530718,8.377580409573),.UNSPECIFIED.) CURVE() 
GEOMETRIC_REPRESENTATION_ITEM() RATIONAL_B_SPLINE_CURVE((1.,0.5,1.,0.5,
1.,0.5,1.)) REPRESENTATION_ITEM('') );
#9888 = CARTESIAN_POINT('',(0.8,57.4));
#9889 = CARTESIAN_POINT('',(0.8,56.014359353945));
#9890 = CARTESIAN_POINT('',(-0.4,56.707179676972));
#9891 = CARTESIAN_POINT('',(-1.6,57.4));
#9892 = CARTESIAN_POINT('',(-0.4,58.092820323028));
#9893 = CARTESIAN_POINT('',(0.8,58.785640646055));
#9894 = CARTESIAN_POINT('',(0.8,57.4));
#9895 = ( GEOMETRIC_REPRESENTATION_CONTEXT(2) 
PARAMETRIC_REPRESENTATION_CONTEXT() REPRESENTATION_CONTEXT('2D SPACE',''
  ) );
#9896 = ORIENTED_EDGE('',*,*,#9897,.T.);
#9897 = EDGE_CURVE('',#9870,#7063,#9898,.T.);
#9898 = SEAM_CURVE('',#9899,(#9903,#9910),.PCURVE_S1.);
#9899 = LINE('',#9900,#9901);
#9900 = CARTESIAN_POINT('',(-21.73,15.82,-0.1));
#9901 = VECTOR('',#9902,1.);
#9902 = DIRECTION('',(0.,0.,1.));
#9903 = PCURVE('',#7083,#9904);
#9904 = DEFINITIONAL_REPRESENTATION('',(#9905),#9909);
#9905 = LINE('',#9906,#9907);
#9906 = CARTESIAN_POINT('',(-6.28318530718,0.));
#9907 = VECTOR('',#9908,1.);
#9908 = DIRECTION('',(-0.,-1.));
#9909 = ( GEOMETRIC_REPRESENTATION_CONTEXT(2) 
PARAMETRIC_REPRESENTATION_CONTEXT() REPRESENTATION_CONTEXT('2D SPACE',''
  ) );
#9910 = PCURVE('',#7083,#9911);
#9911 = DEFINITIONAL_REPRESENTATION('',(#9912),#9916);
#9912 = LINE('',#9913,#9914);
#9913 = CARTESIAN_POINT('',(-0.,0.));
#9914 = VECTOR('',#9915,1.);
#9915 = DIRECTION('',(-0.,-1.));
#9916 = ( GEOMETRIC_REPRESENTATION_CONTEXT(2) 
PARAMETRIC_REPRESENTATION_CONTEXT() REPRESENTATION_CONTEXT('2D SPACE',''
  ) );
#9917 = ORIENTED_EDGE('',*,*,#7062,.F.);
#9918 = ORIENTED_EDGE('',*,*,#9897,.F.);
#9919 = ADVANCED_FACE('',(#9920),#7118,.F.);
#9920 = FACE_BOUND('',#9921,.T.);
#9921 = EDGE_LOOP('',(#9922,#9950,#9971,#9972));
#9922 = ORIENTED_EDGE('',*,*,#9923,.T.);
#9923 = EDGE_CURVE('',#9924,#9924,#9926,.T.);
#9924 = VERTEX_POINT('',#9925);
#9925 = CARTESIAN_POINT('',(-21.73,41.58,0.2));
#9926 = SURFACE_CURVE('',#9927,(#9932,#9939),.PCURVE_S1.);
#9927 = CIRCLE('',#9928,0.8);
#9928 = AXIS2_PLACEMENT_3D('',#9929,#9930,#9931);
#9929 = CARTESIAN_POINT('',(-22.53,41.58,0.2));
#9930 = DIRECTION('',(0.,0.,-1.));
#9931 = DIRECTION('',(1.,0.,0.));
#9932 = PCURVE('',#7118,#9933);
#9933 = DEFINITIONAL_REPRESENTATION('',(#9934),#9938);
#9934 = LINE('',#9935,#9936);
#9935 = CARTESIAN_POINT('',(-6.28318530718,-0.3));
#9936 = VECTOR('',#9937,1.);
#9937 = DIRECTION('',(1.,-0.));
#9938 = ( GEOMETRIC_REPRESENTATION_CONTEXT(2) 
PARAMETRIC_REPRESENTATION_CONTEXT() REPRESENTATION_CONTEXT('2D SPACE',''
  ) );
#9939 = PCURVE('',#8485,#9940);
#9940 = DEFINITIONAL_REPRESENTATION('',(#9941),#9949);
#9941 = ( BOUNDED_CURVE() B_SPLINE_CURVE(2,(#9942,#9943,#9944,#9945,
#9946,#9947,#9948),.UNSPECIFIED.,.T.,.F.) B_SPLINE_CURVE_WITH_KNOTS((1,2
    ,2,2,2,1),(-2.094395102393,0.,2.094395102393,4.188790204786,
6.28318530718,8.377580409573),.UNSPECIFIED.) CURVE() 
GEOMETRIC_REPRESENTATION_ITEM() RATIONAL_B_SPLINE_CURVE((1.,0.5,1.,0.5,
1.,0.5,1.)) REPRESENTATION_ITEM('') );
#9942 = CARTESIAN_POINT('',(0.8,83.16));
#9943 = CARTESIAN_POINT('',(0.8,81.774359353945));
#9944 = CARTESIAN_POINT('',(-0.4,82.467179676972));
#9945 = CARTESIAN_POINT('',(-1.6,83.16));
#9946 = CARTESIAN_POINT('',(-0.4,83.852820323028));
#9947 = CARTESIAN_POINT('',(0.8,84.545640646055));
#9948 = CARTESIAN_POINT('',(0.8,83.16));
#9949 = ( GEOMETRIC_REPRESENTATION_CONTEXT(2) 
PARAMETRIC_REPRESENTATION_CONTEXT() REPRESENTATION_CONTEXT('2D SPACE',''
  ) );
#9950 = ORIENTED_EDGE('',*,*,#9951,.T.);
#9951 = EDGE_CURVE('',#9924,#7098,#9952,.T.);
#9952 = SEAM_CURVE('',#9953,(#9957,#9964),.PCURVE_S1.);
#9953 = LINE('',#9954,#9955);
#9954 = CARTESIAN_POINT('',(-21.73,41.58,-0.1));
#9955 = VECTOR('',#9956,1.);
#9956 = DIRECTION('',(0.,0.,1.));
#9957 = PCURVE('',#7118,#9958);
#9958 = DEFINITIONAL_REPRESENTATION('',(#9959),#9963);
#9959 = LINE('',#9960,#9961);
#9960 = CARTESIAN_POINT('',(-6.28318530718,0.));
#9961 = VECTOR('',#9962,1.);
#9962 = DIRECTION('',(-0.,-1.));
#9963 = ( GEOMETRIC_REPRESENTATION_CONTEXT(2) 
PARAMETRIC_REPRESENTATION_CONTEXT() REPRESENTATION_CONTEXT('2D SPACE',''
  ) );
#9964 = PCURVE('',#7118,#9965);
#9965 = DEFINITIONAL_REPRESENTATION('',(#9966),#9970);
#9966 = LINE('',#9967,#9968);
#9967 = CARTESIAN_POINT('',(-0.,0.));
#9968 = VECTOR('',#9969,1.);
#9969 = DIRECTION('',(-0.,-1.));
#9970 = ( GEOMETRIC_REPRESENTATION_CONTEXT(2) 
PARAMETRIC_REPRESENTATION_CONTEXT() REPRESENTATION_CONTEXT('2D SPACE',''
  ) );
#9971 = ORIENTED_EDGE('',*,*,#7097,.F.);
#9972 = ORIENTED_EDGE('',*,*,#9951,.F.);
#9973 = ADVANCED_FACE('',(#9974),#7151,.T.);
#9974 = FACE_BOUND('',#9975,.T.);
#9975 = EDGE_LOOP('',(#9976,#10003,#10025,#10026,#10050,#10075));
#9976 = ORIENTED_EDGE('',*,*,#9977,.T.);
#9977 = EDGE_CURVE('',#7133,#9978,#9980,.T.);
#9978 = VERTEX_POINT('',#9979);
#9979 = CARTESIAN_POINT('',(24.4,-14.01359472985,1.1));
#9980 = SURFACE_CURVE('',#9981,(#9986,#9996),.PCURVE_S1.);
#9981 = PARABOLA('',#9982,1.580383655952);
#9982 = AXIS2_PLACEMENT_3D('',#9983,#9984,#9985);
#9983 = CARTESIAN_POINT('',(24.765,-15.82,1.465));
#9984 = DIRECTION('',(0.707106781187,0.,-0.707106781187));
#9985 = DIRECTION('',(-0.707106781187,-0.,-0.707106781187));
#9986 = PCURVE('',#7151,#9987);
#9987 = DEFINITIONAL_REPRESENTATION('',(#9988),#9995);
#9988 = B_SPLINE_CURVE_WITH_KNOTS('',5,(#9989,#9990,#9991,#9992,#9993,
    #9994),.UNSPECIFIED.,.F.,.F.,(6,6),(1.539188097667,1.806405270143),
  .PIECEWISE_BEZIER_KNOTS.);
#9989 = CARTESIAN_POINT('',(-0.663242582315,-1.E-01));
#9990 = CARTESIAN_POINT('',(-0.684619956113,-8.159742767933E-02));
#9991 = CARTESIAN_POINT('',(-0.705800630769,-6.239614151899E-02));
#9992 = CARTESIAN_POINT('',(-0.726778048443,-4.239614151899E-02));
#9993 = CARTESIAN_POINT('',(-0.747546647456,-2.159742767933E-02));
#9994 = CARTESIAN_POINT('',(-0.768101814569,1.7763568394E-15));
#9995 = ( GEOMETRIC_REPRESENTATION_CONTEXT(2) 
PARAMETRIC_REPRESENTATION_CONTEXT() REPRESENTATION_CONTEXT('2D SPACE',''
  ) );
#9996 = PCURVE('',#7719,#9997);
#9997 = DEFINITIONAL_REPRESENTATION('',(#9998),#10002);
#9998 = B_SPLINE_CURVE_WITH_KNOTS('',2,(#9999,#10000,#10001),
  .UNSPECIFIED.,.F.,.F.,(3,3),(1.539188097667,1.806405270143),
  .PIECEWISE_BEZIER_KNOTS.);
#9999 = CARTESIAN_POINT('',(0.141421356237,-20.16918809766));
#10000 = CARTESIAN_POINT('',(7.63584378412E-02,-20.3027966839));
#10001 = CARTESIAN_POINT('',(3.10862446895E-15,-20.43640527014));
#10002 = ( GEOMETRIC_REPRESENTATION_CONTEXT(2) 
PARAMETRIC_REPRESENTATION_CONTEXT() REPRESENTATION_CONTEXT('2D SPACE',''
  ) );
#10003 = ORIENTED_EDGE('',*,*,#10004,.T.);
#10004 = EDGE_CURVE('',#9978,#9007,#10005,.T.);
#10005 = SURFACE_CURVE('',#10006,(#10011,#10018),.PCURVE_S1.);
#10006 = CIRCLE('',#10007,2.6);
#10007 = AXIS2_PLACEMENT_3D('',#10008,#10009,#10010);
#10008 = CARTESIAN_POINT('',(22.53,-15.82,1.1));
#10009 = DIRECTION('',(0.,0.,1.));
#10010 = DIRECTION('',(1.,0.,-0.));
#10011 = PCURVE('',#7151,#10012);
#10012 = DEFINITIONAL_REPRESENTATION('',(#10013),#10017);
#10013 = LINE('',#10014,#10015);
#10014 = CARTESIAN_POINT('',(-0.,-0.));
#10015 = VECTOR('',#10016,1.);
#10016 = DIRECTION('',(-1.,-0.));
#10017 = ( GEOMETRIC_REPRESENTATION_CONTEXT(2) 
PARAMETRIC_REPRESENTATION_CONTEXT() REPRESENTATION_CONTEXT('2D SPACE',''
  ) );
#10018 = PCURVE('',#9133,#10019);
#10019 = DEFINITIONAL_REPRESENTATION('',(#10020),#10024);
#10020 = CIRCLE('',#10021,2.6);
#10021 = AXIS2_PLACEMENT_2D('',#10022,#10023);
#10022 = CARTESIAN_POINT('',(21.825385779123,-15.86538577912));
#10023 = DIRECTION('',(1.,0.));
#10024 = ( GEOMETRIC_REPRESENTATION_CONTEXT(2) 
PARAMETRIC_REPRESENTATION_CONTEXT() REPRESENTATION_CONTEXT('2D SPACE',''
  ) );
#10025 = ORIENTED_EDGE('',*,*,#9027,.T.);
#10026 = ORIENTED_EDGE('',*,*,#10027,.T.);
#10027 = EDGE_CURVE('',#8813,#10028,#10030,.T.);
#10028 = VERTEX_POINT('',#10029);
#10029 = CARTESIAN_POINT('',(24.4,-17.62640527014,1.1));
#10030 = SURFACE_CURVE('',#10031,(#10036,#10043),.PCURVE_S1.);
#10031 = CIRCLE('',#10032,2.6);
#10032 = AXIS2_PLACEMENT_3D('',#10033,#10034,#10035);
#10033 = CARTESIAN_POINT('',(22.53,-15.82,1.1));
#10034 = DIRECTION('',(0.,0.,1.));
#10035 = DIRECTION('',(1.,0.,-0.));
#10036 = PCURVE('',#7151,#10037);
#10037 = DEFINITIONAL_REPRESENTATION('',(#10038),#10042);
#10038 = LINE('',#10039,#10040);
#10039 = CARTESIAN_POINT('',(-0.,-0.));
#10040 = VECTOR('',#10041,1.);
#10041 = DIRECTION('',(-1.,-0.));
#10042 = ( GEOMETRIC_REPRESENTATION_CONTEXT(2) 
PARAMETRIC_REPRESENTATION_CONTEXT() REPRESENTATION_CONTEXT('2D SPACE',''
  ) );
#10043 = PCURVE('',#8848,#10044);
#10044 = DEFINITIONAL_REPRESENTATION('',(#10045),#10049);
#10045 = CIRCLE('',#10046,2.6);
#10046 = AXIS2_PLACEMENT_2D('',#10047,#10048);
#10047 = CARTESIAN_POINT('',(21.825385779123,-15.86538577912));
#10048 = DIRECTION('',(1.,0.));
#10049 = ( GEOMETRIC_REPRESENTATION_CONTEXT(2) 
PARAMETRIC_REPRESENTATION_CONTEXT() REPRESENTATION_CONTEXT('2D SPACE',''
  ) );
#10050 = ORIENTED_EDGE('',*,*,#10051,.T.);
#10051 = EDGE_CURVE('',#10028,#7135,#10052,.T.);
#10052 = SURFACE_CURVE('',#10053,(#10058,#10068),.PCURVE_S1.);
#10053 = PARABOLA('',#10054,1.580383655952);
#10054 = AXIS2_PLACEMENT_3D('',#10055,#10056,#10057);
#10055 = CARTESIAN_POINT('',(24.765,-15.82,1.465));
#10056 = DIRECTION('',(0.707106781187,0.,-0.707106781187));
#10057 = DIRECTION('',(-0.707106781187,-0.,-0.707106781187));
#10058 = PCURVE('',#7151,#10059);
#10059 = DEFINITIONAL_REPRESENTATION('',(#10060),#10067);
#10060 = B_SPLINE_CURVE_WITH_KNOTS('',5,(#10061,#10062,#10063,#10064,
    #10065,#10066),.UNSPECIFIED.,.F.,.F.,(6,6),(-1.806405270143,
    -1.539188097667),.PIECEWISE_BEZIER_KNOTS.);
#10061 = CARTESIAN_POINT('',(-5.51508349261,1.665334536938E-15));
#10062 = CARTESIAN_POINT('',(-5.535638659724,-2.159742767933E-02));
#10063 = CARTESIAN_POINT('',(-5.556407258737,-4.239614151899E-02));
#10064 = CARTESIAN_POINT('',(-5.57738467641,-6.239614151899E-02));
#10065 = CARTESIAN_POINT('',(-5.598565351066,-8.159742767933E-02));
#10066 = CARTESIAN_POINT('',(-5.619942724864,-1.E-01));
#10067 = ( GEOMETRIC_REPRESENTATION_CONTEXT(2) 
PARAMETRIC_REPRESENTATION_CONTEXT() REPRESENTATION_CONTEXT('2D SPACE',''
  ) );
#10068 = PCURVE('',#7179,#10069);
#10069 = DEFINITIONAL_REPRESENTATION('',(#10070),#10074);
#10070 = B_SPLINE_CURVE_WITH_KNOTS('',2,(#10071,#10072,#10073),
  .UNSPECIFIED.,.F.,.F.,(3,3),(-1.806405270143,-1.539188097667),
  .PIECEWISE_BEZIER_KNOTS.);
#10071 = CARTESIAN_POINT('',(2.22044604925E-15,-16.82359472985));
#10072 = CARTESIAN_POINT('',(7.63584378412E-02,-16.95720331609));
#10073 = CARTESIAN_POINT('',(0.141421356237,-17.09081190233));
#10074 = ( GEOMETRIC_REPRESENTATION_CONTEXT(2) 
PARAMETRIC_REPRESENTATION_CONTEXT() REPRESENTATION_CONTEXT('2D SPACE',''
  ) );
#10075 = ORIENTED_EDGE('',*,*,#7132,.F.);
#10076 = ADVANCED_FACE('',(#10077),#7719,.F.);
#10077 = FACE_BOUND('',#10078,.F.);
#10078 = EDGE_LOOP('',(#10079,#10080,#10081,#10104));
#10079 = ORIENTED_EDGE('',*,*,#7705,.T.);
#10080 = ORIENTED_EDGE('',*,*,#9977,.T.);
#10081 = ORIENTED_EDGE('',*,*,#10082,.T.);
#10082 = EDGE_CURVE('',#9978,#10083,#10085,.T.);
#10083 = VERTEX_POINT('',#10084);
#10084 = CARTESIAN_POINT('',(24.4,14.013594729857,1.1));
#10085 = SURFACE_CURVE('',#10086,(#10090,#10097),.PCURVE_S1.);
#10086 = LINE('',#10087,#10088);
#10087 = CARTESIAN_POINT('',(24.4,-34.45,1.1));
#10088 = VECTOR('',#10089,1.);
#10089 = DIRECTION('',(0.,1.,0.));
#10090 = PCURVE('',#7719,#10091);
#10091 = DEFINITIONAL_REPRESENTATION('',(#10092),#10096);
#10092 = LINE('',#10093,#10094);
#10093 = CARTESIAN_POINT('',(0.,-0.));
#10094 = VECTOR('',#10095,1.);
#10095 = DIRECTION('',(-6.162975822039E-33,-1.));
#10096 = ( GEOMETRIC_REPRESENTATION_CONTEXT(2) 
PARAMETRIC_REPRESENTATION_CONTEXT() REPRESENTATION_CONTEXT('2D SPACE',''
  ) );
#10097 = PCURVE('',#9133,#10098);
#10098 = DEFINITIONAL_REPRESENTATION('',(#10099),#10103);
#10099 = LINE('',#10100,#10101);
#10100 = CARTESIAN_POINT('',(23.695385779123,-34.49538577912));
#10101 = VECTOR('',#10102,1.);
#10102 = DIRECTION('',(0.,1.));
#10103 = ( GEOMETRIC_REPRESENTATION_CONTEXT(2) 
PARAMETRIC_REPRESENTATION_CONTEXT() REPRESENTATION_CONTEXT('2D SPACE',''
  ) );
#10104 = ORIENTED_EDGE('',*,*,#10105,.T.);
#10105 = EDGE_CURVE('',#10083,#7677,#10106,.T.);
#10106 = SURFACE_CURVE('',#10107,(#10112,#10119),.PCURVE_S1.);
#10107 = PARABOLA('',#10108,1.580383655952);
#10108 = AXIS2_PLACEMENT_3D('',#10109,#10110,#10111);
#10109 = CARTESIAN_POINT('',(24.765,15.82,1.465));
#10110 = DIRECTION('',(0.707106781187,0.,-0.707106781187));
#10111 = DIRECTION('',(-0.707106781187,-0.,-0.707106781187));
#10112 = PCURVE('',#7719,#10113);
#10113 = DEFINITIONAL_REPRESENTATION('',(#10114),#10118);
#10114 = B_SPLINE_CURVE_WITH_KNOTS('',2,(#10115,#10116,#10117),
  .UNSPECIFIED.,.F.,.F.,(3,3),(-1.806405270143,-1.539188097667),
  .PIECEWISE_BEZIER_KNOTS.);
#10115 = CARTESIAN_POINT('',(5.551115123126E-16,-48.46359472985));
#10116 = CARTESIAN_POINT('',(7.635843784119E-02,-48.59720331609));
#10117 = CARTESIAN_POINT('',(0.141421356237,-48.73081190233));
#10118 = ( GEOMETRIC_REPRESENTATION_CONTEXT(2) 
PARAMETRIC_REPRESENTATION_CONTEXT() REPRESENTATION_CONTEXT('2D SPACE',''
  ) );
#10119 = PCURVE('',#7693,#10120);
#10120 = DEFINITIONAL_REPRESENTATION('',(#10121),#10128);
#10121 = B_SPLINE_CURVE_WITH_KNOTS('',5,(#10122,#10123,#10124,#10125,
    #10126,#10127),.UNSPECIFIED.,.F.,.F.,(6,6),(-1.806405270143,
    -1.539188097667),.PIECEWISE_BEZIER_KNOTS.);
#10122 = CARTESIAN_POINT('',(-5.51508349261,1.998401444325E-15));
#10123 = CARTESIAN_POINT('',(-5.535638659724,-2.159742767933E-02));
#10124 = CARTESIAN_POINT('',(-5.556407258737,-4.239614151899E-02));
#10125 = CARTESIAN_POINT('',(-5.57738467641,-6.239614151899E-02));
#10126 = CARTESIAN_POINT('',(-5.598565351066,-8.159742767933E-02));
#10127 = CARTESIAN_POINT('',(-5.619942724864,-1.E-01));
#10128 = ( GEOMETRIC_REPRESENTATION_CONTEXT(2) 
PARAMETRIC_REPRESENTATION_CONTEXT() REPRESENTATION_CONTEXT('2D SPACE',''
  ) );
#10129 = ADVANCED_FACE('',(#10130),#7179,.F.);
#10130 = FACE_BOUND('',#10131,.F.);
#10131 = EDGE_LOOP('',(#10132,#10153,#10174,#10175));
#10132 = ORIENTED_EDGE('',*,*,#10133,.F.);
#10133 = EDGE_CURVE('',#10134,#7164,#10136,.T.);
#10134 = VERTEX_POINT('',#10135);
#10135 = CARTESIAN_POINT('',(24.4,-34.45,1.1));
#10136 = SURFACE_CURVE('',#10137,(#10141,#10147),.PCURVE_S1.);
#10137 = LINE('',#10138,#10139);
#10138 = CARTESIAN_POINT('',(24.4,-34.45,1.1));
#10139 = VECTOR('',#10140,1.);
#10140 = DIRECTION('',(0.707106781187,-8.659560562355E-17,0.707106781187
    ));
#10141 = PCURVE('',#7179,#10142);
#10142 = DEFINITIONAL_REPRESENTATION('',(#10143),#10146);
#10143 = B_SPLINE_CURVE_WITH_KNOTS('',1,(#10144,#10145),.UNSPECIFIED.,
  .F.,.F.,(2,2),(-1.099533580273E-15,0.141421356237),
  .PIECEWISE_BEZIER_KNOTS.);
#10144 = CARTESIAN_POINT('',(-1.099533580273E-15,8.715763992105E-34));
#10145 = CARTESIAN_POINT('',(0.141421356237,8.715763992105E-34));
#10146 = ( GEOMETRIC_REPRESENTATION_CONTEXT(2) 
PARAMETRIC_REPRESENTATION_CONTEXT() REPRESENTATION_CONTEXT('2D SPACE',''
  ) );
#10147 = PCURVE('',#7212,#10148);
#10148 = DEFINITIONAL_REPRESENTATION('',(#10149),#10152);
#10149 = B_SPLINE_CURVE_WITH_KNOTS('',1,(#10150,#10151),.UNSPECIFIED.,
  .F.,.F.,(2,2),(-1.099533580273E-15,0.141421356237),
  .PIECEWISE_BEZIER_KNOTS.);
#10150 = CARTESIAN_POINT('',(-1.570796326795,0.));
#10151 = CARTESIAN_POINT('',(-1.570796326795,0.1));
#10152 = ( GEOMETRIC_REPRESENTATION_CONTEXT(2) 
PARAMETRIC_REPRESENTATION_CONTEXT() REPRESENTATION_CONTEXT('2D SPACE',''
  ) );
#10153 = ORIENTED_EDGE('',*,*,#10154,.T.);
#10154 = EDGE_CURVE('',#10134,#10028,#10155,.T.);
#10155 = SURFACE_CURVE('',#10156,(#10160,#10167),.PCURVE_S1.);
#10156 = LINE('',#10157,#10158);
#10157 = CARTESIAN_POINT('',(24.4,-34.45,1.1));
#10158 = VECTOR('',#10159,1.);
#10159 = DIRECTION('',(0.,1.,0.));
#10160 = PCURVE('',#7179,#10161);
#10161 = DEFINITIONAL_REPRESENTATION('',(#10162),#10166);
#10162 = LINE('',#10163,#10164);
#10163 = CARTESIAN_POINT('',(0.,-0.));
#10164 = VECTOR('',#10165,1.);
#10165 = DIRECTION('',(-6.162975822039E-33,-1.));
#10166 = ( GEOMETRIC_REPRESENTATION_CONTEXT(2) 
PARAMETRIC_REPRESENTATION_CONTEXT() REPRESENTATION_CONTEXT('2D SPACE',''
  ) );
#10167 = PCURVE('',#8848,#10168);
#10168 = DEFINITIONAL_REPRESENTATION('',(#10169),#10173);
#10169 = LINE('',#10170,#10171);
#10170 = CARTESIAN_POINT('',(23.695385779123,-34.49538577912));
#10171 = VECTOR('',#10172,1.);
#10172 = DIRECTION('',(0.,1.));
#10173 = ( GEOMETRIC_REPRESENTATION_CONTEXT(2) 
PARAMETRIC_REPRESENTATION_CONTEXT() REPRESENTATION_CONTEXT('2D SPACE',''
  ) );
#10174 = ORIENTED_EDGE('',*,*,#10051,.T.);
#10175 = ORIENTED_EDGE('',*,*,#7163,.T.);
#10176 = ADVANCED_FACE('',(#10177),#7693,.T.);
#10177 = FACE_BOUND('',#10178,.T.);
#10178 = EDGE_LOOP('',(#10179,#10206,#10228,#10229,#10251,#10252));
#10179 = ORIENTED_EDGE('',*,*,#10180,.T.);
#10180 = EDGE_CURVE('',#7649,#10181,#10183,.T.);
#10181 = VERTEX_POINT('',#10182);
#10182 = CARTESIAN_POINT('',(24.4,17.626405270143,1.1));
#10183 = SURFACE_CURVE('',#10184,(#10189,#10199),.PCURVE_S1.);
#10184 = PARABOLA('',#10185,1.580383655952);
#10185 = AXIS2_PLACEMENT_3D('',#10186,#10187,#10188);
#10186 = CARTESIAN_POINT('',(24.765,15.82,1.465));
#10187 = DIRECTION('',(0.707106781187,0.,-0.707106781187));
#10188 = DIRECTION('',(-0.707106781187,-0.,-0.707106781187));
#10189 = PCURVE('',#7693,#10190);
#10190 = DEFINITIONAL_REPRESENTATION('',(#10191),#10198);
#10191 = B_SPLINE_CURVE_WITH_KNOTS('',5,(#10192,#10193,#10194,#10195,
    #10196,#10197),.UNSPECIFIED.,.F.,.F.,(6,6),(1.539188097667,
    1.806405270143),.PIECEWISE_BEZIER_KNOTS.);
#10192 = CARTESIAN_POINT('',(-0.663242582315,-1.E-01));
#10193 = CARTESIAN_POINT('',(-0.684619956113,-8.159742767933E-02));
#10194 = CARTESIAN_POINT('',(-0.705800630769,-6.239614151899E-02));
#10195 = CARTESIAN_POINT('',(-0.726778048443,-4.239614151899E-02));
#10196 = CARTESIAN_POINT('',(-0.747546647456,-2.159742767933E-02));
#10197 = CARTESIAN_POINT('',(-0.768101814569,9.992007221627E-16));
#10198 = ( GEOMETRIC_REPRESENTATION_CONTEXT(2) 
PARAMETRIC_REPRESENTATION_CONTEXT() REPRESENTATION_CONTEXT('2D SPACE',''
  ) );
#10199 = PCURVE('',#7664,#10200);
#10200 = DEFINITIONAL_REPRESENTATION('',(#10201),#10205);
#10201 = B_SPLINE_CURVE_WITH_KNOTS('',2,(#10202,#10203,#10204),
  .UNSPECIFIED.,.F.,.F.,(3,3),(1.539188097667,1.806405270143),
  .PIECEWISE_BEZIER_KNOTS.);
#10202 = CARTESIAN_POINT('',(0.141421356237,-51.80918809766));
#10203 = CARTESIAN_POINT('',(7.63584378412E-02,-51.9427966839));
#10204 = CARTESIAN_POINT('',(1.33226762955E-15,-52.07640527014));
#10205 = ( GEOMETRIC_REPRESENTATION_CONTEXT(2) 
PARAMETRIC_REPRESENTATION_CONTEXT() REPRESENTATION_CONTEXT('2D SPACE',''
  ) );
#10206 = ORIENTED_EDGE('',*,*,#10207,.T.);
#10207 = EDGE_CURVE('',#10181,#9200,#10208,.T.);
#10208 = SURFACE_CURVE('',#10209,(#10214,#10221),.PCURVE_S1.);
#10209 = CIRCLE('',#10210,2.6);
#10210 = AXIS2_PLACEMENT_3D('',#10211,#10212,#10213);
#10211 = CARTESIAN_POINT('',(22.53,15.82,1.1));
#10212 = DIRECTION('',(0.,0.,1.));
#10213 = DIRECTION('',(1.,0.,-0.));
#10214 = PCURVE('',#7693,#10215);
#10215 = DEFINITIONAL_REPRESENTATION('',(#10216),#10220);
#10216 = LINE('',#10217,#10218);
#10217 = CARTESIAN_POINT('',(-0.,-0.));
#10218 = VECTOR('',#10219,1.);
#10219 = DIRECTION('',(-1.,-0.));
#10220 = ( GEOMETRIC_REPRESENTATION_CONTEXT(2) 
PARAMETRIC_REPRESENTATION_CONTEXT() REPRESENTATION_CONTEXT('2D SPACE',''
  ) );
#10221 = PCURVE('',#9326,#10222);
#10222 = DEFINITIONAL_REPRESENTATION('',(#10223),#10227);
#10223 = CIRCLE('',#10224,2.6);
#10224 = AXIS2_PLACEMENT_2D('',#10225,#10226);
#10225 = CARTESIAN_POINT('',(21.825385779123,15.774614220877));
#10226 = DIRECTION('',(1.,0.));
#10227 = ( GEOMETRIC_REPRESENTATION_CONTEXT(2) 
PARAMETRIC_REPRESENTATION_CONTEXT() REPRESENTATION_CONTEXT('2D SPACE',''
  ) );
#10228 = ORIENTED_EDGE('',*,*,#9220,.T.);
#10229 = ORIENTED_EDGE('',*,*,#10230,.T.);
#10230 = EDGE_CURVE('',#9100,#10083,#10231,.T.);
#10231 = SURFACE_CURVE('',#10232,(#10237,#10244),.PCURVE_S1.);
#10232 = CIRCLE('',#10233,2.6);
#10233 = AXIS2_PLACEMENT_3D('',#10234,#10235,#10236);
#10234 = CARTESIAN_POINT('',(22.53,15.82,1.1));
#10235 = DIRECTION('',(0.,0.,1.));
#10236 = DIRECTION('',(1.,0.,-0.));
#10237 = PCURVE('',#7693,#10238);
#10238 = DEFINITIONAL_REPRESENTATION('',(#10239),#10243);
#10239 = LINE('',#10240,#10241);
#10240 = CARTESIAN_POINT('',(-0.,-0.));
#10241 = VECTOR('',#10242,1.);
#10242 = DIRECTION('',(-1.,-0.));
#10243 = ( GEOMETRIC_REPRESENTATION_CONTEXT(2) 
PARAMETRIC_REPRESENTATION_CONTEXT() REPRESENTATION_CONTEXT('2D SPACE',''
  ) );
#10244 = PCURVE('',#9133,#10245);
#10245 = DEFINITIONAL_REPRESENTATION('',(#10246),#10250);
#10246 = CIRCLE('',#10247,2.6);
#10247 = AXIS2_PLACEMENT_2D('',#10248,#10249);
#10248 = CARTESIAN_POINT('',(21.825385779123,15.774614220877));
#10249 = DIRECTION('',(1.,0.));
#10250 = ( GEOMETRIC_REPRESENTATION_CONTEXT(2) 
PARAMETRIC_REPRESENTATION_CONTEXT() REPRESENTATION_CONTEXT('2D SPACE',''
  ) );
#10251 = ORIENTED_EDGE('',*,*,#10105,.T.);
#10252 = ORIENTED_EDGE('',*,*,#7676,.F.);
#10253 = ADVANCED_FACE('',(#10254),#7212,.F.);
#10254 = FACE_BOUND('',#10255,.T.);
#10255 = EDGE_LOOP('',(#10256,#10257,#10276));
#10256 = ORIENTED_EDGE('',*,*,#10133,.F.);
#10257 = ORIENTED_EDGE('',*,*,#10258,.T.);
#10258 = EDGE_CURVE('',#10134,#7192,#10259,.T.);
#10259 = SURFACE_CURVE('',#10260,(#10264,#10270),.PCURVE_S1.);
#10260 = LINE('',#10261,#10262);
#10261 = CARTESIAN_POINT('',(24.4,-34.45,1.1));
#10262 = VECTOR('',#10263,1.);
#10263 = DIRECTION('',(8.659560562355E-17,-0.707106781187,0.707106781187
    ));
#10264 = PCURVE('',#7212,#10265);
#10265 = DEFINITIONAL_REPRESENTATION('',(#10266),#10269);
#10266 = B_SPLINE_CURVE_WITH_KNOTS('',1,(#10267,#10268),.UNSPECIFIED.,
  .F.,.F.,(2,2),(0.,0.141421356237),.PIECEWISE_BEZIER_KNOTS.);
#10267 = CARTESIAN_POINT('',(-3.14159265359,0.));
#10268 = CARTESIAN_POINT('',(-3.14159265359,0.1));
#10269 = ( GEOMETRIC_REPRESENTATION_CONTEXT(2) 
PARAMETRIC_REPRESENTATION_CONTEXT() REPRESENTATION_CONTEXT('2D SPACE',''
  ) );
#10270 = PCURVE('',#7240,#10271);
#10271 = DEFINITIONAL_REPRESENTATION('',(#10272),#10275);
#10272 = B_SPLINE_CURVE_WITH_KNOTS('',1,(#10273,#10274),.UNSPECIFIED.,
  .F.,.F.,(2,2),(0.,0.141421356237),.PIECEWISE_BEZIER_KNOTS.);
#10273 = CARTESIAN_POINT('',(-9.742005632649E-17,-1.5));
#10274 = CARTESIAN_POINT('',(0.141421356237,-1.5));
#10275 = ( GEOMETRIC_REPRESENTATION_CONTEXT(2) 
PARAMETRIC_REPRESENTATION_CONTEXT() REPRESENTATION_CONTEXT('2D SPACE',''
  ) );
#10276 = ORIENTED_EDGE('',*,*,#7191,.F.);
#10277 = ADVANCED_FACE('',(#10278),#7664,.F.);
#10278 = FACE_BOUND('',#10279,.F.);
#10279 = EDGE_LOOP('',(#10280,#10281,#10282,#10305));
#10280 = ORIENTED_EDGE('',*,*,#7648,.T.);
#10281 = ORIENTED_EDGE('',*,*,#10180,.T.);
#10282 = ORIENTED_EDGE('',*,*,#10283,.T.);
#10283 = EDGE_CURVE('',#10181,#10284,#10286,.T.);
#10284 = VERTEX_POINT('',#10285);
#10285 = CARTESIAN_POINT('',(24.4,39.773594729857,1.1));
#10286 = SURFACE_CURVE('',#10287,(#10291,#10298),.PCURVE_S1.);
#10287 = LINE('',#10288,#10289);
#10288 = CARTESIAN_POINT('',(24.4,-34.45,1.1));
#10289 = VECTOR('',#10290,1.);
#10290 = DIRECTION('',(0.,1.,0.));
#10291 = PCURVE('',#7664,#10292);
#10292 = DEFINITIONAL_REPRESENTATION('',(#10293),#10297);
#10293 = LINE('',#10294,#10295);
#10294 = CARTESIAN_POINT('',(0.,-0.));
#10295 = VECTOR('',#10296,1.);
#10296 = DIRECTION('',(-6.162975822039E-33,-1.));
#10297 = ( GEOMETRIC_REPRESENTATION_CONTEXT(2) 
PARAMETRIC_REPRESENTATION_CONTEXT() REPRESENTATION_CONTEXT('2D SPACE',''
  ) );
#10298 = PCURVE('',#9326,#10299);
#10299 = DEFINITIONAL_REPRESENTATION('',(#10300),#10304);
#10300 = LINE('',#10301,#10302);
#10301 = CARTESIAN_POINT('',(23.695385779123,-34.49538577912));
#10302 = VECTOR('',#10303,1.);
#10303 = DIRECTION('',(0.,1.));
#10304 = ( GEOMETRIC_REPRESENTATION_CONTEXT(2) 
PARAMETRIC_REPRESENTATION_CONTEXT() REPRESENTATION_CONTEXT('2D SPACE',''
  ) );
#10305 = ORIENTED_EDGE('',*,*,#10306,.T.);
#10306 = EDGE_CURVE('',#10284,#7620,#10307,.T.);
#10307 = SURFACE_CURVE('',#10308,(#10313,#10320),.PCURVE_S1.);
#10308 = PARABOLA('',#10309,1.580383655952);
#10309 = AXIS2_PLACEMENT_3D('',#10310,#10311,#10312);
#10310 = CARTESIAN_POINT('',(24.765,41.58,1.465));
#10311 = DIRECTION('',(0.707106781187,0.,-0.707106781187));
#10312 = DIRECTION('',(-0.707106781187,-0.,-0.707106781187));
#10313 = PCURVE('',#7664,#10314);
#10314 = DEFINITIONAL_REPRESENTATION('',(#10315),#10319);
#10315 = B_SPLINE_CURVE_WITH_KNOTS('',2,(#10316,#10317,#10318),
  .UNSPECIFIED.,.F.,.F.,(3,3),(-1.806405270143,-1.539188097667),
  .PIECEWISE_BEZIER_KNOTS.);
#10316 = CARTESIAN_POINT('',(-7.771561172376E-16,-74.22359472985));
#10317 = CARTESIAN_POINT('',(7.635843784119E-02,-74.35720331609));
#10318 = CARTESIAN_POINT('',(0.141421356237,-74.49081190233));
#10319 = ( GEOMETRIC_REPRESENTATION_CONTEXT(2) 
PARAMETRIC_REPRESENTATION_CONTEXT() REPRESENTATION_CONTEXT('2D SPACE',''
  ) );
#10320 = PCURVE('',#7636,#10321);
#10321 = DEFINITIONAL_REPRESENTATION('',(#10322),#10329);
#10322 = B_SPLINE_CURVE_WITH_KNOTS('',5,(#10323,#10324,#10325,#10326,
    #10327,#10328),.UNSPECIFIED.,.F.,.F.,(6,6),(-1.806405270143,
    -1.539188097667),.PIECEWISE_BEZIER_KNOTS.);
#10323 = CARTESIAN_POINT('',(-5.51508349261,9.992007221627E-16));
#10324 = CARTESIAN_POINT('',(-5.535638659724,-2.159742767933E-02));
#10325 = CARTESIAN_POINT('',(-5.556407258737,-4.2396141519E-02));
#10326 = CARTESIAN_POINT('',(-5.57738467641,-6.239614151899E-02));
#10327 = CARTESIAN_POINT('',(-5.598565351066,-8.159742767933E-02));
#10328 = CARTESIAN_POINT('',(-5.619942724864,-1.E-01));
#10329 = ( GEOMETRIC_REPRESENTATION_CONTEXT(2) 
PARAMETRIC_REPRESENTATION_CONTEXT() REPRESENTATION_CONTEXT('2D SPACE',''
  ) );
#10330 = ADVANCED_FACE('',(#10331),#7240,.F.);
#10331 = FACE_BOUND('',#10332,.F.);
#10332 = EDGE_LOOP('',(#10333,#10354,#10355,#10356));
#10333 = ORIENTED_EDGE('',*,*,#10334,.T.);
#10334 = EDGE_CURVE('',#8834,#10134,#10335,.T.);
#10335 = SURFACE_CURVE('',#10336,(#10340,#10347),.PCURVE_S1.);
#10336 = LINE('',#10337,#10338);
#10337 = CARTESIAN_POINT('',(22.9,-34.45,1.1));
#10338 = VECTOR('',#10339,1.);
#10339 = DIRECTION('',(1.,0.,0.));
#10340 = PCURVE('',#7240,#10341);
#10341 = DEFINITIONAL_REPRESENTATION('',(#10342),#10346);
#10342 = LINE('',#10343,#10344);
#10343 = CARTESIAN_POINT('',(0.,0.));
#10344 = VECTOR('',#10345,1.);
#10345 = DIRECTION('',(-6.162975822039E-33,-1.));
#10346 = ( GEOMETRIC_REPRESENTATION_CONTEXT(2) 
PARAMETRIC_REPRESENTATION_CONTEXT() REPRESENTATION_CONTEXT('2D SPACE',''
  ) );
#10347 = PCURVE('',#8848,#10348);
#10348 = DEFINITIONAL_REPRESENTATION('',(#10349),#10353);
#10349 = LINE('',#10350,#10351);
#10350 = CARTESIAN_POINT('',(22.195385779123,-34.49538577912));
#10351 = VECTOR('',#10352,1.);
#10352 = DIRECTION('',(1.,0.));
#10353 = ( GEOMETRIC_REPRESENTATION_CONTEXT(2) 
PARAMETRIC_REPRESENTATION_CONTEXT() REPRESENTATION_CONTEXT('2D SPACE',''
  ) );
#10354 = ORIENTED_EDGE('',*,*,#10258,.T.);
#10355 = ORIENTED_EDGE('',*,*,#7224,.T.);
#10356 = ORIENTED_EDGE('',*,*,#8859,.T.);
#10357 = ADVANCED_FACE('',(#10358),#7636,.T.);
#10358 = FACE_BOUND('',#10359,.T.);
#10359 = EDGE_LOOP('',(#10360,#10385,#10386,#10408,#10409));
#10360 = ORIENTED_EDGE('',*,*,#10361,.T.);
#10361 = EDGE_CURVE('',#7592,#9391,#10362,.T.);
#10362 = SURFACE_CURVE('',#10363,(#10368,#10378),.PCURVE_S1.);
#10363 = PARABOLA('',#10364,1.226830265359);
#10364 = AXIS2_PLACEMENT_3D('',#10365,#10366,#10367);
#10365 = CARTESIAN_POINT('',(22.53,43.315,1.965));
#10366 = DIRECTION('',(0.,0.707106781187,-0.707106781187));
#10367 = DIRECTION('',(0.,-0.707106781187,-0.707106781187));
#10368 = PCURVE('',#7636,#10369);
#10369 = DEFINITIONAL_REPRESENTATION('',(#10370),#10377);
#10370 = B_SPLINE_CURVE_WITH_KNOTS('',5,(#10371,#10372,#10373,#10374,
    #10375,#10376),.UNSPECIFIED.,.F.,.F.,(6,6),(2.304148432719,
    2.45012244592),.PIECEWISE_BEZIER_KNOTS.);
#10371 = CARTESIAN_POINT('',(-2.743132053766,-0.1));
#10372 = CARTESIAN_POINT('',(-2.754809974822,-8.061407528905E-02));
#10373 = CARTESIAN_POINT('',(-2.766374702223,-6.092111293358E-02));
#10374 = CARTESIAN_POINT('',(-2.77782677145,-4.092111293358E-02));
#10375 = CARTESIAN_POINT('',(-2.7891668257,-2.061407528905E-02));
#10376 = CARTESIAN_POINT('',(-2.800395595946,-2.109423746788E-15));
#10377 = ( GEOMETRIC_REPRESENTATION_CONTEXT(2) 
PARAMETRIC_REPRESENTATION_CONTEXT() REPRESENTATION_CONTEXT('2D SPACE',''
  ) );
#10378 = PCURVE('',#7607,#10379);
#10379 = DEFINITIONAL_REPRESENTATION('',(#10380),#10384);
#10380 = B_SPLINE_CURVE_WITH_KNOTS('',2,(#10381,#10382,#10383),
  .UNSPECIFIED.,.F.,.F.,(3,3),(2.304148432719,2.45012244592),
  .PIECEWISE_BEZIER_KNOTS.);
#10381 = CARTESIAN_POINT('',(0.141421356237,-4.174148432719));
#10382 = CARTESIAN_POINT('',(7.288176212389E-02,-4.247135439319));
#10383 = CARTESIAN_POINT('',(7.993605777301E-15,-4.32012244592));
#10384 = ( GEOMETRIC_REPRESENTATION_CONTEXT(2) 
PARAMETRIC_REPRESENTATION_CONTEXT() REPRESENTATION_CONTEXT('2D SPACE',''
  ) );
#10385 = ORIENTED_EDGE('',*,*,#9411,.T.);
#10386 = ORIENTED_EDGE('',*,*,#10387,.T.);
#10387 = EDGE_CURVE('',#9293,#10284,#10388,.T.);
#10388 = SURFACE_CURVE('',#10389,(#10394,#10401),.PCURVE_S1.);
#10389 = CIRCLE('',#10390,2.6);
#10390 = AXIS2_PLACEMENT_3D('',#10391,#10392,#10393);
#10391 = CARTESIAN_POINT('',(22.53,41.58,1.1));
#10392 = DIRECTION('',(0.,0.,1.));
#10393 = DIRECTION('',(1.,0.,-0.));
#10394 = PCURVE('',#7636,#10395);
#10395 = DEFINITIONAL_REPRESENTATION('',(#10396),#10400);
#10396 = LINE('',#10397,#10398);
#10397 = CARTESIAN_POINT('',(-0.,-0.));
#10398 = VECTOR('',#10399,1.);
#10399 = DIRECTION('',(-1.,-0.));
#10400 = ( GEOMETRIC_REPRESENTATION_CONTEXT(2) 
PARAMETRIC_REPRESENTATION_CONTEXT() REPRESENTATION_CONTEXT('2D SPACE',''
  ) );
#10401 = PCURVE('',#9326,#10402);
#10402 = DEFINITIONAL_REPRESENTATION('',(#10403),#10407);
#10403 = CIRCLE('',#10404,2.6);
#10404 = AXIS2_PLACEMENT_2D('',#10405,#10406);
#10405 = CARTESIAN_POINT('',(21.825385779123,41.534614220877));
#10406 = DIRECTION('',(1.,0.));
#10407 = ( GEOMETRIC_REPRESENTATION_CONTEXT(2) 
PARAMETRIC_REPRESENTATION_CONTEXT() REPRESENTATION_CONTEXT('2D SPACE',''
  ) );
#10408 = ORIENTED_EDGE('',*,*,#10306,.T.);
#10409 = ORIENTED_EDGE('',*,*,#7619,.F.);
#10410 = ADVANCED_FACE('',(#10411),#7607,.F.);
#10411 = FACE_BOUND('',#10412,.F.);
#10412 = EDGE_LOOP('',(#10413,#10414,#10437,#10462,#10463));
#10413 = ORIENTED_EDGE('',*,*,#9489,.T.);
#10414 = ORIENTED_EDGE('',*,*,#10415,.T.);
#10415 = EDGE_CURVE('',#9439,#10416,#10418,.T.);
#10416 = VERTEX_POINT('',#10417);
#10417 = CARTESIAN_POINT('',(-20.07987755408,42.45,1.1));
#10418 = SURFACE_CURVE('',#10419,(#10423,#10430),.PCURVE_S1.);
#10419 = LINE('',#10420,#10421);
#10420 = CARTESIAN_POINT('',(24.4,42.45,1.1));
#10421 = VECTOR('',#10422,1.);
#10422 = DIRECTION('',(-1.,0.,0.));
#10423 = PCURVE('',#7607,#10424);
#10424 = DEFINITIONAL_REPRESENTATION('',(#10425),#10429);
#10425 = LINE('',#10426,#10427);
#10426 = CARTESIAN_POINT('',(0.,0.));
#10427 = VECTOR('',#10428,1.);
#10428 = DIRECTION('',(-6.162975822039E-33,-1.));
#10429 = ( GEOMETRIC_REPRESENTATION_CONTEXT(2) 
PARAMETRIC_REPRESENTATION_CONTEXT() REPRESENTATION_CONTEXT('2D SPACE',''
  ) );
#10430 = PCURVE('',#9474,#10431);
#10431 = DEFINITIONAL_REPRESENTATION('',(#10432),#10436);
#10432 = LINE('',#10433,#10434);
#10433 = CARTESIAN_POINT('',(23.695385779123,42.404614220877));
#10434 = VECTOR('',#10435,1.);
#10435 = DIRECTION('',(-1.,0.));
#10436 = ( GEOMETRIC_REPRESENTATION_CONTEXT(2) 
PARAMETRIC_REPRESENTATION_CONTEXT() REPRESENTATION_CONTEXT('2D SPACE',''
  ) );
#10437 = ORIENTED_EDGE('',*,*,#10438,.T.);
#10438 = EDGE_CURVE('',#10416,#7563,#10439,.T.);
#10439 = SURFACE_CURVE('',#10440,(#10445,#10452),.PCURVE_S1.);
#10440 = PARABOLA('',#10441,1.226830265359);
#10441 = AXIS2_PLACEMENT_3D('',#10442,#10443,#10444);
#10442 = CARTESIAN_POINT('',(-22.53,43.315,1.965));
#10443 = DIRECTION('',(0.,0.707106781187,-0.707106781187));
#10444 = DIRECTION('',(0.,-0.707106781187,-0.707106781187));
#10445 = PCURVE('',#7607,#10446);
#10446 = DEFINITIONAL_REPRESENTATION('',(#10447),#10451);
#10447 = B_SPLINE_CURVE_WITH_KNOTS('',2,(#10448,#10449,#10450),
  .UNSPECIFIED.,.F.,.F.,(3,3),(-2.45012244592,-2.304148432719),
  .PIECEWISE_BEZIER_KNOTS.);
#10448 = CARTESIAN_POINT('',(4.440892098501E-15,-44.47987755408));
#10449 = CARTESIAN_POINT('',(7.288176212389E-02,-44.55286456068));
#10450 = CARTESIAN_POINT('',(0.141421356237,-44.62585156728));
#10451 = ( GEOMETRIC_REPRESENTATION_CONTEXT(2) 
PARAMETRIC_REPRESENTATION_CONTEXT() REPRESENTATION_CONTEXT('2D SPACE',''
  ) );
#10452 = PCURVE('',#7579,#10453);
#10453 = DEFINITIONAL_REPRESENTATION('',(#10454),#10461);
#10454 = B_SPLINE_CURVE_WITH_KNOTS('',5,(#10455,#10456,#10457,#10458,
    #10459,#10460),.UNSPECIFIED.,.F.,.F.,(6,6),(-2.45012244592,
    -2.304148432719),.PIECEWISE_BEZIER_KNOTS.);
#10455 = CARTESIAN_POINT('',(-6.624382364824,-2.109423746788E-15));
#10456 = CARTESIAN_POINT('',(-6.63561113507,-2.061407528905E-02));
#10457 = CARTESIAN_POINT('',(-6.646951189319,-4.092111293358E-02));
#10458 = CARTESIAN_POINT('',(-6.658403258546,-6.092111293358E-02));
#10459 = CARTESIAN_POINT('',(-6.669967985948,-8.061407528905E-02));
#10460 = CARTESIAN_POINT('',(-6.681645907004,-0.1));
#10461 = ( GEOMETRIC_REPRESENTATION_CONTEXT(2) 
PARAMETRIC_REPRESENTATION_CONTEXT() REPRESENTATION_CONTEXT('2D SPACE',''
  ) );
#10462 = ORIENTED_EDGE('',*,*,#7591,.T.);
#10463 = ORIENTED_EDGE('',*,*,#10361,.T.);
#10464 = ADVANCED_FACE('',(#10465),#7296,.F.);
#10465 = FACE_BOUND('',#10466,.T.);
#10466 = EDGE_LOOP('',(#10467,#10488,#10489,#10490));
#10467 = ORIENTED_EDGE('',*,*,#10468,.F.);
#10468 = EDGE_CURVE('',#7276,#10469,#10471,.T.);
#10469 = VERTEX_POINT('',#10470);
#10470 = CARTESIAN_POINT('',(24.4,-39.01638129527,1.19));
#10471 = SURFACE_CURVE('',#10472,(#10476,#10482),.PCURVE_S1.);
#10472 = LINE('',#10473,#10474);
#10473 = CARTESIAN_POINT('',(24.4,-39.01638129527,1.19));
#10474 = VECTOR('',#10475,1.);
#10475 = DIRECTION('',(-0.,-0.,-1.));
#10476 = PCURVE('',#7296,#10477);
#10477 = DEFINITIONAL_REPRESENTATION('',(#10478),#10481);
#10478 = B_SPLINE_CURVE_WITH_KNOTS('',1,(#10479,#10480),.UNSPECIFIED.,
  .F.,.F.,(2,2),(-0.13,5.999999999062E-07),.PIECEWISE_BEZIER_KNOTS.);
#10479 = CARTESIAN_POINT('',(-7.166075845955,-0.13));
#10480 = CARTESIAN_POINT('',(-7.166075845955,5.999999999062E-07));
#10481 = ( GEOMETRIC_REPRESENTATION_CONTEXT(2) 
PARAMETRIC_REPRESENTATION_CONTEXT() REPRESENTATION_CONTEXT('2D SPACE',''
  ) );
#10482 = PCURVE('',#7323,#10483);
#10483 = DEFINITIONAL_REPRESENTATION('',(#10484),#10487);
#10484 = B_SPLINE_CURVE_WITH_KNOTS('',1,(#10485,#10486),.UNSPECIFIED.,
  .F.,.F.,(2,2),(-0.13,5.999999999062E-07),.PIECEWISE_BEZIER_KNOTS.);
#10485 = CARTESIAN_POINT('',(3.433618704728,-1.33));
#10486 = CARTESIAN_POINT('',(3.433618704728,-1.1999994));
#10487 = ( GEOMETRIC_REPRESENTATION_CONTEXT(2) 
PARAMETRIC_REPRESENTATION_CONTEXT() REPRESENTATION_CONTEXT('2D SPACE',''
  ) );
#10488 = ORIENTED_EDGE('',*,*,#7275,.F.);
#10489 = ORIENTED_EDGE('',*,*,#8879,.T.);
#10490 = ORIENTED_EDGE('',*,*,#10491,.T.);
#10491 = EDGE_CURVE('',#8880,#10469,#10492,.T.);
#10492 = SURFACE_CURVE('',#10493,(#10498,#10505),.PCURVE_S1.);
#10493 = CIRCLE('',#10494,3.15);
#10494 = AXIS2_PLACEMENT_3D('',#10495,#10496,#10497);
#10495 = CARTESIAN_POINT('',(22.4,-41.45,1.19));
#10496 = DIRECTION('',(0.,0.,-1.));
#10497 = DIRECTION('',(0.555555555556,0.831479419283,0.));
#10498 = PCURVE('',#7296,#10499);
#10499 = DEFINITIONAL_REPRESENTATION('',(#10500),#10504);
#10500 = LINE('',#10501,#10502);
#10501 = CARTESIAN_POINT('',(-7.264950663758,0.));
#10502 = VECTOR('',#10503,1.);
#10503 = DIRECTION('',(1.,-0.));
#10504 = ( GEOMETRIC_REPRESENTATION_CONTEXT(2) 
PARAMETRIC_REPRESENTATION_CONTEXT() REPRESENTATION_CONTEXT('2D SPACE',''
  ) );
#10505 = PCURVE('',#8915,#10506);
#10506 = DEFINITIONAL_REPRESENTATION('',(#10507),#10515);
#10507 = ( BOUNDED_CURVE() B_SPLINE_CURVE(2,(#10508,#10509,#10510,#10511
    ,#10512,#10513,#10514),.UNSPECIFIED.,.T.,.F.) 
B_SPLINE_CURVE_WITH_KNOTS((1,2,2,2,2,1),(-2.094395102393,0.,
    2.094395102393,4.188790204786,6.28318530718,8.377580409573),
.UNSPECIFIED.) CURVE() GEOMETRIC_REPRESENTATION_ITEM() 
RATIONAL_B_SPLINE_CURVE((1.,0.5,1.,0.5,1.,0.5,1.)) REPRESENTATION_ITEM(
  '') );
#10508 = CARTESIAN_POINT('',(46.55,2.619160170742));
#10509 = CARTESIAN_POINT('',(51.086518488885,-0.411928742504));
#10510 = CARTESIAN_POINT('',(46.193259244443,-2.825124541994));
#10511 = CARTESIAN_POINT('',(41.3,-5.238320341484));
#10512 = CARTESIAN_POINT('',(41.656740755557,0.205964371252));
#10513 = CARTESIAN_POINT('',(42.013481511114,5.650249083987));
#10514 = CARTESIAN_POINT('',(46.55,2.619160170742));
#10515 = ( GEOMETRIC_REPRESENTATION_CONTEXT(2) 
PARAMETRIC_REPRESENTATION_CONTEXT() REPRESENTATION_CONTEXT('2D SPACE',''
  ) );
#10516 = ADVANCED_FACE('',(#10517),#7579,.T.);
#10517 = FACE_BOUND('',#10518,.T.);
#10518 = EDGE_LOOP('',(#10519,#10520,#10545,#10546,#10567));
#10519 = ORIENTED_EDGE('',*,*,#7562,.F.);
#10520 = ORIENTED_EDGE('',*,*,#10521,.T.);
#10521 = EDGE_CURVE('',#7535,#9248,#10522,.T.);
#10522 = SURFACE_CURVE('',#10523,(#10528,#10538),.PCURVE_S1.);
#10523 = PARABOLA('',#10524,1.050053570062);
#10524 = AXIS2_PLACEMENT_3D('',#10525,#10526,#10527);
#10525 = CARTESIAN_POINT('',(-24.015,41.58,2.215));
#10526 = DIRECTION('',(-0.707106781187,0.,-0.707106781187));
#10527 = DIRECTION('',(0.707106781187,0.,-0.707106781187));
#10528 = PCURVE('',#7579,#10529);
#10529 = DEFINITIONAL_REPRESENTATION('',(#10530),#10537);
#10530 = B_SPLINE_CURVE_WITH_KNOTS('',5,(#10531,#10532,#10533,#10534,
    #10535,#10536),.UNSPECIFIED.,.F.,.F.,(6,6),(2.455422570557,
    2.573538420152),.PIECEWISE_BEZIER_KNOTS.);
#10531 = CARTESIAN_POINT('',(-4.523263541644,-1.E-01));
#10532 = CARTESIAN_POINT('',(-4.532712809612,-8.046974255642E-02));
#10533 = CARTESIAN_POINT('',(-4.542069804257,-6.070461383463E-02));
#10534 = CARTESIAN_POINT('',(-4.551335448866,-4.070461383463E-02));
#10535 = CARTESIAN_POINT('',(-4.560510699174,-2.046974255642E-02));
#10536 = CARTESIAN_POINT('',(-4.569596533758,1.33226762955E-15));
#10537 = ( GEOMETRIC_REPRESENTATION_CONTEXT(2) 
PARAMETRIC_REPRESENTATION_CONTEXT() REPRESENTATION_CONTEXT('2D SPACE',''
  ) );
#10538 = PCURVE('',#7550,#10539);
#10539 = DEFINITIONAL_REPRESENTATION('',(#10540),#10544);
#10540 = B_SPLINE_CURVE_WITH_KNOTS('',2,(#10541,#10542,#10543),
  .UNSPECIFIED.,.F.,.F.,(3,3),(2.455422570557,2.573538420152),
  .PIECEWISE_BEZIER_KNOTS.);
#10541 = CARTESIAN_POINT('',(0.141421356237,-3.325422570557));
#10542 = CARTESIAN_POINT('',(7.237146885393E-02,-3.384480495355));
#10543 = CARTESIAN_POINT('',(-1.110223024625E-15,-3.443538420152));
#10544 = ( GEOMETRIC_REPRESENTATION_CONTEXT(2) 
PARAMETRIC_REPRESENTATION_CONTEXT() REPRESENTATION_CONTEXT('2D SPACE',''
  ) );
#10545 = ORIENTED_EDGE('',*,*,#9343,.F.);
#10546 = ORIENTED_EDGE('',*,*,#10547,.T.);
#10547 = EDGE_CURVE('',#9344,#10416,#10548,.T.);
#10548 = SURFACE_CURVE('',#10549,(#10554,#10560),.PCURVE_S1.);
#10549 = CIRCLE('',#10550,2.6);
#10550 = AXIS2_PLACEMENT_3D('',#10551,#10552,#10553);
#10551 = CARTESIAN_POINT('',(-22.53,41.58,1.1));
#10552 = DIRECTION('',(0.,0.,1.));
#10553 = DIRECTION('',(1.,0.,-0.));
#10554 = PCURVE('',#7579,#10555);
#10555 = DEFINITIONAL_REPRESENTATION('',(#10556),#10559);
#10556 = B_SPLINE_CURVE_WITH_KNOTS('',1,(#10557,#10558),.UNSPECIFIED.,
  .F.,.F.,(2,2),(0.341121584723,0.341197057644),
  .PIECEWISE_BEZIER_KNOTS.);
#10557 = CARTESIAN_POINT('',(-6.624306891903,0.));
#10558 = CARTESIAN_POINT('',(-6.624382364824,0.));
#10559 = ( GEOMETRIC_REPRESENTATION_CONTEXT(2) 
PARAMETRIC_REPRESENTATION_CONTEXT() REPRESENTATION_CONTEXT('2D SPACE',''
  ) );
#10560 = PCURVE('',#9474,#10561);
#10561 = DEFINITIONAL_REPRESENTATION('',(#10562),#10566);
#10562 = CIRCLE('',#10563,2.6);
#10563 = AXIS2_PLACEMENT_2D('',#10564,#10565);
#10564 = CARTESIAN_POINT('',(-23.23461422087,41.534614220877));
#10565 = DIRECTION('',(1.,0.));
#10566 = ( GEOMETRIC_REPRESENTATION_CONTEXT(2) 
PARAMETRIC_REPRESENTATION_CONTEXT() REPRESENTATION_CONTEXT('2D SPACE',''
  ) );
#10567 = ORIENTED_EDGE('',*,*,#10438,.T.);
#10568 = ADVANCED_FACE('',(#10569),#7323,.T.);
#10569 = FACE_BOUND('',#10570,.T.);
#10570 = EDGE_LOOP('',(#10571,#10572,#10593,#10618));
#10571 = ORIENTED_EDGE('',*,*,#10468,.T.);
#10572 = ORIENTED_EDGE('',*,*,#10573,.T.);
#10573 = EDGE_CURVE('',#10469,#10574,#10576,.T.);
#10574 = VERTEX_POINT('',#10575);
#10575 = CARTESIAN_POINT('',(24.4,-39.90572403708,1.19));
#10576 = SURFACE_CURVE('',#10577,(#10581,#10587),.PCURVE_S1.);
#10577 = LINE('',#10578,#10579);
#10578 = CARTESIAN_POINT('',(24.4,-41.95,1.19));
#10579 = VECTOR('',#10580,1.);
#10580 = DIRECTION('',(0.,-1.,0.));
#10581 = PCURVE('',#7323,#10582);
#10582 = DEFINITIONAL_REPRESENTATION('',(#10583),#10586);
#10583 = B_SPLINE_CURVE_WITH_KNOTS('',1,(#10584,#10585),.UNSPECIFIED.,
  .F.,.F.,(2,2),(-3.119160170742,-1.45),.PIECEWISE_BEZIER_KNOTS.);
#10584 = CARTESIAN_POINT('',(3.619160170742,-1.2));
#10585 = CARTESIAN_POINT('',(1.95,-1.2));
#10586 = ( GEOMETRIC_REPRESENTATION_CONTEXT(2) 
PARAMETRIC_REPRESENTATION_CONTEXT() REPRESENTATION_CONTEXT('2D SPACE',''
  ) );
#10587 = PCURVE('',#8915,#10588);
#10588 = DEFINITIONAL_REPRESENTATION('',(#10589),#10592);
#10589 = B_SPLINE_CURVE_WITH_KNOTS('',1,(#10590,#10591),.UNSPECIFIED.,
  .F.,.F.,(2,2),(-3.119160170742,-1.45),.PIECEWISE_BEZIER_KNOTS.);
#10590 = CARTESIAN_POINT('',(46.8,2.619160170742));
#10591 = CARTESIAN_POINT('',(46.8,0.95));
#10592 = ( GEOMETRIC_REPRESENTATION_CONTEXT(2) 
PARAMETRIC_REPRESENTATION_CONTEXT() REPRESENTATION_CONTEXT('2D SPACE',''
  ) );
#10593 = ORIENTED_EDGE('',*,*,#10594,.T.);
#10594 = EDGE_CURVE('',#10574,#7308,#10595,.T.);
#10595 = SURFACE_CURVE('',#10596,(#10601,#10608),.PCURVE_S1.);
#10596 = HYPERBOLA('',#10597,1.87,1.87);
#10597 = AXIS2_PLACEMENT_3D('',#10598,#10599,#10600);
#10598 = CARTESIAN_POINT('',(24.4,-41.58,3.7));
#10599 = DIRECTION('',(-1.,0.,0.));
#10600 = DIRECTION('',(-0.,0.,-1.));
#10601 = PCURVE('',#7323,#10602);
#10602 = DEFINITIONAL_REPRESENTATION('',(#10603),#10607);
#10603 = ( BOUNDED_CURVE() B_SPLINE_CURVE(2,(#10604,#10605,#10606),
.UNSPECIFIED.,.F.,.F.) B_SPLINE_CURVE_WITH_KNOTS((3,3),(-0.805992256347,
-0.799395573429),.PIECEWISE_BEZIER_KNOTS.) CURVE() 
GEOMETRIC_REPRESENTATION_ITEM() RATIONAL_B_SPLINE_CURVE((1.,
1.000005439533,1.)) REPRESENTATION_ITEM('') );
#10604 = CARTESIAN_POINT('',(2.545774746199,-1.199));
#10605 = CARTESIAN_POINT('',(2.537492640829,-1.204527257278));
#10606 = CARTESIAN_POINT('',(2.529246817083,-1.21));
#10607 = ( GEOMETRIC_REPRESENTATION_CONTEXT(2) 
PARAMETRIC_REPRESENTATION_CONTEXT() REPRESENTATION_CONTEXT('2D SPACE',''
  ) );
#10608 = PCURVE('',#7351,#10609);
#10609 = DEFINITIONAL_REPRESENTATION('',(#10610),#10617);
#10610 = B_SPLINE_CURVE_WITH_KNOTS('',5,(#10611,#10612,#10613,#10614,
    #10615,#10616),.UNSPECIFIED.,.F.,.F.,(6,6),(-0.805992256347,
    -0.799395573429),.PIECEWISE_BEZIER_KNOTS.);
#10611 = CARTESIAN_POINT('',(-0.730676315267,-8.900000000002E-02));
#10612 = CARTESIAN_POINT('',(-0.729693774681,-9.121091092875E-02));
#10613 = CARTESIAN_POINT('',(-0.728710152699,-9.341635839537E-02));
#10614 = CARTESIAN_POINT('',(-0.727725449708,-9.561635041741E-02));
#10615 = CARTESIAN_POINT('',(-0.726739666118,-9.78108949728E-02));
#10616 = CARTESIAN_POINT('',(-0.725752802353,-0.1));
#10617 = ( GEOMETRIC_REPRESENTATION_CONTEXT(2) 
PARAMETRIC_REPRESENTATION_CONTEXT() REPRESENTATION_CONTEXT('2D SPACE',''
  ) );
#10618 = ORIENTED_EDGE('',*,*,#7307,.F.);
#10619 = ADVANCED_FACE('',(#10620),#7550,.F.);
#10620 = FACE_BOUND('',#10621,.F.);
#10621 = EDGE_LOOP('',(#10622,#10623,#10624,#10625));
#10622 = ORIENTED_EDGE('',*,*,#7534,.T.);
#10623 = ORIENTED_EDGE('',*,*,#10521,.T.);
#10624 = ORIENTED_EDGE('',*,*,#9268,.T.);
#10625 = ORIENTED_EDGE('',*,*,#10626,.T.);
#10626 = EDGE_CURVE('',#9151,#7506,#10627,.T.);
#10627 = SURFACE_CURVE('',#10628,(#10633,#10640),.PCURVE_S1.);
#10628 = PARABOLA('',#10629,1.050053570062);
#10629 = AXIS2_PLACEMENT_3D('',#10630,#10631,#10632);
#10630 = CARTESIAN_POINT('',(-24.015,15.82,2.215));
#10631 = DIRECTION('',(-0.707106781187,0.,-0.707106781187));
#10632 = DIRECTION('',(0.707106781187,0.,-0.707106781187));
#10633 = PCURVE('',#7550,#10634);
#10634 = DEFINITIONAL_REPRESENTATION('',(#10635),#10639);
#10635 = B_SPLINE_CURVE_WITH_KNOTS('',2,(#10636,#10637,#10638),
  .UNSPECIFIED.,.F.,.F.,(3,3),(-2.573538420152,-2.455422570557),
  .PIECEWISE_BEZIER_KNOTS.);
#10636 = CARTESIAN_POINT('',(1.554312234475E-15,-24.05646157984));
#10637 = CARTESIAN_POINT('',(7.237146885393E-02,-24.11551950464));
#10638 = CARTESIAN_POINT('',(0.141421356237,-24.17457742944));
#10639 = ( GEOMETRIC_REPRESENTATION_CONTEXT(2) 
PARAMETRIC_REPRESENTATION_CONTEXT() REPRESENTATION_CONTEXT('2D SPACE',''
  ) );
#10640 = PCURVE('',#7522,#10641);
#10641 = DEFINITIONAL_REPRESENTATION('',(#10642),#10649);
#10642 = B_SPLINE_CURVE_WITH_KNOTS('',5,(#10643,#10644,#10645,#10646,
    #10647,#10648),.UNSPECIFIED.,.F.,.F.,(6,6),(-2.573538420152,
    -2.455422570557),.PIECEWISE_BEZIER_KNOTS.);
#10643 = CARTESIAN_POINT('',(-7.996774080601,-1.998401444325E-15));
#10644 = CARTESIAN_POINT('',(-8.005859915186,-2.046974255642E-02));
#10645 = CARTESIAN_POINT('',(-8.015035165494,-4.070461383463E-02));
#10646 = CARTESIAN_POINT('',(-8.024300810103,-6.070461383463E-02));
#10647 = CARTESIAN_POINT('',(-8.033657804747,-8.046974255642E-02));
#10648 = CARTESIAN_POINT('',(-8.043107072715,-1.E-01));
#10649 = ( GEOMETRIC_REPRESENTATION_CONTEXT(2) 
PARAMETRIC_REPRESENTATION_CONTEXT() REPRESENTATION_CONTEXT('2D SPACE',''
  ) );
#10650 = ADVANCED_FACE('',(#10651),#7351,.T.);
#10651 = FACE_BOUND('',#10652,.T.);
#10652 = EDGE_LOOP('',(#10653,#10654,#10679,#10680,#10681,#10703));
#10653 = ORIENTED_EDGE('',*,*,#8738,.T.);
#10654 = ORIENTED_EDGE('',*,*,#10655,.T.);
#10655 = EDGE_CURVE('',#8621,#7335,#10656,.T.);
#10656 = SURFACE_CURVE('',#10657,(#10662,#10672),.PCURVE_S1.);
#10657 = PARABOLA('',#10658,1.226830265359);
#10658 = AXIS2_PLACEMENT_3D('',#10659,#10660,#10661);
#10659 = CARTESIAN_POINT('',(22.53,-43.315,1.965));
#10660 = DIRECTION('',(0.,-0.707106781187,-0.707106781187));
#10661 = DIRECTION('',(0.,0.707106781187,-0.707106781187));
#10662 = PCURVE('',#7351,#10663);
#10663 = DEFINITIONAL_REPRESENTATION('',(#10664),#10671);
#10664 = B_SPLINE_CURVE_WITH_KNOTS('',5,(#10665,#10666,#10667,#10668,
    #10669,#10670),.UNSPECIFIED.,.F.,.F.,(6,6),(-2.45012244592,
    -2.304148432719),.PIECEWISE_BEZIER_KNOTS.);
#10665 = CARTESIAN_POINT('',(-3.482789711234,-1.998401444325E-15));
#10666 = CARTESIAN_POINT('',(-3.49401848148,-2.061407528905E-02));
#10667 = CARTESIAN_POINT('',(-3.50535853573,-4.092111293358E-02));
#10668 = CARTESIAN_POINT('',(-3.516810604957,-6.092111293358E-02));
#10669 = CARTESIAN_POINT('',(-3.528375332358,-8.061407528905E-02));
#10670 = CARTESIAN_POINT('',(-3.540053253414,-0.1));
#10671 = ( GEOMETRIC_REPRESENTATION_CONTEXT(2) 
PARAMETRIC_REPRESENTATION_CONTEXT() REPRESENTATION_CONTEXT('2D SPACE',''
  ) );
#10672 = PCURVE('',#7379,#10673);
#10673 = DEFINITIONAL_REPRESENTATION('',(#10674),#10678);
#10674 = B_SPLINE_CURVE_WITH_KNOTS('',2,(#10675,#10676,#10677),
  .UNSPECIFIED.,.F.,.F.,(3,3),(-2.45012244592,-2.304148432719),
  .PIECEWISE_BEZIER_KNOTS.);
#10675 = CARTESIAN_POINT('',(8.881784197001E-16,-42.97987755408));
#10676 = CARTESIAN_POINT('',(7.288176212389E-02,-43.05286456068));
#10677 = CARTESIAN_POINT('',(0.141421356237,-43.12585156728));
#10678 = ( GEOMETRIC_REPRESENTATION_CONTEXT(2) 
PARAMETRIC_REPRESENTATION_CONTEXT() REPRESENTATION_CONTEXT('2D SPACE',''
  ) );
#10679 = ORIENTED_EDGE('',*,*,#7334,.F.);
#10680 = ORIENTED_EDGE('',*,*,#10594,.F.);
#10681 = ORIENTED_EDGE('',*,*,#10682,.T.);
#10682 = EDGE_CURVE('',#10574,#8901,#10683,.T.);
#10683 = SURFACE_CURVE('',#10684,(#10689,#10696),.PCURVE_S1.);
#10684 = CIRCLE('',#10685,2.51);
#10685 = AXIS2_PLACEMENT_3D('',#10686,#10687,#10688);
#10686 = CARTESIAN_POINT('',(22.53,-41.58,1.19));
#10687 = DIRECTION('',(0.,0.,1.));
#10688 = DIRECTION('',(1.,0.,-0.));
#10689 = PCURVE('',#7351,#10690);
#10690 = DEFINITIONAL_REPRESENTATION('',(#10691),#10695);
#10691 = LINE('',#10692,#10693);
#10692 = CARTESIAN_POINT('',(-0.,-9.E-02));
#10693 = VECTOR('',#10694,1.);
#10694 = DIRECTION('',(-1.,-0.));
#10695 = ( GEOMETRIC_REPRESENTATION_CONTEXT(2) 
PARAMETRIC_REPRESENTATION_CONTEXT() REPRESENTATION_CONTEXT('2D SPACE',''
  ) );
#10696 = PCURVE('',#8915,#10697);
#10697 = DEFINITIONAL_REPRESENTATION('',(#10698),#10702);
#10698 = CIRCLE('',#10699,2.51);
#10699 = AXIS2_PLACEMENT_2D('',#10700,#10701);
#10700 = CARTESIAN_POINT('',(44.93,-0.13));
#10701 = DIRECTION('',(1.,0.));
#10702 = ( GEOMETRIC_REPRESENTATION_CONTEXT(2) 
PARAMETRIC_REPRESENTATION_CONTEXT() REPRESENTATION_CONTEXT('2D SPACE',''
  ) );
#10703 = ORIENTED_EDGE('',*,*,#8926,.T.);
#10704 = ADVANCED_FACE('',(#10705),#7522,.T.);
#10705 = FACE_BOUND('',#10706,.T.);
#10706 = EDGE_LOOP('',(#10707,#10708,#10733,#10734));
#10707 = ORIENTED_EDGE('',*,*,#7505,.F.);
#10708 = ORIENTED_EDGE('',*,*,#10709,.T.);
#10709 = EDGE_CURVE('',#7478,#9055,#10710,.T.);
#10710 = SURFACE_CURVE('',#10711,(#10716,#10726),.PCURVE_S1.);
#10711 = PARABOLA('',#10712,1.050053570062);
#10712 = AXIS2_PLACEMENT_3D('',#10713,#10714,#10715);
#10713 = CARTESIAN_POINT('',(-24.015,15.82,2.215));
#10714 = DIRECTION('',(-0.707106781187,0.,-0.707106781187));
#10715 = DIRECTION('',(0.707106781187,0.,-0.707106781187));
#10716 = PCURVE('',#7522,#10717);
#10717 = DEFINITIONAL_REPRESENTATION('',(#10718),#10725);
#10718 = B_SPLINE_CURVE_WITH_KNOTS('',5,(#10719,#10720,#10721,#10722,
    #10723,#10724),.UNSPECIFIED.,.F.,.F.,(6,6),(2.455422570557,
    2.573538420152),.PIECEWISE_BEZIER_KNOTS.);
#10719 = CARTESIAN_POINT('',(-4.523263541644,-0.1));
#10720 = CARTESIAN_POINT('',(-4.532712809612,-8.046974255642E-02));
#10721 = CARTESIAN_POINT('',(-4.542069804257,-6.070461383463E-02));
#10722 = CARTESIAN_POINT('',(-4.551335448866,-4.070461383463E-02));
#10723 = CARTESIAN_POINT('',(-4.560510699174,-2.046974255642E-02));
#10724 = CARTESIAN_POINT('',(-4.569596533758,-1.998401444325E-15));
#10725 = ( GEOMETRIC_REPRESENTATION_CONTEXT(2) 
PARAMETRIC_REPRESENTATION_CONTEXT() REPRESENTATION_CONTEXT('2D SPACE',''
  ) );
#10726 = PCURVE('',#7493,#10727);
#10727 = DEFINITIONAL_REPRESENTATION('',(#10728),#10732);
#10728 = B_SPLINE_CURVE_WITH_KNOTS('',2,(#10729,#10730,#10731),
  .UNSPECIFIED.,.F.,.F.,(3,3),(2.455422570557,2.573538420152),
  .PIECEWISE_BEZIER_KNOTS.);
#10729 = CARTESIAN_POINT('',(0.141421356237,-29.08542257055));
#10730 = CARTESIAN_POINT('',(7.237146885394E-02,-29.14448049535));
#10731 = CARTESIAN_POINT('',(1.110223024625E-15,-29.20353842015));
#10732 = ( GEOMETRIC_REPRESENTATION_CONTEXT(2) 
PARAMETRIC_REPRESENTATION_CONTEXT() REPRESENTATION_CONTEXT('2D SPACE',''
  ) );
#10733 = ORIENTED_EDGE('',*,*,#9150,.F.);
#10734 = ORIENTED_EDGE('',*,*,#10626,.T.);
#10735 = ADVANCED_FACE('',(#10736),#7379,.F.);
#10736 = FACE_BOUND('',#10737,.F.);
#10737 = EDGE_LOOP('',(#10738,#10739,#10766,#10787,#10788));
#10738 = ORIENTED_EDGE('',*,*,#7363,.T.);
#10739 = ORIENTED_EDGE('',*,*,#10740,.T.);
#10740 = EDGE_CURVE('',#7364,#10741,#10743,.T.);
#10741 = VERTEX_POINT('',#10742);
#10742 = CARTESIAN_POINT('',(-20.07987755408,-42.45,1.1));
#10743 = SURFACE_CURVE('',#10744,(#10749,#10756),.PCURVE_S1.);
#10744 = PARABOLA('',#10745,1.226830265359);
#10745 = AXIS2_PLACEMENT_3D('',#10746,#10747,#10748);
#10746 = CARTESIAN_POINT('',(-22.53,-43.315,1.965));
#10747 = DIRECTION('',(0.,-0.707106781187,-0.707106781187));
#10748 = DIRECTION('',(0.,0.707106781187,-0.707106781187));
#10749 = PCURVE('',#7379,#10750);
#10750 = DEFINITIONAL_REPRESENTATION('',(#10751),#10755);
#10751 = B_SPLINE_CURVE_WITH_KNOTS('',2,(#10752,#10753,#10754),
  .UNSPECIFIED.,.F.,.F.,(3,3),(2.304148432719,2.45012244592),
  .PIECEWISE_BEZIER_KNOTS.);
#10752 = CARTESIAN_POINT('',(0.141421356237,-2.674148432719));
#10753 = CARTESIAN_POINT('',(7.288176212389E-02,-2.747135439319));
#10754 = CARTESIAN_POINT('',(4.440892098501E-15,-2.82012244592));
#10755 = ( GEOMETRIC_REPRESENTATION_CONTEXT(2) 
PARAMETRIC_REPRESENTATION_CONTEXT() REPRESENTATION_CONTEXT('2D SPACE',''
  ) );
#10756 = PCURVE('',#7408,#10757);
#10757 = DEFINITIONAL_REPRESENTATION('',(#10758),#10765);
#10758 = B_SPLINE_CURVE_WITH_KNOTS('',5,(#10759,#10760,#10761,#10762,
    #10763,#10764),.UNSPECIFIED.,.F.,.F.,(6,6),(2.304148432719,
    2.45012244592),.PIECEWISE_BEZIER_KNOTS.);
#10759 = CARTESIAN_POINT('',(-5.884724707355,-0.1));
#10760 = CARTESIAN_POINT('',(-5.896402628412,-8.061407528905E-02));
#10761 = CARTESIAN_POINT('',(-5.907967355813,-6.092111293358E-02));
#10762 = CARTESIAN_POINT('',(-5.91941942504,-4.092111293358E-02));
#10763 = CARTESIAN_POINT('',(-5.930759479289,-2.061407528905E-02));
#10764 = CARTESIAN_POINT('',(-5.941988249536,-1.998401444325E-15));
#10765 = ( GEOMETRIC_REPRESENTATION_CONTEXT(2) 
PARAMETRIC_REPRESENTATION_CONTEXT() REPRESENTATION_CONTEXT('2D SPACE',''
  ) );
#10766 = ORIENTED_EDGE('',*,*,#10767,.T.);
#10767 = EDGE_CURVE('',#10741,#8523,#10768,.T.);
#10768 = SURFACE_CURVE('',#10769,(#10773,#10780),.PCURVE_S1.);
#10769 = LINE('',#10770,#10771);
#10770 = CARTESIAN_POINT('',(-22.9,-42.45,1.1));
#10771 = VECTOR('',#10772,1.);
#10772 = DIRECTION('',(1.,0.,0.));
#10773 = PCURVE('',#7379,#10774);
#10774 = DEFINITIONAL_REPRESENTATION('',(#10775),#10779);
#10775 = LINE('',#10776,#10777);
#10776 = CARTESIAN_POINT('',(0.,0.));
#10777 = VECTOR('',#10778,1.);
#10778 = DIRECTION('',(-6.162975822039E-33,-1.));
#10779 = ( GEOMETRIC_REPRESENTATION_CONTEXT(2) 
PARAMETRIC_REPRESENTATION_CONTEXT() REPRESENTATION_CONTEXT('2D SPACE',''
  ) );
#10780 = PCURVE('',#8558,#10781);
#10781 = DEFINITIONAL_REPRESENTATION('',(#10782),#10786);
#10782 = LINE('',#10783,#10784);
#10783 = CARTESIAN_POINT('',(-23.60461422087,-42.49538577912));
#10784 = VECTOR('',#10785,1.);
#10785 = DIRECTION('',(1.,0.));
#10786 = ( GEOMETRIC_REPRESENTATION_CONTEXT(2) 
PARAMETRIC_REPRESENTATION_CONTEXT() REPRESENTATION_CONTEXT('2D SPACE',''
  ) );
#10787 = ORIENTED_EDGE('',*,*,#8641,.T.);
#10788 = ORIENTED_EDGE('',*,*,#10655,.T.);
#10789 = ADVANCED_FACE('',(#10790),#7493,.F.);
#10790 = FACE_BOUND('',#10791,.F.);
#10791 = EDGE_LOOP('',(#10792,#10793,#10794,#10795));
#10792 = ORIENTED_EDGE('',*,*,#7477,.T.);
#10793 = ORIENTED_EDGE('',*,*,#10709,.T.);
#10794 = ORIENTED_EDGE('',*,*,#9075,.T.);
#10795 = ORIENTED_EDGE('',*,*,#10796,.T.);
#10796 = EDGE_CURVE('',#8958,#7449,#10797,.T.);
#10797 = SURFACE_CURVE('',#10798,(#10803,#10810),.PCURVE_S1.);
#10798 = PARABOLA('',#10799,1.050053570062);
#10799 = AXIS2_PLACEMENT_3D('',#10800,#10801,#10802);
#10800 = CARTESIAN_POINT('',(-24.015,-15.82,2.215));
#10801 = DIRECTION('',(-0.707106781187,0.,-0.707106781187));
#10802 = DIRECTION('',(0.707106781187,0.,-0.707106781187));
#10803 = PCURVE('',#7493,#10804);
#10804 = DEFINITIONAL_REPRESENTATION('',(#10805),#10809);
#10805 = B_SPLINE_CURVE_WITH_KNOTS('',2,(#10806,#10807,#10808),
  .UNSPECIFIED.,.F.,.F.,(3,3),(-2.573538420152,-2.455422570557),
  .PIECEWISE_BEZIER_KNOTS.);
#10806 = CARTESIAN_POINT('',(-1.110223024625E-15,-55.69646157984));
#10807 = CARTESIAN_POINT('',(7.237146885393E-02,-55.75551950464));
#10808 = CARTESIAN_POINT('',(0.141421356237,-55.81457742944));
#10809 = ( GEOMETRIC_REPRESENTATION_CONTEXT(2) 
PARAMETRIC_REPRESENTATION_CONTEXT() REPRESENTATION_CONTEXT('2D SPACE',''
  ) );
#10810 = PCURVE('',#7465,#10811);
#10811 = DEFINITIONAL_REPRESENTATION('',(#10812),#10819);
#10812 = B_SPLINE_CURVE_WITH_KNOTS('',5,(#10813,#10814,#10815,#10816,
    #10817,#10818),.UNSPECIFIED.,.F.,.F.,(6,6),(-2.573538420152,
    -2.455422570557),.PIECEWISE_BEZIER_KNOTS.);
#10813 = CARTESIAN_POINT('',(-7.996774080601,-1.998401444325E-15));
#10814 = CARTESIAN_POINT('',(-8.005859915186,-2.046974255642E-02));
#10815 = CARTESIAN_POINT('',(-8.015035165494,-4.070461383463E-02));
#10816 = CARTESIAN_POINT('',(-8.024300810103,-6.070461383463E-02));
#10817 = CARTESIAN_POINT('',(-8.033657804747,-8.046974255642E-02));
#10818 = CARTESIAN_POINT('',(-8.043107072715,-0.1));
#10819 = ( GEOMETRIC_REPRESENTATION_CONTEXT(2) 
PARAMETRIC_REPRESENTATION_CONTEXT() REPRESENTATION_CONTEXT('2D SPACE',''
  ) );
#10820 = ADVANCED_FACE('',(#10821),#7408,.T.);
#10821 = FACE_BOUND('',#10822,.T.);
#10822 = EDGE_LOOP('',(#10823,#10824,#10847,#10872,#10873,#10874));
#10823 = ORIENTED_EDGE('',*,*,#8573,.F.);
#10824 = ORIENTED_EDGE('',*,*,#10825,.T.);
#10825 = EDGE_CURVE('',#8574,#10826,#10828,.T.);
#10826 = VERTEX_POINT('',#10827);
#10827 = CARTESIAN_POINT('',(-22.9,-39.00646157984,1.1));
#10828 = SURFACE_CURVE('',#10829,(#10834,#10840),.PCURVE_S1.);
#10829 = CIRCLE('',#10830,2.6);
#10830 = AXIS2_PLACEMENT_3D('',#10831,#10832,#10833);
#10831 = CARTESIAN_POINT('',(-22.53,-41.58,1.1));
#10832 = DIRECTION('',(0.,0.,1.));
#10833 = DIRECTION('',(1.,0.,-0.));
#10834 = PCURVE('',#7408,#10835);
#10835 = DEFINITIONAL_REPRESENTATION('',(#10836),#10839);
#10836 = B_SPLINE_CURVE_WITH_KNOTS('',1,(#10837,#10838),.UNSPECIFIED.,
  .F.,.F.,(2,2),(1.712910522756,1.713588773422),
  .PIECEWISE_BEZIER_KNOTS.);
#10837 = CARTESIAN_POINT('',(-7.996095829936,0.));
#10838 = CARTESIAN_POINT('',(-7.996774080601,0.));
#10839 = ( GEOMETRIC_REPRESENTATION_CONTEXT(2) 
PARAMETRIC_REPRESENTATION_CONTEXT() REPRESENTATION_CONTEXT('2D SPACE',''
  ) );
#10840 = PCURVE('',#8703,#10841);
#10841 = DEFINITIONAL_REPRESENTATION('',(#10842),#10846);
#10842 = CIRCLE('',#10843,2.6);
#10843 = AXIS2_PLACEMENT_2D('',#10844,#10845);
#10844 = CARTESIAN_POINT('',(-23.23461422087,-41.62538577912));
#10845 = DIRECTION('',(1.,0.));
#10846 = ( GEOMETRIC_REPRESENTATION_CONTEXT(2) 
PARAMETRIC_REPRESENTATION_CONTEXT() REPRESENTATION_CONTEXT('2D SPACE',''
  ) );
#10847 = ORIENTED_EDGE('',*,*,#10848,.T.);
#10848 = EDGE_CURVE('',#10826,#7392,#10849,.T.);
#10849 = SURFACE_CURVE('',#10850,(#10855,#10865),.PCURVE_S1.);
#10850 = PARABOLA('',#10851,1.050053570062);
#10851 = AXIS2_PLACEMENT_3D('',#10852,#10853,#10854);
#10852 = CARTESIAN_POINT('',(-24.015,-41.58,2.215));
#10853 = DIRECTION('',(-0.707106781187,0.,-0.707106781187));
#10854 = DIRECTION('',(0.707106781187,0.,-0.707106781187));
#10855 = PCURVE('',#7408,#10856);
#10856 = DEFINITIONAL_REPRESENTATION('',(#10857),#10864);
#10857 = B_SPLINE_CURVE_WITH_KNOTS('',5,(#10858,#10859,#10860,#10861,
    #10862,#10863),.UNSPECIFIED.,.F.,.F.,(6,6),(-2.573538420152,
    -2.455422570557),.PIECEWISE_BEZIER_KNOTS.);
#10858 = CARTESIAN_POINT('',(-7.996774080601,1.33226762955E-15));
#10859 = CARTESIAN_POINT('',(-8.005859915186,-2.046974255642E-02));
#10860 = CARTESIAN_POINT('',(-8.015035165494,-4.070461383462E-02));
#10861 = CARTESIAN_POINT('',(-8.024300810103,-6.070461383464E-02));
#10862 = CARTESIAN_POINT('',(-8.033657804747,-8.046974255642E-02));
#10863 = CARTESIAN_POINT('',(-8.043107072715,-1.E-01));
#10864 = ( GEOMETRIC_REPRESENTATION_CONTEXT(2) 
PARAMETRIC_REPRESENTATION_CONTEXT() REPRESENTATION_CONTEXT('2D SPACE',''
  ) );
#10865 = PCURVE('',#7436,#10866);
#10866 = DEFINITIONAL_REPRESENTATION('',(#10867),#10871);
#10867 = B_SPLINE_CURVE_WITH_KNOTS('',2,(#10868,#10869,#10870),
  .UNSPECIFIED.,.F.,.F.,(3,3),(-2.573538420152,-2.455422570557),
  .PIECEWISE_BEZIER_KNOTS.);
#10868 = CARTESIAN_POINT('',(-7.771561172376E-15,-81.45646157984));
#10869 = CARTESIAN_POINT('',(7.237146885393E-02,-81.51551950464));
#10870 = CARTESIAN_POINT('',(0.141421356237,-81.57457742944));
#10871 = ( GEOMETRIC_REPRESENTATION_CONTEXT(2) 
PARAMETRIC_REPRESENTATION_CONTEXT() REPRESENTATION_CONTEXT('2D SPACE',''
  ) );
#10872 = ORIENTED_EDGE('',*,*,#7391,.F.);
#10873 = ORIENTED_EDGE('',*,*,#10740,.T.);
#10874 = ORIENTED_EDGE('',*,*,#10875,.T.);
#10875 = EDGE_CURVE('',#10741,#8501,#10876,.T.);
#10876 = SURFACE_CURVE('',#10877,(#10882,#10888),.PCURVE_S1.);
#10877 = CIRCLE('',#10878,2.6);
#10878 = AXIS2_PLACEMENT_3D('',#10879,#10880,#10881);
#10879 = CARTESIAN_POINT('',(-22.53,-41.58,1.1));
#10880 = DIRECTION('',(0.,0.,1.));
#10881 = DIRECTION('',(1.,0.,-0.));
#10882 = PCURVE('',#7408,#10883);
#10883 = DEFINITIONAL_REPRESENTATION('',(#10884),#10887);
#10884 = B_SPLINE_CURVE_WITH_KNOTS('',1,(#10885,#10886),.UNSPECIFIED.,
  .F.,.F.,(2,2),(5.941988249536,5.94231286982),
  .PIECEWISE_BEZIER_KNOTS.);
#10885 = CARTESIAN_POINT('',(-5.941988249536,0.));
#10886 = CARTESIAN_POINT('',(-5.94231286982,0.));
#10887 = ( GEOMETRIC_REPRESENTATION_CONTEXT(2) 
PARAMETRIC_REPRESENTATION_CONTEXT() REPRESENTATION_CONTEXT('2D SPACE',''
  ) );
#10888 = PCURVE('',#8558,#10889);
#10889 = DEFINITIONAL_REPRESENTATION('',(#10890),#10894);
#10890 = CIRCLE('',#10891,2.6);
#10891 = AXIS2_PLACEMENT_2D('',#10892,#10893);
#10892 = CARTESIAN_POINT('',(-23.23461422087,-41.62538577912));
#10893 = DIRECTION('',(1.,0.));
#10894 = ( GEOMETRIC_REPRESENTATION_CONTEXT(2) 
PARAMETRIC_REPRESENTATION_CONTEXT() REPRESENTATION_CONTEXT('2D SPACE',''
  ) );
#10895 = ADVANCED_FACE('',(#10896),#7465,.T.);
#10896 = FACE_BOUND('',#10897,.T.);
#10897 = EDGE_LOOP('',(#10898,#10899,#10924,#10925));
#10898 = ORIENTED_EDGE('',*,*,#7448,.F.);
#10899 = ORIENTED_EDGE('',*,*,#10900,.T.);
#10900 = EDGE_CURVE('',#7421,#8768,#10901,.T.);
#10901 = SURFACE_CURVE('',#10902,(#10907,#10917),.PCURVE_S1.);
#10902 = PARABOLA('',#10903,1.050053570062);
#10903 = AXIS2_PLACEMENT_3D('',#10904,#10905,#10906);
#10904 = CARTESIAN_POINT('',(-24.015,-15.82,2.215));
#10905 = DIRECTION('',(-0.707106781187,0.,-0.707106781187));
#10906 = DIRECTION('',(0.707106781187,0.,-0.707106781187));
#10907 = PCURVE('',#7465,#10908);
#10908 = DEFINITIONAL_REPRESENTATION('',(#10909),#10916);
#10909 = B_SPLINE_CURVE_WITH_KNOTS('',5,(#10910,#10911,#10912,#10913,
    #10914,#10915),.UNSPECIFIED.,.F.,.F.,(6,6),(2.455422570557,
    2.573538420152),.PIECEWISE_BEZIER_KNOTS.);
#10910 = CARTESIAN_POINT('',(-4.523263541644,-1.E-01));
#10911 = CARTESIAN_POINT('',(-4.532712809612,-8.046974255642E-02));
#10912 = CARTESIAN_POINT('',(-4.542069804257,-6.070461383463E-02));
#10913 = CARTESIAN_POINT('',(-4.551335448866,-4.070461383463E-02));
#10914 = CARTESIAN_POINT('',(-4.560510699174,-2.046974255642E-02));
#10915 = CARTESIAN_POINT('',(-4.569596533758,-1.998401444325E-15));
#10916 = ( GEOMETRIC_REPRESENTATION_CONTEXT(2) 
PARAMETRIC_REPRESENTATION_CONTEXT() REPRESENTATION_CONTEXT('2D SPACE',''
  ) );
#10917 = PCURVE('',#7436,#10918);
#10918 = DEFINITIONAL_REPRESENTATION('',(#10919),#10923);
#10919 = B_SPLINE_CURVE_WITH_KNOTS('',2,(#10920,#10921,#10922),
  .UNSPECIFIED.,.F.,.F.,(3,3),(2.455422570557,2.573538420152),
  .PIECEWISE_BEZIER_KNOTS.);
#10920 = CARTESIAN_POINT('',(0.141421356237,-60.72542257055));
#10921 = CARTESIAN_POINT('',(7.237146885393E-02,-60.78448049535));
#10922 = CARTESIAN_POINT('',(-1.554312234475E-15,-60.84353842015));
#10923 = ( GEOMETRIC_REPRESENTATION_CONTEXT(2) 
PARAMETRIC_REPRESENTATION_CONTEXT() REPRESENTATION_CONTEXT('2D SPACE',''
  ) );
#10924 = ORIENTED_EDGE('',*,*,#8957,.F.);
#10925 = ORIENTED_EDGE('',*,*,#10796,.T.);
#10926 = ADVANCED_FACE('',(#10927),#7436,.F.);
#10927 = FACE_BOUND('',#10928,.F.);
#10928 = EDGE_LOOP('',(#10929,#10930,#10931,#10952,#10953));
#10929 = ORIENTED_EDGE('',*,*,#10900,.T.);
#10930 = ORIENTED_EDGE('',*,*,#8788,.T.);
#10931 = ORIENTED_EDGE('',*,*,#10932,.T.);
#10932 = EDGE_CURVE('',#8668,#10826,#10933,.T.);
#10933 = SURFACE_CURVE('',#10934,(#10938,#10945),.PCURVE_S1.);
#10934 = LINE('',#10935,#10936);
#10935 = CARTESIAN_POINT('',(-22.9,42.45,1.1));
#10936 = VECTOR('',#10937,1.);
#10937 = DIRECTION('',(0.,-1.,0.));
#10938 = PCURVE('',#7436,#10939);
#10939 = DEFINITIONAL_REPRESENTATION('',(#10940),#10944);
#10940 = LINE('',#10941,#10942);
#10941 = CARTESIAN_POINT('',(0.,0.));
#10942 = VECTOR('',#10943,1.);
#10943 = DIRECTION('',(-6.162975822039E-33,-1.));
#10944 = ( GEOMETRIC_REPRESENTATION_CONTEXT(2) 
PARAMETRIC_REPRESENTATION_CONTEXT() REPRESENTATION_CONTEXT('2D SPACE',''
  ) );
#10945 = PCURVE('',#8703,#10946);
#10946 = DEFINITIONAL_REPRESENTATION('',(#10947),#10951);
#10947 = LINE('',#10948,#10949);
#10948 = CARTESIAN_POINT('',(-23.60461422087,42.404614220877));
#10949 = VECTOR('',#10950,1.);
#10950 = DIRECTION('',(0.,-1.));
#10951 = ( GEOMETRIC_REPRESENTATION_CONTEXT(2) 
PARAMETRIC_REPRESENTATION_CONTEXT() REPRESENTATION_CONTEXT('2D SPACE',''
  ) );
#10952 = ORIENTED_EDGE('',*,*,#10848,.T.);
#10953 = ORIENTED_EDGE('',*,*,#7420,.T.);
#10954 = ADVANCED_FACE('',(#10955),#7754,.F.);
#10955 = FACE_BOUND('',#10956,.T.);
#10956 = EDGE_LOOP('',(#10957,#10985,#11006,#11007));
#10957 = ORIENTED_EDGE('',*,*,#10958,.T.);
#10958 = EDGE_CURVE('',#10959,#10959,#10961,.T.);
#10959 = VERTEX_POINT('',#10960);
#10960 = CARTESIAN_POINT('',(23.33,15.82,0.2));
#10961 = SURFACE_CURVE('',#10962,(#10967,#10974),.PCURVE_S1.);
#10962 = CIRCLE('',#10963,0.8);
#10963 = AXIS2_PLACEMENT_3D('',#10964,#10965,#10966);
#10964 = CARTESIAN_POINT('',(22.53,15.82,0.2));
#10965 = DIRECTION('',(0.,0.,-1.));
#10966 = DIRECTION('',(1.,0.,0.));
#10967 = PCURVE('',#7754,#10968);
#10968 = DEFINITIONAL_REPRESENTATION('',(#10969),#10973);
#10969 = LINE('',#10970,#10971);
#10970 = CARTESIAN_POINT('',(-6.28318530718,-0.3));
#10971 = VECTOR('',#10972,1.);
#10972 = DIRECTION('',(1.,-0.));
#10973 = ( GEOMETRIC_REPRESENTATION_CONTEXT(2) 
PARAMETRIC_REPRESENTATION_CONTEXT() REPRESENTATION_CONTEXT('2D SPACE',''
  ) );
#10974 = PCURVE('',#9555,#10975);
#10975 = DEFINITIONAL_REPRESENTATION('',(#10976),#10984);
#10976 = ( BOUNDED_CURVE() B_SPLINE_CURVE(2,(#10977,#10978,#10979,#10980
    ,#10981,#10982,#10983),.UNSPECIFIED.,.T.,.F.) 
B_SPLINE_CURVE_WITH_KNOTS((1,2,2,2,2,1),(-2.094395102393,0.,
    2.094395102393,4.188790204786,6.28318530718,8.377580409573),
.UNSPECIFIED.) CURVE() GEOMETRIC_REPRESENTATION_ITEM() 
RATIONAL_B_SPLINE_CURVE((1.,0.5,1.,0.5,1.,0.5,1.)) REPRESENTATION_ITEM(
  '') );
#10977 = CARTESIAN_POINT('',(45.86,57.4));
#10978 = CARTESIAN_POINT('',(45.86,56.014359353945));
#10979 = CARTESIAN_POINT('',(44.66,56.707179676972));
#10980 = CARTESIAN_POINT('',(43.46,57.4));
#10981 = CARTESIAN_POINT('',(44.66,58.092820323028));
#10982 = CARTESIAN_POINT('',(45.86,58.785640646055));
#10983 = CARTESIAN_POINT('',(45.86,57.4));
#10984 = ( GEOMETRIC_REPRESENTATION_CONTEXT(2) 
PARAMETRIC_REPRESENTATION_CONTEXT() REPRESENTATION_CONTEXT('2D SPACE',''
  ) );
#10985 = ORIENTED_EDGE('',*,*,#10986,.T.);
#10986 = EDGE_CURVE('',#10959,#7734,#10987,.T.);
#10987 = SEAM_CURVE('',#10988,(#10992,#10999),.PCURVE_S1.);
#10988 = LINE('',#10989,#10990);
#10989 = CARTESIAN_POINT('',(23.33,15.82,-0.1));
#10990 = VECTOR('',#10991,1.);
#10991 = DIRECTION('',(0.,0.,1.));
#10992 = PCURVE('',#7754,#10993);
#10993 = DEFINITIONAL_REPRESENTATION('',(#10994),#10998);
#10994 = LINE('',#10995,#10996);
#10995 = CARTESIAN_POINT('',(-6.28318530718,0.));
#10996 = VECTOR('',#10997,1.);
#10997 = DIRECTION('',(-0.,-1.));
#10998 = ( GEOMETRIC_REPRESENTATION_CONTEXT(2) 
PARAMETRIC_REPRESENTATION_CONTEXT() REPRESENTATION_CONTEXT('2D SPACE',''
  ) );
#10999 = PCURVE('',#7754,#11000);
#11000 = DEFINITIONAL_REPRESENTATION('',(#11001),#11005);
#11001 = LINE('',#11002,#11003);
#11002 = CARTESIAN_POINT('',(-0.,0.));
#11003 = VECTOR('',#11004,1.);
#11004 = DIRECTION('',(-0.,-1.));
#11005 = ( GEOMETRIC_REPRESENTATION_CONTEXT(2) 
PARAMETRIC_REPRESENTATION_CONTEXT() REPRESENTATION_CONTEXT('2D SPACE',''
  ) );
#11006 = ORIENTED_EDGE('',*,*,#7733,.F.);
#11007 = ORIENTED_EDGE('',*,*,#10986,.F.);
#11008 = ADVANCED_FACE('',(#11009),#7789,.F.);
#11009 = FACE_BOUND('',#11010,.T.);
#11010 = EDGE_LOOP('',(#11011,#11039,#11060,#11061));
#11011 = ORIENTED_EDGE('',*,*,#11012,.T.);
#11012 = EDGE_CURVE('',#11013,#11013,#11015,.T.);
#11013 = VERTEX_POINT('',#11014);
#11014 = CARTESIAN_POINT('',(23.33,41.58,0.2));
#11015 = SURFACE_CURVE('',#11016,(#11021,#11028),.PCURVE_S1.);
#11016 = CIRCLE('',#11017,0.8);
#11017 = AXIS2_PLACEMENT_3D('',#11018,#11019,#11020);
#11018 = CARTESIAN_POINT('',(22.53,41.58,0.2));
#11019 = DIRECTION('',(0.,0.,-1.));
#11020 = DIRECTION('',(1.,0.,0.));
#11021 = PCURVE('',#7789,#11022);
#11022 = DEFINITIONAL_REPRESENTATION('',(#11023),#11027);
#11023 = LINE('',#11024,#11025);
#11024 = CARTESIAN_POINT('',(-6.28318530718,-0.3));
#11025 = VECTOR('',#11026,1.);
#11026 = DIRECTION('',(1.,-0.));
#11027 = ( GEOMETRIC_REPRESENTATION_CONTEXT(2) 
PARAMETRIC_REPRESENTATION_CONTEXT() REPRESENTATION_CONTEXT('2D SPACE',''
  ) );
#11028 = PCURVE('',#9610,#11029);
#11029 = DEFINITIONAL_REPRESENTATION('',(#11030),#11038);
#11030 = ( BOUNDED_CURVE() B_SPLINE_CURVE(2,(#11031,#11032,#11033,#11034
    ,#11035,#11036,#11037),.UNSPECIFIED.,.T.,.F.) 
B_SPLINE_CURVE_WITH_KNOTS((1,2,2,2,2,1),(-2.094395102393,0.,
    2.094395102393,4.188790204786,6.28318530718,8.377580409573),
.UNSPECIFIED.) CURVE() GEOMETRIC_REPRESENTATION_ITEM() 
RATIONAL_B_SPLINE_CURVE((1.,0.5,1.,0.5,1.,0.5,1.)) REPRESENTATION_ITEM(
  '') );
#11031 = CARTESIAN_POINT('',(45.86,83.16));
#11032 = CARTESIAN_POINT('',(45.86,81.774359353945));
#11033 = CARTESIAN_POINT('',(44.66,82.467179676972));
#11034 = CARTESIAN_POINT('',(43.46,83.16));
#11035 = CARTESIAN_POINT('',(44.66,83.852820323028));
#11036 = CARTESIAN_POINT('',(45.86,84.545640646055));
#11037 = CARTESIAN_POINT('',(45.86,83.16));
#11038 = ( GEOMETRIC_REPRESENTATION_CONTEXT(2) 
PARAMETRIC_REPRESENTATION_CONTEXT() REPRESENTATION_CONTEXT('2D SPACE',''
  ) );
#11039 = ORIENTED_EDGE('',*,*,#11040,.T.);
#11040 = EDGE_CURVE('',#11013,#7769,#11041,.T.);
#11041 = SEAM_CURVE('',#11042,(#11046,#11053),.PCURVE_S1.);
#11042 = LINE('',#11043,#11044);
#11043 = CARTESIAN_POINT('',(23.33,41.58,-0.1));
#11044 = VECTOR('',#11045,1.);
#11045 = DIRECTION('',(0.,0.,1.));
#11046 = PCURVE('',#7789,#11047);
#11047 = DEFINITIONAL_REPRESENTATION('',(#11048),#11052);
#11048 = LINE('',#11049,#11050);
#11049 = CARTESIAN_POINT('',(-6.28318530718,0.));
#11050 = VECTOR('',#11051,1.);
#11051 = DIRECTION('',(-0.,-1.));
#11052 = ( GEOMETRIC_REPRESENTATION_CONTEXT(2) 
PARAMETRIC_REPRESENTATION_CONTEXT() REPRESENTATION_CONTEXT('2D SPACE',''
  ) );
#11053 = PCURVE('',#7789,#11054);
#11054 = DEFINITIONAL_REPRESENTATION('',(#11055),#11059);
#11055 = LINE('',#11056,#11057);
#11056 = CARTESIAN_POINT('',(-0.,0.));
#11057 = VECTOR('',#11058,1.);
#11058 = DIRECTION('',(-0.,-1.));
#11059 = ( GEOMETRIC_REPRESENTATION_CONTEXT(2) 
PARAMETRIC_REPRESENTATION_CONTEXT() REPRESENTATION_CONTEXT('2D SPACE',''
  ) );
#11060 = ORIENTED_EDGE('',*,*,#7768,.F.);
#11061 = ORIENTED_EDGE('',*,*,#11040,.F.);
#11062 = ADVANCED_FACE('',(#11063,#11066),#8210,.F.);
#11063 = FACE_BOUND('',#11064,.F.);
#11064 = EDGE_LOOP('',(#11065));
#11065 = ORIENTED_EDGE('',*,*,#8195,.T.);
#11066 = FACE_BOUND('',#11067,.F.);
#11067 = EDGE_LOOP('',(#11068));
#11068 = ORIENTED_EDGE('',*,*,#9653,.T.);
#11069 = ADVANCED_FACE('',(#11070,#11073),#8265,.F.);
#11070 = FACE_BOUND('',#11071,.F.);
#11071 = EDGE_LOOP('',(#11072));
#11072 = ORIENTED_EDGE('',*,*,#8250,.T.);
#11073 = FACE_BOUND('',#11074,.F.);
#11074 = EDGE_LOOP('',(#11075));
#11075 = ORIENTED_EDGE('',*,*,#9707,.T.);
#11076 = ADVANCED_FACE('',(#11077,#11080),#8320,.F.);
#11077 = FACE_BOUND('',#11078,.F.);
#11078 = EDGE_LOOP('',(#11079));
#11079 = ORIENTED_EDGE('',*,*,#8305,.T.);
#11080 = FACE_BOUND('',#11081,.F.);
#11081 = EDGE_LOOP('',(#11082));
#11082 = ORIENTED_EDGE('',*,*,#9761,.T.);
#11083 = ADVANCED_FACE('',(#11084,#11087),#8375,.F.);
#11084 = FACE_BOUND('',#11085,.F.);
#11085 = EDGE_LOOP('',(#11086));
#11086 = ORIENTED_EDGE('',*,*,#8360,.T.);
#11087 = FACE_BOUND('',#11088,.F.);
#11088 = EDGE_LOOP('',(#11089));
#11089 = ORIENTED_EDGE('',*,*,#9815,.T.);
#11090 = ADVANCED_FACE('',(#11091,#11094),#8430,.F.);
#11091 = FACE_BOUND('',#11092,.F.);
#11092 = EDGE_LOOP('',(#11093));
#11093 = ORIENTED_EDGE('',*,*,#8415,.T.);
#11094 = FACE_BOUND('',#11095,.F.);
#11095 = EDGE_LOOP('',(#11096));
#11096 = ORIENTED_EDGE('',*,*,#9869,.T.);
#11097 = ADVANCED_FACE('',(#11098,#11101),#8485,.F.);
#11098 = FACE_BOUND('',#11099,.F.);
#11099 = EDGE_LOOP('',(#11100));
#11100 = ORIENTED_EDGE('',*,*,#8470,.T.);
#11101 = FACE_BOUND('',#11102,.F.);
#11102 = EDGE_LOOP('',(#11103));
#11103 = ORIENTED_EDGE('',*,*,#9923,.T.);
#11104 = ADVANCED_FACE('',(#11105),#8558,.T.);
#11105 = FACE_BOUND('',#11106,.T.);
#11106 = EDGE_LOOP('',(#11107,#11108,#11109));
#11107 = ORIENTED_EDGE('',*,*,#8545,.T.);
#11108 = ORIENTED_EDGE('',*,*,#10875,.F.);
#11109 = ORIENTED_EDGE('',*,*,#10767,.T.);
#11110 = ADVANCED_FACE('',(#11111),#8703,.T.);
#11111 = FACE_BOUND('',#11112,.T.);
#11112 = EDGE_LOOP('',(#11113,#11114,#11115));
#11113 = ORIENTED_EDGE('',*,*,#10932,.T.);
#11114 = ORIENTED_EDGE('',*,*,#10825,.F.);
#11115 = ORIENTED_EDGE('',*,*,#8690,.T.);
#11116 = ADVANCED_FACE('',(#11117),#8848,.T.);
#11117 = FACE_BOUND('',#11118,.T.);
#11118 = EDGE_LOOP('',(#11119,#11120,#11121,#11122));
#11119 = ORIENTED_EDGE('',*,*,#10027,.F.);
#11120 = ORIENTED_EDGE('',*,*,#8833,.T.);
#11121 = ORIENTED_EDGE('',*,*,#10334,.T.);
#11122 = ORIENTED_EDGE('',*,*,#10154,.T.);
#11123 = ADVANCED_FACE('',(#11124),#8915,.T.);
#11124 = FACE_BOUND('',#11125,.T.);
#11125 = EDGE_LOOP('',(#11126,#11127,#11128,#11129));
#11126 = ORIENTED_EDGE('',*,*,#10573,.F.);
#11127 = ORIENTED_EDGE('',*,*,#10491,.F.);
#11128 = ORIENTED_EDGE('',*,*,#8900,.T.);
#11129 = ORIENTED_EDGE('',*,*,#10682,.F.);
#11130 = ADVANCED_FACE('',(#11131),#9133,.T.);
#11131 = FACE_BOUND('',#11132,.T.);
#11132 = EDGE_LOOP('',(#11133,#11134,#11135,#11136));
#11133 = ORIENTED_EDGE('',*,*,#10230,.F.);
#11134 = ORIENTED_EDGE('',*,*,#9120,.T.);
#11135 = ORIENTED_EDGE('',*,*,#10004,.F.);
#11136 = ORIENTED_EDGE('',*,*,#10082,.T.);
#11137 = ADVANCED_FACE('',(#11138),#9326,.T.);
#11138 = FACE_BOUND('',#11139,.T.);
#11139 = EDGE_LOOP('',(#11140,#11141,#11142,#11143));
#11140 = ORIENTED_EDGE('',*,*,#10387,.F.);
#11141 = ORIENTED_EDGE('',*,*,#9313,.T.);
#11142 = ORIENTED_EDGE('',*,*,#10207,.F.);
#11143 = ORIENTED_EDGE('',*,*,#10283,.T.);
#11144 = ADVANCED_FACE('',(#11145),#9474,.T.);
#11145 = FACE_BOUND('',#11146,.T.);
#11146 = EDGE_LOOP('',(#11147,#11148,#11149));
#11147 = ORIENTED_EDGE('',*,*,#10415,.T.);
#11148 = ORIENTED_EDGE('',*,*,#10547,.F.);
#11149 = ORIENTED_EDGE('',*,*,#9461,.T.);
#11150 = ADVANCED_FACE('',(#11151,#11154),#9555,.F.);
#11151 = FACE_BOUND('',#11152,.F.);
#11152 = EDGE_LOOP('',(#11153));
#11153 = ORIENTED_EDGE('',*,*,#9540,.T.);
#11154 = FACE_BOUND('',#11155,.F.);
#11155 = EDGE_LOOP('',(#11156));
#11156 = ORIENTED_EDGE('',*,*,#10958,.T.);
#11157 = ADVANCED_FACE('',(#11158,#11161),#9610,.F.);
#11158 = FACE_BOUND('',#11159,.F.);
#11159 = EDGE_LOOP('',(#11160));
#11160 = ORIENTED_EDGE('',*,*,#9595,.T.);
#11161 = FACE_BOUND('',#11162,.F.);
#11162 = EDGE_LOOP('',(#11163));
#11163 = ORIENTED_EDGE('',*,*,#11012,.T.);
#11164 = ( GEOMETRIC_REPRESENTATION_CONTEXT(3) 
GLOBAL_UNCERTAINTY_ASSIGNED_CONTEXT((#11168)) 
GLOBAL_UNIT_ASSIGNED_CONTEXT((#11165,#11166,#11167)) 
REPRESENTATION_CONTEXT('Context #1',
  '3D Context with UNIT and UNCERTAINTY') );
#11165 = ( LENGTH_UNIT() NAMED_UNIT(*) SI_UNIT(.MILLI.,.METRE.) );
#11166 = ( NAMED_UNIT(*) PLANE_ANGLE_UNIT() SI_UNIT($,.RADIAN.) );
#11167 = ( NAMED_UNIT(*) SI_UNIT($,.STERADIAN.) SOLID_ANGLE_UNIT() );
#11168 = UNCERTAINTY_MEASURE_WITH_UNIT(LENGTH_MEASURE(2.E-06),#11165,
  'distance_accuracy_value','confusion accuracy');
#11169 = PRODUCT_RELATED_PRODUCT_CATEGORY('part',$,(#7));
ENDSEC;
END-ISO-10303-21;
